{
"type": "FeatureCollection",
"name": "lugar_04_curvas",
"crs": { "type": "name", "properties": { "name": "urn:ogc:def:crs:OGC:1.3:CRS84" } },
"features": [
{ "type": "Feature", "properties": { "FID": 0, "elev": 1608.0, "elevation": 1608.0, "ELEVATION": 1608.0, "is_master": false, "tipo": "Ordinaria (1m)" }, "geometry": { "type": "LineString", "coordinates": [ [ -97.523690056148382, 18.31946998421877, 1608.0 ], [ -97.52367820869776, 18.319452632294517, 1608.0 ], [ -97.52366130206552, 18.319440702774447, 1608.0 ], [ -97.523642282104248, 18.319435449228031, 1608.0 ], [ -97.523617978820411, 18.319435413123166, 1608.0 ], [ -97.523596845530108, 18.319441738760258, 1608.0 ], [ -97.523586278884963, 18.319449218930604, 1608.0 ], [ -97.523579872020363, 18.319456864471164, 1608.0 ], [ -97.523577674616774, 18.319461910527931, 1608.0 ], [ -97.523577526946255, 18.319474021064181, 1608.0 ], [ -97.523584179278842, 18.31948815002314, 1608.0 ] ] } },
{ "type": "Feature", "properties": { "FID": 1, "elev": 1607.0, "elevation": 1607.0, "ELEVATION": 1607.0, "is_master": false, "tipo": "Ordinaria (1m)" }, "geometry": { "type": "LineString", "coordinates": [ [ -97.524107469547758, 18.319397321001286, 1607.0 ], [ -97.524106986022801, 18.319391265733159, 1607.0 ], [ -97.524109562634166, 18.31938319204232, 1607.0 ], [ -97.524120158631106, 18.319375118351498, 1607.0 ], [ -97.52412218031067, 18.319372090717426, 1607.0 ], [ -97.524122170357785, 18.319368053872022, 1607.0 ], [ -97.524111441148861, 18.319366035453868, 1607.0 ], [ -97.524104044497264, 18.319359907226154, 1607.0 ], [ -97.524092421187589, 18.31935394360216, 1607.0 ], [ -97.524073374587729, 18.319331722263282, 1607.0 ], [ -97.524061777916657, 18.319314805958683, 1607.0 ], [ -97.524055437929576, 18.319311402043176, 1607.0 ], [ -97.52403747463282, 18.319307526109579, 1607.0 ], [ -97.524033113795142, 18.319303464345374, 1607.0 ], [ -97.524032191310241, 18.319299269810674, 1607.0 ], [ -97.524026099255607, 18.319296399865888, 1607.0 ], [ -97.524022681329612, 18.319288060593124, 1607.0 ], [ -97.524017398007032, 18.319287630430871, 1607.0 ], [ -97.524001721263005, 18.319278234061521, 1607.0 ], [ -97.524001151790117, 18.319270160370685, 1607.0 ], [ -97.524003238702534, 18.319268141947973, 1607.0 ], [ -97.524013171348983, 18.319265215235049, 1607.0 ], [ -97.524018454671548, 18.319253899760437, 1607.0 ], [ -97.524026907987675, 18.319246359802918, 1607.0 ], [ -97.524026919411071, 18.319239884030065, 1607.0 ], [ -97.524019511336064, 18.31923666257396, 1607.0 ], [ -97.524001548039308, 18.319235822569745, 1607.0 ], [ -97.523997321381259, 18.319237865615943, 1607.0 ], [ -97.523987811400616, 18.319246948583949, 1607.0 ], [ -97.523973060364, 18.319224745859763, 1607.0 ], [ -97.523942598967437, 18.319191441885074, 1607.0 ], [ -97.523929694852299, 18.319181263881209, 1607.0 ], [ -97.523924411529734, 18.319179223219045, 1607.0 ], [ -97.523895881587819, 18.319174911638271, 1607.0 ], [ -97.523892711594286, 18.319175508218756, 1607.0 ], [ -97.523878974955593, 18.319185541707338, 1607.0 ], [ -97.523868408310435, 18.319184443428778, 1607.0 ], [ -97.523865170581985, 18.31918134977154, 1607.0 ], [ -97.523857793635088, 18.319165202389875, 1607.0 ], [ -97.523845161691114, 18.319156882549937, 1607.0 ], [ -97.52382402840081, 18.319152452686442, 1607.0 ], [ -97.523785988478281, 18.319155432365072, 1607.0 ], [ -97.52376168519443, 18.319152145717993, 1607.0 ], [ -97.52374055190414, 18.319143083841041, 1607.0 ], [ -97.523716248620289, 18.319123656522468, 1607.0 ], [ -97.52370673863966, 18.319118541206098, 1607.0 ], [ -97.523685605349357, 18.319119540336548, 1607.0 ], [ -97.523671868710665, 18.319113564408934, 1607.0 ], [ -97.523626432136524, 18.319111978899286, 1607.0 ], [ -97.523602128852687, 18.31910883888785, 1607.0 ], [ -97.523566202259175, 18.319101379863856, 1607.0 ], [ -97.523514425697954, 18.319097818124089, 1607.0 ], [ -97.523466875794782, 18.319085474700358, 1607.0 ], [ -97.523435175859333, 18.319066269095028, 1607.0 ], [ -97.523409815910966, 18.319063972312225, 1607.0 ], [ -97.523367549330374, 18.319064476585712, 1607.0 ], [ -97.523344302711052, 18.31906107012745, 1607.0 ], [ -97.523328452743328, 18.319053920017918, 1607.0 ], [ -97.523316829433668, 18.319043015729527, 1607.0 ], [ -97.523306262759306, 18.319037032547925, 1607.0 ], [ -97.523302881462072, 18.319031986491154, 1607.0 ], [ -97.523308338379522, 18.319003728573239, 1607.0 ], [ -97.523315772769152, 18.318996671406889, 1607.0 ], [ -97.523318942762685, 18.318995687177178, 1607.0 ], [ -97.523324226085265, 18.318996819357057, 1607.0 ], [ -97.523328465397995, 18.318994645671058, 1607.0 ], [ -97.523328771736388, 18.318987581191585, 1607.0 ], [ -97.523332635373691, 18.318985562768876, 1607.0 ], [ -97.523333910104768, 18.318982535134811, 1607.0 ], [ -97.523331701986706, 18.318972443021277, 1607.0 ], [ -97.523322112756233, 18.318963555450321, 1607.0 ], [ -97.523306262788509, 18.31896212201444, 1607.0 ], [ -97.523294639478848, 18.318965354934509, 1607.0 ], [ -97.52328512949822, 18.318973301924554, 1607.0 ] ] } },
{ "type": "Feature", "properties": { "FID": 2, "elev": 1606.0, "elevation": 1606.0, "ELEVATION": 1606.0, "is_master": false, "tipo": "Ordinaria (1m)" }, "geometry": { "type": "LineString", "coordinates": [ [ -97.524321750408092, 18.319358970969837, 1606.0 ], [ -97.524315115957478, 18.319340805165464, 1606.0 ], [ -97.524314320734263, 18.319319611727032, 1606.0 ], [ -97.524324748346075, 18.319312547247552, 1606.0 ], [ -97.524316434064758, 18.31931022852293, 1606.0 ], [ -97.524311188480198, 18.319299427499949, 1606.0 ], [ -97.524302697426066, 18.319298490375115, 1606.0 ], [ -97.524293187445423, 18.319291468492228, 1606.0 ], [ -97.524278394142215, 18.319285376172637, 1606.0 ], [ -97.524269940826102, 18.31927843590379, 1606.0 ], [ -97.524263559401192, 18.319270160370685, 1606.0 ], [ -97.524257075472178, 18.319253003777664, 1606.0 ], [ -97.524255345647489, 18.319235847184654, 1606.0 ], [ -97.524250999136271, 18.319216672168931, 1606.0 ], [ -97.524242467538969, 18.319195478730496, 1606.0 ], [ -97.52422859456621, 18.319171257658006, 1606.0 ], [ -97.524222448039936, 18.319141990528738, 1606.0 ], [ -97.524216966711748, 18.31913290762655, 1606.0 ], [ -97.524206540955205, 18.319125008865694, 1606.0 ], [ -97.524201046299723, 18.319116760244881, 1606.0 ], [ -97.524199906321286, 18.319103640497289, 1606.0 ], [ -97.524203676054938, 18.31909052074969, 1606.0 ], [ -97.524203714695901, 18.319073364156672, 1606.0 ], [ -97.524209582868195, 18.319069327311247, 1606.0 ], [ -97.524211824277785, 18.319064377369855, 1606.0 ], [ -97.524216050935834, 18.319067131594661, 1606.0 ], [ -97.524219220929382, 18.31906625161951, 1606.0 ], [ -97.524222583043752, 18.319062262831778, 1606.0 ], [ -97.5242237777951, 18.319057216775004, 1606.0 ], [ -97.524222701706606, 18.319051161506884, 1606.0 ], [ -97.524219220929382, 18.319046193081757, 1606.0 ], [ -97.524211824277785, 18.319045802736731, 1606.0 ], [ -97.524200637416499, 18.319040060181994, 1606.0 ], [ -97.524202386813343, 18.319030977279802, 1606.0 ], [ -97.524200623633917, 18.319023912800329, 1606.0 ], [ -97.524204427626174, 18.319022785782195, 1606.0 ], [ -97.524206540955205, 18.319024370309474, 1606.0 ], [ -97.524213196364542, 18.319024922011678, 1606.0 ], [ -97.524228730910011, 18.319037170167654, 1606.0 ], [ -97.524235070897106, 18.319039229066757, 1606.0 ], [ -97.524255147522894, 18.319040851185484, 1606.0 ], [ -97.524275224148667, 18.319045346527176, 1606.0 ], [ -97.524295300774455, 18.319045215342694, 1606.0 ], [ -97.52430164076155, 18.31904336305551, 1606.0 ], [ -97.524329114038935, 18.319026866589653, 1606.0 ], [ -97.524366097296948, 18.319016787768167, 1606.0 ], [ -97.524387230587251, 18.319004132257781, 1606.0 ], [ -97.524394627238863, 18.318991658405455, 1606.0 ], [ -97.524409288458997, 18.318981525923466, 1606.0 ], [ -97.524410825425562, 18.318977489078044, 1606.0 ], [ -97.52441058558243, 18.318970424598575, 1606.0 ], [ -97.524425270509795, 18.31895844439094, 1606.0 ], [ -97.524426726119074, 18.3189542772169, 1606.0 ], [ -97.52443106748872, 18.318951249582831, 1606.0 ], [ -97.524433723825908, 18.318943323068666, 1606.0 ], [ -97.524440063813003, 18.318942575989286, 1606.0 ], [ -97.524441772511196, 18.318944185103362, 1606.0 ], [ -97.524437499968087, 18.318946203526078, 1606.0 ], [ -97.52443726849333, 18.318950240371493, 1606.0 ], [ -97.524441120477505, 18.318953091852293, 1606.0 ], [ -97.524443560411939, 18.318952258794194, 1606.0 ], [ -97.5244474604646, 18.318941895254625, 1606.0 ], [ -97.52445062477716, 18.318938129835242, 1606.0 ], [ -97.524453081155968, 18.318924000876287, 1606.0 ], [ -97.524456970445229, 18.31891684528745, 1606.0 ], [ -97.524463310432324, 18.318912082570769, 1606.0 ], [ -97.524475019129014, 18.318907853494622, 1606.0 ], [ -97.524490783709709, 18.31889062742691, 1606.0 ], [ -97.524492629926527, 18.318891706112961, 1606.0 ], [ -97.524493953703256, 18.318898275753323, 1606.0 ], [ -97.524499237025836, 18.31889404171638, 1606.0 ], [ -97.524517200322578, 18.318885481635746, 1606.0 ], [ -97.524538333612881, 18.318878691642798, 1606.0 ], [ -97.524557353574153, 18.318867412085428, 1606.0 ], [ -97.524561580232216, 18.318862781237982, 1606.0 ], [ -97.524576373535425, 18.31885635939723, 1606.0 ], [ -97.524588369785505, 18.318845282390672, 1606.0 ], [ -97.524595393496682, 18.318846053316019, 1606.0 ], [ -97.524615233283868, 18.318840236333912, 1606.0 ], [ -97.524619696780533, 18.318838257923986, 1606.0 ], [ -97.524624607162693, 18.318833171854429, 1606.0 ], [ -97.524633433419226, 18.318830022673016, 1606.0 ], [ -97.524656680038547, 18.318827118766031, 1606.0 ], [ -97.524665195352839, 18.318822070529539, 1606.0 ], [ -97.524667263635536, 18.318816015261419, 1606.0 ], [ -97.52467781332885, 18.318815890974296, 1606.0 ], [ -97.524685039942483, 18.318804913936525, 1606.0 ], [ -97.524696833290122, 18.318798882928284, 1606.0 ], [ -97.524707399935266, 18.318795714241332, 1606.0 ], [ -97.524719023244927, 18.31879487287258, 1606.0 ], [ -97.524734873212651, 18.318788627353289, 1606.0 ], [ -97.524751779844891, 18.318789726234364, 1606.0 ], [ -97.524767629812615, 18.31879518729869, 1606.0 ], [ -97.524770638130718, 18.31879381261162, 1606.0 ], [ -97.52477060149657, 18.318789775766216, 1606.0 ], [ -97.524777438718075, 18.318778674441315, 1606.0 ], [ -97.524775481581898, 18.318774637595915, 1606.0 ], [ -97.5247814613613, 18.318760508636942, 1606.0 ], [ -97.524783314029037, 18.318743352043931, 1606.0 ], [ -97.524787530327643, 18.318738305987154, 1606.0 ], [ -97.524788602781399, 18.318734269141743, 1606.0 ], [ -97.524796159754516, 18.318729895892545, 1606.0 ], [ -97.524799329748063, 18.318734926658234, 1606.0 ], [ -97.524806745184819, 18.318733259930394, 1606.0 ], [ -97.524809785747706, 18.318721149394147, 1606.0 ], [ -97.524814502866164, 18.318718121760085, 1606.0 ], [ -97.524817293044819, 18.318711245994926, 1606.0 ], [ -97.52482891635448, 18.318705953882287, 1606.0 ], [ -97.524832996544191, 18.318692891476228, 1606.0 ], [ -97.524842367861481, 18.318680780939989, 1606.0 ], [ -97.524848992980267, 18.318676826479177, 1606.0 ], [ -97.524851106309285, 18.318672728721737, 1606.0 ], [ -97.524856389631864, 18.318670564996836, 1606.0 ], [ -97.524874578508687, 18.318672707249156, 1606.0 ], [ -97.524876548953131, 18.318667661192386, 1606.0 ], [ -97.524874116361943, 18.31866059671291, 1606.0 ], [ -97.524878579586684, 18.31865353222485, 1606.0 ], [ -97.524917676173729, 18.318645691437524, 1606.0 ], [ -97.524934582805969, 18.318639354044649, 1606.0 ], [ -97.524945149451113, 18.318633401122735, 1606.0 ], [ -97.52495344907058, 18.318624265104166, 1606.0 ], [ -97.524960183263786, 18.318609126933861, 1606.0 ], [ -97.524959942750982, 18.318602062454378, 1606.0 ], [ -97.524967176842154, 18.318589951918131, 1606.0 ], [ -97.524971566063982, 18.318585169133893, 1606.0 ], [ -97.524982132709141, 18.318580779967885, 1606.0 ], [ -97.524980019380109, 18.318577667546442, 1606.0 ], [ -97.524975792722046, 18.318579204337425, 1606.0 ], [ -97.524973700111929, 18.318577841381881, 1606.0 ], [ -97.52497473605753, 18.318573903803159, 1606.0 ], [ -97.524988472696222, 18.318569520789193, 1606.0 ], [ -97.524993756018802, 18.318569990364018, 1606.0 ], [ -97.525000719655822, 18.318564721634285, 1606.0 ], [ -97.52500854932201, 18.318563800517499, 1606.0 ], [ -97.525013887263427, 18.318559675577514, 1606.0 ], [ -97.525019307806687, 18.318550592675329, 1606.0 ], [ -97.525021096422208, 18.318528390025538, 1606.0 ], [ -97.525026664557458, 18.318517288700647, 1606.0 ], [ -97.525046462904228, 18.31849407683951, 1606.0 ], [ -97.525052929231634, 18.31849700574638, 1606.0 ], [ -97.525056099225182, 18.318496210722838, 1606.0 ], [ -97.525058197015028, 18.318493067628154, 1606.0 ], [ -97.525061625060928, 18.318480957091904, 1606.0 ], [ -97.525061523152303, 18.318465818921599, 1606.0 ], [ -97.525065553591887, 18.318462791287541, 1606.0 ], [ -97.525066665870327, 18.318457638373093, 1606.0 ], [ -97.52507617585097, 18.318454884474171, 1606.0 ], [ -97.525095195812227, 18.318441375637427, 1606.0 ], [ -97.525099422470291, 18.318441732410616, 1606.0 ], [ -97.525106819121902, 18.31844769581463, 1606.0 ], [ -97.525106246015724, 18.318440588637738, 1606.0 ], [ -97.525108932450919, 18.318436383590441, 1606.0 ], [ -97.525115272438015, 18.318436404997957, 1606.0 ], [ -97.52512161242511, 18.318438536196687, 1606.0 ], [ -97.525127952412191, 18.318448770337824, 1606.0 ], [ -97.525133235734771, 18.318449720004892, 1606.0 ], [ -97.525138109880871, 18.318443616271804, 1606.0 ], [ -97.525135349063802, 18.318439074820724, 1606.0 ], [ -97.525127952412191, 18.318433322315997, 1606.0 ], [ -97.525127902977601, 18.318429487312862, 1606.0 ], [ -97.525140632386368, 18.318427563013486, 1606.0 ], [ -97.525144859044431, 18.31842873499167, 1606.0 ], [ -97.525147405432691, 18.318419395199317, 1606.0 ], [ -97.525159677506323, 18.318413339931194, 1606.0 ], [ -97.525163879005703, 18.318405210173061, 1606.0 ], [ -97.525169799434821, 18.318400220183598, 1606.0 ], [ -97.525173395238781, 18.318399210972235, 1606.0 ], [ -97.525175502315363, 18.318394046184725, 1606.0 ], [ -97.525185592717349, 18.318392146492759, 1606.0 ], [ -97.525190128313355, 18.31838306359057, 1606.0 ], [ -97.525194522276635, 18.318379230990313, 1606.0 ], [ -97.5251998055992, 18.318377344726233, 1606.0 ], [ -97.525201918928232, 18.31837412150858, 1606.0 ], [ -97.525207202250812, 18.31837611396082, 1606.0 ], [ -97.525208808959874, 18.318374989899748, 1606.0 ], [ -97.525214461450119, 18.318359851729433, 1606.0 ], [ -97.525220854356348, 18.318351778038597, 1606.0 ], [ -97.525232562199164, 18.318347783686299, 1606.0 ], [ -97.525245319625199, 18.318337649079641, 1606.0 ], [ -97.525250808026541, 18.318321501697987, 1606.0 ], [ -97.525250246653897, 18.318292234568723, 1606.0 ], [ -97.525252579294559, 18.318287188511956, 1606.0 ], [ -97.525260035476549, 18.318280989070772, 1606.0 ], [ -97.52526210625534, 18.318276087187066, 1606.0 ], [ -97.525258102553664, 18.318251866114565, 1606.0 ], [ -97.525253695489468, 18.318245362308065, 1606.0 ], [ -97.525248412166889, 18.318244117761612, 1606.0 ], [ -97.525244185508839, 18.318246887248964, 1606.0 ], [ -97.525230006545456, 18.318250856903209, 1606.0 ], [ -97.525223686217245, 18.318254893748623, 1606.0 ], [ -97.52522727887829, 18.318259939805401, 1606.0 ], [ -97.525228039675042, 18.318267004284866, 1606.0 ], [ -97.525236732250207, 18.3182861793006, 1606.0 ], [ -97.525236788857228, 18.318291358929457, 1606.0 ], [ -97.525234675528196, 18.31829331691133, 1606.0 ], [ -97.525230448870133, 18.318293817645351, 1606.0 ], [ -97.525225165547567, 18.318291049842351, 1606.0 ], [ -97.525224108883052, 18.318292367359692, 1606.0 ], [ -97.525220304890794, 18.318291225357363, 1606.0 ], [ -97.525219882219432, 18.318283151666531, 1606.0 ], [ -97.525217768895956, 18.318281245378422, 1606.0 ], [ -97.52520508892178, 18.318281365745687, 1606.0 ], [ -97.525199694371366, 18.318278105609771, 1606.0 ], [ -97.525199373327354, 18.318272050341644, 1606.0 ], [ -97.525203713580666, 18.31826801349623, 1606.0 ], [ -97.525212485573391, 18.318268644253319, 1606.0 ], [ -97.525217314416594, 18.318263976650808, 1606.0 ], [ -97.525220863413466, 18.318262967439463, 1606.0 ], [ -97.525222523886271, 18.31825489374862, 1606.0 ], [ -97.52521671223144, 18.318251250741792, 1606.0 ], [ -97.525209315579843, 18.318252703545262, 1606.0 ], [ -97.525201918928232, 18.318262049974589, 1606.0 ], [ -97.525191352283088, 18.318264627031464, 1606.0 ], [ -97.525188618737928, 18.318262967439463, 1606.0 ], [ -97.525187146758313, 18.318256912171339, 1606.0 ], [ -97.525185012295992, 18.318256416118299, 1606.0 ], [ -97.525179728973427, 18.318259616096086, 1606.0 ], [ -97.525173258264957, 18.318253884537274, 1606.0 ], [ -97.525172702154393, 18.318249847691856, 1606.0 ], [ -97.525176376998772, 18.318243792423726, 1606.0 ], [ -97.525174445650848, 18.318239619086615, 1606.0 ], [ -97.525161765676671, 18.31824000293404, 1606.0 ], [ -97.525152309259681, 18.318247829269147, 1606.0 ], [ -97.525150265473556, 18.31825388453727, 1606.0 ], [ -97.525144859044431, 18.318255123487791, 1606.0 ], [ -97.525139575721852, 18.318259224947358, 1606.0 ], [ -97.52513517791391, 18.318255902959979, 1606.0 ], [ -97.525135313673118, 18.3182488384805, 1606.0 ], [ -97.525140117601097, 18.318243792423729, 1606.0 ], [ -97.525144859044431, 18.318244252256243, 1606.0 ], [ -97.525149769426591, 18.318241774001027, 1606.0 ], [ -97.525142975425084, 18.318238746366958, 1606.0 ], [ -97.525140632386368, 18.318236051356866, 1606.0 ], [ -97.525131122405739, 18.31823558172076, 1606.0 ], [ -97.525126895747675, 18.318237642272493, 1606.0 ], [ -97.525124782418644, 18.318235944570404, 1606.0 ], [ -97.525122101794807, 18.31824177400102, 1606.0 ], [ -97.525114215773499, 18.318250862703273, 1606.0 ], [ -97.525108795616674, 18.318249847691856, 1606.0 ], [ -97.525104647413613, 18.318245810846445, 1606.0 ], [ -97.525102592463838, 18.31823994421595, 1606.0 ], [ -97.525094139147711, 18.318238218904579, 1606.0 ], [ -97.525090969154178, 18.318239381507691, 1606.0 ], [ -97.525087056476423, 18.3182357187329, 1606.0 ], [ -97.525084629167083, 18.318235580694871, 1606.0 ], [ -97.525081582825763, 18.318238746366958, 1606.0 ], [ -97.5250820606595, 18.318241774001027, 1606.0 ], [ -97.525079345844503, 18.318244123806561, 1606.0 ], [ -97.525071949192906, 18.318239001072687, 1606.0 ], [ -97.52507019822788, 18.318233700310191, 1606.0 ], [ -97.52507105773978, 18.31823067267613, 1606.0 ], [ -97.525074062521938, 18.318228603446443, 1606.0 ], [ -97.525081459173535, 18.318228594888044, 1606.0 ], [ -97.525089912489662, 18.318231578534512, 1606.0 ], [ -97.525094139147711, 18.318229427921736, 1606.0 ], [ -97.525102052562261, 18.318228654253424, 1606.0 ], [ -97.525113090196086, 18.318219571351239, 1606.0 ], [ -97.52511233003375, 18.318195350278746, 1606.0 ], [ -97.525111045779951, 18.318189936156656, 1606.0 ], [ -97.52510470579287, 18.31818340997091, 1606.0 ], [ -97.525101535799323, 18.318182005352135, 1606.0 ], [ -97.525092025818694, 18.318182285442891, 1606.0 ], [ -97.525077232515486, 18.318176039488396, 1606.0 ], [ -97.525064552541295, 18.318175221697398, 1606.0 ], [ -97.525059135987107, 18.3181701199949, 1606.0 ], [ -97.525056885994658, 18.318155991035937, 1606.0 ], [ -97.525058121002047, 18.318141862076988, 1606.0 ], [ -97.525062439212277, 18.318136682570778, 1606.0 ], [ -97.525078289179987, 18.318129613921009, 1606.0 ], [ -97.525086762154984, 18.318122687061269, 1606.0 ], [ -97.525093325459537, 18.318110576525012, 1606.0 ], [ -97.525094019734908, 18.318099475200121, 1606.0 ], [ -97.525090969154178, 18.318090367772747, 1606.0 ], [ -97.525086742496114, 18.318086333342585, 1606.0 ], [ -97.52507617585097, 18.318081136789225, 1606.0 ], [ -97.525071039364789, 18.318076263338984, 1606.0 ], [ -97.525062439212277, 18.318062121200025, 1606.0 ], [ -97.525046589244553, 18.318051945015206, 1606.0 ], [ -97.525033909270363, 18.318047799779801, 1606.0 ], [ -97.52502017263167, 18.318046678690216, 1606.0 ], [ -97.525002209334914, 18.318047749202908, 1606.0 ], [ -97.524990586025254, 18.318051956864611, 1606.0 ], [ -97.524984199463418, 18.318056079111901, 1606.0 ], [ -97.524977839564329, 18.318063143591374, 1606.0 ], [ -97.524971408751568, 18.318075254127621, 1606.0 ], [ -97.524967339405933, 18.318088653697334, 1606.0 ], [ -97.524954178830441, 18.3180954383547, 1606.0 ], [ -97.52495208933739, 18.31810048441147, 1606.0 ], [ -97.524953584755906, 18.318106539679594, 1606.0 ], [ -97.524967237383152, 18.318125714695316, 1606.0 ], [ -97.52497473605753, 18.318130812544464, 1606.0 ], [ -97.524988472696222, 18.318134639566964, 1606.0 ], [ -97.524992764464272, 18.318139843654272, 1606.0 ], [ -97.524995991873865, 18.318151954190526, 1606.0 ], [ -97.524996064727276, 18.318163055515416, 1606.0 ], [ -97.524992633993591, 18.318171129206252, 1606.0 ], [ -97.524992377222063, 18.318182230531146, 1606.0 ], [ -97.524997049358404, 18.318197368701455, 1606.0 ], [ -97.524997187754934, 18.318214525294469, 1606.0 ], [ -97.525005327260942, 18.31822360819665, 1606.0 ], [ -97.525008319410389, 18.318237737155609, 1606.0 ], [ -97.525018059302639, 18.318248462774097, 1606.0 ], [ -97.525023342625218, 18.318249090245377, 1606.0 ], [ -97.525026704739588, 18.318257921382692, 1606.0 ], [ -97.525040037924555, 18.318274068764353, 1606.0 ], [ -97.525040890803766, 18.318276087187055, 1606.0 ], [ -97.525037562310544, 18.318279114821117, 1606.0 ], [ -97.525022285960702, 18.318281399563496, 1606.0 ], [ -97.525011719315557, 18.318277823030588, 1606.0 ], [ -97.525009761887844, 18.318275077975706, 1606.0 ], [ -97.525014618562324, 18.318271041130291, 1606.0 ], [ -97.525015414515124, 18.318268013496226, 1606.0 ], [ -97.525011719315557, 18.318266280117946, 1606.0 ], [ -97.525006435992978, 18.318270839288015, 1606.0 ], [ -97.525002795453517, 18.31826801349623, 1606.0 ], [ -97.525004858233643, 18.318265995073517, 1606.0 ], [ -97.525010662651042, 18.318264814486657, 1606.0 ], [ -97.525015945973621, 18.318259359163246, 1606.0 ], [ -97.525015972034851, 18.318256912171336, 1606.0 ], [ -97.525011719315557, 18.318252882508919, 1606.0 ], [ -97.525006435992978, 18.318251585778075, 1606.0 ], [ -97.524995869347833, 18.318245556827254, 1606.0 ], [ -97.524989035592284, 18.318245810846445, 1606.0 ], [ -97.524981076044625, 18.318248797786499, 1606.0 ], [ -97.524975792722046, 18.318253421982067, 1606.0 ], [ -97.524966282741417, 18.318254841994197, 1606.0 ], [ -97.524960640152912, 18.318260949016747, 1606.0 ], [ -97.524963083396074, 18.318265995073521, 1606.0 ], [ -97.524960999418838, 18.318267901361633, 1606.0 ], [ -97.524954659431756, 18.318265109439071, 1606.0 ], [ -97.524950432773693, 18.318259063789451, 1606.0 ], [ -97.524947262780145, 18.318258533478328, 1606.0 ], [ -97.524932469476937, 18.318264133639239, 1606.0 ], [ -97.524928734534043, 18.318270031918935, 1606.0 ], [ -97.524926129489842, 18.318270789892019, 1606.0 ], [ -97.524923961591284, 18.318269022707575, 1606.0 ], [ -97.52492458135346, 18.318263976650812, 1606.0 ], [ -97.524921902831792, 18.318261885021062, 1606.0 ], [ -97.524917508004307, 18.318267004284873, 1606.0 ], [ -97.52491738962064, 18.318273059553, 1606.0 ], [ -97.524915562844697, 18.318275142737924, 1606.0 ], [ -97.524906052864068, 18.318274107310618, 1606.0 ], [ -97.524900769541489, 18.318278053046679, 1606.0 ], [ -97.524884919573765, 18.318280124036459, 1606.0 ], [ -97.524864842947991, 18.318291208744832, 1606.0 ], [ -97.52486272961896, 18.318298650269469, 1606.0 ], [ -97.52485744629638, 18.318299206835995, 1606.0 ], [ -97.524853597018506, 18.318302326682257, 1606.0 ], [ -97.524859559625412, 18.318309800123203, 1606.0 ], [ -97.524869069606041, 18.318305289773733, 1606.0 ], [ -97.524870314668107, 18.318303335893614, 1606.0 ], [ -97.524869202879046, 18.318299299048192, 1606.0 ], [ -97.52487435292862, 18.318295617558892, 1606.0 ], [ -97.524885976238281, 18.318296193235795, 1606.0 ], [ -97.524883077681494, 18.318302326682261, 1606.0 ], [ -97.524883608674187, 18.31830434510497, 1606.0 ], [ -97.524899735257165, 18.318313428007158, 1606.0 ], [ -97.524898656212457, 18.318316233464081, 1606.0 ], [ -97.52489125956086, 18.318317591839421, 1606.0 ], [ -97.524888089567312, 18.318313797718243, 1606.0 ], [ -97.524881749580217, 18.318311310317753, 1606.0 ], [ -97.524877522922168, 18.318307244293948, 1606.0 ], [ -97.524875409593136, 18.318307372743782, 1606.0 ], [ -97.524872239599588, 18.318315460544706, 1606.0 ], [ -97.524870126270557, 18.318315439701792, 1606.0 ], [ -97.524866956277009, 18.318311694796353, 1606.0 ], [ -97.524863786283476, 18.318312238340791, 1606.0 ], [ -97.524863143236871, 18.318314437218511, 1606.0 ], [ -97.524865696818296, 18.318319483275275, 1606.0 ], [ -97.524861672954444, 18.318323704233574, 1606.0 ], [ -97.524856389631864, 18.318324765530448, 1606.0 ], [ -97.524842652993172, 18.3183112508321, 1606.0 ], [ -97.524833143012543, 18.318310380289287, 1606.0 ], [ -97.524829827272157, 18.31831544642986, 1606.0 ], [ -97.52482479807226, 18.318317464852566, 1606.0 ], [ -97.524823945228235, 18.318324529332052, 1606.0 ], [ -97.524825132432952, 18.31832856617747, 1606.0 ], [ -97.524818349709335, 18.318334756007093, 1606.0 ], [ -97.524816236380303, 18.318335335831147, 1606.0 ], [ -97.52481200972224, 18.31833158694614, 1606.0 ], [ -97.524805669735144, 18.318329363866713, 1606.0 ], [ -97.524782618192347, 18.318332603022874, 1606.0 ], [ -97.524780133177146, 18.318336639868299, 1606.0 ], [ -97.524780585678315, 18.318342695136423, 1606.0 ], [ -97.524788859163323, 18.318348750404542, 1606.0 ], [ -97.524790256657568, 18.318351778038597, 1606.0 ], [ -97.524788763102919, 18.318353203749879, 1606.0 ], [ -97.52477819645776, 18.318354741254918, 1606.0 ], [ -97.524772913135195, 18.318365876415392, 1606.0 ], [ -97.524766573148099, 18.318365181626888, 1606.0 ], [ -97.524757063167471, 18.318367637074164, 1606.0 ], [ -97.524755246710853, 18.318363888574851, 1606.0 ], [ -97.524760027200983, 18.318360860940789, 1606.0 ], [ -97.524759176496488, 18.318358834540135, 1606.0 ], [ -97.524756006502955, 18.318358021692845, 1606.0 ], [ -97.524749666515859, 18.318360795830387, 1606.0 ], [ -97.524745439857796, 18.318354640989643, 1606.0 ], [ -97.524739099870715, 18.318355523765355, 1606.0 ], [ -97.524741041332618, 18.318362879363498, 1606.0 ], [ -97.524740156535231, 18.318366041227645, 1606.0 ], [ -97.524727476561054, 18.318375852848586, 1606.0 ], [ -97.52472631473087, 18.318378017533803, 1606.0 ], [ -97.524727207215193, 18.31838306359057, 1606.0 ], [ -97.524723719531664, 18.318388109647344, 1606.0 ], [ -97.524727476561054, 18.318391552839021, 1606.0 ], [ -97.524734969273069, 18.318393155704115, 1606.0 ], [ -97.524743378073381, 18.318401229394944, 1606.0 ], [ -97.524740156535231, 18.318405112162296, 1606.0 ], [ -97.524739748699801, 18.31840829387443, 1606.0 ], [ -97.524743326528778, 18.318417554872731, 1606.0 ], [ -97.524735929877167, 18.318416416795085, 1606.0 ], [ -97.524731703219103, 18.318413937490543, 1606.0 ], [ -97.524725363232022, 18.31841386856571, 1606.0 ], [ -97.524723353497549, 18.318415358353903, 1606.0 ], [ -97.524727365333206, 18.318423432044735, 1606.0 ], [ -97.524726419916007, 18.318425450467441, 1606.0 ], [ -97.524714796586863, 18.318423326604741, 1606.0 ], [ -97.524708456599782, 18.318419441599836, 1606.0 ], [ -97.524703519724582, 18.318411321508488, 1606.0 ], [ -97.524696649522369, 18.318406275451714, 1606.0 ], [ -97.524698946619139, 18.31840138172873, 1606.0 ], [ -97.524702116612687, 18.318401006582054, 1606.0 ], [ -97.524706343270751, 18.318405837721492, 1606.0 ], [ -97.524709513264298, 18.318407039865804, 1606.0 ], [ -97.524714796586863, 18.318405506528777, 1606.0 ], [ -97.524720229749533, 18.318401229394947, 1606.0 ], [ -97.524722105183102, 18.318390128070053, 1606.0 ], [ -97.52471162659333, 18.318380784380512, 1606.0 ], [ -97.524703173277203, 18.318380253756406, 1606.0 ], [ -97.524695776625606, 18.318385447669566, 1606.0 ], [ -97.524688379973995, 18.31838363597911, 1606.0 ], [ -97.524663020025642, 18.318387361320553, 1606.0 ], [ -97.524635546748257, 18.318388933201895, 1606.0 ], [ -97.524633307719355, 18.318391137281406, 1606.0 ], [ -97.524632650704774, 18.318396183338173, 1606.0 ], [ -97.524626036767614, 18.318399300020296, 1606.0 ], [ -97.52459328016765, 18.318413486725575, 1606.0 ], [ -97.524559466903185, 18.318423652809717, 1606.0 ], [ -97.524540446941913, 18.318440486439137, 1606.0 ], [ -97.524530936961284, 18.318442456150354, 1606.0 ], [ -97.524519313651609, 18.318442366772043, 1606.0 ], [ -97.524512973664528, 18.318444817713896, 1606.0 ], [ -97.524507814655422, 18.318450680751294, 1606.0 ], [ -97.524498362544847, 18.318470864978369, 1606.0 ], [ -97.524490783709709, 18.318480788890017, 1606.0 ], [ -97.524487613716161, 18.318480491302051, 1606.0 ], [ -97.524483387058112, 18.318477401562681, 1606.0 ], [ -97.524479160400048, 18.318484060762433, 1606.0 ], [ -97.524471763748437, 18.318483768466397, 1606.0 ], [ -97.52446436709684, 18.318485799365611, 1606.0 ], [ -97.524455913780713, 18.318491385609232, 1606.0 ], [ -97.524448517129116, 18.318498954694387, 1606.0 ], [ -97.524444290471052, 18.318496233364822, 1606.0 ], [ -97.524442435437791, 18.318503159741692, 1606.0 ], [ -97.524440063813003, 18.318505197479457, 1606.0 ], [ -97.52443583715494, 18.318505609124923, 1606.0 ], [ -97.524434543280023, 18.318504168953044, 1606.0 ], [ -97.524438337068545, 18.318501141318983, 1606.0 ], [ -97.524437950483971, 18.318499189437691, 1606.0 ], [ -97.524432667161392, 18.318500696078683, 1606.0 ], [ -97.524427195987343, 18.318508205798466, 1606.0 ], [ -97.524427170928803, 18.318516279489295, 1606.0 ], [ -97.524428440503328, 18.318519241590156, 1606.0 ], [ -97.524434780490424, 18.318518164829193, 1606.0 ], [ -97.524436875909885, 18.31851930712336, 1606.0 ], [ -97.524436893819455, 18.318521442466892, 1606.0 ], [ -97.524431610496876, 18.318523245850997, 1606.0 ], [ -97.524423157180763, 18.318520168645247, 1606.0 ], [ -97.524417873858184, 18.318514563829993, 1606.0 ], [ -97.524416464972163, 18.318515270277938, 1606.0 ], [ -97.524416817193668, 18.318528053621762, 1606.0 ], [ -97.524421043851731, 18.318529282226876, 1606.0 ], [ -97.524422550160722, 18.318532426870959, 1606.0 ], [ -97.524422100516247, 18.318534108889878, 1606.0 ], [ -97.52441614918736, 18.318536463716381, 1606.0 ], [ -97.524416817193668, 18.318538229836246, 1606.0 ], [ -97.524421748294742, 18.318540500561792, 1606.0 ], [ -97.52442229263707, 18.318542518984497, 1606.0 ], [ -97.5244189305227, 18.318547340772078, 1606.0 ], [ -97.524411533871088, 18.318547616795698, 1606.0 ], [ -97.524403277143719, 18.318539491350435, 1606.0 ], [ -97.524393445207366, 18.31853747292773, 1606.0 ], [ -97.524381947264672, 18.31852738082117, 1606.0 ], [ -97.524356587316319, 18.318514442724624, 1606.0 ], [ -97.52434707733569, 18.318512227117555, 1606.0 ], [ -97.524339680684079, 18.318506268112667, 1606.0 ], [ -97.524337567355047, 18.318501087637536, 1606.0 ], [ -97.524334397361514, 18.318499449405831, 1606.0 ], [ -97.524327129223153, 18.318508205798469, 1606.0 ], [ -97.524324817928743, 18.318515270277938, 1606.0 ], [ -97.524318411049975, 18.318519307123353, 1606.0 ], [ -97.524317490729274, 18.318529319888583, 1606.0 ], [ -97.524315351627934, 18.318529399236894, 1606.0 ], [ -97.524312207406695, 18.318526087762145, 1606.0 ], [ -97.524309037413147, 18.318526233354696, 1606.0 ], [ -97.524290988729362, 18.31854352819585, 1606.0 ], [ -97.524292130780907, 18.318547136126444, 1606.0 ], [ -97.524303754090582, 18.318547786924608, 1606.0 ], [ -97.524305474062743, 18.318549583463977, 1606.0 ], [ -97.524302697426066, 18.318554377217911, 1606.0 ], [ -97.524299527432518, 18.318555939184332, 1606.0 ], [ -97.524294244109939, 18.318555512580684, 1606.0 ], [ -97.524292306891667, 18.318558666366162, 1606.0 ], [ -97.524293237762791, 18.318563712422929, 1606.0 ], [ -97.524304757921868, 18.318577841381884, 1606.0 ], [ -97.524308281267906, 18.318587933495422, 1606.0 ], [ -97.524305947167875, 18.318597016397607, 1606.0 ], [ -97.524300795429937, 18.318602062454378, 1606.0 ], [ -97.524296357438971, 18.318603838902433, 1606.0 ], [ -97.524290017451875, 18.318603159169605, 1606.0 ], [ -97.524282472206835, 18.318597016397607, 1606.0 ], [ -97.52427628080909, 18.318588942706786, 1606.0 ], [ -97.524270043915323, 18.318575822959179, 1606.0 ], [ -97.524264657503522, 18.318571764641181, 1606.0 ], [ -97.524249864200314, 18.318572750471279, 1606.0 ], [ -97.524238240890654, 18.318584659712251, 1606.0 ], [ -97.524235070897106, 18.31858588567821, 1606.0 ], [ -97.524223447587445, 18.318580232774003, 1606.0 ], [ -97.52421710760035, 18.318567699635, 1606.0 ], [ -97.524208654284237, 18.318562637571816, 1606.0 ], [ -97.524184351000386, 18.318557993558592, 1606.0 ], [ -97.524175897684273, 18.31855848751858, 1606.0 ], [ -97.524166387703644, 18.318561750067516, 1606.0 ], [ -97.524156933336926, 18.318568758479696, 1606.0 ], [ -97.524152378893788, 18.318577841381884, 1606.0 ], [ -97.524152726540976, 18.318590961129487, 1606.0 ], [ -97.524155821058486, 18.318595586681525, 1606.0 ], [ -97.524166387703644, 18.318600258489074, 1606.0 ], [ -97.524201257632626, 18.31859985732757, 1606.0 ], [ -97.5242050583484, 18.318602062454381, 1606.0 ], [ -97.524205461718424, 18.318617200624686, 1606.0 ], [ -97.524210465709118, 18.318629311160933, 1606.0 ], [ -97.524207597619721, 18.318633373395322, 1606.0 ], [ -97.524203370961658, 18.318633348011428, 1606.0 ], [ -97.524201000606126, 18.31863536642906, 1606.0 ], [ -97.524197030974577, 18.318645331004905, 1606.0 ], [ -97.524188478981614, 18.318647476965303, 1606.0 ], [ -97.524189634322966, 18.31865565157727, 1606.0 ], [ -97.524181181006853, 18.318659764945313, 1606.0 ], [ -97.524126234452069, 18.318659312262088, 1606.0 ], [ -97.5240998178392, 18.318661353621426, 1606.0 ], [ -97.524074457890848, 18.318666557367475, 1606.0 ], [ -97.524056494594092, 18.318673638828866, 1606.0 ], [ -97.524042757955399, 18.318682607131969, 1606.0 ], [ -97.524007888026404, 18.318713123761, 1606.0 ], [ -97.523979358084503, 18.318730193480508, 1606.0 ], [ -97.523965621445811, 18.318741333639821, 1606.0 ], [ -97.523952976693778, 18.318756471791531, 1606.0 ], [ -97.523940419997132, 18.318783720498086, 1606.0 ], [ -97.523931808181331, 18.318792834938129, 1606.0 ], [ -97.523921241536186, 18.318799055485552, 1606.0 ], [ -97.523914901549091, 18.318801078262805, 1606.0 ], [ -97.523904334903946, 18.318801147773623, 1606.0 ], [ -97.52388637160719, 18.318793630392914, 1606.0 ], [ -97.523862068323353, 18.318787799393974, 1606.0 ], [ -97.523854671671742, 18.318784759392127, 1606.0 ], [ -97.523848283654445, 18.318779683652672, 1606.0 ], [ -97.523845993533385, 18.318775646807254, 1606.0 ], [ -97.523845161691114, 18.318768674074267, 1606.0 ], [ -97.523832481716937, 18.318771397496295, 1606.0 ], [ -97.523818745078231, 18.318770842961218, 1606.0 ], [ -97.523795498458909, 18.318764572758351, 1606.0 ], [ -97.523782063724369, 18.318753444157466, 1606.0 ], [ -97.523776478497638, 18.31875201444139, 1606.0 ], [ -97.52376908186551, 18.318754453368825, 1606.0 ], [ -97.523766598684432, 18.31875849021424, 1606.0 ], [ -97.523766898072708, 18.318760508636945, 1606.0 ], [ -97.523775826513159, 18.318764545482367, 1606.0 ], [ -97.523774264533898, 18.318771609961843, 1606.0 ], [ -97.52377859182667, 18.318774240027793, 1606.0 ], [ -97.52377859182667, 18.318776733650253, 1606.0 ], [ -97.523768025181525, 18.318775711225001, 1606.0 ], [ -97.523760628529914, 18.318767460981835, 1606.0 ], [ -97.52375745853638, 18.31876667013784, 1606.0 ], [ -97.523708851968692, 18.31877646193951, 1606.0 ], [ -97.523701699162743, 18.318779683652668, 1606.0 ], [ -97.52369511533, 18.318786556729993, 1606.0 ], [ -97.523685605349357, 18.318789521747025, 1606.0 ], [ -97.523680322026792, 18.318788931999343, 1606.0 ], [ -97.523677033686809, 18.318785738920795, 1606.0 ], [ -97.523676095368728, 18.318781567513867, 1606.0 ], [ -97.523669453477495, 18.318780692864028, 1606.0 ], [ -97.523664918537023, 18.318770600750483, 1606.0 ], [ -97.52366724124883, 18.318762527059658, 1606.0 ], [ -97.523664472059068, 18.318755236272178, 1606.0 ], [ -97.523658592669321, 18.318750416523415, 1606.0 ], [ -97.523646508762312, 18.318746464664212, 1606.0 ], [ -97.523630133413903, 18.318735278353103, 1606.0 ], [ -97.523630204463259, 18.318733259930394, 1606.0 ], [ -97.523636831939911, 18.318726195450907, 1606.0 ], [ -97.523637369541149, 18.318723167816852, 1606.0 ], [ -97.523635783617479, 18.318716103337383, 1606.0 ], [ -97.523631715459103, 18.318711153395977, 1606.0 ], [ -97.523624318807492, 18.318707039476916, 1606.0 ], [ -97.5236105821688, 18.318703735910969, 1606.0 ], [ -97.523591562207528, 18.318702703253287, 1606.0 ], [ -97.523577825568836, 18.318706059281528, 1606.0 ], [ -97.523571485581755, 18.318710994204892, 1606.0 ], [ -97.523570090784588, 18.318714084914671, 1606.0 ], [ -97.523571449145038, 18.318720140182783, 1606.0 ], [ -97.523576678333086, 18.318725186239558, 1606.0 ], [ -97.523589448878511, 18.318730411711684, 1606.0 ], [ -97.52359367553656, 18.318733723174947, 1606.0 ], [ -97.523595890467945, 18.318737296775812, 1606.0 ], [ -97.523596017157317, 18.318741333621222, 1606.0 ], [ -97.523595914560332, 18.318745370466644, 1606.0 ], [ -97.523593845544468, 18.318747388889346, 1606.0 ], [ -97.523579938897868, 18.318747184319474, 1606.0 ], [ -97.523555635614031, 18.318763324461216, 1606.0 ], [ -97.523526049007614, 18.318774805797801, 1606.0 ], [ -97.523521918409969, 18.318777665229966, 1606.0 ], [ -97.523516539026971, 18.318786555901415, 1606.0 ], [ -97.523509142375374, 18.318790000035406, 1606.0 ], [ -97.523504915717311, 18.318787294788297, 1606.0 ], [ -97.523499632394746, 18.318778621324931, 1606.0 ], [ -97.523489065749587, 18.318775746306972, 1606.0 ], [ -97.523478499104442, 18.318776567712622, 1606.0 ], [ -97.523466875794782, 18.318780423740996, 1606.0 ], [ -97.523458422478654, 18.318778497386699, 1606.0 ], [ -97.523441515846415, 18.318778475907937, 1606.0 ], [ -97.523412985904514, 18.318782446575558, 1606.0 ], [ -97.523398192601306, 18.318786680851389, 1606.0 ], [ -97.523389656409535, 18.318792803400278, 1606.0 ], [ -97.523383334272594, 18.318802895513812, 1606.0 ], [ -97.523380954775718, 18.318815006050066, 1606.0 ], [ -97.523382542843706, 18.318833171854429, 1606.0 ], [ -97.523379368877741, 18.318840236333912, 1606.0 ], [ -97.523372832652953, 18.318844463596562, 1606.0 ], [ -97.523366492665858, 18.318844351480209, 1606.0 ], [ -97.523360152678777, 18.318840892321287, 1606.0 ], [ -97.52335072001506, 18.318828125797658, 1606.0 ], [ -97.523345359375568, 18.318823992836879, 1606.0 ], [ -97.523309432782057, 18.318808000935956, 1606.0 ], [ -97.523288299491753, 18.318795716783992, 1606.0 ], [ -97.523274562853061, 18.318795619580531, 1606.0 ], [ -97.523265052872432, 18.318798751630826, 1606.0 ], [ -97.523253429562772, 18.318805871393451, 1606.0 ], [ -97.523240749588595, 18.318816519867092, 1606.0 ] ] } },
{ "type": "Feature", "properties": { "FID": 3, "elev": 1607.0, "elevation": 1607.0, "ELEVATION": 1607.0, "is_master": false, "tipo": "Ordinaria (1m)" }, "geometry": { "type": "LineString", "coordinates": [ [ -97.523359875520867, 18.318963360119092, 1607.0 ], [ -97.523359904909157, 18.318961341696379, 1607.0 ], [ -97.523356982685229, 18.318960158573937, 1607.0 ], [ -97.523352782053394, 18.318962350907739, 1607.0 ], [ -97.523354869356197, 18.318963946669278, 1607.0 ], [ -97.523359875520867, 18.318963360119092, 1607.0 ] ] } },
{ "type": "Feature", "properties": { "FID": 4, "elev": 1606.0, "elevation": 1606.0, "ELEVATION": 1606.0, "is_master": false, "tipo": "Ordinaria (1m)" }, "geometry": { "type": "LineString", "coordinates": [ [ -97.524414004691778, 18.319342823588165, 1606.0 ], [ -97.524411533871088, 18.319339945059994, 1606.0 ], [ -97.524409420542071, 18.319340080535902, 1606.0 ], [ -97.524407123777607, 18.319344842010882, 1606.0 ] ] } },
{ "type": "Feature", "properties": { "FID": 5, "elev": 1605.0, "elevation": 1605.0, "ELEVATION": 1605.0, "is_master": true, "tipo": "Maestra (5m)" }, "geometry": { "type": "LineString", "coordinates": [ [ -97.524431657459743, 18.319339795954107, 1605.0 ], [ -97.524430456971444, 18.319332731474631, 1605.0 ], [ -97.524433723825908, 18.319326711006898, 1605.0 ], [ -97.524438722919101, 18.319332731474635, 1605.0 ], [ -97.524436945364059, 18.319338786742751, 1605.0 ] ] } },
{ "type": "Feature", "properties": { "FID": 6, "elev": 1605.0, "elevation": 1605.0, "ELEVATION": 1605.0, "is_master": true, "tipo": "Maestra (5m)" }, "geometry": { "type": "LineString", "coordinates": [ [ -97.524485377875308, 18.319330713051919, 1605.0 ], [ -97.524489496808656, 18.319321630149734, 1605.0 ], [ -97.524488670380677, 18.319316478682111, 1605.0 ], [ -97.524484443722628, 18.319313979616172, 1605.0 ], [ -97.524478103735532, 18.319318706266376, 1605.0 ], [ -97.524471763748437, 18.319318626544518, 1605.0 ], [ -97.52446436709684, 18.319315109091757, 1605.0 ], [ -97.524462017431176, 18.319311538036199, 1605.0 ], [ -97.524461711572613, 18.319307501190785, 1605.0 ], [ -97.524465764206454, 18.319304473556723, 1605.0 ], [ -97.524465104669588, 18.319297409077247, 1605.0 ], [ -97.524471511465222, 18.319290344597768, 1605.0 ], [ -97.5244708180781, 18.31928630775235, 1605.0 ], [ -97.524472820412953, 18.319284221748525, 1605.0 ], [ -97.52447827131671, 18.319283280118288, 1605.0 ], [ -97.524483464917594, 18.319271169582045, 1605.0 ], [ -97.524482330393596, 18.319268709217109, 1605.0 ], [ -97.524473877077469, 18.319264532426288, 1605.0 ], [ -97.524472820412953, 18.319261709499852, 1605.0 ], [ -97.524468393400326, 18.319259059045795, 1605.0 ], [ -97.524470707083168, 18.319254012989028, 1605.0 ], [ -97.524471653020129, 18.319242911664126, 1605.0 ], [ -97.524478103735532, 18.319237699606241, 1605.0 ], [ -97.524488670380677, 18.319237752328533, 1605.0 ], [ -97.524503463683885, 18.319233975884828, 1605.0 ], [ -97.524510860335496, 18.319229880746867, 1605.0 ], [ -97.524518253653767, 18.319222727437047, 1605.0 ], [ -97.524522732835877, 18.319209607689452, 1605.0 ], [ -97.524522718696915, 18.319188414251016, 1605.0 ], [ -97.524521426980641, 18.319183887309354, 1605.0 ], [ -97.524516063772779, 18.319176303714769, 1605.0 ], [ -97.524515929420247, 18.319169239235293, 1605.0 ], [ -97.524520370316125, 18.319165001867912, 1605.0 ], [ -97.524527766967736, 18.319166510432638, 1605.0 ], [ -97.524533050290302, 18.319162759036068, 1605.0 ], [ -97.524537276948365, 18.319162416223566, 1605.0 ], [ -97.524546786929008, 18.319155215585351, 1605.0 ], [ -97.524557545694975, 18.319154101064985, 1605.0 ], [ -97.524557469311233, 18.319148045796862, 1605.0 ], [ -97.524552066809676, 18.319139972106022, 1605.0 ], [ -97.524552009654329, 18.319128870781139, 1605.0 ], [ -97.524561745983505, 18.319110704976765, 1605.0 ], [ -97.52456810537501, 18.319102631285933, 1605.0 ], [ -97.524569509119999, 18.319094557595101, 1605.0 ], [ -97.524568374811295, 18.31909052074969, 1605.0 ], [ -97.52456328902754, 18.319085474692919, 1605.0 ], [ -97.524560750951196, 18.319065290465833, 1605.0 ], [ -97.524556735038828, 18.319056207563648, 1605.0 ], [ -97.524556296909637, 18.319050739046315, 1605.0 ], [ -97.524554183580605, 18.319048368821491, 1605.0 ], [ -97.524546786929008, 18.319045964607135, 1605.0 ], [ -97.524522483645157, 18.31904280397535, 1605.0 ], [ -97.524488670380677, 18.319043087871854, 1605.0 ], [ -97.524488519428601, 18.31904510623875, 1605.0 ], [ -97.524502594870839, 18.319056207563648, 1605.0 ], [ -97.524499237025836, 18.319073326252013, 1605.0 ], [ -97.524485245840509, 18.319073364156676, 1605.0 ], [ -97.524481448515687, 18.31907134573396, 1605.0 ], [ -97.524478103735532, 18.319066381822307, 1605.0 ], [ -97.524474933741985, 18.319065682515362, 1605.0 ], [ -97.524472780763261, 18.319066299677196, 1605.0 ], [ -97.524465427042927, 18.319076391790734, 1605.0 ], [ -97.524461197103292, 18.319077569354032, 1605.0 ], [ -97.524453770686492, 18.319072354945312, 1605.0 ], [ -97.524448510142904, 18.319066299677193, 1605.0 ], [ -97.524448582489811, 18.319055198352295, 1605.0 ], [ -97.524453770261275, 18.319050152295528, 1605.0 ], [ -97.524461197103292, 18.319046906988433, 1605.0 ], [ -97.52446965041942, 18.319046157500591, 1605.0 ], [ -97.524479160283207, 18.319041069393339, 1605.0 ], [ -97.524474933741985, 18.319038378163068, 1605.0 ], [ -97.524472698490129, 18.319032995702514, 1605.0 ], [ -97.524474757631239, 18.319012811475424, 1605.0 ], [ -97.524483557096076, 18.318998682516476, 1605.0 ], [ -97.524486427664158, 18.318980516712102, 1605.0 ], [ -97.524491840374225, 18.318974712288423, 1605.0 ], [ -97.524499237025836, 18.318974195333524, 1605.0 ], [ -97.524503497407224, 18.318970424598568, 1605.0 ], [ -97.524506498522669, 18.318953268005551, 1605.0 ], [ -97.524504788991919, 18.318937120623882, 1605.0 ], [ -97.524507690341949, 18.318934982342348, 1605.0 ], [ -97.524520370316125, 18.318932145323629, 1605.0 ], [ -97.524529880296768, 18.318926796788102, 1605.0 ], [ -97.52454361693546, 18.318926165073968, 1605.0 ], [ -97.524547923457689, 18.318921982453581, 1605.0 ], [ -97.524549939099288, 18.318913908762749, 1605.0 ], [ -97.524553964272869, 18.318909871917331, 1605.0 ], [ -97.524557353574153, 18.318910037608752, 1605.0 ], [ -97.5245605235677, 18.318913457947527, 1605.0 ], [ -97.52456475022575, 18.318913873059515, 1605.0 ], [ -97.524572146877361, 18.318902927940702, 1605.0 ], [ -97.524580600193474, 18.318899785073828, 1605.0 ], [ -97.52458165685799, 18.318895697403693, 1605.0 ], [ -97.524584634730715, 18.31889271532431, 1605.0 ], [ -97.524596450161198, 18.318885675104724, 1605.0 ], [ -97.524608236034638, 18.318882623210776, 1605.0 ], [ -97.524619696780533, 18.318872772858178, 1605.0 ], [ -97.524626036767614, 18.318875251580021, 1605.0 ], [ -97.524636603412773, 18.318874758746684, 1605.0 ], [ -97.524650340051465, 18.318868403953971, 1605.0 ], [ -97.524674643335302, 18.318869327665066, 1605.0 ], [ -97.524676893381894, 18.318865466617758, 1605.0 ], [ -97.524674687593503, 18.318861429772344, 1605.0 ], [ -97.524670974915097, 18.318860420560991, 1605.0 ], [ -97.524671358826396, 18.318856383715573, 1605.0 ], [ -97.524680983322398, 18.318855589556868, 1605.0 ], [ -97.524701059948171, 18.318844238968772, 1605.0 ], [ -97.524703173278411, 18.318844273179327, 1605.0 ], [ -97.52470652186193, 18.318850328447454, 1605.0 ], [ -97.524705490346335, 18.318859411349639, 1605.0 ], [ -97.524709513264298, 18.3188633620152, 1605.0 ], [ -97.524712683257846, 18.318863558722807, 1605.0 ], [ -97.524718010662127, 18.318858402138289, 1605.0 ], [ -97.524719928957367, 18.318853356081512, 1605.0 ], [ -97.52471836911927, 18.318849319236097, 1605.0 ], [ -97.524712423155805, 18.318845282390679, 1605.0 ], [ -97.524713122180017, 18.318842254756621, 1605.0 ], [ -97.524716443222403, 18.318839227122552, 1605.0 ], [ -97.524723249902991, 18.318839121813543, 1605.0 ], [ -97.524729589890072, 18.318842414201143, 1605.0 ], [ -97.524743326528778, 18.318844406176176, 1605.0 ], [ -97.524748609851343, 18.318840236332878, 1605.0 ], [ -97.524757063167471, 18.318840289993407, 1605.0 ], [ -97.524759176496488, 18.318837408261412, 1605.0 ], [ -97.524770799806163, 18.318835072150623, 1605.0 ], [ -97.524779253122276, 18.318828894953889, 1605.0 ], [ -97.524813066386756, 18.318818893995434, 1605.0 ], [ -97.5248236330319, 18.318811683690559, 1605.0 ], [ -97.524829973018996, 18.318804933123051, 1605.0 ], [ -97.524836451709064, 18.31879583103434, 1605.0 ], [ -97.524837201564878, 18.318789775766213, 1605.0 ], [ -97.524847936315751, 18.3187815247815, 1605.0 ], [ -97.524854276302833, 18.318779714546896, 1605.0 ], [ -97.524855309658577, 18.318770600750486, 1605.0 ], [ -97.524866956277009, 18.318756353927437, 1605.0 ], [ -97.524873296264104, 18.318753714921488, 1605.0 ], [ -97.524880692915701, 18.318759661265844, 1605.0 ], [ -97.524887457232637, 18.318760508636942, 1605.0 ], [ -97.52488973796396, 18.318758490214236, 1605.0 ], [ -97.52488551995134, 18.318752434946109, 1605.0 ], [ -97.524888089567312, 18.318749437437766, 1605.0 ], [ -97.524897599547941, 18.318745470553711, 1605.0 ], [ -97.524924016160824, 18.318729233077168, 1605.0 ], [ -97.524952546102725, 18.318717082866044, 1605.0 ], [ -97.524964169412385, 18.318715277618995, 1605.0 ], [ -97.524966348782954, 18.318717112548732, 1605.0 ], [ -97.524965804630853, 18.31872114939415, 1605.0 ], [ -97.524968396070449, 18.318722856665904, 1605.0 ], [ -97.524970730401208, 18.318719130971438, 1605.0 ], [ -97.52496903647318, 18.318717112548729, 1605.0 ], [ -97.524969548795369, 18.31871509412602, 1605.0 ], [ -97.524978962715593, 18.318710015514046, 1605.0 ], [ -97.524984246038173, 18.318703984528906, 1605.0 ], [ -97.524989529360738, 18.318703559017305, 1605.0 ], [ -97.524994335479988, 18.318693900687588, 1605.0 ], [ -97.525007536082072, 18.318679771728632, 1605.0 ], [ -97.525033059344565, 18.318661605924259, 1605.0 ], [ -97.525046385420936, 18.318644449331249, 1605.0 ], [ -97.525052894586892, 18.318629311160933, 1605.0 ], [ -97.525059484083656, 18.318624265104166, 1605.0 ], [ -97.525059456423065, 18.318619219047395, 1605.0 ], [ -97.525046353181196, 18.318591970340844, 1605.0 ], [ -97.525044762724463, 18.318579859804597, 1605.0 ], [ -97.52504952442375, 18.31856169400023, 1605.0 ], [ -97.525063466524998, 18.318539491350439, 1605.0 ], [ -97.525090969154178, 18.318516287498905, 1605.0 ], [ -97.525111255758162, 18.318505178164401, 1605.0 ], [ -97.525122587018586, 18.318492058416801, 1605.0 ], [ -97.525131122405739, 18.318487811319024, 1605.0 ], [ -97.525141689050884, 18.318485141626791, 1605.0 ], [ -97.525150142367011, 18.31848615136396, 1605.0 ], [ -97.525163879005703, 18.318471810641185, 1605.0 ], [ -97.525173388986332, 18.318469560139444, 1605.0 ], [ -97.525182898966975, 18.318462952118036, 1605.0 ], [ -97.52520307313101, 18.318445634694523, 1605.0 ], [ -97.525206145586296, 18.318436218313799, 1605.0 ], [ -97.525208258915328, 18.318434550769823, 1605.0 ], [ -97.525212485573391, 18.318440175585003, 1605.0 ], [ -97.525215655566925, 18.318438694298404, 1605.0 ], [ -97.525220029355495, 18.318432514946917, 1605.0 ], [ -97.525220938889504, 18.318424308381861, 1605.0 ], [ -97.525226222212083, 18.318420871035276, 1605.0 ], [ -97.525228335541115, 18.318417496445935, 1605.0 ], [ -97.525232562199164, 18.318416230390902, 1605.0 ], [ -97.525248412166889, 18.318404371712116, 1605.0 ], [ -97.525279055437821, 18.318379158121786, 1605.0 ], [ -97.525297066403652, 18.318350768827251, 1605.0 ], [ -97.525321322018414, 18.318329768770631, 1605.0 ], [ -97.525329746967699, 18.318318474063922, 1605.0 ], [ -97.52534041050059, 18.318293243780076, 1605.0 ], [ -97.525343773415997, 18.318277096398404, 1605.0 ], [ -97.52534486149608, 18.318258930594041, 1605.0 ], [ -97.525339456815701, 18.318236727944257, 1605.0 ], [ -97.525325275007972, 18.318202414758218, 1605.0 ], [ -97.525324287148436, 18.318191313433321, 1605.0 ], [ -97.525339285315169, 18.318176310645033, 1605.0 ], [ -97.525347026601978, 18.318172138417605, 1605.0 ], [ -97.525343511973233, 18.318168010730723, 1605.0 ], [ -97.525338228650654, 18.318166844590372, 1605.0 ], [ -97.525332945326312, 18.318162046304064, 1605.0 ], [ -97.525334644796843, 18.318155991035937, 1605.0 ], [ -97.525332945328088, 18.318154407041956, 1605.0 ], [ -97.525325548676477, 18.318157932251218, 1605.0 ], [ -97.52532237868293, 18.318162562291828, 1605.0 ], [ -97.525309781143577, 18.318148926556468, 1605.0 ], [ -97.525311854731299, 18.318140852865639, 1605.0 ], [ -97.525320265353912, 18.318135549833745, 1605.0 ], [ -97.525327662005509, 18.318136762552065, 1605.0 ], [ -97.525330858863413, 18.318141862076985, 1605.0 ], [ -97.525334001992604, 18.318142851303957, 1605.0 ], [ -97.525343697515723, 18.318132779174803, 1605.0 ], [ -97.525343689961502, 18.318129751540734, 1605.0 ], [ -97.525341398644201, 18.318126912871357, 1605.0 ], [ -97.525336115321622, 18.318128966925492, 1605.0 ], [ -97.52532237868293, 18.31812621303261, 1605.0 ], [ -97.525318183567094, 18.31813176996345, 1605.0 ], [ -97.525313925366817, 18.31813130068922, 1605.0 ], [ -97.525308642044237, 18.318136869136598, 1605.0 ], [ -97.525303358721672, 18.318136859793238, 1605.0 ], [ -97.525301174948339, 18.3181327791748, 1605.0 ], [ -97.52530547205069, 18.318129072263869, 1605.0 ], [ -97.525305587132976, 18.318123696272618, 1605.0 ], [ -97.525300188728124, 18.318118758345637, 1605.0 ], [ -97.52529265203664, 18.318115622581782, 1605.0 ], [ -97.525285395424916, 18.318107925825309, 1605.0 ], [ -97.525282225431368, 18.318109453370447, 1605.0 ], [ -97.525280557013716, 18.318108558102303, 1605.0 ], [ -97.525281411006148, 18.31810048441147, 1605.0 ], [ -97.525279701177254, 18.318096447566056, 1605.0 ], [ -97.525271977913093, 18.318091401509285, 1605.0 ], [ -97.525268488792676, 18.318086447199004, 1605.0 ], [ -97.525253695489468, 18.318090247261569, 1605.0 ], [ -97.525251994590747, 18.31808837387522, 1605.0 ], [ -97.525253328685537, 18.3180823186071, 1605.0 ], [ -97.525251582160436, 18.318076445648131, 1605.0 ], [ -97.52523890218626, 18.318074929925015, 1605.0 ], [ -97.525230448870133, 18.318078742839081, 1605.0 ], [ -97.525224108883052, 18.318075902906358, 1605.0 ], [ -97.525222954810587, 18.318072226493566, 1605.0 ], [ -97.525226343728505, 18.318065162014086, 1605.0 ], [ -97.525224108883052, 18.318062904325469, 1605.0 ], [ -97.525198748934699, 18.318063884870515, 1605.0 ], [ -97.5251712756573, 18.318073331314412, 1605.0 ], [ -97.525145915708947, 18.318078126498406, 1605.0 ], [ -97.525126895747675, 18.318086507594931, 1605.0 ], [ -97.52510470579287, 18.31808722812351, 1605.0 ], [ -97.525094139147711, 18.318079122396533, 1605.0 ], [ -97.525080192753236, 18.318076263338977, 1605.0 ], [ -97.525076147939075, 18.318072226493562, 1605.0 ], [ -97.525074222219345, 18.31806516201409, 1605.0 ], [ -97.525065609205811, 18.318054985799595, 1605.0 ], [ -97.525043419251006, 18.318037719679765, 1605.0 ], [ -97.525034965934879, 18.318036229974535, 1605.0 ], [ -97.52500326599943, 18.318038679284012, 1605.0 ], [ -97.524978962715593, 18.318043742479425, 1605.0 ], [ -97.524968396070449, 18.318051824897886, 1605.0 ], [ -97.524960999418838, 18.318065776316651, 1605.0 ], [ -97.52494883223774, 18.318071217282206, 1605.0 ], [ -97.524947262780145, 18.318075607075858, 1605.0 ], [ -97.524940922793064, 18.31807881726159, 1605.0 ], [ -97.524932469476937, 18.318069125104717, 1605.0 ], [ -97.524927186154358, 18.31806939401087, 1605.0 ], [ -97.52492507282534, 18.318074310026677, 1605.0 ], [ -97.524916619509213, 18.318076104748624, 1605.0 ], [ -97.524910279522132, 18.318073142187259, 1605.0 ], [ -97.524896542883425, 18.31807334114491, 1605.0 ], [ -97.524890202896344, 18.318071137607635, 1605.0 ], [ -97.524885260957689, 18.31806415280273, 1605.0 ], [ -97.524877522922168, 18.318061407747845, 1605.0 ], [ -97.524872816481292, 18.318052042266483, 1605.0 ], [ -97.524861672954444, 18.318043117671962, 1605.0 ], [ -97.524853219638317, 18.318042156415121, 1605.0 ], [ -97.524839482999624, 18.318044407879423, 1605.0 ], [ -97.524826803025448, 18.318041742334191, 1605.0 ], [ -97.524815179715787, 18.318042828166828, 1605.0 ], [ -97.524806474241089, 18.318048005421065, 1605.0 ], [ -97.524796254949521, 18.318058097534607, 1605.0 ], [ -97.524784506254434, 18.318085346241162, 1605.0 ], [ -97.524770116709902, 18.3180954383547, 1605.0 ], [ -97.524769363826181, 18.318107548890953, 1605.0 ], [ -97.524767629812615, 18.318108269756205, 1605.0 ], [ -97.524768194004523, 18.318104521256885, 1605.0 ], [ -97.524765516483583, 18.318101477552581, 1605.0 ], [ -97.524760888802248, 18.318101493622819, 1605.0 ], [ -97.524754949838439, 18.31810512266447, 1605.0 ], [ -97.524750805517868, 18.318100484411474, 1605.0 ], [ -97.52475706316639, 18.318093419931994, 1605.0 ], [ -97.524766814671423, 18.318087364663871, 1605.0 ], [ -97.524766734802, 18.318074244916271, 1605.0 ], [ -97.524760406689495, 18.31805809753461, 1605.0 ], [ -97.524753893173923, 18.318050961606541, 1605.0 ], [ -97.524745439857796, 18.318045074970321, 1605.0 ], [ -97.524736986541683, 18.318042678942216, 1605.0 ], [ -97.524726419896538, 18.31804269959688, 1605.0 ], [ -97.524715853251379, 18.318047044267399, 1605.0 ], [ -97.524710507684901, 18.318054060689192, 1605.0 ], [ -97.52470496777066, 18.318075254127621, 1605.0 ], [ -97.524706280615959, 18.318089383086573, 1605.0 ], [ -97.524712683257846, 18.318098970594441, 1605.0 ], [ -97.524726419896538, 18.318107379275595, 1605.0 ], [ -97.524733816548135, 18.31810686907497, 1605.0 ], [ -97.524737119455452, 18.318109567313659, 1605.0 ], [ -97.524737742603364, 18.318116631793128, 1605.0 ], [ -97.524741213199746, 18.318119624626803, 1605.0 ], [ -97.52474438319328, 18.318119135413603, 1605.0 ], [ -97.524746337025789, 18.318120668638549, 1605.0 ], [ -97.524735972143745, 18.318124705483967, 1605.0 ], [ -97.524734092906556, 18.318132779174796, 1605.0 ], [ -97.524738884224888, 18.318136816020214, 1605.0 ], [ -97.524723454132271, 18.31815094497917, 1605.0 ], [ -97.52471696869047, 18.318148926556468, 1605.0 ], [ -97.524717966580411, 18.318141157011517, 1605.0 ], [ -97.524705286606235, 18.318131223802002, 1605.0 ], [ -97.524692352249858, 18.318131769963447, 1605.0 ], [ -97.524689424133612, 18.318122687061265, 1605.0 ], [ -97.524687323309479, 18.318120842937319, 1605.0 ], [ -97.524685209980447, 18.31812048496208, 1605.0 ], [ -97.524683170462552, 18.318122687061265, 1605.0 ], [ -97.52468189322795, 18.318127733118029, 1605.0 ], [ -97.524678869993366, 18.318130801504097, 1605.0 ], [ -97.524675699999818, 18.318131087017679, 1605.0 ], [ -97.524659850032094, 18.318125867993249, 1605.0 ], [ -97.524661379553976, 18.318110576525015, 1605.0 ], [ -97.524658793367578, 18.318107428567689, 1605.0 ], [ -97.524653950321891, 18.31811360415907, 1605.0 ], [ -97.524652453380497, 18.318118729250472, 1605.0 ], [ -97.524641891495094, 18.31812672390668, 1605.0 ], [ -97.524641010816069, 18.318131769963447, 1605.0 ], [ -97.52464400006437, 18.318140186994221, 1605.0 ], [ -97.524647170057918, 18.318142555909787, 1605.0 ], [ -97.52464928338695, 18.318141978245194, 1605.0 ], [ -97.52465043721601, 18.318136816020214, 1605.0 ], [ -97.524654566709515, 18.318130961053583, 1605.0 ], [ -97.524656680038547, 18.318130106293818, 1605.0 ], [ -97.524658793367578, 18.318131462277055, 1605.0 ], [ -97.524660720226407, 18.318139843654269, 1605.0 ], [ -97.524658897301791, 18.318153972613239, 1605.0 ], [ -97.524651396715981, 18.318161862811092, 1605.0 ], [ -97.524648226722434, 18.318161194081142, 1605.0 ], [ -97.524645056728886, 18.318163009642166, 1605.0 ], [ -97.524642943399854, 18.318162069240685, 1605.0 ], [ -97.524640830070823, 18.318154627236808, 1605.0 ], [ -97.524637660077289, 18.318150878583687, 1605.0 ], [ -97.524627181487503, 18.318153972613239, 1605.0 ], [ -97.52462479178665, 18.318157000247293, 1605.0 ], [ -97.524624804904846, 18.31816305551542, 1605.0 ], [ -97.524633001147379, 18.318168101572187, 1605.0 ], [ -97.524630263425678, 18.318172028321815, 1605.0 ], [ -97.524620753445049, 18.318171827891035, 1605.0 ], [ -97.524619588404676, 18.318166083149475, 1605.0 ], [ -97.524613356793438, 18.318159968515975, 1605.0 ], [ -97.524609922633772, 18.318161037092707, 1605.0 ], [ -97.52460878850701, 18.318164064726769, 1605.0 ], [ -97.524610084368135, 18.318167092360834, 1605.0 ], [ -97.524607276908384, 18.318168101572187, 1605.0 ], [ -97.524605692389741, 18.318158009458646, 1605.0 ], [ -97.524603846812809, 18.318156006562266, 1605.0 ], [ -97.52459856349023, 18.318155777980213, 1605.0 ], [ -97.524593125823401, 18.318160027881358, 1605.0 ], [ -97.524587930803548, 18.318173147628958, 1605.0 ], [ -97.524580632706233, 18.318179202897085, 1605.0 ], [ -97.524581234192183, 18.318184248953852, 1605.0 ], [ -97.524579543528958, 18.31818718783817, 1605.0 ], [ -97.524572146877361, 18.318192200843313, 1605.0 ], [ -97.524570033548329, 18.318196518839258, 1605.0 ], [ -97.524563693561234, 18.318199548597978, 1605.0 ], [ -97.524558410238669, 18.318199898117253, 1605.0 ], [ -97.524544673599976, 18.31819859810437, 1605.0 ], [ -97.524541503606429, 18.31819679200925, 1605.0 ], [ -97.524533050290302, 18.318180413146553, 1605.0 ], [ -97.524527766967736, 18.31818010929333, 1605.0 ], [ -97.524522483645157, 18.318176025398927, 1605.0 ], [ -97.524516143658076, 18.318177574589686, 1605.0 ], [ -97.524513728424893, 18.31818122131979, 1605.0 ], [ -97.524512973664528, 18.318187431851193, 1605.0 ], [ -97.524504520348401, 18.318188074919284, 1605.0 ], [ -97.524497123696804, 18.318191313439048, 1605.0 ], [ -97.524490024232094, 18.318198377912807, 1605.0 ], [ -97.52446965041942, 18.31821162929667, 1605.0 ], [ -97.524446403800084, 18.318221589776769, 1605.0 ], [ -97.52443835874071, 18.318227645042064, 1605.0 ], [ -97.524431560179522, 18.318236727944253, 1605.0 ], [ -97.524431535020838, 18.318241774001024, 1605.0 ], [ -97.524434891188605, 18.318246820057791, 1605.0 ], [ -97.524436273489044, 18.31825388453727, 1605.0 ], [ -97.524435976613191, 18.318257921382692, 1605.0 ], [ -97.524432667161392, 18.31826203374732, 1605.0 ], [ -97.524427383838812, 18.318261926358272, 1605.0 ], [ -97.524422706544428, 18.318257921382688, 1605.0 ], [ -97.524421189598556, 18.318253884537274, 1605.0 ], [ -97.524423265248714, 18.318244801635082, 1605.0 ], [ -97.524421043851731, 18.318243703896417, 1605.0 ], [ -97.524418911310619, 18.318243792423726, 1605.0 ], [ -97.524417873858184, 18.318251167429786, 1605.0 ], [ -97.524414703864636, 18.318252002494482, 1605.0 ], [ -97.524409420542071, 18.318251866117947, 1605.0 ], [ -97.524407307213039, 18.31824984772906, 1605.0 ], [ -97.524411019442311, 18.318244801635078, 1605.0 ], [ -97.524408363877555, 18.318241856723269, 1605.0 ], [ -97.524404989755638, 18.318243792423726, 1605.0 ], [ -97.524403080554976, 18.318248636638227, 1605.0 ], [ -97.524395683903364, 18.318247252576946, 1605.0 ], [ -97.524391457245315, 18.318249993351227, 1605.0 ], [ -97.524386173922736, 18.318250744768608, 1605.0 ], [ -97.524365533742539, 18.318249847691849, 1605.0 ], [ -97.524359757309867, 18.318252837947718, 1605.0 ], [ -97.524355530651803, 18.318257771869895, 1605.0 ], [ -97.524344964006659, 18.318276197785561, 1605.0 ], [ -97.524328057374419, 18.318290142301279, 1605.0 ], [ -97.524324887380871, 18.318297315425884, 1605.0 ], [ -97.524320287782402, 18.318299299048196, 1605.0 ], [ -97.524310094077663, 18.318300665365101, 1605.0 ], [ -97.524306864131518, 18.318299299048192, 1605.0 ], [ -97.524304920824306, 18.318295262202792, 1605.0 ], [ -97.524305718629137, 18.31829223456873, 1605.0 ], [ -97.524312207406695, 18.31828792798018, 1605.0 ], [ -97.524313159580274, 18.318285170089251, 1605.0 ], [ -97.524306924084115, 18.318280933695217, 1605.0 ], [ -97.524303754090582, 18.318280769630913, 1605.0 ], [ -97.524300584097034, 18.318283185306917, 1605.0 ], [ -97.524290017451875, 18.318286383870468, 1605.0 ], [ -97.524261487509975, 18.318284435226612, 1605.0 ], [ -97.524242467548717, 18.318284939918232, 1605.0 ], [ -97.524218164264866, 18.318290161803869, 1605.0 ], [ -97.524207631164629, 18.318298289836846, 1605.0 ], [ -97.524201257632626, 18.318315461720935, 1605.0 ], [ -97.524191747651997, 18.318316344982076, 1605.0 ], [ -97.524186464329418, 18.318312744133674, 1605.0 ], [ -97.524173616350012, 18.318317464852562, 1605.0 ], [ -97.52417167102621, 18.318322906830716, 1605.0 ], [ -97.52416668911286, 18.318328566177463, 1605.0 ], [ -97.524168035237693, 18.318332603022871, 1605.0 ], [ -97.524170614361694, 18.318333894264594, 1605.0 ], [ -97.524174841019757, 18.318333255646216, 1605.0 ], [ -97.52418329433587, 18.318338485612255, 1605.0 ], [ -97.524192804316513, 18.318335792629135, 1605.0 ], [ -97.524197599037407, 18.318341685925066, 1605.0 ], [ -97.524191809048403, 18.318347741193183, 1605.0 ], [ -97.524191747651997, 18.318353093845811, 1605.0 ], [ -97.524185896230222, 18.318354805672662, 1605.0 ], [ -97.52418329433587, 18.318358773512177, 1605.0 ], [ -97.524172727690726, 18.318359761621277, 1605.0 ], [ -97.52416852933618, 18.318368934631621, 1605.0 ], [ -97.524163217710097, 18.318372995795386, 1605.0 ], [ -97.52415476439397, 18.318371962269012, 1605.0 ], [ -97.524146311077857, 18.318360860955671, 1605.0 ], [ -97.524129404445617, 18.318351778045802, 1605.0 ], [ -97.524115667806925, 18.318350531365752, 1605.0 ], [ -97.524107214490797, 18.318352576369975, 1605.0 ], [ -97.52408819452954, 18.318361798065617, 1605.0 ], [ -97.524079057489317, 18.318368934631621, 1605.0 ], [ -97.52407110004583, 18.318378017533803, 1605.0 ], [ -97.52405501526377, 18.3184022386063, 1605.0 ], [ -97.524035361303788, 18.318416271449887, 1605.0 ], [ -97.523997321381259, 18.318433688448497, 1605.0 ], [ -97.523963508116779, 18.318441713187546, 1605.0 ], [ -97.523949771478087, 18.318443448069921, 1605.0 ], [ -97.523933921510363, 18.318454867109505, 1605.0 ], [ -97.523921241536186, 18.318460997134018, 1605.0 ], [ -97.523892711594286, 18.318467061027874, 1605.0 ], [ -97.523847275020145, 18.318466665356926, 1605.0 ], [ -97.523837765039502, 18.31846999994006, 1605.0 ], [ -97.523826141729842, 18.31847866342974, 1605.0 ], [ -97.523815575084697, 18.318483114716184, 1605.0 ], [ -97.523788101807313, 18.318483816524076, 1605.0 ], [ -97.523780705155701, 18.318485819655709, 1605.0 ], [ -97.52376168519443, 18.318495264146993, 1605.0 ], [ -97.523750061884769, 18.318495177797349, 1605.0 ], [ -97.523737381910593, 18.318489980628719, 1605.0 ], [ -97.523718361949321, 18.318488252248255, 1605.0 ], [ -97.523704625310629, 18.318485057013039, 1605.0 ], [ -97.523693002000968, 18.318479947893689, 1605.0 ], [ -97.523682083134318, 18.318470864978369, 1605.0 ], [ -97.523680623930929, 18.318465818921599, 1605.0 ], [ -97.523681942245716, 18.31845673601941, 1605.0 ], [ -97.523679265362276, 18.318451488120374, 1605.0 ], [ -97.52366130206552, 18.318439391268345, 1605.0 ], [ -97.523650735420375, 18.318438301709278, 1605.0 ], [ -97.523645898029613, 18.318441597849109, 1605.0 ], [ -97.523644963589575, 18.318444625483163, 1605.0 ], [ -97.523646508762312, 18.31844759799224, 1605.0 ], [ -97.523650735420375, 18.318449063248156, 1605.0 ], [ -97.523663276815597, 18.318448662328585, 1605.0 ], [ -97.523664552239566, 18.318452699173992, 1605.0 ], [ -97.52366839681298, 18.318455726808057, 1605.0 ], [ -97.523667642052601, 18.318458961459836, 1605.0 ], [ -97.523659306143657, 18.31846480971025, 1605.0 ], [ -97.523661566231652, 18.318470864978366, 1605.0 ], [ -97.523659893179499, 18.318473892612431, 1605.0 ], [ -97.523651792084891, 18.318478097659735, 1605.0 ], [ -97.523643338768764, 18.318478560214945, 1605.0 ], [ -97.523640168775216, 18.31847603718656, 1605.0 ], [ -97.523637919102384, 18.318466828132948, 1605.0 ], [ -97.523633828788135, 18.318461565816609, 1605.0 ], [ -97.52362748880104, 18.318456687382721, 1605.0 ], [ -97.523619035484927, 18.318456671942503, 1605.0 ], [ -97.523615834413008, 18.318460772864832, 1605.0 ], [ -97.523613752169894, 18.318479947880554, 1605.0 ], [ -97.5236105821688, 18.318482916149247, 1605.0 ], [ -97.523602128852687, 18.318485452669748, 1605.0 ], [ -97.523595788865592, 18.318481203788018, 1605.0 ], [ -97.52359075712981, 18.318479947880558, 1605.0 ], [ -97.523589686628014, 18.318488021571394, 1605.0 ], [ -97.523586201568051, 18.318491049205448, 1605.0 ], [ -97.523584261616335, 18.318496095262212, 1605.0 ], [ -97.523572542246271, 18.318499199223179, 1605.0 ], [ -97.523556692278547, 18.318491970659295, 1605.0 ], [ -97.52354823896242, 18.318489967907571, 1605.0 ], [ -97.523543828536617, 18.318486003148678, 1605.0 ], [ -97.523539785646307, 18.318478801049466, 1605.0 ], [ -97.52353133233018, 18.318472839522322, 1605.0 ], [ -97.523520765685035, 18.318471243432626, 1605.0 ], [ -97.523500689059247, 18.318472378795395, 1605.0 ], [ -97.523495405736682, 18.318470865010255, 1605.0 ], [ -97.523486952415126, 18.318459763653475, 1605.0 ], [ -97.523485895756039, 18.31845468338615, 1605.0 ], [ -97.523477442439926, 18.318453309684571, 1605.0 ], [ -97.523475992801011, 18.318454717596701, 1605.0 ], [ -97.523477442442612, 18.318459763653475, 1605.0 ], [ -97.523492869741844, 18.318476920246493, 1605.0 ], [ -97.523491347532385, 18.318492058416798, 1605.0 ], [ -97.523492447076038, 18.318499122896277, 1605.0 ], [ -97.523489918125634, 18.318503159741695, 1605.0 ], [ -97.523486952420555, 18.318504537703351, 1605.0 ], [ -97.523483782427022, 18.318502132508709, 1605.0 ], [ -97.523478499104442, 18.318501772076083, 1605.0 ], [ -97.523476855404084, 18.318503159741695, 1605.0 ], [ -97.523476493598324, 18.318509215009822, 1605.0 ], [ -97.523472159117347, 18.318512040801611, 1605.0 ], [ -97.523466258052451, 18.318508205798466, 1605.0 ], [ -97.52346598787517, 18.318506187375757, 1605.0 ], [ -97.523474272417161, 18.31850114131899, 1605.0 ], [ -97.523472159117347, 18.318499122913451, 1605.0 ], [ -97.52345947914317, 18.318495870993019, 1605.0 ], [ -97.52344785583351, 18.318497069673178, 1605.0 ], [ -97.523437289188365, 18.318504168963191, 1605.0 ], [ -97.523429716426008, 18.318507196587117, 1605.0 ], [ -97.52342566587869, 18.318512003979034, 1605.0 ], [ -97.523421439220641, 18.318510226200019, 1605.0 ], [ -97.523411929239998, 18.318514338698222, 1605.0 ], [ -97.523410072072068, 18.318526371602836, 1605.0 ], [ -97.523404532588401, 18.318530141703835, 1605.0 ], [ -97.523400057138957, 18.318527380814192, 1605.0 ], [ -97.523399473406783, 18.318522334757414, 1605.0 ], [ -97.52339713593679, 18.31851925963106, 1605.0 ], [ -97.523384900873992, 18.318509215009819, 1605.0 ], [ -97.523377059311017, 18.318508435969466, 1605.0 ], [ -97.523365436001342, 18.318511268232918, 1605.0 ], [ -97.523350642698134, 18.318519142354152, 1605.0 ], [ -97.523347425741733, 18.318522334757418, 1605.0 ], [ -97.523346944372335, 18.318526371602836, 1605.0 ], [ -97.523351628392646, 18.318531417659607, 1605.0 ], [ -97.523352940686991, 18.318535454505021, 1605.0 ], [ -97.5233474727046, 18.318543312815383, 1605.0 ], [ -97.523343246046537, 18.318541786811551, 1605.0 ], [ -97.523339019388473, 18.318543133972661, 1605.0 ], [ -97.52333056607236, 18.31853837400929, 1605.0 ], [ -97.523327272656928, 18.318542518984501, 1605.0 ], [ -97.523325711127285, 18.31854857425261, 1605.0 ], [ -97.523331622736876, 18.318552404915078, 1605.0 ], [ -97.523337962723957, 18.31854552138828, 1605.0 ], [ -97.523341132717505, 18.318544596772583, 1605.0 ], [ -97.523343334101909, 18.318546555829915, 1605.0 ], [ -97.523340966794976, 18.318561694000227, 1605.0 ], [ -97.523336906059441, 18.318564733793458, 1605.0 ], [ -97.52333056607236, 18.318564985581869, 1605.0 ], [ -97.523327396078813, 18.318563540118561, 1605.0 ], [ -97.523317886098184, 18.318555552841769, 1605.0 ], [ -97.523292526149817, 18.318555983172825, 1605.0 ], [ -97.52327984617564, 18.318552696212244, 1605.0 ], [ -97.523276676182093, 18.318553480275281, 1605.0 ], [ -97.523263996207916, 18.318563890847035, 1605.0 ], [ -97.523252372898256, 18.318569614608432, 1605.0 ], [ -97.523248146240192, 18.318568964909296, 1605.0 ], [ -97.523240749588595, 18.318574094539734, 1605.0 ], [ -97.523223842956355, 18.318575028825656, 1605.0 ], [ -97.523199886862272, 18.31856270321158, 1605.0 ], [ -97.523191086356391, 18.318561721704061, 1605.0 ], [ -97.523177349717699, 18.318567749268645, 1605.0 ], [ -97.523174179724151, 18.318570792861323, 1605.0 ], [ -97.523172066395119, 18.318570524834701, 1605.0 ] ] } },
{ "type": "Feature", "properties": { "FID": 7, "elev": 1605.0, "elevation": 1605.0, "ELEVATION": 1605.0, "is_master": true, "tipo": "Maestra (5m)" }, "geometry": { "type": "LineString", "coordinates": [ [ -97.523180519711246, 18.318601688069524, 1605.0 ], [ -97.523185595165387, 18.318604080877087, 1605.0 ], [ -97.523182633040264, 18.318608019262868, 1605.0 ] ] } },
{ "type": "Feature", "properties": { "FID": 8, "elev": 1606.0, "elevation": 1606.0, "ELEVATION": 1606.0, "is_master": false, "tipo": "Ordinaria (1m)" }, "geometry": { "type": "LineString", "coordinates": [ [ -97.523235466266016, 18.318796709179278, 1606.0 ], [ -97.523240749588595, 18.318796980972373, 1606.0 ], [ -97.523242613592288, 18.31879381261162, 1606.0 ], [ -97.523240749588595, 18.318790617770947, 1606.0 ], [ -97.5232344096015, 18.318791869643963, 1606.0 ] ] } },
{ "type": "Feature", "properties": { "FID": 9, "elev": 1605.0, "elevation": 1605.0, "ELEVATION": 1605.0, "is_master": true, "tipo": "Maestra (5m)" }, "geometry": { "type": "LineString", "coordinates": [ [ -97.524489123236904, 18.31932970384057, 1605.0 ], [ -97.524490612358704, 18.31932869462922, 1605.0 ], [ -97.524488670380677, 18.319327595710185, 1605.0 ], [ -97.524487885429906, 18.319328694629217, 1605.0 ], [ -97.524488670380677, 18.319329822571316, 1605.0 ] ] } },
{ "type": "Feature", "properties": { "FID": 10, "elev": 1605.0, "elevation": 1605.0, "ELEVATION": 1605.0, "is_master": true, "tipo": "Maestra (5m)" }, "geometry": { "type": "LineString", "coordinates": [ [ -97.524834109748156, 18.319270160370685, 1605.0 ], [ -97.524830224605779, 18.319266123525274, 1605.0 ], [ -97.524830303226651, 18.319263095891198, 1605.0 ], [ -97.524826803025448, 18.319257248124483, 1605.0 ], [ -97.524820463038353, 18.319255496730221, 1605.0 ], [ -97.524817457010002, 18.319253003777664, 1605.0 ], [ -97.52481725889767, 18.319250985354962, 1605.0 ], [ -97.524820621134722, 18.319246948509544, 1605.0 ], [ -97.524820463038353, 18.319242776960074, 1605.0 ], [ -97.524816236380303, 18.319240172376173, 1605.0 ], [ -97.52481200972224, 18.319242436741145, 1605.0 ], [ -97.524807783064176, 18.319238929004563, 1605.0 ], [ -97.524803556406127, 18.319239221031872, 1605.0 ], [ -97.524798273083547, 18.319236796616941, 1605.0 ], [ -97.524793038598403, 18.319230801127883, 1605.0 ], [ -97.524790876431936, 18.319222544350033, 1605.0 ], [ -97.524779502074651, 18.319211626112157, 1605.0 ], [ -97.524778764414947, 18.31920557084403, 1605.0 ], [ -97.524783479780339, 18.319203615418289, 1605.0 ], [ -97.52478618824226, 18.319200524787266, 1605.0 ], [ -97.524786301487808, 18.319187405039663, 1605.0 ], [ -97.524782423115823, 18.319184752926105, 1605.0 ], [ -97.52477396979971, 18.319184457080183, 1605.0 ], [ -97.524768591776066, 18.31918134977154, 1605.0 ], [ -97.524768521020761, 18.319177312926129, 1605.0 ], [ -97.524774944393187, 18.319174285292068, 1605.0 ], [ -97.524775676963401, 18.319172266869352, 1605.0 ], [ -97.524773780839666, 18.319168230023937, 1605.0 ], [ -97.52477396979971, 18.319160497474979, 1605.0 ], [ -97.52477819645776, 18.31915504880153, 1605.0 ], [ -97.524783479780339, 18.319152926778163, 1605.0 ], [ -97.524788763102919, 18.319156189469503, 1605.0 ], [ -97.524796159754516, 18.319164425181135, 1605.0 ], [ -97.524805669735144, 18.319171006848084, 1605.0 ], [ -97.524808628395789, 18.319171257658006, 1605.0 ], [ -97.524809756788329, 18.319166211601228, 1605.0 ], [ -97.524813025199563, 18.319162174755817, 1605.0 ], [ -97.524812131341321, 18.319156119487694, 1605.0 ], [ -97.524815292374868, 18.319148045796862, 1605.0 ], [ -97.524815318107898, 18.319135935260618, 1605.0 ], [ -97.524808649701839, 18.319121806301656, 1605.0 ], [ -97.524805422133895, 18.319110704976758, 1605.0 ], [ -97.524803849342817, 18.319096576017813, 1605.0 ], [ -97.52480051023106, 18.319088502326974, 1605.0 ], [ -97.524791933096452, 18.319082224093556, 1605.0 ], [ -97.524781366451307, 18.319079454835716, 1605.0 ], [ -97.524772913135195, 18.319074246478873, 1605.0 ], [ -97.52476128982552, 18.319070559799457, 1605.0 ], [ -97.524756891216811, 18.319073364156672, 1605.0 ], [ -97.524756842080734, 18.319079419424789, 1605.0 ], [ -97.524765638834211, 18.319095566806453, 1605.0 ], [ -97.524769743141647, 18.319109119073204, 1605.0 ], [ -97.524754949838439, 18.319114625374713, 1605.0 ], [ -97.524734873212651, 18.319127909249058, 1605.0 ], [ -97.524721136573959, 18.319132092275012, 1605.0 ], [ -97.524692606632058, 18.319133176411484, 1605.0 ], [ -97.524668303348207, 18.31912743341951, 1605.0 ], [ -97.524664076690158, 18.319128646511945, 1605.0 ], [ -97.524648226722434, 18.319139983445474, 1605.0 ], [ -97.524636603412773, 18.319145907862282, 1605.0 ], [ -97.524623923438583, 18.319147479744736, 1605.0 ], [ -97.524599620154746, 18.319145724962386, 1605.0 ], [ -97.524594336832166, 18.319147182114413, 1605.0 ], [ -97.524586940180569, 18.319154047000087, 1605.0 ], [ -97.524582713522506, 18.319153584270765, 1605.0 ], [ -97.524580763115324, 18.319155110276334, 1605.0 ], [ -97.524578806251739, 18.319159147121752, 1605.0 ], [ -97.524580600193474, 18.319161127098319, 1605.0 ], [ -97.524585883516053, 18.319159872186226, 1605.0 ], [ -97.524589897202972, 18.319164193178526, 1605.0 ], [ -97.524587761555409, 18.319170248446643, 1605.0 ], [ -97.524588819734262, 18.319175294503413, 1605.0 ], [ -97.524584826851537, 18.31917826446826, 1605.0 ], [ -97.524583895221568, 18.31918134977154, 1605.0 ], [ -97.524587792042126, 18.319187405039667, 1605.0 ], [ -97.524585883516053, 18.319190092179927, 1605.0 ], [ -97.524574260206393, 18.319191195166411, 1605.0 ], [ -97.524571090212845, 18.319192847572324, 1605.0 ], [ -97.524562496161934, 18.319201533998619, 1605.0 ], [ -97.524563542138907, 18.319209607689452, 1605.0 ], [ -97.524556296909637, 18.319210768692749, 1605.0 ], [ -97.524552070251573, 18.319214408189453, 1605.0 ], [ -97.524550524118212, 18.319220709014349, 1605.0 ], [ -97.524555240245121, 18.319227365673171, 1605.0 ], [ -97.524545371520361, 18.319243920875486, 1605.0 ], [ -97.524541066949936, 18.319247957720901, 1605.0 ], [ -97.524538209948901, 18.319257040623086, 1605.0 ], [ -97.524527829124466, 18.319266123525267, 1605.0 ], [ -97.524529836790251, 18.319272178793391, 1605.0 ], [ -97.524534106954818, 18.319276253722254, 1605.0 ], [ -97.524544645793014, 18.31928025248423, 1605.0 ], [ -97.52454361693546, 18.319282546863171, 1605.0 ], [ -97.524537261578701, 18.319284289329641, 1605.0 ], [ -97.524538333612881, 18.319288101905869, 1605.0 ], [ -97.524546786929008, 18.319291024532529, 1605.0 ], [ -97.524557353574153, 18.319289161687717, 1605.0 ], [ -97.52455930546833, 18.319291353809117, 1605.0 ], [ -97.524550086766908, 18.319302455134014, 1605.0 ], [ -97.524542560270945, 18.319306049585414, 1605.0 ], [ -97.524535163619333, 18.31931726323284, 1605.0 ], [ -97.524528823632252, 18.319319374265532, 1605.0 ], [ -97.524522483645157, 18.319317551118637, 1605.0 ], [ -97.524516222978733, 18.319324657783792, 1605.0 ], [ -97.524508747006465, 18.319325644348051, 1605.0 ], [ -97.524506440423153, 18.319326676206508, 1605.0 ], [ -97.524505550857853, 18.319327685417857, 1605.0 ] ] } },
{ "type": "Feature", "properties": { "FID": 11, "elev": 1604.0, "elevation": 1604.0, "ELEVATION": 1604.0, "is_master": false, "tipo": "Ordinaria (1m)" }, "geometry": { "type": "LineString", "coordinates": [ [ -97.524923464857594, 18.319254012989024, 1604.0 ], [ -97.524923846043365, 18.319246948509544, 1604.0 ], [ -97.524929299483389, 18.319245795085976, 1604.0 ], [ -97.524930356147905, 18.319241878537817, 1604.0 ], [ -97.524932469476937, 18.319241774374248, 1604.0 ], [ -97.524940278000457, 18.319247957720904, 1604.0 ], [ -97.524943036122067, 18.319248025292289, 1604.0 ], [ -97.524951489438209, 18.319242217831327, 1604.0 ], [ -97.524952546102725, 18.319239860450363, 1604.0 ], [ -97.524956772760774, 18.319240059863617, 1604.0 ], [ -97.524977070082315, 18.319232819550589, 1604.0 ], [ -97.524976964599205, 18.319225755071116, 1604.0 ], [ -97.524973872437499, 18.319219699802986, 1604.0 ], [ -97.524965226076901, 18.319211601141976, 1604.0 ], [ -97.524955630509737, 18.319205570844034, 1604.0 ], [ -97.524952879085234, 18.319200524787263, 1604.0 ], [ -97.524954936287088, 18.319179331348824, 1604.0 ], [ -97.524950321994353, 18.319166211601228, 1604.0 ], [ -97.524948225879328, 18.319142999740095, 1604.0 ], [ -97.524944092786598, 18.31913801354165, 1604.0 ], [ -97.524932469476937, 18.319136828208471, 1604.0 ], [ -97.524913449515665, 18.319141899788246, 1604.0 ], [ -97.524900769541489, 18.319147209593169, 1604.0 ], [ -97.524894429554408, 18.319147920623358, 1604.0 ], [ -97.524890202896344, 18.319145885337004, 1604.0 ], [ -97.524881749580217, 18.319135294271494, 1604.0 ], [ -97.524868012941525, 18.319131756771501, 1604.0 ], [ -97.524851106309285, 18.319130109358706, 1604.0 ], [ -97.524834199677059, 18.319118799124581, 1604.0 ], [ -97.524829829742444, 18.319112723399474, 1604.0 ], [ -97.524827586107037, 18.319105658919991, 1604.0 ], [ -97.524829343084377, 18.319099603651875, 1604.0 ], [ -97.524824437700545, 18.31909052074969, 1604.0 ], [ -97.524824420350555, 18.319072354945309, 1604.0 ], [ -97.524820644307169, 18.319068318099895, 1604.0 ], [ -97.524818349709335, 18.319061244210523, 1604.0 ], [ -97.524816236380303, 18.319060652899378, 1604.0 ], [ -97.524813066386756, 18.319062552605331, 1604.0 ], [ -97.524810953057724, 18.319060393052602, 1604.0 ], [ -97.524805623117601, 18.319053179929586, 1604.0 ], [ -97.524801966377609, 18.319044097027398, 1604.0 ], [ -97.524798800700879, 18.319041069393339, 1604.0 ], [ -97.524800277890279, 18.319036023336569, 1604.0 ], [ -97.5247972880573, 18.319032995702511, 1604.0 ], [ -97.524795919245051, 18.319024922011682, 1604.0 ], [ -97.524806188098879, 18.319015839109493, 1604.0 ], [ -97.524809095714815, 18.31901079305273, 1604.0 ], [ -97.524807948717054, 18.319001710150545, 1604.0 ], [ -97.524801620419382, 18.318995654882414, 1604.0 ], [ -97.524792989760968, 18.318993875636959, 1604.0 ], [ -97.524784536444855, 18.318994577516531, 1604.0 ], [ -97.524775026464212, 18.319002865827954, 1604.0 ], [ -97.524768686477131, 18.319004211655457, 1604.0 ], [ -97.524764459819067, 18.319003735820722, 1604.0 ], [ -97.524752836509407, 18.318997430156962, 1604.0 ], [ -97.524745439857796, 18.318997548368365, 1604.0 ], [ -97.52473865983508, 18.319001710150538, 1604.0 ], [ -97.524737169830402, 18.319009783841366, 1604.0 ], [ -97.524731703219103, 18.319012313435259, 1604.0 ], [ -97.524729412359079, 18.319011802264082, 1604.0 ], [ -97.524727057538911, 18.319006756207301, 1604.0 ], [ -97.524724306567506, 18.319004818014786, 1604.0 ], [ -97.52471162659333, 18.31900482999681, 1604.0 ], [ -97.524697889954638, 18.318998780182088, 1604.0 ], [ -97.524692606632058, 18.319000578610538, 1604.0 ], [ -97.524685069091845, 18.319009783841366, 1604.0 ], [ -97.524681194655301, 18.319030977279802, 1604.0 ], [ -97.524675791883695, 18.319041069393339, 1604.0 ], [ -97.524661963361126, 18.31905397506581, 1604.0 ], [ -97.524650340051465, 18.319059645189828, 1604.0 ], [ -97.524636603412773, 18.319073519419955, 1604.0 ], [ -97.524618640116017, 18.319083486091383, 1604.0 ], [ -97.52460810454923, 18.319087493115624, 1604.0 ], [ -97.524604949203166, 18.319093548383748, 1604.0 ], [ -97.524607032422082, 18.319107677342704, 1604.0 ], [ -97.524602790148293, 18.319109792015578, 1604.0 ], [ -97.524599525528075, 18.319109695765412, 1604.0 ], [ -97.524597516609646, 18.319107677342707, 1604.0 ], [ -97.524597560554426, 18.319104649708642, 1604.0 ], [ -97.524601933393285, 18.319101622074577, 1604.0 ], [ -97.524601859028081, 18.319096576017809, 1604.0 ], [ -97.524599620154746, 18.319089347438922, 1604.0 ], [ -97.524594300809511, 18.319085474692915, 1604.0 ], [ -97.524592192424777, 18.319058225986357, 1604.0 ], [ -97.524587996845085, 18.319054807282889, 1604.0 ], [ -97.524580600193474, 18.319053694560544, 1604.0 ], [ -97.524573203541877, 18.319057840352752, 1604.0 ], [ -97.524573349810467, 18.319052170718237, 1604.0 ], [ -97.524575316870909, 18.319044915821522, 1604.0 ], [ -97.52458165685799, 18.319038851409058, 1604.0 ], [ -97.524584826851537, 18.319039306313268, 1604.0 ], [ -97.524589053509601, 18.319044288777562, 1604.0 ], [ -97.524596450161198, 18.319044169982444, 1604.0 ], [ -97.524603846812809, 18.319037276883304, 1604.0 ], [ -97.524609253003348, 18.319027949645747, 1604.0 ], [ -97.524610373466174, 18.319016848320853, 1604.0 ], [ -97.52460714820505, 18.31900271936189, 1604.0 ], [ -97.524602650192719, 18.318993636459705, 1604.0 ], [ -97.524604332724223, 18.318987581191585, 1604.0 ], [ -97.524603210657645, 18.318982535134818, 1604.0 ], [ -97.524607195902036, 18.318976479866691, 1604.0 ], [ -97.52461547012247, 18.318976653165603, 1604.0 ], [ -97.524629206761162, 18.31895944601559, 1604.0 ], [ -97.524635546748257, 18.318957016504864, 1604.0 ], [ -97.524637760711997, 18.318957304850962, 1604.0 ], [ -97.52464928338695, 18.31897026030834, 1604.0 ], [ -97.524652453380497, 18.318970981404835, 1604.0 ], [ -97.524656181058091, 18.318969415387212, 1604.0 ], [ -97.524657920470801, 18.318966387753154, 1604.0 ], [ -97.524658347786158, 18.318956295639609, 1604.0 ], [ -97.524656680038547, 18.318952339995107, 1604.0 ], [ -97.524651396715981, 18.318950500813131, 1604.0 ], [ -97.52464845048668, 18.318939139046591, 1604.0 ], [ -97.524649318145649, 18.318930056144413, 1604.0 ], [ -97.524658698483421, 18.318921982453585, 1604.0 ], [ -97.52466619001919, 18.318921182525685, 1604.0 ], [ -97.524676756664334, 18.318913880729095, 1604.0 ], [ -97.52468309665143, 18.318912289819533, 1604.0 ], [ -97.524690493303027, 18.318904739046676, 1604.0 ], [ -97.52469471996109, 18.318905623137528, 1604.0 ], [ -97.524695605274601, 18.318911890340036, 1604.0 ], [ -97.524702116612687, 18.318916764616151, 1604.0 ], [ -97.524705286606235, 18.318917852807115, 1604.0 ], [ -97.524708456599782, 18.318915895595651, 1604.0 ], [ -97.524714796586863, 18.31891571022145, 1604.0 ], [ -97.52471671590537, 18.318913908762749, 1604.0 ], [ -97.524716790238429, 18.318905835071906, 1604.0 ], [ -97.524719724485919, 18.318901798226499, 1604.0 ], [ -97.524720114840505, 18.318895742958375, 1604.0 ], [ -97.524730646554588, 18.318894574260263, 1604.0 ], [ -97.524734667660894, 18.318909871917338, 1604.0 ], [ -97.524737808672072, 18.318912899551396, 1604.0 ], [ -97.524738043206199, 18.318915411751334, 1604.0 ], [ -97.524743108980189, 18.318918954819516, 1604.0 ], [ -97.52474566699847, 18.318928037721697, 1604.0 ], [ -97.524749666515859, 18.318930219170859, 1604.0 ], [ -97.524753893173923, 18.318929874437259, 1604.0 ], [ -97.524765516483583, 18.318916703501881, 1604.0 ], [ -97.524770799806163, 18.318916724203657, 1604.0 ], [ -97.52477282352406, 18.318914917974109, 1604.0 ], [ -97.52476128982552, 18.318909898104451, 1604.0 ], [ -97.524751759315407, 18.318902807437851, 1604.0 ], [ -97.524751019046434, 18.318891706112954, 1604.0 ], [ -97.524758244021641, 18.318888678478899, 1604.0 ], [ -97.524759050085706, 18.318885650844834, 1604.0 ], [ -97.524757459880107, 18.318881613999419, 1604.0 ], [ -97.524759176496488, 18.318879907818893, 1604.0 ], [ -97.524765516483583, 18.318880360757454, 1604.0 ], [ -97.524768330160029, 18.318882623210776, 1604.0 ], [ -97.524764402356951, 18.318887669267546, 1604.0 ], [ -97.524766754848542, 18.318896752169731, 1604.0 ], [ -97.524765727610514, 18.318902807437851, 1604.0 ], [ -97.524768686477131, 18.318906156102084, 1604.0 ], [ -97.524771856470679, 18.318905152270759, 1604.0 ], [ -97.524775026464212, 18.31890217336769, 1604.0 ], [ -97.524780309786792, 18.318900703252122, 1604.0 ], [ -97.524782692084969, 18.318896752169735, 1604.0 ], [ -97.524781366451307, 18.318891362005264, 1604.0 ], [ -97.524774828339616, 18.318884641633488, 1604.0 ], [ -97.524775062900929, 18.318882623210769, 1604.0 ], [ -97.524780309786792, 18.318878500970548, 1604.0 ], [ -97.524805669735144, 18.318866592685165, 1604.0 ], [ -97.524810953057724, 18.318865558364241, 1604.0 ], [ -97.524813381951716, 18.318867485040467, 1604.0 ], [ -97.52481372307092, 18.318873540308591, 1604.0 ], [ -97.524819406373851, 18.318878471470526, 1604.0 ], [ -97.524822576367384, 18.318878302394161, 1604.0 ], [ -97.524824892901137, 18.318873540308587, 1604.0 ], [ -97.524830600828039, 18.318869503463169, 1604.0 ], [ -97.52483237193303, 18.31886142977234, 1604.0 ], [ -97.52484507176429, 18.318860420560991, 1604.0 ], [ -97.524848992980267, 18.318852109807089, 1604.0 ], [ -97.524853219638317, 18.318848326844929, 1604.0 ], [ -97.52486721065921, 18.318842254756621, 1604.0 ], [ -97.524881749580217, 18.318828244528408, 1604.0 ], [ -97.524892316225376, 18.318823197604992, 1604.0 ], [ -97.524909222857616, 18.318811048049287, 1604.0 ], [ -97.524918732838245, 18.318807037212363, 1604.0 ], [ -97.524930356147905, 18.31879071769681, 1604.0 ], [ -97.524950158040923, 18.318773628384548, 1604.0 ], [ -97.524967339405933, 18.318767580376942, 1604.0 ], [ -97.524975792722046, 18.318762389959247, 1604.0 ], [ -97.524982132709141, 18.318762693018851, 1604.0 ], [ -97.524994812683317, 18.318755646073157, 1604.0 ], [ -97.52500326599943, 18.318754630164978, 1604.0 ], [ -97.525011719315557, 18.318749475348781, 1604.0 ], [ -97.525023342625218, 18.318734119222665, 1604.0 ], [ -97.525036022599394, 18.318726206187204, 1604.0 ], [ -97.525050815902603, 18.318707335813738, 1604.0 ], [ -97.525064214408658, 18.318693900687592, 1604.0 ], [ -97.525065892995713, 18.318688854630821, 1604.0 ], [ -97.525064244599065, 18.318679771728632, 1604.0 ], [ -97.525065653853616, 18.31867270724916, 1604.0 ], [ -97.52507444216188, 18.318665642769684, 1604.0 ], [ -97.525081501827884, 18.318654541444786, 1604.0 ], [ -97.525078876215829, 18.318649495388016, 1604.0 ], [ -97.525082068098854, 18.318645458542598, 1604.0 ], [ -97.525098497888848, 18.31863536642906, 1604.0 ], [ -97.525100301045285, 18.318631329583649, 1604.0 ], [ -97.525100889735569, 18.318621237470108, 1604.0 ], [ -97.52511625865823, 18.318607108511145, 1604.0 ], [ -97.525127952412191, 18.318601087357209, 1604.0 ], [ -97.52513338787233, 18.318594997974902, 1604.0 ], [ -97.525134502489053, 18.318588942706782, 1604.0 ], [ -97.5251327484646, 18.318585915072717, 1604.0 ], [ -97.525129009076707, 18.318584048605125, 1604.0 ], [ -97.525123725754128, 18.318585215056022, 1604.0 ], [ -97.525120555760594, 18.318584237894129, 1604.0 ], [ -97.525117211510093, 18.31857985980459, 1604.0 ], [ -97.525116528309781, 18.318575822959183, 1604.0 ], [ -97.525120555760594, 18.318567579295905, 1604.0 ], [ -97.525129009076707, 18.318559690528794, 1604.0 ], [ -97.525137509618062, 18.318548574252613, 1604.0 ], [ -97.52514654467592, 18.318524353180123, 1604.0 ], [ -97.525152255696042, 18.318522124841458, 1604.0 ], [ -97.52516394504724, 18.318509215009819, 1604.0 ], [ -97.525179828928174, 18.318504168953051, 1604.0 ], [ -97.525185074192663, 18.318497104473572, 1604.0 ], [ -97.52519135839097, 18.318495086050866, 1604.0 ], [ -97.525196635605667, 18.318487814553677, 1604.0 ], [ -97.525201918928232, 18.318484684866352, 1604.0 ], [ -97.525203479236581, 18.318479947880554, 1604.0 ], [ -97.525206145586296, 18.31847805322905, 1604.0 ], [ -97.525234675528196, 18.318466731747595, 1604.0 ], [ -97.525244185508839, 18.318460707754422, 1604.0 ], [ -97.525262006865574, 18.318444625483167, 1604.0 ], [ -97.525279420704564, 18.318425450467437, 1604.0 ], [ -97.525306528715205, 18.318405520737137, 1604.0 ], [ -97.525321302294017, 18.318383063590574, 1604.0 ], [ -97.525328504662028, 18.318375999111094, 1604.0 ], [ -97.525338228650654, 18.318371862395807, 1604.0 ], [ -97.525346681966781, 18.318371128154091, 1604.0 ], [ -97.525357248611925, 18.318371739481719, 1604.0 ], [ -97.525364645263537, 18.318374831592084, 1604.0 ], [ -97.525372886210803, 18.318383063590574, 1604.0 ], [ -97.525383629706667, 18.31840324781766, 1604.0 ], [ -97.525394231869953, 18.318410499573474, 1604.0 ], [ -97.525409025173161, 18.318411596429161, 1604.0 ], [ -97.525414308495726, 18.3184104381554, 1604.0 ], [ -97.525421642807245, 18.318406275451714, 1604.0 ], [ -97.525425800653807, 18.318401229394947, 1604.0 ], [ -97.525430438998853, 18.318387100435995, 1604.0 ], [ -97.525430464408956, 18.318372971477032, 1604.0 ], [ -97.525426988469903, 18.318361708594406, 1604.0 ], [ -97.525422761811853, 18.318357705272451, 1604.0 ], [ -97.525414308495726, 18.3183545200563, 1604.0 ], [ -97.525380495231261, 18.318346580943395, 1604.0 ], [ -97.525363588599021, 18.31834484046594, 1604.0 ], [ -97.525357191878257, 18.318339667502354, 1604.0 ], [ -97.525356090345056, 18.31832957538882, 1604.0 ], [ -97.525368888012935, 18.31830333589361, 1604.0 ], [ -97.525373063239698, 18.318287188511956, 1604.0 ], [ -97.525382842446504, 18.318267004284873, 1604.0 ], [ -97.525388067993617, 18.318250856903205, 1604.0 ], [ -97.525390711667598, 18.318224617407999, 1604.0 ], [ -97.525388801788409, 18.318183239742488, 1604.0 ], [ -97.525394231869953, 18.318175279234246, 1604.0 ], [ -97.52539634519897, 18.318176117743199, 1604.0 ], [ -97.525396725734112, 18.318178193685725, 1604.0 ], [ -97.525395288534469, 18.318183579101909, 1604.0 ], [ -97.525403741850582, 18.318182101352086, 1604.0 ], [ -97.525412195166695, 18.318173044226153, 1604.0 ], [ -97.525438611779578, 18.318159892652044, 1604.0 ], [ -97.525466085056962, 18.318158279616767, 1604.0 ], [ -97.525481935024686, 18.318153187946749, 1604.0 ], [ -97.525486912717085, 18.318147917345108, 1604.0 ], [ -97.525486337793495, 18.318126723906676, 1604.0 ], [ -97.525478863721219, 18.318114613370426, 1604.0 ], [ -97.525468198385994, 18.318104521257762, 1604.0 ], [ -97.525444951766659, 18.318092369078418, 1604.0 ], [ -97.525422761811853, 18.318077181735958, 1604.0 ], [ -97.525395288534469, 18.318065053453498, 1604.0 ], [ -97.525386901955045, 18.318059106745963, 1604.0 ], [ -97.525384492411661, 18.318052042266483, 1604.0 ], [ -97.525387815034534, 18.318044977787007, 1604.0 ], [ -97.525392173602839, 18.318040940941597, 1604.0 ], [ -97.525391191927426, 18.318029839616699, 1604.0 ], [ -97.52538596706674, 18.31802176592587, 1604.0 ], [ -97.525378381902229, 18.318019174370786, 1604.0 ], [ -97.525376691239003, 18.318014701446391, 1604.0 ], [ -97.525373281094431, 18.318012683023682, 1604.0 ], [ -97.525372530405946, 18.318010664600976, 1604.0 ], [ -97.525376607351134, 18.318008646178264, 1604.0 ], [ -97.525370832312333, 18.318001581698788, 1604.0 ], [ -97.525366758592554, 18.317991708247703, 1604.0 ], [ -97.525356191947409, 18.317987319544422, 1604.0 ], [ -97.525334001992604, 18.317985456996023, 1604.0 ], [ -97.525307585379721, 18.317968389858702, 1604.0 ], [ -97.52528962208298, 18.317959372918036, 1604.0 ], [ -97.525284371781169, 18.317953139553794, 1604.0 ], [ -97.525276080697509, 18.317938001383489, 1604.0 ], [ -97.525255305846187, 18.317915798733708, 1604.0 ], [ -97.525251582160436, 18.317916425507068, 1604.0 ], [ -97.525249600914478, 18.317923872424529, 1604.0 ], [ -97.525245242173341, 18.317927806289202, 1604.0 ], [ -97.525236788857228, 18.317927799573066, 1604.0 ], [ -97.525229392205617, 18.317924657366696, 1604.0 ], [ -97.525218825560472, 18.317929121517903, 1604.0 ], [ -97.525191352283088, 18.317927610543389, 1604.0 ], [ -97.525179959518411, 18.317930936904009, 1604.0 ], [ -97.525175502315363, 18.317938146828656, 1604.0 ], [ -97.525169162328268, 18.317938023086956, 1604.0 ], [ -97.525164935670219, 18.317940997356008, 1604.0 ], [ -97.525160709012155, 18.317939351051681, 1604.0 ], [ -97.525157539018608, 18.31794742968421, 1604.0 ], [ -97.525149085702495, 18.317958193882784, 1604.0 ], [ -97.525140632386368, 18.317964340270724, 1604.0 ], [ -97.525126895747675, 18.317967367239948, 1604.0 ], [ -97.525123843161296, 18.317970296146807, 1604.0 ], [ -97.525123659017424, 18.317976351414938, 1604.0 ], [ -97.525119869473329, 18.317978369837647, 1604.0 ], [ -97.525119570207039, 18.317983415894414, 1604.0 ], [ -97.525114215773499, 18.317986981223051, 1604.0 ], [ -97.525110152464549, 18.317984425105774, 1604.0 ], [ -97.525101535799323, 18.317969684002229, 1604.0 ], [ -97.525099422470291, 18.3179681692421, 1604.0 ], [ -97.525094139147711, 18.317968366445989, 1604.0 ], [ -97.525091959361802, 18.317970296146807, 1604.0 ], [ -97.525090561187938, 18.317979379049, 1604.0 ], [ -97.525092162255845, 18.317985434317119, 1604.0 ], [ -97.525090969154178, 18.317989781197387, 1604.0 ], [ -97.525084629167083, 18.317992420112326, 1604.0 ], [ -97.525080402509019, 18.317996325805993, 1604.0 ], [ -97.525062439212277, 18.318000661101109, 1604.0 ], [ -97.52505398589615, 18.318000718046761, 1604.0 ], [ -97.525048566487996, 18.317994517219311, 1604.0 ], [ -97.52504865014366, 18.317987452739832, 1604.0 ], [ -97.52504236258649, 18.317985497112499, 1604.0 ], [ -97.525039546288184, 18.317988461951192, 1604.0 ], [ -97.525039531523063, 18.317992498796603, 1604.0 ], [ -97.525034965934879, 18.3179929720426, 1604.0 ], [ -97.525031795941345, 18.317995700701697, 1604.0 ], [ -97.525018059302639, 18.317995992220521, 1604.0 ], [ -97.525015541684581, 18.318002590910137, 1604.0 ], [ -97.525011719315557, 18.318005188502248, 1604.0 ], [ -97.525006735644112, 18.318000572487435, 1604.0 ], [ -97.525010078113226, 18.317992498796599, 1604.0 ], [ -97.525007492657494, 18.317987957345505, 1604.0 ], [ -97.52500326599943, 18.317986176384291, 1604.0 ], [ -97.524999255219072, 18.317993508007959, 1604.0 ], [ -97.524995869347833, 18.317993192147917, 1604.0 ], [ -97.524993603248035, 18.317989471162544, 1604.0 ], [ -97.524996253589478, 18.317985434317119, 1604.0 ], [ -97.524995081652463, 18.317983415894417, 1604.0 ], [ -97.524988011453786, 18.317982406683065, 1604.0 ], [ -97.524983086726238, 18.317976351414941, 1604.0 ], [ -97.524982132709141, 18.317969005679839, 1604.0 ], [ -97.524967339405933, 18.317961036331091, 1604.0 ], [ -97.524943036122082, 18.317952978337932, 1604.0 ], [ -97.524922959496308, 18.31794982863234, 1604.0 ], [ -97.524907109528584, 18.317949288185066, 1604.0 ], [ -97.524894429554408, 18.317951995780927, 1604.0 ], [ -97.524882806244733, 18.317951134955901, 1604.0 ], [ -97.524876466257652, 18.317947634249158, 1604.0 ], [ -97.524872239599588, 18.317947132115595, 1604.0 ], [ -97.524865899612493, 18.317942275690395, 1604.0 ], [ -97.52486272961896, 18.317943269651938, 1604.0 ], [ -97.524856389631864, 18.317942166382725, 1604.0 ], [ -97.524854367525677, 18.317935982960787, 1604.0 ], [ -97.524858451100059, 18.317932955326725, 1604.0 ], [ -97.524858782666215, 18.317929927692663, 1604.0 ], [ -97.524856240204556, 18.317917817156406, 1604.0 ], [ -97.524853246951139, 18.317913780310999, 1604.0 ], [ -97.524848992980267, 18.317912740733988, 1604.0 ], [ -97.524847914070179, 18.317917817156403, 1604.0 ], [ -97.52484582298672, 18.31791944925369, 1604.0 ], [ -97.524838426335108, 18.317916397270306, 1604.0 ], [ -97.524834046195053, 18.317917817156403, 1604.0 ], [ -97.524831018676579, 18.317920844790471, 1604.0 ], [ -97.524827582182112, 18.317928918481304, 1604.0 ], [ -97.524827746475907, 18.317939010594838, 1604.0 ], [ -97.524829887011421, 18.317943047440256, 1604.0 ], [ -97.524847239877772, 18.317958185610564, 1604.0 ], [ -97.524842396503672, 18.317963231667331, 1604.0 ], [ -97.524841596328656, 18.317971188008013, 1604.0 ], [ -97.524837257259477, 18.317972314569523, 1604.0 ], [ -97.524832317215896, 18.317978369837643, 1604.0 ], [ -97.5248236330319, 18.317980278563471, 1604.0 ], [ -97.524821653457877, 18.317983415894414, 1604.0 ], [ -97.524822423110706, 18.317986443528479, 1604.0 ], [ -97.52482051502399, 18.317988461951192, 1604.0 ], [ -97.524813066386756, 18.317989741194765, 1604.0 ], [ -97.524807783064176, 18.317995698455324, 1604.0 ], [ -97.524803556406127, 18.317997735785255, 1604.0 ], [ -97.524799329748063, 18.317998073487896, 1604.0 ], [ -97.524790876431936, 18.31799060652531, 1604.0 ], [ -97.524786649773887, 18.317988873330592, 1604.0 ], [ -97.524779253122276, 18.317989884021731, 1604.0 ], [ -97.524769743141647, 18.317982943863772, 1604.0 ], [ -97.524764172772407, 18.317984425105774, 1604.0 ], [ -97.524756006502955, 18.317992354623549, 1604.0 ], [ -97.524752836509407, 18.317990402140456, 1604.0 ], [ -97.524731703219103, 18.317986140181713, 1604.0 ], [ -97.524714796586863, 18.317987782105877, 1604.0 ], [ -97.524709513264298, 18.317984768985195, 1604.0 ], [ -97.524700003283655, 18.317986326178318, 1604.0 ], [ -97.524697889954638, 18.317988335799768, 1604.0 ], [ -97.524696862641903, 18.317985434317116, 1604.0 ], [ -97.524703284872132, 18.317981397471712, 1604.0 ], [ -97.524698946619139, 18.317964286067255, 1604.0 ], [ -97.524691549967542, 18.317969826952059, 1604.0 ], [ -97.524688379973995, 18.317970058202675, 1604.0 ], [ -97.524684942777938, 18.317969286935462, 1604.0 ], [ -97.524676756664334, 18.317961074838504, 1604.0 ], [ -97.524671473341755, 18.317958960801903, 1604.0 ], [ -97.524664076690158, 18.317959046096032, 1604.0 ], [ -97.524660038722189, 18.317961213244629, 1604.0 ], [ -97.524663572445988, 18.317965250090047, 1604.0 ], [ -97.52466090669661, 18.317967660147009, 1604.0 ], [ -97.524657795265199, 18.3179662593014, 1604.0 ], [ -97.524656680038547, 18.317962170965608, 1604.0 ], [ -97.524651396715981, 18.317961952432871, 1604.0 ], [ -97.524642943399854, 18.31796530615734, 1604.0 ], [ -97.524643653915646, 18.317970296146811, 1604.0 ], [ -97.524635505037807, 18.317979379049003, 1604.0 ], [ -97.524631188007135, 18.317990480373894, 1604.0 ], [ -97.52463119577672, 18.318004609332849, 1604.0 ], [ -97.524634515242411, 18.31800965538962, 1604.0 ], [ -97.524634372676573, 18.318016719869096, 1604.0 ], [ -97.524628287746438, 18.318023784348576, 1604.0 ], [ -97.524624980103098, 18.318024944639472, 1604.0 ], [ -97.524622545371955, 18.318021765925867, 1604.0 ], [ -97.524628706235873, 18.318013692235027, 1604.0 ], [ -97.524628149979804, 18.318006627755558, 1604.0 ], [ -97.524617583451501, 18.318010885511292, 1604.0 ], [ -97.524612300128922, 18.31801050480918, 1604.0 ], [ -97.524607016806357, 18.318008082592698, 1604.0 ], [ -97.524604903477325, 18.318004193775234, 1604.0 ], [ -97.524601733483777, 18.318004554780888, 1604.0 ], [ -97.524599620154746, 18.31800114917964, 1604.0 ], [ -97.524597506825714, 18.318003190981756, 1604.0 ], [ -97.524587996845085, 18.318005758374689, 1604.0 ], [ -97.524580600193474, 18.31800355106261, 1604.0 ], [ -97.524576373535425, 18.318008961556814, 1604.0 ], [ -97.524573203541877, 18.318009009494357, 1604.0 ], [ -97.52457332785535, 18.318006627755555, 1604.0 ], [ -97.524578000242627, 18.318003600121493, 1604.0 ], [ -97.524573203541877, 18.318001664212925, 1604.0 ], [ -97.524572435842757, 18.317999563276079, 1604.0 ], [ -97.524577495134622, 18.317993508007959, 1604.0 ], [ -97.524568941464892, 18.317987452739828, 1604.0 ], [ -97.524571224697425, 18.317984425105777, 1604.0 ], [ -97.524571407212193, 18.317973323780873, 1604.0 ], [ -97.524573438356214, 18.317970296146811, 1604.0 ], [ -97.524568976883813, 18.317966468760364, 1604.0 ], [ -97.52456475022575, 18.317967022679223, 1604.0 ], [ -97.524558891527633, 18.317970296146811, 1604.0 ], [ -97.524559814092953, 18.317974332992232, 1604.0 ], [ -97.524563290360305, 18.317978369837647, 1604.0 ], [ -97.524558429450749, 18.317993508007955, 1604.0 ], [ -97.524550020322422, 18.318002590910144, 1604.0 ], [ -97.52454361693546, 18.318004385063656, 1604.0 ], [ -97.524537276948365, 18.318011790259792, 1604.0 ], [ -97.524533050290302, 18.318013870331153, 1604.0 ], [ -97.524517200322578, 18.318015155591496, 1604.0 ], [ -97.524496067032288, 18.318013360852198, 1604.0 ], [ -97.524470707083935, 18.318014413100283, 1604.0 ], [ -97.524449573793632, 18.318017485095293, 1604.0 ], [ -97.52441364720012, 18.318026062282772, 1604.0 ], [ -97.524393570574347, 18.318027348126165, 1604.0 ], [ -97.524389343916283, 18.318032502813328, 1604.0 ], [ -97.524384060593704, 18.318028983316154, 1604.0 ], [ -97.524383587460349, 18.318035894884815, 1604.0 ], [ -97.524390382671228, 18.318041950152942, 1604.0 ], [ -97.524389330369303, 18.318046996209716, 1604.0 ], [ -97.524386173922736, 18.318050080611911, 1604.0 ], [ -97.524375677721892, 18.318050023843778, 1604.0 ], [ -97.52436398396793, 18.318059088724336, 1604.0 ], [ -97.524357643980835, 18.318061437629126, 1604.0 ], [ -97.524350352995683, 18.318059106745963, 1604.0 ], [ -97.524346048848898, 18.318052042266483, 1604.0 ], [ -97.524345165841453, 18.318046996209716, 1604.0 ], [ -97.52434707733569, 18.318041277345376, 1604.0 ], [ -97.524358700645351, 18.318037950685731, 1604.0 ], [ -97.524360258076968, 18.318032867250761, 1604.0 ], [ -97.524357643980835, 18.318026947237769, 1604.0 ], [ -97.524346020671175, 18.318025056832457, 1604.0 ], [ -97.524333340696998, 18.318029028938728, 1604.0 ], [ -97.524304810755083, 18.318031708234592, 1604.0 ], [ -97.524294244109939, 18.318036753788103, 1604.0 ], [ -97.524286823167202, 18.318042959364295, 1604.0 ], [ -97.524278307687851, 18.318054060689192, 1604.0 ], [ -97.524258344267437, 18.318089383086573, 1604.0 ], [ -97.524252916786693, 18.318095438354703, 1604.0 ], [ -97.524238240890654, 18.318103597935863, 1604.0 ], [ -97.524225520275536, 18.31811360415907, 1604.0 ], [ -97.5242239070068, 18.318116631793131, 1604.0 ], [ -97.524225378732936, 18.318122687061265, 1604.0 ], [ -97.524223447587445, 18.318124516256844, 1604.0 ], [ -97.524219220929382, 18.318125378291533, 1604.0 ], [ -97.524216050935834, 18.318124032676398, 1604.0 ], [ -97.524213617405437, 18.318118650215844, 1604.0 ], [ -97.524209710948753, 18.318117097032417, 1604.0 ], [ -97.524202314297142, 18.318118805479131, 1604.0 ], [ -97.52420020096811, 18.318121543288392, 1604.0 ], [ -97.524193129444058, 18.318122687061262, 1604.0 ], [ -97.524190690987481, 18.318126459589418, 1604.0 ], [ -97.524187448948624, 18.318121677849906, 1604.0 ], [ -97.52418329433587, 18.31812044107129, 1604.0 ], [ -97.524179496947781, 18.31812571469532, 1604.0 ], [ -97.524171003659148, 18.318128742329385, 1604.0 ], [ -97.524165331039129, 18.318135662635807, 1604.0 ], [ -97.52415053773592, 18.318140082392443, 1604.0 ], [ -97.524119894464988, 18.318141108068506, 1604.0 ], [ -97.524089251194056, 18.318136496026366, 1604.0 ], [ -97.524078684548897, 18.318136534974013, 1604.0 ], [ -97.524053324600544, 18.318143022670039, 1604.0 ], [ -97.524043814619915, 18.318143717723668, 1604.0 ], [ -97.524035149970885, 18.318147917345105, 1604.0 ], [ -97.524033341209872, 18.318158009458649, 1604.0 ], [ -97.524029021316707, 18.318168243714624, 1604.0 ], [ -97.52402056800058, 18.318167209032666, 1604.0 ], [ -97.52400894469092, 18.318161325438815, 1604.0 ], [ -97.524007888026404, 18.318152654459627, 1604.0 ], [ -97.524010001355435, 18.318152088752036, 1604.0 ], [ -97.524014228013499, 18.318155744886827, 1604.0 ], [ -97.524018454671548, 18.318156417694397, 1604.0 ], [ -97.524021698631614, 18.318153972613231, 1604.0 ], [ -97.524023737970751, 18.318143880499694, 1604.0 ], [ -97.524020673667039, 18.318139843654272, 1604.0 ], [ -97.524016341342517, 18.318137724310432, 1604.0 ], [ -97.524006831361888, 18.318136653825533, 1604.0 ], [ -97.523999434710291, 18.318143054781313, 1604.0 ], [ -97.523990981394164, 18.31814264858528, 1604.0 ], [ -97.523988868065132, 18.318143861457962, 1604.0 ], [ -97.523987811400616, 18.318148107111341, 1604.0 ], [ -97.523983798591331, 18.31815094497917, 1604.0 ], [ -97.523980816281536, 18.318161037092707, 1604.0 ], [ -97.523971961432892, 18.31816626541508, 1604.0 ], [ -97.523959281458716, 18.318169399129648, 1604.0 ], [ -97.52394435876802, 18.318168101572184, 1604.0 ], [ -97.52393910419822, 18.318171129206252, 1604.0 ], [ -97.523932864845847, 18.31818122133042, 1604.0 ], [ -97.523927581523267, 18.31818450939549, 1604.0 ], [ -97.523913844884575, 18.31818445491534, 1604.0 ], [ -97.523900108245883, 18.318180969016954, 1604.0 ], [ -97.523889541600738, 18.318181049539131, 1604.0 ], [ -97.523877105472209, 18.318189295010615, 1604.0 ], [ -97.52386946497495, 18.318196825815349, 1604.0 ], [ -97.523866772512491, 18.318194341067393, 1604.0 ], [ -97.523866294981403, 18.318190141445953, 1604.0 ], [ -97.523862068323339, 18.318187048701478, 1604.0 ], [ -97.52384093503305, 18.318185488842087, 1604.0 ], [ -97.523830203284078, 18.318181221319794, 1604.0 ], [ -97.523825026361749, 18.318175166051667, 1604.0 ], [ -97.523825021025047, 18.318172138417605, 1604.0 ], [ -97.523831582865952, 18.318166083149475, 1604.0 ], [ -97.523831398961931, 18.318160027881351, 1604.0 ], [ -97.523828255058874, 18.318156832045403, 1604.0 ], [ -97.523819801742746, 18.318153646560333, 1604.0 ], [ -97.52381650743574, 18.318155991035937, 1604.0 ], [ -97.523813461755665, 18.318161781986809, 1604.0 ], [ -97.523809235097602, 18.318162919135499, 1604.0 ], [ -97.523803676123421, 18.318161037092707, 1604.0 ], [ -97.523794441794394, 18.318148895974296, 1604.0 ], [ -97.523788101807313, 18.31814680515301, 1604.0 ], [ -97.523777535162154, 18.318146123191593, 1604.0 ], [ -97.52376168519443, 18.318148912342217, 1604.0 ], [ -97.523736325246077, 18.318159981302369, 1604.0 ], [ -97.523707795304176, 18.318179058724027, 1604.0 ], [ -97.523706859785904, 18.318186267376554, 1604.0 ], [ -97.523704625310629, 18.318187689883988, 1604.0 ], [ -97.523699910961255, 18.318186267376554, 1604.0 ], [ -97.523703904208489, 18.318180212108437, 1604.0 ], [ -97.523700398652565, 18.318177689080041, 1604.0 ], [ -97.523697228659032, 18.318178193690919, 1604.0 ], [ -97.523694503576849, 18.318186267376557, 1604.0 ], [ -97.523677152033244, 18.318190073545093, 1604.0 ], [ -97.523671868710665, 18.318189372642266, 1604.0 ], [ -97.523669050938622, 18.318187276587913, 1604.0 ], [ -97.523666387263489, 18.318183239742496, 1604.0 ], [ -97.523665057288639, 18.318175166051663, 1604.0 ], [ -97.523662358730036, 18.318173458155524, 1604.0 ], [ -97.523659188736488, 18.318175081480877, 1604.0 ], [ -97.523657075407456, 18.318179079320185, 1604.0 ], [ -97.523649678755859, 18.318178299918504, 1604.0 ], [ -97.523647114885819, 18.318183239742496, 1604.0 ], [ -97.523648720768179, 18.318190304221972, 1604.0 ], [ -97.523641313495105, 18.318202414758222, 1604.0 ], [ -97.523631715459103, 18.318209665145051, 1604.0 ], [ -97.523621148813959, 18.31821365004922, 1604.0 ], [ -97.523602128852687, 18.318213655973793, 1604.0 ], [ -97.523596845530108, 18.318211670668067, 1604.0 ], [ -97.5235882035239, 18.318202414758218, 1604.0 ], [ -97.5235908467576, 18.318198377912804, 1604.0 ], [ -97.523586731741176, 18.318195350278739, 1604.0 ], [ -97.523586983327974, 18.318192322644681, 1604.0 ], [ -97.523583108891415, 18.318190833878997, 1604.0 ], [ -97.523578882233352, 18.318192148927977, 1604.0 ], [ -97.523575712239818, 18.318195320400772, 1604.0 ], [ -97.523577526512852, 18.318203423969571, 1604.0 ], [ -97.523574852164046, 18.318206451603636, 1604.0 ], [ -97.523570428917239, 18.318207666776491, 1604.0 ], [ -97.523537672317275, 18.318207740596357, 1604.0 ], [ -97.52349329240765, 18.318198085387777, 1604.0 ], [ -97.523482725762506, 18.318199303023217, 1604.0 ], [ -97.523473215781863, 18.318204280270116, 1604.0 ], [ -97.523464782033614, 18.318213516083109, 1604.0 ], [ -97.523460368083164, 18.318222598985304, 1604.0 ], [ -97.523454107765218, 18.318245810846445, 1604.0 ], [ -97.523448912498026, 18.318250869518351, 1604.0 ], [ -97.523437289188365, 18.318258070895482, 1604.0 ], [ -97.523428835872238, 18.318256078475002, 1604.0 ], [ -97.523426767828838, 18.318251866114561, 1604.0 ], [ -97.523427573745181, 18.318245810846445, 1604.0 ], [ -97.523422495885143, 18.318244586185465, 1604.0 ], [ -97.52341404256903, 18.318247760145084, 1604.0 ], [ -97.523402419259369, 18.318259087195809, 1604.0 ], [ -97.523387625956161, 18.318264099392731, 1604.0 ], [ -97.523367549330374, 18.318267998433374, 1604.0 ], [ -97.523350642698134, 18.318278273811661, 1604.0 ], [ -97.523346416040084, 18.318278056379945, 1604.0 ], [ -97.523341317315527, 18.318271041130295, 1604.0 ], [ -97.523337962723957, 18.318270408079531, 1604.0 ], [ -97.52333389767341, 18.318272050341644, 1604.0 ], [ -97.52333056607236, 18.318277001784846, 1604.0 ], [ -97.523319999427201, 18.318282949824265, 1604.0 ], [ -97.523311546111088, 18.318283551768083, 1604.0 ], [ -97.523306262788509, 18.318287183086085, 1604.0 ], [ -97.52330203613046, 18.318287937281671, 1604.0 ], [ -97.523293582814333, 18.318285350506915, 1604.0 ], [ -97.52329188386355, 18.318286179300603, 1604.0 ], [ -97.523289031028725, 18.318296271414138, 1604.0 ], [ -97.523284072833704, 18.318298554548019, 1604.0 ], [ -97.523281959504672, 18.318298295219304, 1604.0 ], [ -97.523281415826659, 18.318296271414138, 1604.0 ], [ -97.523279987064242, 18.318283151666531, 1604.0 ], [ -97.523269279530496, 18.318282021349813, 1604.0 ], [ -97.523266109536948, 18.318273059560191, 1604.0 ], [ -97.5232629395434, 18.318273046696806, 1604.0 ], [ -97.523261882878884, 18.318278013021565, 1604.0 ], [ -97.523256599556319, 18.318276753266549, 1604.0 ], [ -97.523253638286619, 18.318278105609767, 1604.0 ], [ -97.523253271851644, 18.318286179300603, 1604.0 ], [ -97.523255804604375, 18.318289206934661, 1604.0 ], [ -97.523254813962808, 18.318291225357363, 1604.0 ], [ -97.523250259569224, 18.318291811862391, 1604.0 ], [ -97.523249588900882, 18.318296271414138, 1604.0 ], [ -97.523244976246644, 18.318300975216623, 1604.0 ], [ -97.523237579595047, 18.31830010938555, 1604.0 ], [ -97.52322912627892, 18.31830429704728, 1604.0 ], [ -97.523219778862057, 18.318320492486635, 1604.0 ], [ -97.523211162989469, 18.318331593811529, 1604.0 ], [ -97.523208756135219, 18.318340676713706, 1604.0 ], [ -97.523214401147627, 18.318345722770477, 1604.0 ], [ -97.523216941385328, 18.31835278724996, 1604.0 ], [ -97.523213394288305, 18.318357833306724, 1604.0 ], [ -97.523207308113484, 18.318357833306727, 1604.0 ], [ -97.523204822995083, 18.318346290451863, 1604.0 ], [ -97.523200702003479, 18.318342695136423, 1604.0 ], [ -97.523193199685423, 18.318342470867226, 1604.0 ], [ -97.523179463046731, 18.318346759631464, 1604.0 ], [ -97.523171009730603, 18.318353611439235, 1604.0 ], [ -97.52317052942854, 18.318356824095368, 1604.0 ], [ -97.523172066395119, 18.318358960477852, 1604.0 ], [ -97.523179463046731, 18.318360990564262, 1604.0 ], [ -97.523182633040264, 18.318363692611481, 1604.0 ], [ -97.523181576375762, 18.318367689937617, 1604.0 ], [ -97.523177349717699, 18.318370709128072, 1604.0 ], [ -97.523171009730603, 18.318369445280482, 1604.0 ], [ -97.523164669743522, 18.318373387332979, 1604.0 ], [ -97.523157273091911, 18.318373012391007, 1604.0 ], [ -97.523152459398005, 18.318378017533806, 1604.0 ], [ -97.52315093310483, 18.318383430576525, 1604.0 ], [ -97.523136139801622, 18.318392402159638, 1604.0 ], [ -97.523130791118348, 18.318391137281406, 1604.0 ], [ -97.523120289823268, 18.31837700832245, 1604.0 ], [ -97.52311711984035, 18.318374902142239, 1604.0 ] ] } },
{ "type": "Feature", "properties": { "FID": 12, "elev": 1605.0, "elevation": 1605.0, "ELEVATION": 1605.0, "is_master": true, "tipo": "Maestra (5m)" }, "geometry": { "type": "LineString", "coordinates": [ [ -97.523171009730603, 18.318567749260374, 1605.0 ], [ -97.523171410800344, 18.318561694000227, 1605.0 ], [ -97.523170462529336, 18.318557657154809, 1605.0 ], [ -97.523180580672658, 18.318533436082312, 1605.0 ], [ -97.523180519708319, 18.318523343968767, 1605.0 ], [ -97.523176293053183, 18.318519237999293, 1605.0 ], [ -97.523167135294045, 18.318516279489295, 1605.0 ], [ -97.523167965816356, 18.318511233432528, 1605.0 ], [ -97.523161499749961, 18.318505507840118, 1605.0 ], [ -97.52315838915473, 18.318507196587113, 1605.0 ], [ -97.523157885477033, 18.318509215009822, 1605.0 ], [ -97.523159386420943, 18.318512338917323, 1605.0 ], [ -97.523164918370455, 18.318516279489295, 1605.0 ], [ -97.523158329756427, 18.31852238101294, 1605.0 ] ] } },
{ "type": "Feature", "properties": { "FID": 13, "elev": 1605.0, "elevation": 1605.0, "ELEVATION": 1605.0, "is_master": true, "tipo": "Maestra (5m)" }, "geometry": { "type": "LineString", "coordinates": [ [ -97.523307638909742, 18.318542518984501, 1605.0 ], [ -97.523314969704117, 18.318534445293668, 1605.0 ], [ -97.523313789892526, 18.318529399236894, 1605.0 ], [ -97.523304149459477, 18.318521150031049, 1605.0 ], [ -97.523295696143364, 18.31852017114992, 1605.0 ], [ -97.523292577694434, 18.318523343968767, 1605.0 ], [ -97.523293935035838, 18.318535454505025, 1605.0 ], [ -97.523289213363768, 18.318541509773148, 1605.0 ], [ -97.523291469485301, 18.318543489106681, 1605.0 ], [ -97.523295696143364, 18.318540976167139, 1605.0 ], [ -97.523303092794961, 18.31854332261576, 1605.0 ], [ -97.523307638909742, 18.318542518984501, 1605.0 ] ] } },
{ "type": "Feature", "properties": { "FID": 14, "elev": 1605.0, "elevation": 1605.0, "ELEVATION": 1605.0, "is_master": true, "tipo": "Maestra (5m)" }, "geometry": { "type": "LineString", "coordinates": [ [ -97.523344772339726, 18.318536463716381, 1605.0 ], [ -97.523344302711052, 18.318533007932039, 1605.0 ], [ -97.523342710669851, 18.318535454505025, 1605.0 ], [ -97.523344772339726, 18.318536463716381, 1605.0 ] ] } },
{ "type": "Feature", "properties": { "FID": 15, "elev": 1605.0, "elevation": 1605.0, "ELEVATION": 1605.0, "is_master": true, "tipo": "Maestra (5m)" }, "geometry": { "type": "LineString", "coordinates": [ [ -97.523365436001342, 18.318533436084738, 1605.0 ], [ -97.523359960557954, 18.318531417659607, 1605.0 ], [ -97.523362266007808, 18.318523418725171, 1605.0 ], [ -97.523364379336826, 18.318523168453751, 1605.0 ], [ -97.523366448638171, 18.318525362391483, 1605.0 ], [ -97.523366901697287, 18.318530408448247, 1605.0 ], [ -97.523365436001342, 18.318533436084738, 1605.0 ] ] } },
{ "type": "Feature", "properties": { "FID": 16, "elev": 1605.0, "elevation": 1605.0, "ELEVATION": 1605.0, "is_master": true, "tipo": "Maestra (5m)" }, "geometry": { "type": "LineString", "coordinates": [ [ -97.523377635673469, 18.318472883401075, 1605.0 ], [ -97.523376835546756, 18.318472883401075, 1605.0 ], [ -97.523377059311017, 18.318473094631358, 1605.0 ], [ -97.523377635673469, 18.318472883401075, 1605.0 ] ] } },
{ "type": "Feature", "properties": { "FID": 17, "elev": 1605.0, "elevation": 1605.0, "ELEVATION": 1605.0, "is_master": true, "tipo": "Maestra (5m)" }, "geometry": { "type": "LineString", "coordinates": [ [ -97.52335208617734, 18.318396183338177, 1605.0 ], [ -97.523357726727099, 18.318392146492762, 1605.0 ], [ -97.523359800457271, 18.318385082013283, 1605.0 ], [ -97.523359096014261, 18.318380860647881, 1605.0 ], [ -97.523352756027165, 18.318376158287517, 1605.0 ], [ -97.523349586033618, 18.318371388850142, 1605.0 ], [ -97.523339019388473, 18.318367434486174, 1605.0 ], [ -97.523321704403813, 18.318371962265683, 1605.0 ], [ -97.523319398534298, 18.318378017533799, 1605.0 ], [ -97.523324226085265, 18.318386715100747, 1605.0 ], [ -97.523327396078813, 18.318388801407234, 1605.0 ], [ -97.523339019388473, 18.318384962583689, 1605.0 ], [ -97.523346416040084, 18.318396077503284, 1605.0 ], [ -97.52335208617734, 18.318396183338177, 1605.0 ] ] } },
{ "type": "Feature", "properties": { "FID": 18, "elev": 1604.0, "elevation": 1604.0, "ELEVATION": 1604.0, "is_master": false, "tipo": "Ordinaria (1m)" }, "geometry": { "type": "LineString", "coordinates": [ [ -97.523148819775798, 18.318392213401804, 1604.0 ], [ -97.523146807519026, 18.318389118858704, 1604.0 ], [ -97.523149876440314, 18.318386378157278, 1604.0 ], [ -97.523151816210913, 18.318391137281409, 1604.0 ], [ -97.523148819775798, 18.318392213401804, 1604.0 ] ] } },
{ "type": "Feature", "properties": { "FID": 19, "elev": 1604.0, "elevation": 1604.0, "ELEVATION": 1604.0, "is_master": false, "tipo": "Ordinaria (1m)" }, "geometry": { "type": "LineString", "coordinates": [ [ -97.523113574901316, 18.318362879363502, 1604.0 ], [ -97.523123195661313, 18.318357833306727, 1604.0 ], [ -97.52311711984035, 18.318351892721708, 1604.0 ], [ -97.523109723188739, 18.318350691983746, 1604.0 ] ] } },
{ "type": "Feature", "properties": { "FID": 20, "elev": 1604.0, "elevation": 1604.0, "ELEVATION": 1604.0, "is_master": false, "tipo": "Ordinaria (1m)" }, "geometry": { "type": "LineString", "coordinates": [ [ -97.523197426343472, 18.318357525686157, 1604.0 ], [ -97.523194289971073, 18.318354805672662, 1604.0 ], [ -97.523197426343472, 18.318352145679874, 1604.0 ], [ -97.523199508955514, 18.318354805672662, 1604.0 ], [ -97.523197426343472, 18.318357525686157, 1604.0 ] ] } },
{ "type": "Feature", "properties": { "FID": 21, "elev": 1604.0, "elevation": 1604.0, "ELEVATION": 1604.0, "is_master": false, "tipo": "Ordinaria (1m)" }, "geometry": { "type": "LineString", "coordinates": [ [ -97.523139975102453, 18.318356824095368, 1604.0 ], [ -97.523142411616803, 18.318355814884011, 1604.0 ], [ -97.523141423124187, 18.318351909674863, 1604.0 ], [ -97.52313518880355, 18.318355814884015, 1604.0 ], [ -97.523139975102453, 18.318356824095368, 1604.0 ] ] } },
{ "type": "Feature", "properties": { "FID": 22, "elev": 1604.0, "elevation": 1604.0, "ELEVATION": 1604.0, "is_master": false, "tipo": "Ordinaria (1m)" }, "geometry": { "type": "LineString", "coordinates": [ [ -97.523306262788509, 18.318344733774456, 1604.0 ], [ -97.52330553961032, 18.318342695136419, 1604.0 ], [ -97.523308155080585, 18.318335630656939, 1604.0 ], [ -97.523310489446573, 18.318334337477214, 1604.0 ], [ -97.523313081435603, 18.318336639868296, 1604.0 ], [ -97.523313002386914, 18.318338658290998, 1604.0 ], [ -97.523308376117541, 18.318344619678999, 1604.0 ], [ -97.523306262788509, 18.318344733774456, 1604.0 ] ] } },
{ "type": "Feature", "properties": { "FID": 23, "elev": 1604.0, "elevation": 1604.0, "ELEVATION": 1604.0, "is_master": false, "tipo": "Ordinaria (1m)" }, "geometry": { "type": "LineString", "coordinates": [ [ -97.523120755357425, 18.318335630656943, 1604.0 ], [ -97.523122378397346, 18.31833462144559, 1604.0 ], [ -97.523121351578524, 18.318329575388816, 1604.0 ], [ -97.52311702755523, 18.318330584600172, 1604.0 ], [ -97.523115413624481, 18.318332603022871, 1604.0 ], [ -97.523116051499983, 18.318335630656936, 1604.0 ], [ -97.523120755357425, 18.318335630656943, 1604.0 ] ] } },
{ "type": "Feature", "properties": { "FID": 24, "elev": 1604.0, "elevation": 1604.0, "ELEVATION": 1604.0, "is_master": false, "tipo": "Ordinaria (1m)" }, "geometry": { "type": "LineString", "coordinates": [ [ -97.52330203613046, 18.318332735813843, 1604.0 ], [ -97.523298723129685, 18.318324529332049, 1604.0 ], [ -97.52330203613046, 18.318322404800661, 1604.0 ], [ -97.523305525679802, 18.318330584600176, 1604.0 ], [ -97.52330203613046, 18.318332735813843, 1604.0 ] ] } },
{ "type": "Feature", "properties": { "FID": 25, "elev": 1604.0, "elevation": 1604.0, "ELEVATION": 1604.0, "is_master": false, "tipo": "Ordinaria (1m)" }, "geometry": { "type": "LineString", "coordinates": [ [ -97.523128911603777, 18.318325538543405, 1604.0 ], [ -97.523129799814527, 18.318322083478645, 1604.0 ], [ -97.523126796662751, 18.318320492486635, 1604.0 ], [ -97.523125594080511, 18.318323520120686, 1604.0 ], [ -97.523126585793293, 18.318325538543402, 1604.0 ], [ -97.523128911603777, 18.318325538543405, 1604.0 ] ] } },
{ "type": "Feature", "properties": { "FID": 26, "elev": 1604.0, "elevation": 1604.0, "ELEVATION": 1604.0, "is_master": false, "tipo": "Ordinaria (1m)" }, "geometry": { "type": "LineString", "coordinates": [ [ -97.523261882878884, 18.318315560172941, 1604.0 ], [ -97.52325958520963, 18.318314437218508, 1604.0 ], [ -97.523261882878884, 18.318311318573404, 1604.0 ], [ -97.523264461974506, 18.318312418795795, 1604.0 ], [ -97.523261882878884, 18.318315560172941, 1604.0 ] ] } },
{ "type": "Feature", "properties": { "FID": 27, "elev": 1604.0, "elevation": 1604.0, "ELEVATION": 1604.0, "is_master": false, "tipo": "Ordinaria (1m)" }, "geometry": { "type": "LineString", "coordinates": [ [ -97.523306262788509, 18.318310800788929, 1604.0 ], [ -97.523303280739256, 18.31830939116173, 1604.0 ], [ -97.523306024186851, 18.318305354316323, 1604.0 ], [ -97.523301620689708, 18.318299299048192, 1604.0 ], [ -97.523301874278118, 18.318296271414138, 1604.0 ], [ -97.523304149459477, 18.318294163340681, 1604.0 ], [ -97.523310489446573, 18.318293340355325, 1604.0 ], [ -97.52331365944012, 18.318290260024767, 1604.0 ], [ -97.523316829433668, 18.318291561761153, 1604.0 ], [ -97.523320114282043, 18.318296271414134, 1604.0 ], [ -97.52331999942993, 18.318301317470908, 1604.0 ], [ -97.523316265879259, 18.31830434510497, 1604.0 ], [ -97.523311414028029, 18.318305354316323, 1604.0 ], [ -97.523306262788509, 18.318310800788929, 1604.0 ] ] } },
{ "type": "Feature", "properties": { "FID": 28, "elev": 1603.0, "elevation": 1603.0, "ELEVATION": 1603.0, "is_master": false, "tipo": "Ordinaria (1m)" }, "geometry": { "type": "LineString", "coordinates": [ [ -97.525554670089605, 18.319144008951447, 1603.0 ], [ -97.525541108237519, 18.319139021970464, 1603.0 ], [ -97.52553582491494, 18.319131053061039, 1603.0 ], [ -97.525512578295618, 18.319130691418703, 1603.0 ], [ -97.525502011650474, 18.319134111321343, 1603.0 ], [ -97.525494614998863, 18.31913898922193, 1603.0 ], [ -97.525489212922707, 18.319146027374153, 1603.0 ], [ -97.525485398157414, 18.31915611948769, 1603.0 ] ] } },
{ "type": "Feature", "properties": { "FID": 29, "elev": 1603.0, "elevation": 1603.0, "ELEVATION": 1603.0, "is_master": false, "tipo": "Ordinaria (1m)" }, "geometry": { "type": "LineString", "coordinates": [ [ -97.525571037877057, 18.319140981317389, 1603.0 ], [ -97.525569638179419, 18.319137934701292, 1603.0 ], [ -97.525567524850388, 18.319137537652043, 1603.0 ], [ -97.525559534567037, 18.319142999740091, 1603.0 ] ] } },
{ "type": "Feature", "properties": { "FID": 30, "elev": 1603.0, "elevation": 1603.0, "ELEVATION": 1603.0, "is_master": false, "tipo": "Ordinaria (1m)" }, "geometry": { "type": "LineString", "coordinates": [ [ -97.52560659707261, 18.319134926049255, 1603.0 ], [ -97.525610258329266, 18.319115751033539, 1603.0 ], [ -97.525627754727736, 18.319106568762844, 1603.0 ], [ -97.525632182737183, 18.319102631285929, 1603.0 ], [ -97.525632522340331, 18.319099603651875, 1603.0 ], [ -97.525631913681892, 18.319096576017813, 1603.0 ], [ -97.525625641398705, 18.319091725353463, 1603.0 ], [ -97.525619301411623, 18.319089361031669, 1603.0 ], [ -97.525609791430981, 18.31908940270181, 1603.0 ], [ -97.52560215720716, 18.319099603651871, 1603.0 ], [ -97.525601604660878, 18.319111714188114, 1603.0 ], [ -97.525596897061106, 18.31911978787895, 1603.0 ], [ -97.525597980864319, 18.319132907626553, 1603.0 ], [ -97.525596296315612, 18.319136944471968, 1603.0 ] ] } },
{ "type": "Feature", "properties": { "FID": 31, "elev": 1602.0, "elevation": 1602.0, "ELEVATION": 1602.0, "is_master": false, "tipo": "Ordinaria (1m)" }, "geometry": { "type": "LineString", "coordinates": [ [ -97.525689236948224, 18.319120797090303, 1602.0 ], [ -97.525689293070513, 18.319108686554056, 1602.0 ], [ -97.525687048129896, 18.319098594440518, 1602.0 ], [ -97.52568270128252, 18.319091630882177, 1602.0 ], [ -97.52567741795994, 18.319088331940645, 1602.0 ], [ -97.525649944682556, 18.319084172630049, 1602.0 ], [ -97.525630924721284, 18.319086016016261, 1602.0 ], [ -97.525626590048631, 18.319084465481563, 1602.0 ], [ -97.525623528069687, 18.319079498369444, 1602.0 ], [ -97.525608734766465, 18.319075928740819, 1602.0 ], [ -97.525604508108415, 18.319071570003153, 1602.0 ], [ -97.525597111456804, 18.319078126926037, 1602.0 ], [ -97.525593941463256, 18.31907747662774, 1602.0 ], [ -97.525588658140691, 18.319071835922333, 1602.0 ], [ -97.525585488147144, 18.319070968430022, 1602.0 ], [ -97.525582318153596, 18.31907125602628, 1602.0 ], [ -97.525575978166515, 18.319077159582903, 1602.0 ], [ -97.525574287503289, 18.319075382579378, 1602.0 ], [ -97.525574744523695, 18.31907134573396, 1602.0 ], [ -97.525579148160048, 18.319057317696139, 1602.0 ], [ -97.52558126148908, 18.319057446514179, 1602.0 ], [ -97.525584431482628, 18.319060683280671, 1602.0 ], [ -97.525590146304864, 18.319061253620418, 1602.0 ], [ -97.525593941463256, 18.319065018417557, 1602.0 ], [ -97.52559914025268, 18.319064281254487, 1602.0 ], [ -97.525599279991951, 18.319060244409073, 1602.0 ], [ -97.525592739051916, 18.319051161506881, 1602.0 ], [ -97.525592370862469, 18.319045106238761, 1602.0 ], [ -97.525592843726969, 18.319041069393339, 1602.0 ], [ -97.525598043012238, 18.319037032547929, 1602.0 ], [ -97.525598675400488, 18.319032995702511, 1602.0 ], [ -97.525596054792288, 18.319030471446371, 1602.0 ], [ -97.525592884798755, 18.319030689708825, 1602.0 ], [ -97.525579585708456, 18.319039050970634, 1602.0 ], [ -97.525574562305806, 18.31904006018199, 1602.0 ], [ -97.525569638179419, 18.319044894133324, 1602.0 ], [ -97.525564207219091, 18.31903501412522, 1602.0 ], [ -97.525573845741135, 18.319018866743555, 1602.0 ], [ -97.525570694843935, 18.319015836262633, 1602.0 ], [ -97.525560128198791, 18.319017021526456, 1602.0 ], [ -97.525551674882664, 18.31901397665581, 1602.0 ], [ -97.525549445556166, 18.319014829898148, 1602.0 ], [ -97.525544843180413, 18.319023912800329, 1602.0 ], [ -97.525543321163795, 18.319031986491158, 1602.0 ], [ -97.525538994908487, 18.319034915665576, 1602.0 ], [ -97.525532654921406, 18.319036405200332, 1602.0 ], [ -97.52553049153984, 18.319039050970627, 1602.0 ], [ -97.525530025267656, 18.319043087816052, 1602.0 ], [ -97.525535888389484, 18.319047124661466, 1602.0 ], [ -97.525538158243521, 18.319051161506881, 1602.0 ], [ -97.52553582491494, 18.319058517105013, 1602.0 ], [ -97.525529484927858, 18.319060815094055, 1602.0 ], [ -97.525525258269795, 18.319059235199266, 1602.0 ], [ -97.525522944233543, 18.319055198352302, 1602.0 ], [ -97.525520755960116, 18.319044097027398, 1602.0 ], [ -97.525513634960134, 18.319041117451025, 1602.0 ], [ -97.525506238308523, 18.319043121456435, 1602.0 ], [ -97.525488275011767, 18.319056313796427, 1602.0 ], [ -97.52547770837441, 18.319068318099891, 1602.0 ], [ -97.5254683424766, 18.319087493115624, 1602.0 ], [ -97.525462466342873, 18.319095566806457, 1602.0 ], [ -97.525466742537105, 18.319099603651868, 1602.0 ], [ -97.525467141721478, 18.319101915663335, 1602.0 ], [ -97.525462915063414, 18.319103825862637, 1602.0 ], [ -97.525459745069867, 18.3191011174689, 1602.0 ], [ -97.525456796238672, 18.319102631285933, 1602.0 ], [ -97.525457426278294, 18.319105658919995, 1602.0 ], [ -97.525461858403375, 18.319108686554056, 1602.0 ], [ -97.525461796695865, 18.319116760244885, 1602.0 ], [ -97.525454461747302, 18.319123935491469, 1602.0 ], [ -97.52545234841827, 18.31912396041665, 1602.0 ], [ -97.525449178424722, 18.319119974636923, 1602.0 ], [ -97.52544706509569, 18.319120137221343, 1602.0 ], [ -97.525445881884522, 18.319122815513012, 1602.0 ], [ -97.525449950944164, 18.319126852358423, 1602.0 ], [ -97.52544708823433, 18.319130889203844, 1602.0 ], [ -97.525441781773111, 18.319130851358413, 1602.0 ], [ -97.525437480351059, 18.319132907626546, 1602.0 ], [ -97.525434552363379, 18.319140981317389, 1602.0 ], [ -97.525426088773671, 18.319151073430927, 1602.0 ], [ -97.525415365160242, 18.319160175993066, 1602.0 ], [ -97.525409025173161, 18.319163366844393, 1602.0 ], [ -97.52539634519897, 18.319161223666583, 1602.0 ], [ -97.525392470762426, 18.319158137910399, 1602.0 ], [ -97.525393319953992, 18.319154101064978, 1602.0 ], [ -97.525398531762178, 18.319149055008214, 1602.0 ], [ -97.525397740641424, 18.319144008951447, 1602.0 ], [ -97.525400691406674, 18.319140981317389, 1602.0 ], [ -97.525403952792857, 18.319132907626553, 1602.0 ], [ -97.52540388235424, 18.319128870781139, 1602.0 ], [ -97.525400571857034, 18.319121575320185, 1602.0 ], [ -97.52539634519897, 18.319118715412188, 1602.0 ], [ -97.525392118540921, 18.319118219450907, 1602.0 ], [ -97.525377325237713, 18.319120088295346, 1602.0 ], [ -97.525357248611925, 18.31911963908497, 1602.0 ], [ -97.525341398644201, 18.319125090664926, 1602.0 ], [ -97.525325548676477, 18.319126077284107, 1602.0 ], [ -97.525286452089432, 18.319116636362864, 1602.0 ], [ -97.525265318799129, 18.319114927311137, 1602.0 ], [ -97.52525052549592, 18.319116587447319, 1602.0 ], [ -97.525241015515292, 18.319122262346959, 1602.0 ], [ -97.525229392205617, 18.319115616472025, 1602.0 ], [ -97.525212485573391, 18.319112421946738, 1602.0 ], [ -97.525179728973427, 18.319109273304843, 1602.0 ], [ -97.525158595683124, 18.319110918463785, 1602.0 ], [ -97.525140632386368, 18.319105373294139, 1602.0 ], [ -97.525109989115435, 18.319103336351404, 1602.0 ], [ -97.525101388357754, 18.319106668131354, 1602.0 ], [ -97.525094243713482, 18.319117769456241, 1602.0 ], [ -97.525084629167083, 18.319119157121857, 1602.0 ], [ -97.525075119186454, 18.319127905768816, 1602.0 ], [ -97.525069835863874, 18.319130047199106, 1602.0 ], [ -97.525064552541295, 18.319129975458431, 1602.0 ], [ -97.525057056047373, 18.319123824724368, 1602.0 ], [ -97.525057638280018, 18.319115751033536, 1602.0 ], [ -97.525041761697963, 18.319092539172399, 1602.0 ], [ -97.525043148419329, 18.319088502326974, 1602.0 ], [ -97.525041305921974, 18.319085506514895, 1602.0 ], [ -97.525030739276829, 18.319082229770814, 1602.0 ], [ -97.525025284919863, 18.319085474692915, 1602.0 ], [ -97.525022285960702, 18.319090465450422, 1602.0 ], [ -97.525019115967154, 18.319092431235344, 1602.0 ], [ -97.525015945973621, 18.319093087769335, 1602.0 ], [ -97.525014035438787, 18.319091529961032, 1602.0 ], [ -97.525015412965857, 18.31908345627021, 1602.0 ], [ -97.525013750092668, 18.319074373368025, 1602.0 ], [ -97.524994970394445, 18.319037032547929, 1602.0 ], [ -97.524986359367205, 18.31902989511341, 1602.0 ], [ -97.524977906051078, 18.319028785229335, 1602.0 ], [ -97.52497473605753, 18.31903090519328, 1602.0 ], [ -97.524971566063982, 18.319030849018823, 1602.0 ], [ -97.52496965518003, 18.319028958857096, 1602.0 ], [ -97.524970723950645, 18.319024922011685, 1602.0 ], [ -97.524965020500147, 18.319016848320857, 1602.0 ], [ -97.52496494340231, 18.319012811475428, 1602.0 ], [ -97.524967265109211, 18.31900271936189, 1602.0 ], [ -97.524975792722046, 18.318996491086111, 1602.0 ], [ -97.524980019380109, 18.318996531571063, 1602.0 ], [ -97.524993756018802, 18.31900340506299, 1602.0 ], [ -97.524997982676865, 18.319010804870182, 1602.0 ], [ -97.525007573297685, 18.319009783841366, 1602.0 ], [ -97.525009584853237, 18.318999691727832, 1602.0 ], [ -97.525017800879255, 18.318991618037, 1602.0 ], [ -97.52500854932201, 18.318983743696563, 1602.0 ], [ -97.525008429051255, 18.318978498289404, 1602.0 ], [ -97.525015945973621, 18.318968483807502, 1602.0 ], [ -97.525023342625218, 18.318968917334857, 1602.0 ], [ -97.525024976171437, 18.318967396964506, 1602.0 ], [ -97.525024180341234, 18.318962350907739, 1602.0 ], [ -97.525015744138827, 18.318951249582842, 1602.0 ], [ -97.525022285960702, 18.318946483862561, 1602.0 ], [ -97.525024340586157, 18.318937120623879, 1602.0 ], [ -97.52502952251163, 18.318928037721697, 1602.0 ], [ -97.525050815902603, 18.318907894686919, 1602.0 ], [ -97.52505926921873, 18.318894733743477, 1602.0 ], [ -97.525077232510711, 18.318876567942649, 1602.0 ], [ -97.525082577391331, 18.318868494251827, 1602.0 ], [ -97.525094318711623, 18.318841245545265, 1602.0 ], [ -97.525096311508278, 18.318819042895477, 1602.0 ], [ -97.525106819121902, 18.318807204069984, 1602.0 ], [ -97.525113118726907, 18.318796840245689, 1602.0 ], [ -97.525118442431562, 18.318775569175614, 1602.0 ], [ -97.525125839083159, 18.318769410107873, 1602.0 ], [ -97.525134292399287, 18.318766342839726, 1602.0 ], [ -97.525149085702495, 18.318766412261912, 1602.0 ], [ -97.525162822341187, 18.318769303193026, 1602.0 ], [ -97.525170218992784, 18.31876830708832, 1602.0 ], [ -97.525172332314028, 18.318766563905065, 1602.0 ], [ -97.525175394727711, 18.31875849021424, 1602.0 ], [ -97.525182898966975, 18.318750237998657, 1602.0 ], [ -97.525200862263716, 18.318746222398307, 1602.0 ], [ -97.525205297645641, 18.318743352043928, 1602.0 ], [ -97.525228197715307, 18.318706011223828, 1602.0 ], [ -97.52525052549592, 18.318681653309127, 1602.0 ], [ -97.525265318799129, 18.318668774804916, 1602.0 ], [ -97.52527271545074, 18.318666391323795, 1602.0 ], [ -97.525282225431368, 18.318665717526066, 1602.0 ], [ -97.5252843387604, 18.318663745938697, 1602.0 ], [ -97.525284358328264, 18.318657569078848, 1602.0 ], [ -97.525280952806227, 18.318648486176663, 1602.0 ], [ -97.525282144923594, 18.318630320372289, 1602.0 ], [ -97.52529374091813, 18.318609126933861, 1602.0 ], [ -97.525308305832809, 18.318592979552196, 1602.0 ], [ -97.525316038695848, 18.318586762810252, 1602.0 ], [ -97.52532237868293, 18.318585304234261, 1602.0 ], [ -97.525327662005509, 18.318586875451267, 1602.0 ], [ -97.525342455308717, 18.318597027077097, 1602.0 ], [ -97.525351965289346, 18.318601110747949, 1602.0 ], [ -97.525363588599021, 18.31860273784967, 1602.0 ], [ -97.52538472188931, 18.318602362855088, 1602.0 ], [ -97.52539634519897, 18.318601243871839, 1602.0 ], [ -97.525404798515098, 18.318598134830967, 1602.0 ], [ -97.525415189049497, 18.31859096112948, 1602.0 ], [ -97.525420648482822, 18.31858513013055, 1602.0 ], [ -97.525427209926548, 18.318571786113758, 1602.0 ], [ -97.525428036814233, 18.318561694000227, 1602.0 ], [ -97.525426087197232, 18.318549583463977, 1602.0 ], [ -97.525416421824758, 18.318534267747232, 1602.0 ], [ -97.525399515192518, 18.318521284071622, 1602.0 ], [ -97.525390005211889, 18.318519693629831, 1602.0 ], [ -97.525379438566745, 18.318523276688015, 1602.0 ], [ -97.52535646712046, 18.318540500561795, 1602.0 ], [ -97.525349851960328, 18.318547663768467, 1602.0 ], [ -97.525338228650654, 18.318554763092838, 1602.0 ], [ -97.525332945328088, 18.318555314561177, 1602.0 ], [ -97.525328718670025, 18.31855366167051, 1602.0 ], [ -97.525326129841957, 18.318547565041268, 1602.0 ], [ -97.525321660151064, 18.318543528195857, 1602.0 ], [ -97.52532237868293, 18.318539087665894, 1602.0 ], [ -97.525326666470349, 18.31853747292773, 1602.0 ], [ -97.525327151643737, 18.318533436082316, 1602.0 ], [ -97.525329775334541, 18.318530715169345, 1602.0 ], [ -97.525337171986138, 18.318530479519474, 1602.0 ], [ -97.525342506028608, 18.31852536239148, 1602.0 ], [ -97.525341827021705, 18.318517288700651, 1602.0 ], [ -97.525345625302265, 18.318511183388985, 1602.0 ], [ -97.525356191947409, 18.318506972317916, 1602.0 ], [ -97.525375211908681, 18.31850334988296, 1602.0 ], [ -97.525383841335554, 18.318498113684928, 1602.0 ], [ -97.525385682493422, 18.318493067628154, 1602.0 ], [ -97.525385461554478, 18.31848297551462, 1602.0 ], [ -97.525389418176047, 18.318471874189722, 1602.0 ], [ -97.525400571857034, 18.318461712475404, 1602.0 ], [ -97.525409025173161, 18.318447165911742, 1602.0 ], [ -97.525412195166695, 18.318445789957799, 1602.0 ], [ -97.525417478489274, 18.318447576224937, 1602.0 ], [ -97.525420807867974, 18.318451689962643, 1602.0 ], [ -97.525421734912527, 18.318455726808057, 1602.0 ], [ -97.525425931805401, 18.318456665197569, 1602.0 ], [ -97.525433328456998, 18.31844983761269, 1602.0 ], [ -97.525438611779578, 18.318440541330972, 1602.0 ], [ -97.525449178424722, 18.318438556638217, 1602.0 ], [ -97.525456760706575, 18.318433524158273, 1602.0 ], [ -97.525461041885407, 18.318424441256091, 1602.0 ], [ -97.52546103030366, 18.318413339931194, 1602.0 ], [ -97.525454255247368, 18.318392146492766, 1602.0 ], [ -97.525454232837376, 18.318382054379217, 1602.0 ], [ -97.525459616989323, 18.318370953054334, 1602.0 ], [ -97.525469850625043, 18.318359851729436, 1602.0 ], [ -97.52548087836017, 18.318353570004135, 1602.0 ], [ -97.525506238308523, 18.318352051208603, 1602.0 ], [ -97.525525258269795, 18.318346648416554, 1602.0 ], [ -97.525538994908487, 18.318338745626598, 1602.0 ], [ -97.525546296516197, 18.31832856617747, 1602.0 ], [ -97.525550913726022, 18.318310400373097, 1602.0 ], [ -97.525547669783293, 18.318268013496233, 1602.0 ], [ -97.525539050279548, 18.318250856903212, 1602.0 ], [ -97.525513604063505, 18.318220580562592, 1602.0 ], [ -97.52550491603435, 18.31819938712416, 1602.0 ], [ -97.525503804546943, 18.318177184474372, 1602.0 ], [ -97.525506069512275, 18.318160027881351, 1602.0 ], [ -97.525504875517427, 18.318130760752087, 1602.0 ], [ -97.525506770186638, 18.318109567313659, 1602.0 ], [ -97.525505383806646, 18.318098465988765, 1602.0 ], [ -97.525500936116941, 18.318086355452515, 1602.0 ], [ -97.525494380184526, 18.31807626333898, 1602.0 ], [ -97.525490388340799, 18.318073286711989, 1602.0 ], [ -97.525482991689202, 18.318071262183558, 1602.0 ], [ -97.525478718793565, 18.318067180436795, 1602.0 ], [ -97.52547549775737, 18.318060115957319, 1602.0 ], [ -97.52547582124437, 18.31804598699836, 1602.0 ], [ -97.525473497421046, 18.318039931730237, 1602.0 ], [ -97.525460792128342, 18.318022775137216, 1602.0 ], [ -97.52545234841827, 18.318007973370698, 1602.0 ], [ -97.525449130864473, 18.318000572487435, 1602.0 ], [ -97.525448725568495, 18.317994517219315, 1602.0 ], [ -97.525437739140898, 18.317985434317123, 1602.0 ], [ -97.525438047829411, 18.317982406683058, 1602.0 ], [ -97.525434325184662, 18.317979379049, 1602.0 ], [ -97.525434642844573, 18.31797231456952, 1602.0 ], [ -97.525424623554088, 18.317965250090044, 1602.0 ], [ -97.525420347930989, 18.317946075074325, 1602.0 ], [ -97.525420325218661, 18.317939010594838, 1602.0 ], [ -97.525427993001486, 18.317908734254228, 1602.0 ], [ -97.52543544178603, 18.317902551057898, 1602.0 ], [ -97.525441781773111, 18.317901416855033, 1602.0 ], [ -97.525444951766659, 18.317902525175814, 1602.0 ], [ -97.52545000692956, 18.317907725042868, 1602.0 ], [ -97.525456854989798, 18.317922863213177, 1602.0 ], [ -97.525461858398899, 18.317926108093257, 1602.0 ], [ -97.525467141721478, 18.317925515554041, 1602.0 ], [ -97.525495671663379, 18.317910906127633, 1602.0 ], [ -97.525506238308523, 18.317911837821949, 1602.0 ], [ -97.525514653886631, 18.317919835579119, 1602.0 ], [ -97.525517712567279, 18.317931946115369, 1602.0 ], [ -97.525523173143554, 18.31794102901755, 1602.0 ], [ -97.525529484927858, 18.317949115541222, 1602.0 ], [ -97.525534768250424, 18.317952993809378, 1602.0 ], [ -97.525551674882664, 18.31795379929973, 1602.0 ], [ -97.525584431482628, 18.317951352437369, 1602.0 ], [ -97.525606621437447, 18.317954929689055, 1602.0 ], [ -97.525611945875369, 18.317957176399222, 1602.0 ], [ -97.52561799844274, 18.317963231667335, 1602.0 ], [ -97.525624584734189, 18.317980522201768, 1602.0 ], [ -97.525629868056768, 18.317984599600926, 1602.0 ], [ -97.525634094714832, 18.317985086473669, 1602.0 ], [ -97.525645718024492, 18.317980346249069, 1602.0 ], [ -97.525666851314796, 18.31797640163251, 1602.0 ], [ -97.525676361295424, 18.317969490488252, 1602.0 ], [ -97.525690097934117, 18.317953950723673, 1602.0 ], [ -97.525712287888936, 18.317945919970118, 1602.0 ], [ -97.525719684540533, 18.317941082017708, 1602.0 ], [ -97.525723069750583, 18.317934973749427, 1602.0 ], [ -97.525723125206767, 18.3179289184813, 1602.0 ], [ -97.525714378318114, 18.317905706620163, 1602.0 ], [ -97.525710174559904, 18.31790154336429, 1602.0 ], [ -97.525702777908293, 18.317898385878745, 1602.0 ], [ -97.525673191301877, 18.317898274491956, 1602.0 ], [ -97.5256605113277, 18.317895548560493, 1602.0 ], [ -97.525636208043863, 18.317879596665527, 1602.0 ], [ -97.52562669806322, 18.31787040587967, 1602.0 ], [ -97.525621156323211, 18.317855246052467, 1602.0 ], [ -97.52562125142812, 18.31783708024809, 1602.0 ], [ -97.525632994426545, 18.317802767062066, 1602.0 ], [ -97.525626721107869, 18.317780564412278, 1602.0 ], [ -97.52561507475356, 18.317772440760482, 1602.0 ], [ -97.525599224785836, 18.317754375377639, 1602.0 ], [ -97.525588658140691, 18.317749081372099, 1602.0 ], [ -97.525582198369761, 18.317750288071657, 1602.0 ], [ -97.52556435485684, 18.317766316722565, 1602.0 ], [ -97.525553788211695, 18.31777076358399, 1602.0 ], [ -97.525545334895583, 18.317770708497136, 1602.0 ], [ -97.525535805214417, 18.317767444664678, 1602.0 ], [ -97.525528333324928, 18.317759370973839, 1602.0 ], [ -97.525521031611731, 18.317744106652118, 1602.0 ], [ -97.525516804953682, 18.317740109454288, 1602.0 ], [ -97.525510464966587, 18.317737895179881, 1602.0 ], [ -97.525496728327894, 18.317740006887501, 1602.0 ], [ -97.52548616168275, 18.317746860043961, 1602.0 ], [ -97.525474538373075, 18.317750180457441, 1602.0 ], [ -97.525466268326682, 18.317759370973842, 1602.0 ], [ -97.52546063361288, 18.317775518355504, 1602.0 ], [ -97.525459254275532, 18.317788638103103, 1602.0 ], [ -97.525462396990036, 18.317803776273408, 1602.0 ], [ -97.525461693866362, 18.317807813118829, 1602.0 ], [ -97.525457631740835, 18.317812807568203, 1602.0 ], [ -97.525453405082786, 18.317815981660356, 1602.0 ], [ -97.525448121760206, 18.317817171817637, 1602.0 ], [ -97.525444951766659, 18.317816754523342, 1602.0 ], [ -97.525437555115062, 18.317811211664832, 1602.0 ], [ -97.525427226949944, 18.317818914443723, 1602.0 ], [ -97.525422794363124, 18.317831024979977, 1602.0 ], [ -97.525417478489274, 18.317836168416783, 1602.0 ], [ -97.525406591642763, 18.317839098670802, 1602.0 ], [ -97.525374155244165, 18.317857226247472, 1602.0 ], [ -97.525364645263537, 18.317860392643706, 1602.0 ], [ -97.525351965289346, 18.317862193300314, 1602.0 ], [ -97.525340341979685, 18.317861397677454, 1602.0 ], [ -97.525328718670025, 18.317856149536919, 1602.0 ], [ -97.525320265353912, 18.317856890273209, 1602.0 ], [ -97.525309698708753, 18.31785201979703, 1602.0 ], [ -97.525280112102337, 18.317851448747497, 1602.0 ], [ -97.52527271545074, 18.317846133272312, 1602.0 ], [ -97.525265318799129, 18.317845812729672, 1602.0 ], [ -97.525252638824952, 18.317840860203351, 1602.0 ], [ -97.525248412166889, 18.3178410765222, 1602.0 ], [ -97.525235732192712, 18.317848358507064, 1602.0 ], [ -97.525229392205617, 18.317848330681695, 1602.0 ], [ -97.525225165547567, 18.317846576009472, 1602.0 ], [ -97.525220857791098, 18.317835061825384, 1602.0 ], [ -97.525217768895956, 18.317832165723615, 1602.0 ], [ -97.525211428908875, 18.317831228706414, 1602.0 ], [ -97.52520508892178, 18.317826882070946, 1602.0 ], [ -97.525198748934699, 18.317825514685971, 1602.0 ], [ -97.525195578941151, 18.317821169064835, 1602.0 ], [ -97.525191617646087, 18.317789647314459, 1602.0 ], [ -97.525184070834612, 18.317775518355504, 1602.0 ], [ -97.525174445650848, 18.317768381946777, 1602.0 ], [ -97.525163879005703, 18.317768367518568, 1602.0 ], [ -97.525155425689576, 18.317774458401683, 1602.0 ], [ -97.525152152834892, 18.317780564412278, 1602.0 ], [ -97.525147759762831, 18.317794693371226, 1602.0 ], [ -97.525147823021626, 18.317803776273411, 1602.0 ], [ -97.525151018358315, 18.317810840752895, 1602.0 ], [ -97.525157539018608, 18.317816858642821, 1602.0 ], [ -97.525160709012155, 18.317818914443116, 1602.0 ], [ -97.525167048999251, 18.317819467623213, 1602.0 ], [ -97.525170158089935, 18.317821942077785, 1602.0 ], [ -97.52517087445699, 18.317823960500487, 1602.0 ], [ -97.525168366185127, 18.317830015768614, 1602.0 ], [ -97.525172014904811, 18.317835061825392, 1602.0 ], [ -97.525162822341187, 18.317843184420735, 1602.0 ], [ -97.525153312360558, 18.317843336884678, 1602.0 ], [ -97.525148029037979, 18.317840207001129, 1602.0 ], [ -97.525139575721852, 18.317846336921775, 1602.0 ], [ -97.525127952412191, 18.317846256595775, 1602.0 ], [ -97.525123605257306, 18.317849190784347, 1602.0 ], [ -97.525120555760594, 18.317854854983064, 1602.0 ], [ -97.525115272438015, 18.317853148989908, 1602.0 ], [ -97.525106819121902, 18.317853472287062, 1602.0 ], [ -97.525098526192352, 18.317862310531947, 1602.0 ], [ -97.525098509658619, 18.317867356588714, 1602.0 ], [ -97.525095195812227, 18.317869154032866, 1602.0 ], [ -97.525091456409655, 18.317866347377365, 1602.0 ], [ -97.525092708784783, 18.317858273686525, 1602.0 ], [ -97.52508779916063, 18.317855570999779, 1602.0 ], [ -97.525082461968879, 18.317857264475183, 1602.0 ], [ -97.52508612246983, 18.317862310531943, 1602.0 ], [ -97.525082742797679, 18.31786735658871, 1602.0 ], [ -97.52507617585097, 18.31786649926115, 1602.0 ], [ -97.525074011859942, 18.31785726447518, 1602.0 ], [ -97.525068592475193, 18.317851209207046, 1602.0 ], [ -97.525061581998486, 18.317834052614039, 1602.0 ], [ -97.525046628452884, 18.317814877598313, 1602.0 ], [ -97.525036109634826, 18.317809831541542, 1602.0 ], [ -97.525031795941345, 18.317802741868839, 1602.0 ], [ -97.525024399289734, 18.31779753828237, 1602.0 ], [ -97.525007492657494, 18.317794742734829, 1602.0 ], [ -97.525002209334914, 18.317795797791199, 1602.0 ], [ -97.524995351375026, 18.317799739428001, 1602.0 ], [ -97.524995790239259, 18.317802767062062, 1602.0 ], [ -97.524999039341381, 18.31780465664928, 1602.0 ], [ -97.524999354838371, 18.317806803907477, 1602.0 ], [ -97.524999039341381, 18.317814785851823, 1602.0 ], [ -97.524995869347833, 18.317821747399673, 1602.0 ], [ -97.524984246038173, 18.317815404992626, 1602.0 ], [ -97.524981076044625, 18.317817481193988, 1602.0 ], [ -97.524980019380109, 18.317816528257563, 1602.0 ], [ -97.524977906051078, 18.317810884631648, 1602.0 ], [ -97.524972876863004, 18.317807813118833, 1602.0 ], [ -97.524982207122136, 18.317797721005292, 1602.0 ], [ -97.524976849386562, 18.317796719297366, 1602.0 ], [ -97.524968384888808, 18.317791665737172, 1602.0 ], [ -97.524963210866716, 18.317785610469041, 1602.0 ], [ -97.524961781986164, 18.317767444664675, 1602.0 ], [ -97.524965453460396, 18.317759370973842, 1602.0 ], [ -97.524965288233631, 18.317753315705712, 1602.0 ], [ -97.524958886088569, 18.317747260437589, 1602.0 ], [ -97.524958650694245, 18.317744232803534, 1602.0 ], [ -97.524962919361244, 18.317729094633222, 1602.0 ], [ -97.524958886089806, 18.317721945510208, 1602.0 ], [ -97.524951489438209, 18.317716842948535, 1602.0 ], [ -97.524935639470485, 18.317711717275227, 1602.0 ], [ -97.524922959496308, 18.317710001667201, 1602.0 ], [ -97.524894429554408, 18.317710694808831, 1602.0 ], [ -97.524887032902797, 18.317712670073796, 1602.0 ], [ -97.5248796362512, 18.317710607510445, 1602.0 ], [ -97.524876466257652, 18.317712665611182, 1602.0 ], [ -97.524871182935073, 18.317713155311722, 1602.0 ], [ -97.52485744629638, 18.31770280967805, 1602.0 ], [ -97.524831029683511, 18.31770007790978, 1602.0 ], [ -97.524810953057724, 18.31769284140983, 1602.0 ], [ -97.524808649664848, 18.317685698545006, 1602.0 ], [ -97.524813647996211, 18.317680652488232, 1602.0 ], [ -97.524812185832999, 18.317677624854174, 1602.0 ], [ -97.524809896393208, 18.317676931502863, 1602.0 ], [ -97.524801443077095, 18.317680738175991, 1602.0 ], [ -97.524792496650861, 18.317689735390417, 1602.0 ], [ -97.524785593109371, 18.317689001418529, 1602.0 ], [ -97.524782672606051, 18.317690744601773, 1602.0 ], [ -97.52478114102955, 18.317694781447194, 1602.0 ], [ -97.524783649601417, 18.317701845926663, 1602.0 ], [ -97.524779253122276, 18.317704705358832, 1602.0 ], [ -97.524774509062979, 18.317701845926667, 1602.0 ], [ -97.524775928151271, 18.317691753813126, 1602.0 ], [ -97.524771856470679, 18.317683617481592, 1602.0 ], [ -97.524764459819067, 18.317679484216384, 1602.0 ], [ -97.524757063167471, 18.317679832504005, 1602.0 ], [ -97.524742269864262, 18.317692913444198, 1602.0 ], [ -97.524734873212651, 18.317691892260896, 1602.0 ], [ -97.524726419896538, 18.317686568019401, 1602.0 ], [ -97.524691549948059, 18.317684689333657, 1602.0 ] ] } },
{ "type": "Feature", "properties": { "FID": 32, "elev": 1603.0, "elevation": 1603.0, "ELEVATION": 1603.0, "is_master": false, "tipo": "Ordinaria (1m)" }, "geometry": { "type": "LineString", "coordinates": [ [ -97.523383280647209, 18.317886531604433, 1603.0 ], [ -97.523388682620677, 18.317889731731256, 1603.0 ], [ -97.52339713593679, 18.317888013178294, 1603.0 ], [ -97.523402419259369, 18.317889017083161, 1603.0 ], [ -97.52340686414162, 18.317883503970378, 1603.0 ] ] } },
{ "type": "Feature", "properties": { "FID": 33, "elev": 1602.0, "elevation": 1602.0, "ELEVATION": 1602.0, "is_master": false, "tipo": "Ordinaria (1m)" }, "geometry": { "type": "LineString", "coordinates": [ [ -97.523214402493124, 18.317912771099639, 1602.0 ], [ -97.523205712417735, 18.317929927692656, 1602.0 ], [ -97.523204979197658, 18.317934973749427, 1602.0 ], [ -97.523207490000729, 18.317944056651612, 1602.0 ], [ -97.523207036504502, 18.31794809349703, 1602.0 ], [ -97.523196339051012, 18.317958185610564, 1602.0 ], [ -97.523194464182495, 18.317969286935458, 1602.0 ], [ -97.523188702717832, 18.317986443528476, 1602.0 ], [ -97.523188171574191, 18.318001581698791, 1602.0 ], [ -97.523182472653687, 18.318030848828052, 1602.0 ], [ -97.52318368970478, 18.318033668377293, 1602.0 ], [ -97.52319125271174, 18.318036904096171, 1602.0 ], [ -97.523192378751048, 18.318041950152942, 1602.0 ], [ -97.523191086356391, 18.318045132170617, 1602.0 ], [ -97.523181576375762, 18.318053221450281, 1602.0 ], [ -97.523164669743522, 18.318056847716566, 1602.0 ], [ -97.523151989769332, 18.318063275227637, 1602.0 ], [ -97.523138253130639, 18.318067030924002, 1602.0 ], [ -97.523129799814527, 18.318074072891605, 1602.0 ], [ -97.523125649726353, 18.318072226493562, 1602.0 ], [ -97.523123459827431, 18.318065932201701, 1602.0 ], [ -97.523116063175834, 18.318063574747836, 1602.0 ], [ -97.52310632595551, 18.318065162014083, 1602.0 ], [ -97.523101269872626, 18.318070302684411, 1602.0 ], [ -97.523087533233934, 18.318069909571726, 1602.0 ], [ -97.523076966588775, 18.31807760762446, 1602.0 ], [ -97.523063229950083, 18.318076308415414, 1602.0 ], [ -97.523052663304938, 18.318070992318695, 1602.0 ], [ -97.523048436646874, 18.318071008902535, 1602.0 ], [ -97.523045266653327, 18.318072871267486, 1602.0 ], [ -97.52304325704597, 18.318075254127621, 1602.0 ], [ -97.523042527402012, 18.318080300184391, 1602.0 ], [ -97.523044726034286, 18.318086355452518, 1602.0 ], [ -97.523042403138248, 18.318089383086573, 1602.0 ], [ -97.523045266653327, 18.318094059099185, 1602.0 ], [ -97.523068513272662, 18.318095523840839, 1602.0 ], [ -97.523072754223762, 18.318088373875224, 1602.0 ], [ -97.523072739930726, 18.318084180120625, 1602.0 ], [ -97.523075909924259, 18.318082395499388, 1602.0 ], [ -97.523082778243619, 18.318091401509289, 1602.0 ], [ -97.523086456880009, 18.318123696272618, 1602.0 ], [ -97.523091759891983, 18.318128756543633, 1602.0 ], [ -97.523094929885531, 18.318129613438135, 1602.0 ], [ -97.523099156543594, 18.318128470077024, 1602.0 ], [ -97.523101269872626, 18.318125769458728, 1602.0 ], [ -97.523110263807794, 18.318124705483967, 1602.0 ], [ -97.523116281796078, 18.318127733118022, 1602.0 ], [ -97.523111836517771, 18.318130637454775, 1602.0 ], [ -97.523108666524223, 18.318136311414538, 1602.0 ], [ -97.523119233169382, 18.318131022263056, 1602.0 ], [ -97.523125152493819, 18.318136816020214, 1602.0 ], [ -97.523121346498399, 18.318135592252116, 1602.0 ], [ -97.523112717820936, 18.318137825231567, 1602.0 ], [ -97.523112199363126, 18.318139843654269, 1602.0 ], [ -97.523115892886921, 18.318145898922403, 1602.0 ], [ -97.523113949846802, 18.318148897514408, 1602.0 ], [ -97.523108666524223, 18.31815111664914, 1602.0 ], [ -97.52310549653069, 18.318151017065698, 1602.0 ], [ -97.523102876002682, 18.318148926556464, 1602.0 ], [ -97.523099156543594, 18.318139843662863, 1602.0 ], [ -97.523094929885531, 18.318141256550167, 1602.0 ], [ -97.523089876272635, 18.318145898922396, 1602.0 ], [ -97.52308330657587, 18.318147170528711, 1602.0 ], [ -97.523062173285567, 18.318146058919318, 1602.0 ], [ -97.523051606640422, 18.318142381973747, 1602.0 ] ] } },
{ "type": "Feature", "properties": { "FID": 34, "elev": 1603.0, "elevation": 1603.0, "ELEVATION": 1603.0, "is_master": false, "tipo": "Ordinaria (1m)" }, "geometry": { "type": "LineString", "coordinates": [ [ -97.525305723930032, 18.319187405039667, 1603.0 ], [ -97.525302302057156, 18.319184252982289, 1603.0 ], [ -97.525283282095884, 18.319182560825165, 1603.0 ], [ -97.525276942108789, 18.319179280888264, 1603.0 ], [ -97.525271950279873, 18.319173276080708, 1603.0 ], [ -97.525268488792676, 18.319162993035281, 1603.0 ], [ -97.525265318799129, 18.319160156337663, 1603.0 ], [ -97.525243128844323, 18.319156337695549, 1603.0 ], [ -97.525232562199164, 18.319152650649357, 1603.0 ], [ -97.525220938889504, 18.319154981521422, 1603.0 ], [ -97.525212485573391, 18.319160220631893, 1603.0 ], [ -97.525201918928232, 18.319159379697204, 1603.0 ], [ -97.525195578941151, 18.319155645776242, 1603.0 ], [ -97.525193184176047, 18.31915107343093, 1603.0 ], [ -97.525192873551063, 18.319146027374146, 1603.0 ], [ -97.525189238954056, 18.319143539632883, 1603.0 ], [ -97.525181947350973, 18.319146027374149, 1603.0 ], [ -97.52518273416608, 18.319152082642276, 1603.0 ], [ -97.525180785637943, 18.319153990969198, 1603.0 ], [ -97.525174445650848, 18.319154785393234, 1603.0 ], [ -97.5251712756573, 18.31915694462905, 1603.0 ], [ -97.525151199031527, 18.319157258720136, 1603.0 ], [ -97.525149666123852, 18.31915611948769, 1603.0 ], [ -97.525151199031527, 18.319151098980569, 1603.0 ], [ -97.525138519057336, 18.319154674372836, 1603.0 ], [ -97.525132179070255, 18.3191505811327, 1603.0 ], [ -97.52512161242511, 18.319154583731283, 1603.0 ], [ -97.525118655468759, 18.319166211601228, 1603.0 ], [ -97.525109989115435, 18.319173300399058, 1603.0 ], [ -97.525063495876779, 18.319188244847684, 1603.0 ], [ -97.52505398589615, 18.319193317591033, 1603.0 ], [ -97.525043508046338, 18.319202543209972, 1603.0 ], [ -97.525034965934879, 18.319203496418847, 1603.0 ], [ -97.525025455954236, 18.319209603143452, 1603.0 ], [ -97.525020220661887, 18.319207589266746, 1603.0 ], [ -97.52501905414104, 18.319203552421325, 1603.0 ], [ -97.52502017263167, 18.319201219907335, 1603.0 ], [ -97.525019115967154, 18.31919994122968, 1603.0 ], [ -97.525014836475876, 18.319200524787266, 1603.0 ], [ -97.525009617662377, 18.319193460307787, 1603.0 ], [ -97.524997982676865, 18.319198178308259, 1603.0 ], [ -97.524993808852031, 18.319192451096434, 1603.0 ], [ -97.524987914173551, 18.319189423462376, 1603.0 ], [ -97.524984246038173, 18.319184276109294, 1603.0 ], [ -97.52497074268905, 18.319180340560187, 1603.0 ], [ -97.524969365487436, 18.319172266869355, 1603.0 ], [ -97.524957983286512, 18.319160156333105, 1603.0 ], [ -97.524957016606436, 18.319148045796865, 1603.0 ], [ -97.524948319444661, 18.319136691675386, 1603.0 ], [ -97.524934582805969, 18.319133411640664, 1603.0 ], [ -97.52492507282534, 18.319134706165222, 1603.0 ], [ -97.524904996199552, 18.319121631477643, 1603.0 ], [ -97.524895486218924, 18.319120684058632, 1603.0 ], [ -97.524892316225376, 18.319118583516232, 1603.0 ], [ -97.524889146231828, 18.319119376718774, 1603.0 ], [ -97.524888089567312, 18.319121359268433, 1603.0 ], [ -97.524886595430232, 18.319120797090306, 1603.0 ], [ -97.524888022830609, 18.319117769456241, 1603.0 ], [ -97.524885808132566, 18.319113732610827, 1603.0 ], [ -97.5248796362512, 18.319107889361895, 1603.0 ], [ -97.524873805028506, 18.319105658919995, 1603.0 ], [ -97.524872748119392, 18.319099603651868, 1603.0 ], [ -97.524855137617607, 18.319074373368025, 1603.0 ], [ -97.524852065134496, 18.319065290465836, 1603.0 ], [ -97.524851389660668, 18.319055198352299, 1603.0 ], [ -97.524847936315751, 18.319047957768827, 1603.0 ], [ -97.524843709657688, 18.319047808781722, 1603.0 ], [ -97.524834206364801, 18.319057216775004, 1603.0 ], [ -97.52482891635448, 18.319058869332906, 1603.0 ], [ -97.524820989191923, 18.319056207563648, 1603.0 ], [ -97.524817293044819, 18.31904870429663, 1603.0 ], [ -97.524808839728692, 18.319044137919274, 1603.0 ], [ -97.524806694728525, 18.31903905097063, 1603.0 ], [ -97.52480824095214, 18.3190289588571, 1603.0 ], [ -97.524819406373851, 18.319024402417718, 1603.0 ], [ -97.524835256341561, 18.319011894010565, 1603.0 ], [ -97.524835521512131, 18.31899767330512, 1603.0 ], [ -97.524833347528244, 18.318983544346167, 1603.0 ], [ -97.524829846219248, 18.318975470655339, 1603.0 ], [ -97.524825746360932, 18.318973536333576, 1603.0 ], [ -97.524819406373851, 18.318974732541388, 1603.0 ], [ -97.524811734070624, 18.31897345223263, 1603.0 ], [ -97.524808961745379, 18.31896537854179, 1603.0 ], [ -97.524801500504509, 18.318959323273678, 1603.0 ], [ -97.524799721105282, 18.318955286428253, 1603.0 ], [ -97.524802499741611, 18.318952472869327, 1603.0 ], [ -97.524805669735144, 18.318956600004938, 1603.0 ], [ -97.524809847246019, 18.318954277216903, 1603.0 ], [ -97.52481059565649, 18.318950240371489, 1603.0 ], [ -97.524806069986866, 18.318945194314715, 1603.0 ], [ -97.524808839728692, 18.318943156992919, 1603.0 ], [ -97.52481200972224, 18.318948419403181, 1603.0 ], [ -97.524817331369434, 18.318949231160136, 1603.0 ], [ -97.524821175486409, 18.318958314062318, 1603.0 ], [ -97.524825746360932, 18.318963593014011, 1603.0 ], [ -97.524837369670593, 18.318964707904581, 1603.0 ], [ -97.524849154086056, 18.318960332485027, 1603.0 ], [ -97.524859518646736, 18.318946203526078, 1603.0 ], [ -97.524873149956704, 18.318932074567115, 1603.0 ], [ -97.524887032902797, 18.318926883570427, 1603.0 ], [ -97.524903939535037, 18.318926852995325, 1603.0 ], [ -97.524909222857616, 18.318931168758571, 1603.0 ], [ -97.524916619509213, 18.318929352043455, 1603.0 ], [ -97.52492061365956, 18.318935102201181, 1603.0 ], [ -97.524933526141453, 18.318942003465878, 1603.0 ], [ -97.524939866128548, 18.318938522306318, 1603.0 ], [ -97.524946206115629, 18.318929980669207, 1603.0 ], [ -97.524951489438209, 18.318931080110318, 1603.0 ], [ -97.524953138964108, 18.318930056144417, 1603.0 ], [ -97.524950289956763, 18.318921982453585, 1603.0 ], [ -97.524951763485859, 18.318909871917327, 1603.0 ], [ -97.524948202037493, 18.318898770592437, 1603.0 ], [ -97.524933279586406, 18.318889687690255, 1603.0 ], [ -97.524939866128548, 18.318885712950152, 1603.0 ], [ -97.524940946101836, 18.318881613999419, 1603.0 ], [ -97.524947262780145, 18.318874699828022, 1603.0 ], [ -97.524950480803895, 18.318876567942649, 1603.0 ], [ -97.524956528420503, 18.318868494251824, 1603.0 ], [ -97.524955743470997, 18.318864457406406, 1603.0 ], [ -97.524958886079645, 18.318862438983697, 1603.0 ], [ -97.524958850699136, 18.318856383715573, 1603.0 ], [ -97.524964169412385, 18.318856243911402, 1603.0 ], [ -97.524967339405933, 18.3188534809324, 1603.0 ], [ -97.524971449867209, 18.318845282390672, 1603.0 ], [ -97.524974744718719, 18.318842254756621, 1603.0 ], [ -97.524977906051078, 18.318832896614968, 1603.0 ], [ -97.524981076044625, 18.318831244001966, 1603.0 ], [ -97.524984246038173, 18.318832443557579, 1603.0 ], [ -97.52499164268977, 18.318840301867116, 1603.0 ], [ -97.525006209564864, 18.318837208699847, 1603.0 ], [ -97.525005681232614, 18.318833171854429, 1603.0 ], [ -97.525001638923101, 18.318830144220371, 1603.0 ], [ -97.525003124323746, 18.318828125797658, 1603.0 ], [ -97.525006562792726, 18.318827116586309, 1603.0 ], [ -97.525030657994932, 18.318801886302463, 1603.0 ], [ -97.525044475915522, 18.318794836885836, 1603.0 ], [ -97.525051872567118, 18.3187878446791, 1603.0 ], [ -97.525068779197113, 18.318766563905069, 1603.0 ], [ -97.525095543208792, 18.318728213873619, 1603.0 ], [ -97.525098365805775, 18.31872693285472, 1603.0 ], [ -97.52510470579287, 18.318727401665857, 1603.0 ], [ -97.52511105801932, 18.3187221586055, 1603.0 ], [ -97.525112420891304, 18.318715094126016, 1603.0 ], [ -97.525120345222177, 18.318707020435191, 1603.0 ], [ -97.525124619854878, 18.318691882264879, 1603.0 ], [ -97.525143812999659, 18.318670688826447, 1603.0 ], [ -97.525152280413337, 18.318647476965307, 1603.0 ], [ -97.525166517811144, 18.31862325589281, 1603.0 ], [ -97.525168910903275, 18.318592979552196, 1603.0 ], [ -97.525174445650848, 18.318581801134773, 1603.0 ], [ -97.525186068960508, 18.318572604152923, 1603.0 ], [ -97.525197692270183, 18.318569311918189, 1603.0 ], [ -97.525207202250797, 18.31856995451421, 1603.0 ], [ -97.525210938616539, 18.318567749268347, 1603.0 ], [ -97.52521590596136, 18.318557657154809, 1603.0 ], [ -97.525216540059276, 18.31854352819585, 1603.0 ], [ -97.525219882224988, 18.318537778749342, 1603.0 ], [ -97.525239958850776, 18.318521234177133, 1603.0 ], [ -97.525248412166889, 18.318517244821894, 1603.0 ], [ -97.525260035476549, 18.318514316365839, 1603.0 ], [ -97.525274828779771, 18.318502342761075, 1603.0 ], [ -97.525285225284023, 18.318489030782736, 1603.0 ], [ -97.52528849061035, 18.318477929457845, 1603.0 ], [ -97.525291332666924, 18.318474901823784, 1603.0 ], [ -97.525293636457604, 18.318463800498886, 1603.0 ], [ -97.525301507261673, 18.318451689962643, 1603.0 ], [ -97.525307740771567, 18.318448662328581, 1603.0 ], [ -97.525331934605504, 18.318423432044732, 1603.0 ], [ -97.525345625302265, 18.318418385986277, 1603.0 ], [ -97.525344568637749, 18.318412066402583, 1603.0 ], [ -97.525337750495211, 18.31840829387443, 1603.0 ], [ -97.525339285315169, 18.318404508210495, 1603.0 ], [ -97.525342455308717, 18.318403283860921, 1603.0 ], [ -97.525359361940957, 18.318404242473072, 1603.0 ], [ -97.525361483172389, 18.318402238606296, 1603.0 ], [ -97.525360074002734, 18.318397192549533, 1603.0 ], [ -97.525361106666082, 18.318395174126827, 1603.0 ], [ -97.525365701928052, 18.318393488024089, 1603.0 ], [ -97.525369031624507, 18.318397192549533, 1603.0 ], [ -97.525370770481416, 18.318408293874427, 1603.0 ], [ -97.525374103337839, 18.318413339931194, 1603.0 ], [ -97.525383665224794, 18.318418316186602, 1603.0 ], [ -97.52539634519897, 18.318420706883238, 1603.0 ], [ -97.525412195166695, 18.318420652107573, 1603.0 ], [ -97.525420648482822, 18.318418554189858, 1603.0 ], [ -97.525429101798935, 18.3184133483064, 1603.0 ], [ -97.525434238059958, 18.318407284663078, 1603.0 ], [ -97.525437768660865, 18.318397192549529, 1603.0 ], [ -97.525438453347022, 18.318384072801923, 1603.0 ], [ -97.525437867562999, 18.318363888574847, 1603.0 ], [ -97.525435277962075, 18.318352787249957, 1603.0 ], [ -97.52543015846345, 18.31834760110436, 1603.0 ], [ -97.525425931805401, 18.318347392944204, 1603.0 ], [ -97.525420648482822, 18.318350442279876, 1603.0 ], [ -97.52541341705512, 18.318346731981833, 1603.0 ], [ -97.525409025173161, 18.318340612074135, 1603.0 ], [ -97.525398364602268, 18.318332603022874, 1603.0 ], [ -97.525397863599252, 18.318328566177467, 1603.0 ], [ -97.525402349737021, 18.318326547754758, 1603.0 ], [ -97.52540905580112, 18.318315446429864, 1603.0 ], [ -97.525422761811853, 18.318310270152274, 1603.0 ], [ -97.525427157017617, 18.318303335893614, 1603.0 ], [ -97.525432598716307, 18.318274068764353, 1603.0 ], [ -97.525427739592871, 18.318239755578311, 1603.0 ], [ -97.525428885886072, 18.318225626619366, 1603.0 ], [ -97.525432075203739, 18.318216543717181, 1603.0 ], [ -97.525459587880107, 18.318180212108434, 1603.0 ], [ -97.525485105018234, 18.318160965573796, 1603.0 ], [ -97.525493558334347, 18.318150972366176, 1603.0 ], [ -97.525493335878664, 18.318145898922399, 1603.0 ], [ -97.525489248679193, 18.318142871288334, 1603.0 ], [ -97.525488000477083, 18.318139843654276, 1603.0 ], [ -97.525494467850621, 18.318129751540734, 1603.0 ], [ -97.525494911293308, 18.318122687061265, 1603.0 ], [ -97.525486147247435, 18.318091401509289, 1603.0 ], [ -97.52546819838598, 18.318075375338388, 1603.0 ], [ -97.525465028392446, 18.318069441070225, 1603.0 ], [ -97.525460801734383, 18.31806997122704, 1603.0 ], [ -97.525455518411817, 18.318078439811099, 1603.0 ], [ -97.525451291753754, 18.318079768916583, 1603.0 ], [ -97.525443895102143, 18.318076962905941, 1603.0 ], [ -97.525437461650881, 18.318069198859504, 1603.0 ], [ -97.525433573989005, 18.318059106745963, 1603.0 ], [ -97.525435719255483, 18.318049014632425, 1603.0 ], [ -97.525433561775699, 18.318033876462113, 1603.0 ], [ -97.525426504576814, 18.318024793559935, 1603.0 ], [ -97.525425931805401, 18.318020749632328, 1603.0 ], [ -97.525420648482822, 18.318018851210557, 1603.0 ], [ -97.525412836992558, 18.318011673812325, 1603.0 ], [ -97.525410385685404, 18.318005618544206, 1603.0 ], [ -97.525410355598211, 18.317984425105774, 1603.0 ], [ -97.525403847517026, 18.317969286935458, 1603.0 ], [ -97.525394231869953, 18.317961164461, 1603.0 ], [ -97.52537194020411, 18.317952130342448, 1603.0 ], [ -97.52536362600307, 18.317944056651612, 1603.0 ], [ -97.525363571737344, 18.317936992172136, 1603.0 ], [ -97.525367771533027, 18.317930936904009, 1603.0 ], [ -97.525370943718826, 18.317921854001828, 1603.0 ], [ -97.525374155244165, 18.3179194968593, 1603.0 ], [ -97.525392118540921, 18.3179300698351, 1603.0 ], [ -97.525405855179613, 18.317930646561667, 1603.0 ], [ -97.525410081837677, 18.317929819416946, 1603.0 ], [ -97.525413725292168, 18.317926900058595, 1603.0 ], [ -97.525417703984374, 18.317920844790471, 1603.0 ], [ -97.525425174689474, 18.317893596083909, 1603.0 ], [ -97.525424809099349, 18.317878457913611, 1603.0 ], [ -97.525421341918914, 18.317876439490899, 1603.0 ], [ -97.525409025173161, 18.317876172592026, 1603.0 ], [ -97.525393175205437, 18.31787829978833, 1603.0 ], [ -97.525364425778321, 18.317887540815789, 1603.0 ], [ -97.52535821624484, 18.317894605295269, 1603.0 ], [ -97.525354116610814, 18.317925890847238, 1603.0 ], [ -97.525348795295812, 18.317930174550114, 1603.0 ], [ -97.525341398644201, 18.317930548402295, 1603.0 ], [ -97.525320265353912, 18.317924881637023, 1603.0 ], [ -97.525306574261094, 18.317913780310995, 1603.0 ], [ -97.525298034758151, 18.317890568449855, 1603.0 ], [ -97.525297018734577, 18.317880412023822, 1603.0 ], [ -97.52528328209587, 18.31787424812822, 1603.0 ], [ -97.525274828779771, 18.317875878171613, 1603.0 ], [ -97.525266375463644, 18.317873510227624, 1603.0 ], [ -97.5252558088185, 18.317868427818645, 1603.0 ], [ -97.525251582160436, 18.317863598303902, 1603.0 ], [ -97.52523890218626, 18.317865608490475, 1603.0 ], [ -97.525225165547567, 18.317860104563483, 1603.0 ], [ -97.525211428908875, 18.31786028921751, 1603.0 ], [ -97.525203769964662, 18.317865338166001, 1603.0 ], [ -97.525203833095375, 18.317871393434128, 1603.0 ], [ -97.525200862263716, 18.317875360678755, 1603.0 ], [ -97.525197251993291, 18.317876439490899, 1603.0 ], [ -97.525197263000223, 18.317868365800066, 1603.0 ], [ -97.525192408947603, 18.31786759736503, 1603.0 ], [ -97.525191316033883, 18.317870384222768, 1603.0 ], [ -97.525193359945661, 18.317875430279546, 1603.0 ], [ -97.525186614335752, 18.317875430279546, 1603.0 ], [ -97.525181872067648, 18.317883503970382, 1603.0 ], [ -97.525173388986332, 18.317887606895109, 1603.0 ], [ -97.525157539018608, 18.317891466453347, 1603.0 ], [ -97.525146972373463, 18.317897475757071, 1603.0 ], [ -97.525141689050884, 18.317895697912519, 1603.0 ], [ -97.525138519057336, 18.317891258077612, 1603.0 ], [ -97.525135349063802, 18.317894615093437, 1603.0 ], [ -97.525126895747675, 18.317893076415384, 1603.0 ], [ -97.525124838624208, 18.317900660563396, 1603.0 ], [ -97.525126895747675, 18.317906855722203, 1603.0 ], [ -97.525124782418644, 18.317907635335196, 1603.0 ], [ -97.52512161242511, 18.317902893910738, 1603.0 ], [ -97.525116329102531, 18.317903655288386, 1603.0 ], [ -97.525111045779951, 18.317911779909924, 1603.0 ], [ -97.525093082483195, 18.317922805543965, 1603.0 ], [ -97.525077232515486, 18.317929213572349, 1603.0 ], [ -97.525066679593252, 18.317922863213177, 1603.0 ], [ -97.525066703948326, 18.317915798733704, 1603.0 ], [ -97.525063812480383, 18.317907725042868, 1603.0 ], [ -97.525066808113635, 18.317902678986098, 1603.0 ], [ -97.525080181507292, 18.317892586872563, 1603.0 ], [ -97.525082115704066, 18.317888550027146, 1603.0 ], [ -97.525081318513656, 18.317884513181738, 1603.0 ], [ -97.525067555693084, 18.317868365800066, 1603.0 ], [ -97.525056321233023, 18.31784313551622, 1603.0 ], [ -97.525041439747554, 18.317819923655083, 1603.0 ], [ -97.525030739276829, 18.317810834934246, 1603.0 ], [ -97.525022285960702, 18.317808190426256, 1603.0 ], [ -97.525013832644589, 18.31781165289188, 1603.0 ], [ -97.525000096005897, 18.317827011460988, 1603.0 ], [ -97.524993756018802, 18.317826813905889, 1603.0 ], [ -97.524989529360738, 18.317820322197143, 1603.0 ], [ -97.524986359367205, 18.317818910470454, 1603.0 ], [ -97.524984344404203, 18.317819923655083, 1603.0 ], [ -97.524980980603956, 18.317827997345912, 1603.0 ], [ -97.524978763839755, 18.317840107882166, 1603.0 ], [ -97.524979048036329, 18.317855246052464, 1603.0 ], [ -97.524987416031706, 18.317863347776949, 1603.0 ], [ -97.524993756018802, 18.31786358769768, 1603.0 ], [ -97.525002209334914, 18.317860512511711, 1603.0 ], [ -97.525008020989759, 18.317863319743303, 1603.0 ], [ -97.525009252792032, 18.317870384222768, 1603.0 ], [ -97.525007662510504, 18.317875430279546, 1603.0 ], [ -97.525002087207866, 18.317882494759022, 1603.0 ], [ -97.52499819366389, 18.31789864214068, 1603.0 ], [ -97.525000096005897, 18.317901451388028, 1603.0 ], [ -97.525010662651042, 18.317905087959776, 1603.0 ], [ -97.525021229296186, 18.31789949015856, 1603.0 ], [ -97.525032852605847, 18.317899411457542, 1603.0 ], [ -97.525048702573571, 18.317905005117531, 1603.0 ], [ -97.52505926921873, 18.317906753914965, 1603.0 ], [ -97.52506026457506, 18.317909743465581, 1603.0 ], [ -97.525058318220658, 18.317913780310999, 1603.0 ], [ -97.525058872969538, 18.317924881635893, 1603.0 ], [ -97.525056099225182, 18.317927095389827, 1603.0 ], [ -97.525047645909055, 18.317925732539578, 1603.0 ], [ -97.525044044160126, 18.317923872424533, 1603.0 ], [ -97.525042448520054, 18.317918826367759, 1603.0 ], [ -97.525040249257458, 18.317917175353799, 1603.0 ], [ -97.525036022599394, 18.31792267883803, 1603.0 ], [ -97.525025455954236, 18.317929702747957, 1603.0 ], [ -97.525013832644589, 18.317921701292214, 1603.0 ], [ -97.52500326599943, 18.317920384708824, 1603.0 ], [ -97.524999039341381, 18.317916691302543, 1603.0 ], [ -97.524992699354286, 18.317918616501188, 1603.0 ], [ -97.524989529360738, 18.317917081115048, 1603.0 ], [ -97.524989061810075, 18.317911761888286, 1603.0 ], [ -97.524990884120982, 18.317906715831526, 1603.0 ], [ -97.524989667344428, 18.317904697408807, 1603.0 ], [ -97.524986359367205, 18.317904464334585, 1603.0 ], [ -97.524984263035449, 18.31790671583153, 1603.0 ], [ -97.524988329535233, 18.317912771099635, 1603.0 ], [ -97.524985419300151, 18.31791680794506, 1603.0 ], [ -97.524989216955575, 18.317920844790471, 1603.0 ], [ -97.524986359367205, 18.31792284581298, 1603.0 ], [ -97.524983189373657, 18.317918577428959, 1603.0 ], [ -97.524977906051078, 18.317917860285107, 1603.0 ], [ -97.52497473605753, 18.317909720463607, 1603.0 ], [ -97.524966390364654, 18.317905706620159, 1603.0 ], [ -97.524965226076901, 18.317895216377373, 1603.0 ], [ -97.524963112747869, 18.317893683084893, 1603.0 ], [ -97.524958886089806, 18.317895413918031, 1603.0 ], [ -97.524945149451113, 18.317892997211242, 1603.0 ], [ -97.524939089994433, 18.317884513181735, 1603.0 ], [ -97.524937752799516, 18.317873333336962, 1603.0 ], [ -97.524934582805969, 18.317871368918869, 1603.0 ], [ -97.52492507282534, 18.317870471291986, 1603.0 ], [ -97.524922856177994, 18.317868365800066, 1603.0 ], [ -97.524917134207087, 18.317847172361635, 1603.0 ], [ -97.524922799589447, 18.317835061825388, 1603.0 ], [ -97.524910279522132, 18.317809757953214, 1603.0 ], [ -97.524899668618772, 18.317803776273408, 1603.0 ], [ -97.524889146231828, 18.317794620541545, 1603.0 ], [ -97.524876466257652, 18.31779278903328, 1603.0 ], [ -97.524861672954444, 18.317786422948053, 1603.0 ], [ -97.524843709657688, 18.317783638523178, 1603.0 ], [ -97.524838426335108, 18.317777661920424, 1603.0 ], [ -97.524827859689964, 18.317788148230441, 1603.0 ], [ -97.5248236330319, 18.317784429144119, 1603.0 ], [ -97.524821519702868, 18.317789991923213, 1603.0 ], [ -97.524817293044819, 18.317788245632023, 1603.0 ], [ -97.524809896393208, 18.317789745432226, 1603.0 ], [ -97.52480770779492, 18.317791665737168, 1603.0 ], [ -97.524806740974356, 18.317797721005288, 1603.0 ], [ -97.524803071770521, 18.317801757850699, 1603.0 ], [ -97.524803624823249, 18.317807813118829, 1603.0 ], [ -97.524800386412579, 18.317809874259481, 1603.0 ], [ -97.524794046425484, 18.317808387325286, 1603.0 ], [ -97.524788763102919, 18.31781236312256, 1603.0 ], [ -97.524788481325714, 18.317802767062062, 1603.0 ], [ -97.524782423115823, 18.317800672948501, 1603.0 ], [ -97.524779816676684, 18.317796711793935, 1603.0 ], [ -97.524780179985399, 18.317792674948521, 1603.0 ], [ -97.524785042408197, 18.317783592046339, 1603.0 ], [ -97.524779907094526, 18.31777652756686, 1603.0 ], [ -97.524785593109371, 18.317771335208299, 1603.0 ], [ -97.524797216419032, 18.317772135353007, 1603.0 ], [ -97.524802499741611, 18.317770548859588, 1603.0 ], [ -97.524804349844601, 18.317766435453322, 1603.0 ], [ -97.52480341876732, 18.317761389396548, 1603.0 ], [ -97.52479510309, 18.31775321813268, 1603.0 ], [ -97.524788763102919, 18.317754148781123, 1603.0 ], [ -97.524782423115823, 18.317760064431937, 1603.0 ], [ -97.524763403154552, 18.317749643297738, 1603.0 ], [ -97.524758119831986, 18.317751282656761, 1603.0 ], [ -97.524752836509407, 18.317755496033996, 1603.0 ], [ -97.524735929877167, 18.317760477490268, 1603.0 ], [ -97.524713739922348, 18.317761297050417, 1603.0 ], [ -97.524704229941719, 18.317769594107805, 1603.0 ], [ -97.524686266644963, 18.317776382492731, 1603.0 ], [ -97.524674634529759, 18.31778661968039, 1603.0 ], [ -97.524670168980322, 18.317798730216648, 1603.0 ], [ -97.524669031625763, 18.317810840752895, 1603.0 ], [ -97.524670164560803, 18.317826988134552, 1603.0 ], [ -97.524673578217474, 18.317841117093515, 1603.0 ], [ -97.524676756664334, 18.317845730631131, 1603.0 ], [ -97.524688379973995, 18.317843832014198, 1603.0 ], [ -97.524691549967542, 18.317844201852743, 1603.0 ], [ -97.524693932097193, 18.317847172361638, 1603.0 ], [ -97.524693717345912, 18.317852218418409, 1603.0 ], [ -97.524687323309479, 18.317858099015336, 1603.0 ], [ -97.524675699999818, 18.317845599179233, 1603.0 ], [ -97.52467252271893, 18.317848181572987, 1603.0 ], [ -97.524671473341755, 18.317855418356849, 1603.0 ], [ -97.524667246683705, 18.317855938896621, 1603.0 ], [ -97.524658793367578, 18.317853804915266, 1603.0 ], [ -97.52464928338695, 18.317859537558693, 1603.0 ], [ -97.524629206761162, 18.317860540364435, 1603.0 ], [ -97.524614413457954, 18.317856424749692, 1603.0 ], [ -97.52459328016765, 18.317841096068275, 1603.0 ], [ -97.52458165685799, 18.317836898408213, 1603.0 ], [ -97.524549956922542, 18.317837160985004, 1603.0 ], [ -97.524546299237684, 18.317841117093511, 1603.0 ], [ -97.524550545635634, 18.317845153938926, 1603.0 ], [ -97.524549890881019, 18.317848181572998, 1603.0 ], [ -97.52454784359351, 18.317848788266524, 1603.0 ], [ -97.52454272283471, 18.317844144727577, 1603.0 ], [ -97.524537276948365, 18.317844298912647, 1603.0 ], [ -97.524529880296768, 18.317840554264105, 1603.0 ], [ -97.524526446137088, 18.317841117093511, 1603.0 ], [ -97.524523540309673, 18.317845994948392, 1603.0 ], [ -97.524520370316125, 18.317847220419317, 1603.0 ], [ -97.524523903538096, 18.317842126304864, 1603.0 ], [ -97.524523570500094, 18.317840107882159, 1603.0 ], [ -97.524511917000012, 18.317834771035677, 1603.0 ], [ -97.524502407019369, 18.317835359625452, 1603.0 ], [ -97.524489727045193, 18.317831781888483, 1603.0 ], [ -97.52446965041942, 18.317831256257573, 1603.0 ], [ -97.524451687122664, 18.317827710948094, 1603.0 ], [ -97.52443583715494, 18.317827196936904, 1603.0 ], [ -97.524422100516247, 18.317823673155594, 1603.0 ], [ -97.524414703864636, 18.317824113210104, 1603.0 ], [ -97.524409250112299, 18.317818914443727, 1603.0 ], [ -97.524402429890756, 18.317806803907484, 1603.0 ], [ -97.524403968960812, 18.317796711793942, 1603.0 ], [ -97.524411672243829, 18.317790656525816, 1603.0 ], [ -97.52441167150387, 18.317783592046336, 1603.0 ], [ -97.524406250548523, 18.317779332120757, 1603.0 ], [ -97.524398853896912, 18.317778524767824, 1603.0 ], [ -97.524389300116709, 18.317781573623627, 1603.0 ], [ -97.524383885195959, 18.317788638103103, 1603.0 ], [ -97.524383800046294, 18.317798730216644, 1603.0 ], [ -97.524385935859982, 18.317805794696124, 1603.0 ], [ -97.524390762496466, 18.317809831541542, 1603.0 ], [ -97.52438944425846, 18.317814877598309, 1603.0 ], [ -97.524391418109587, 18.317820932866432, 1603.0 ], [ -97.524383003929188, 18.317831402408604, 1603.0 ], [ -97.524376663942107, 18.317828803360342, 1603.0 ], [ -97.524369267289146, 18.317829006557268, 1603.0 ], [ -97.524370218288567, 18.31781891444373, 1603.0 ], [ -97.52436821062598, 18.31781673567902, 1603.0 ], [ -97.524361870638899, 18.317814992044958, 1603.0 ], [ -97.524358566323585, 18.317804785484775, 1603.0 ], [ -97.524352360658256, 18.317800111678086, 1603.0 ], [ -97.524350247329224, 18.317801269522629, 1603.0 ], [ -97.524349308575779, 18.317805794696124, 1603.0 ], [ -97.524344964006659, 18.317808606810715, 1603.0 ], [ -97.524340737348595, 18.317807214434129, 1603.0 ], [ -97.524337567355047, 18.317802906380809, 1603.0 ], [ -97.524335373261849, 18.317802767062066, 1603.0 ], [ -97.524331227367966, 18.317806612015175, 1603.0 ], [ -97.52433107082507, 18.317808822330186, 1603.0 ], [ -97.52433483344528, 18.317811849964251, 1603.0 ], [ -97.524335177488481, 18.31781891444372, 1603.0 ], [ -97.524330218733652, 18.31783102497997, 1603.0 ], [ -97.524326353076816, 18.317835061825388, 1603.0 ], [ -97.524325944045387, 18.317838408157769, 1603.0 ], [ -97.524319604058292, 18.317838569858949, 1603.0 ], [ -97.52431326407121, 18.317832669256031, 1603.0 ], [ -97.524306924084115, 18.317833129090438, 1603.0 ], [ -97.524306732985224, 18.31783808945945, 1603.0 ], [ -97.52430164076155, 18.31784656683482, 1603.0 ], [ -97.52428473412931, 18.317856389825337, 1603.0 ], [ -97.524273110819649, 18.317854776247177, 1603.0 ], [ -97.524258317516441, 18.317858459716277, 1603.0 ], [ -97.524253034193862, 18.31785642346571, 1603.0 ], [ -97.524248807535798, 18.317858594799237, 1603.0 ], [ -97.524247726170032, 18.31785625526382, 1603.0 ], [ -97.524248807535798, 18.317853438860041, 1603.0 ], [ -97.524254090858378, 18.317851286838696, 1603.0 ], [ -97.52425824707214, 18.317847172361628, 1603.0 ], [ -97.524256098520951, 18.317842126304861, 1603.0 ], [ -97.52423929755517, 18.317829071667674, 1603.0 ], [ -97.524235070897106, 18.31782773596743, 1603.0 ], [ -97.524226617580993, 18.317829084188908, 1603.0 ], [ -97.524221121596369, 18.317835061825384, 1603.0 ], [ -97.524222488989238, 18.317851209207053, 1603.0 ], [ -97.524209690628282, 18.317853227629755, 1603.0 ], [ -97.524207299267388, 18.317858273686522, 1603.0 ], [ -97.524205810421719, 18.317869375011426, 1603.0 ], [ -97.524212880942301, 18.317875411930249, 1603.0 ], [ -97.524216050935834, 18.31787126223665, 1603.0 ], [ -97.524222442975372, 18.31786735658871, 1603.0 ], [ -97.524220277593898, 18.317859874504538, 1603.0 ], [ -97.524223447587445, 18.317859126268289, 1603.0 ], [ -97.524227674245509, 18.317860512874219, 1603.0 ], [ -97.524229787574527, 18.317858206654044, 1603.0 ], [ -97.524231216304017, 18.317859282897885, 1603.0 ], [ -97.524230459997412, 18.317862310531943, 1603.0 ], [ -97.524236146430624, 18.317872402645481, 1603.0 ], [ -97.524235910809921, 18.317875430279546, 1603.0 ], [ -97.524229787574527, 18.317875542587451, 1603.0 ], [ -97.52422239092293, 18.317872902505652, 1603.0 ], [ -97.52421710760035, 18.317873997448608, 1603.0 ], [ -97.524213937606802, 18.317875487948768, 1603.0 ], [ -97.524209710948753, 18.317884373980156, 1603.0 ], [ -97.524199144303594, 18.317890244391155, 1603.0 ], [ -97.524187520993934, 18.317894816749082, 1603.0 ], [ -97.52417167102621, 18.317894967827502, 1603.0 ], [ -97.524169693166996, 18.317897632929323, 1603.0 ], [ -97.524176954348789, 18.317899851526189, 1603.0 ], [ -97.524177680805636, 18.317901669774741, 1603.0 ], [ -97.524175897684273, 18.317902778182091, 1603.0 ], [ -97.524172727690726, 18.317902788682982, 1603.0 ], [ -97.524169557697178, 18.317899117063675, 1603.0 ], [ -97.524166214479948, 18.317898642140687, 1603.0 ], [ -97.524159105286031, 18.317890568449855, 1603.0 ], [ -97.524155821058486, 18.317891029803615, 1603.0 ], [ -97.524153303710676, 18.317894605295272, 1603.0 ], [ -97.524154695230479, 18.317903688197461, 1603.0 ], [ -97.524147367742373, 18.317906675055298, 1603.0 ], [ -97.524143968430138, 18.317911761888286, 1603.0 ], [ -97.524144872215544, 18.317917817156406, 1603.0 ], [ -97.524142541630397, 18.317919835579119, 1603.0 ], [ -97.524132574439165, 18.317922361305932, 1603.0 ], [ -97.524119894464988, 18.317920326167972, 1603.0 ], [ -97.524107214490797, 18.317921654815372, 1603.0 ], [ -97.524089251194056, 18.317929795337072, 1603.0 ], [ -97.524064947910205, 18.3179450352808, 1603.0 ], [ -97.524055437929576, 18.317947296751221, 1603.0 ], [ -97.524038531297336, 18.317946304440529, 1603.0 ], [ -97.524033185818027, 18.317943047440256, 1603.0 ], [ -97.524027964652191, 18.317935898859833, 1603.0 ], [ -97.524010001355435, 18.317939609814083, 1603.0 ], [ -97.523971961432892, 18.317938696617979, 1603.0 ], [ -97.523944488155507, 18.317940655235564, 1603.0 ], [ -97.523940261484469, 18.317940019806198, 1603.0 ], [ -97.523930751516815, 18.317931014535656, 1603.0 ], [ -97.523922298200702, 18.317930824769412, 1603.0 ], [ -97.523917128092179, 18.317935982960787, 1603.0 ], [ -97.523916874922563, 18.317939010594838, 1603.0 ], [ -97.523925336111176, 18.317947084285674, 1603.0 ], [ -97.523925560884109, 18.317964240878688, 1603.0 ], [ -97.523923354865218, 18.317969514821897, 1603.0 ], [ -97.523918071542639, 18.317974761907056, 1603.0 ], [ -97.523918299131921, 18.317981397471705, 1603.0 ], [ -97.523913844884575, 18.317985381200742, 1603.0 ], [ -97.52390856156201, 18.317986361901088, 1603.0 ], [ -97.523906448236744, 18.317988461951192, 1603.0 ], [ -97.523913844891069, 18.317991489585246, 1603.0 ], [ -97.523914985601948, 18.31799653564201, 1603.0 ], [ -97.523907667461259, 18.318003600121497, 1603.0 ], [ -97.523902221574915, 18.318005116242663, 1603.0 ], [ -97.523896938252335, 18.318002660994267, 1603.0 ], [ -97.523885314942675, 18.317978124955481, 1603.0 ], [ -97.523882144949127, 18.317975224157443, 1603.0 ], [ -97.523876861626562, 18.317974842966056, 1603.0 ], [ -97.523870521639466, 18.317971271926734, 1603.0 ], [ -97.523868799076936, 18.317969286935455, 1603.0 ], [ -97.523868505196589, 18.317963231667338, 1603.0 ], [ -97.523865238316887, 18.317960592673671, 1603.0 ], [ -97.523854671671742, 18.317960480631942, 1603.0 ], [ -97.523817688413729, 18.317949948664953, 1603.0 ], [ -97.523792328465362, 18.317945970673147, 1603.0 ], [ -97.523772251839588, 18.317946873405692, 1603.0 ], [ -97.523760628529914, 18.317949381569417, 1603.0 ], [ -97.523745835226705, 18.317949277139974, 1603.0 ], [ -97.523698285323533, 18.317937090289906, 1603.0 ], [ -97.52368225158807, 18.317928918481297, 1603.0 ], [ -97.52367812302225, 18.317924881635886, 1603.0 ], [ -97.523671906720182, 18.317911761888286, 1603.0 ], [ -97.52366130206552, 18.317900372217292, 1603.0 ], [ -97.523657075407456, 18.317897822156464, 1603.0 ], [ -97.523651792084891, 18.317899377667601, 1603.0 ], [ -97.523646508762312, 18.317904499524236, 1603.0 ], [ -97.523644559107964, 18.317912771099639, 1603.0 ], [ -97.523641225439732, 18.317917807164211, 1603.0 ], [ -97.523631715459103, 18.317914874211411, 1603.0 ], [ -97.523623018297329, 18.317896623717974, 1603.0 ], [ -97.523626715445133, 18.317888550027142, 1603.0 ], [ -97.523623262142976, 18.317885658417229, 1603.0 ], [ -97.523621480007307, 18.317886531604437, 1603.0 ], [ -97.523620092149443, 18.317892002592298, 1603.0 ], [ -97.523617978820411, 18.317893138418302, 1603.0 ], [ -97.523615865491379, 18.31788910566036, 1603.0 ], [ -97.523612695497832, 18.317888278513436, 1603.0 ], [ -97.523610591277986, 18.317889559238505, 1603.0 ], [ -97.523608468839768, 18.3178947537087, 1603.0 ], [ -97.523601072188171, 18.317898599377493, 1603.0 ], [ -97.523594732201076, 18.317898890307411, 1603.0 ], [ -97.523592618872044, 18.317908572780407, 1603.0 ], [ -97.523588392213995, 18.317913807586976, 1603.0 ], [ -97.523572542246271, 18.317914746115409, 1603.0 ], [ -97.523568889206089, 18.317916807945057, 1603.0 ], [ -97.523565753977266, 18.317929927692663, 1603.0 ], [ -97.523570610059721, 18.317939010594838, 1603.0 ], [ -97.52357676890432, 18.317942623401869, 1603.0 ], [ -97.523575794310844, 18.317950111919732, 1603.0 ], [ -97.523570428917239, 18.317954228702682, 1603.0 ], [ -97.523550352291451, 18.317954998627346, 1603.0 ], [ -97.523543916243952, 18.317961213244626, 1603.0 ], [ -97.523542785210083, 18.317970296146811, 1603.0 ], [ -97.52354652930299, 18.317975342203582, 1603.0 ], [ -97.523544854333906, 18.317994517219319, 1603.0 ], [ -97.523548176065731, 18.317999563276075, 1603.0 ], [ -97.523546125633388, 18.318001363287372, 1603.0 ], [ -97.523538728981791, 18.318001739662304, 1603.0 ], [ -97.523536664314946, 18.318006627755555, 1603.0 ], [ -97.523534502323727, 18.318007831046014, 1603.0 ], [ -97.523522879014067, 18.318006488922247, 1603.0 ], [ -97.523518652356003, 18.318009037134015, 1603.0 ], [ -97.523514425697954, 18.318009222167177, 1603.0 ], [ -97.523502802388279, 18.318003765565983, 1603.0 ], [ -97.523495262944181, 18.31799754485337, 1603.0 ], [ -97.523489359267515, 18.317984425105777, 1603.0 ], [ -97.523484839091537, 18.31798219421751, 1603.0 ], [ -97.523472159117347, 18.317982141971889, 1603.0 ], [ -97.523449969162542, 18.317990393090746, 1603.0 ], [ -97.523445742504478, 18.317989311813381, 1603.0 ], [ -97.523436232523849, 18.317982380124864, 1603.0 ], [ -97.523426722543206, 18.317979187426591, 1603.0 ], [ -97.523396854159586, 18.317977360626291, 1603.0 ], [ -97.523392332916274, 18.317974332992229, 1603.0 ], [ -97.523386569291645, 18.317965693158445, 1603.0 ], [ -97.523383399298098, 18.317964399186359, 1603.0 ], [ -97.52338022930455, 18.317966156233002, 1603.0 ], [ -97.523378372447496, 18.317971305358167, 1603.0 ], [ -97.523380475040483, 18.31797836983764, 1603.0 ], [ -97.523378027920145, 18.317987452739828, 1603.0 ], [ -97.523369581377523, 18.317996535642017, 1603.0 ], [ -97.523340985275951, 18.318018738291805, 1603.0 ], [ -97.523333736072772, 18.318027821193986, 1603.0 ], [ -97.523323203506706, 18.31804598699836, 1603.0 ], [ -97.523314568864492, 18.318052042266483, 1603.0 ], [ -97.523308376117541, 18.318062134381758, 1603.0 ], [ -97.523303092794961, 18.318064946454381, 1603.0 ], [ -97.523298866136912, 18.318064417848138, 1603.0 ], [ -97.523295696143364, 18.31807001991281, 1603.0 ], [ -97.523293582814333, 18.318070712676537, 1603.0 ], [ -97.523289356156269, 18.318067892597259, 1603.0 ], [ -97.523281857657494, 18.318067180436795, 1603.0 ], [ -97.523280992769045, 18.31806516201409, 1603.0 ], [ -97.523284346783754, 18.31806314359137, 1603.0 ], [ -97.523285238127272, 18.318060115957319, 1603.0 ], [ -97.523280902840156, 18.318056901432264, 1603.0 ], [ -97.523275619517577, 18.318059018218648, 1603.0 ], [ -97.523274562853061, 18.318063383879796, 1603.0 ], [ -97.523271392859527, 18.31806334543365, 1603.0 ], [ -97.523268332706365, 18.318043968575658, 1603.0 ], [ -97.523256599556319, 18.31804524855103, 1603.0 ], [ -97.523253822590419, 18.318043968575658, 1603.0 ], [ -97.523253348951243, 18.318039931730237, 1603.0 ], [ -97.523258577812385, 18.318033876462113, 1603.0 ], [ -97.523259675204812, 18.318027821193983, 1603.0 ], [ -97.523257656220821, 18.318026023968287, 1603.0 ], [ -97.52325131623374, 18.318027607259779, 1603.0 ], [ -97.523245928117987, 18.318031858039404, 1603.0 ], [ -97.523239578606564, 18.318040940941597, 1603.0 ], [ -97.523241106597567, 18.318048005421073, 1603.0 ], [ -97.523238085313864, 18.318057088323254, 1603.0 ], [ -97.523238571061114, 18.318062134380025, 1603.0 ], [ -97.523242067784153, 18.318067180436795, 1603.0 ], [ -97.523242073941447, 18.318080300184395, 1603.0 ], [ -97.523239909675766, 18.318092410720642, 1603.0 ], [ -97.523242691566622, 18.318096447566059, 1603.0 ], [ -97.523242696075854, 18.318102502834186, 1603.0 ], [ -97.52325029569451, 18.318111585736364, 1603.0 ], [ -97.523249285780352, 18.318117641004488, 1603.0 ], [ -97.523240749588595, 18.318126739314486, 1603.0 ], [ -97.523235466266016, 18.318126488178478, 1603.0 ], [ -97.52323166814412, 18.318120668638556, 1603.0 ], [ -97.523232646547996, 18.318115622581782, 1603.0 ], [ -97.523231526299881, 18.31811360415907, 1603.0 ], [ -97.523231825786809, 18.318106539679597, 1603.0 ], [ -97.523236437972585, 18.318103512045532, 1603.0 ], [ -97.523236486493829, 18.318101493622827, 1603.0 ], [ -97.523232296272468, 18.318099486169803, 1603.0 ], [ -97.523224899620871, 18.318102582419634, 1603.0 ], [ -97.523220383519998, 18.31810048441147, 1603.0 ], [ -97.52321750296926, 18.318094720693296, 1603.0 ], [ -97.523214332975712, 18.318097209006957, 1603.0 ], [ -97.523205879659599, 18.318098281376933, 1603.0 ], [ -97.523196369678971, 18.318103379111783, 1603.0 ], [ -97.523191093850457, 18.31811360415907, 1603.0 ], [ -97.523178406383423, 18.318125714695324, 1603.0 ], [ -97.52317833296631, 18.318134797597505, 1603.0 ], [ -97.523181427403387, 18.318140852865632, 1603.0 ], [ -97.523185803033812, 18.318144854668976, 1603.0 ], [ -97.523195313014455, 18.31814468786877, 1603.0 ], [ -97.523196379141638, 18.318139843654269, 1603.0 ], [ -97.523194651316771, 18.318137825231567, 1603.0 ], [ -97.523196151835805, 18.318135806808861, 1603.0 ], [ -97.523204822995083, 18.318135512863808, 1603.0 ], [ -97.523210106317663, 18.31812755592825, 1603.0 ], [ -97.523211816639758, 18.318128742329378, 1603.0 ], [ -97.523212300154455, 18.318133788386149, 1603.0 ], [ -97.523208654855409, 18.31813782523157, 1603.0 ], [ -97.523206936324115, 18.318143265867214, 1603.0 ], [ -97.523197426343472, 18.318146752870469, 1603.0 ], [ -97.523195171677159, 18.318150944979166, 1603.0 ], [ -97.523189749015359, 18.318172138417602, 1603.0 ], [ -97.523191384686086, 18.318188285799263, 1603.0 ], [ -97.523189574924871, 18.318195350278742, 1603.0 ], [ -97.523181374722228, 18.318204433180931, 1603.0 ], [ -97.523162321600154, 18.318238746366958, 1603.0 ], [ -97.523161882335401, 18.318242783212384, 1603.0 ], [ -97.523167423475286, 18.318251866114565, 1603.0 ], [ -97.523165726408038, 18.318253556543581, 1603.0 ], [ -97.523160443085459, 18.318253609297809, 1603.0 ], [ -97.523154103098364, 18.318249726586497, 1603.0 ], [ -97.52315093310483, 18.31824952063263, 1603.0 ], [ -97.523112893182287, 18.318254683193743, 1603.0 ], [ -97.523101269872626, 18.318259842765848, 1603.0 ], [ -97.523095986554154, 18.318264985862164, 1603.0 ], [ -97.523090503317974, 18.318280124032469, 1603.0 ] ] } },
{ "type": "Feature", "properties": { "FID": 35, "elev": 1604.0, "elevation": 1604.0, "ELEVATION": 1604.0, "is_master": false, "tipo": "Ordinaria (1m)" }, "geometry": { "type": "LineString", "coordinates": [ [ -97.523307920301477, 18.318271041130291, 1604.0 ], [ -97.523314716104636, 18.318269617020938, 1604.0 ], [ -97.523316082481159, 18.318267004284866, 1604.0 ], [ -97.523314616149875, 18.318261958228106, 1604.0 ], [ -97.523308376117541, 18.318259664565932, 1604.0 ], [ -97.523300890170347, 18.318263976650812, 1604.0 ], [ -97.523299680199884, 18.31826801349623, 1604.0 ], [ -97.52330203613046, 18.318270241754959, 1604.0 ], [ -97.523307920301477, 18.318271041130291, 1604.0 ] ] } },
{ "type": "Feature", "properties": { "FID": 36, "elev": 1604.0, "elevation": 1604.0, "ELEVATION": 1604.0, "is_master": false, "tipo": "Ordinaria (1m)" }, "geometry": { "type": "LineString", "coordinates": [ [ -97.523318495712317, 18.318254893748623, 1604.0 ], [ -97.523320928654798, 18.318251866114565, 1604.0 ], [ -97.523317886098184, 18.318250591550225, 1604.0 ], [ -97.523315772770047, 18.31825388453727, 1604.0 ], [ -97.523318495712317, 18.318254893748623, 1604.0 ] ] } },
{ "type": "Feature", "properties": { "FID": 37, "elev": 1604.0, "elevation": 1604.0, "ELEVATION": 1604.0, "is_master": false, "tipo": "Ordinaria (1m)" }, "geometry": { "type": "LineString", "coordinates": [ [ -97.523356241442954, 18.318214525294469, 1604.0 ], [ -97.523359196648968, 18.318213516083112, 1604.0 ], [ -97.523362557088973, 18.318208470026345, 1604.0 ], [ -97.523360373584239, 18.318198377912804, 1604.0 ], [ -97.523356982685229, 18.318195495673599, 1604.0 ], [ -97.523352472531812, 18.318196359490099, 1604.0 ], [ -97.523349972690198, 18.318206451603636, 1604.0 ], [ -97.523350642698134, 18.318211023534264, 1604.0 ], [ -97.5233537106689, 18.318214525294472, 1604.0 ], [ -97.523356241442954, 18.318214525294469, 1604.0 ] ] } },
{ "type": "Feature", "properties": { "FID": 38, "elev": 1604.0, "elevation": 1604.0, "ELEVATION": 1604.0, "is_master": false, "tipo": "Ordinaria (1m)" }, "geometry": { "type": "LineString", "coordinates": [ [ -97.523382188936935, 18.318204433180927, 1604.0 ], [ -97.523385675673282, 18.318202414758218, 1604.0 ], [ -97.523383399298098, 18.318194922128477, 1604.0 ], [ -97.523371775988437, 18.318195299818175, 1604.0 ], [ -97.523373856501792, 18.3181983779128, 1604.0 ], [ -97.523382188936935, 18.318204433180927, 1604.0 ] ] } },
{ "type": "Feature", "properties": { "FID": 39, "elev": 1603.0, "elevation": 1603.0, "ELEVATION": 1603.0, "is_master": false, "tipo": "Ordinaria (1m)" }, "geometry": { "type": "LineString", "coordinates": [ [ -97.523134083589582, 18.318190304221972, 1603.0 ], [ -97.52313819626977, 18.318186267376554, 1603.0 ], [ -97.523136139801622, 18.318185434532239, 1603.0 ], [ -97.523130849705552, 18.318188285799259, 1603.0 ], [ -97.523130856479042, 18.318190316410522, 1603.0 ], [ -97.523134083589582, 18.318190304221972, 1603.0 ] ] } },
{ "type": "Feature", "properties": { "FID": 40, "elev": 1603.0, "elevation": 1603.0, "ELEVATION": 1603.0, "is_master": false, "tipo": "Ordinaria (1m)" }, "geometry": { "type": "LineString", "coordinates": [ [ -97.523103100726985, 18.318188285799256, 1603.0 ], [ -97.523104402882907, 18.318187276587913, 1603.0 ], [ -97.523103383201658, 18.318185407519948, 1603.0 ], [ -97.523099446040717, 18.31818727658791, 1603.0 ], [ -97.52310021320811, 18.318188860273423, 1603.0 ], [ -97.523103100726985, 18.318188285799256, 1603.0 ] ] } },
{ "type": "Feature", "properties": { "FID": 41, "elev": 1604.0, "elevation": 1604.0, "ELEVATION": 1604.0, "is_master": false, "tipo": "Ordinaria (1m)" }, "geometry": { "type": "LineString", "coordinates": [ [ -97.523320015198323, 18.31818122131979, 1604.0 ], [ -97.523322112756233, 18.318180957002529, 1604.0 ], [ -97.523323228386403, 18.318177184474372, 1604.0 ], [ -97.523315772769152, 18.318171396297711, 1604.0 ], [ -97.523314716104636, 18.318176390384384, 1604.0 ], [ -97.523320015198323, 18.31818122131979, 1604.0 ] ] } },
{ "type": "Feature", "properties": { "FID": 42, "elev": 1604.0, "elevation": 1604.0, "ELEVATION": 1604.0, "is_master": false, "tipo": "Ordinaria (1m)" }, "geometry": { "type": "LineString", "coordinates": [ [ -97.523402438827233, 18.318165073938129, 1604.0 ], [ -97.523408995813142, 18.318169110783536, 1604.0 ], [ -97.523417212562578, 18.318179351310512, 1604.0 ], [ -97.523421439220641, 18.31817924221701, 1604.0 ], [ -97.52342568639645, 18.318176175263016, 1604.0 ], [ -97.523430082072991, 18.318168101572187, 1604.0 ], [ -97.523432238099744, 18.318158009458649, 1604.0 ], [ -97.523431348301173, 18.318148926556464, 1604.0 ], [ -97.523433062530302, 18.318145933923955, 1604.0 ], [ -97.523437289188365, 18.318144915015754, 1604.0 ], [ -97.523441515846415, 18.318147269858251, 1604.0 ], [ -97.523446799168994, 18.318145678157421, 1604.0 ], [ -97.52344785583351, 18.318146747155257, 1604.0 ], [ -97.523452082491573, 18.318143694183739, 1604.0 ], [ -97.523455252485107, 18.318143516521829, 1604.0 ], [ -97.523461592472202, 18.318150998660627, 1604.0 ], [ -97.523473215781863, 18.318155565304593, 1604.0 ], [ -97.52347638577541, 18.318154533286204, 1604.0 ], [ -97.523477587019926, 18.318152963401879, 1604.0 ], [ -97.52347638934522, 18.318143880499694, 1604.0 ], [ -97.523469469425862, 18.318142871288337, 1604.0 ], [ -97.523465266224406, 18.318138834442923, 1604.0 ], [ -97.523465977929561, 18.318127733118029, 1604.0 ], [ -97.523461731304039, 18.318118650215844, 1604.0 ], [ -97.523465225690387, 18.318110576525012, 1604.0 ], [ -97.523462649136718, 18.31810616261162, 1604.0 ], [ -97.523455252485107, 18.318101297235753, 1604.0 ], [ -97.523451025827057, 18.318108841943001, 1604.0 ], [ -97.523440459181899, 18.318113808728945, 1604.0 ], [ -97.523411929239998, 18.318115521956603, 1604.0 ], [ -97.523400305930338, 18.318120620959274, 1604.0 ], [ -97.523389739285193, 18.318128927564384, 1604.0 ], [ -97.523382342633582, 18.318125707408591, 1604.0 ], [ -97.523381285969066, 18.318140196406652, 1604.0 ], [ -97.523386685021563, 18.318143880499694, 1604.0 ], [ -97.523391852614225, 18.318159262137328, 1604.0 ], [ -97.523398192601306, 18.318160007610253, 1604.0 ], [ -97.523402438827233, 18.318165073938129, 1604.0 ] ] } },
{ "type": "Feature", "properties": { "FID": 43, "elev": 1604.0, "elevation": 1604.0, "ELEVATION": 1604.0, "is_master": false, "tipo": "Ordinaria (1m)" }, "geometry": { "type": "LineString", "coordinates": [ [ -97.523340164428561, 18.318160027881348, 1604.0 ], [ -97.52334273513182, 18.318155991035933, 1604.0 ], [ -97.52334201269386, 18.31815094497917, 1604.0 ], [ -97.52333555229562, 18.31815094497917, 1604.0 ], [ -97.523332386006018, 18.318154981824588, 1604.0 ], [ -97.523332541275309, 18.318158009458649, 1604.0 ], [ -97.52333479273041, 18.318160183388766, 1604.0 ], [ -97.523340164428561, 18.318160027881348, 1604.0 ] ] } },
{ "type": "Feature", "properties": { "FID": 44, "elev": 1602.0, "elevation": 1602.0, "ELEVATION": 1602.0, "is_master": false, "tipo": "Ordinaria (1m)" }, "geometry": { "type": "LineString", "coordinates": [ [ -97.523056365487179, 18.317936992172132, 1602.0 ], [ -97.523057946627517, 18.31793730996635, 1602.0 ], [ -97.523058644780846, 18.31793699217214, 1602.0 ] ] } },
{ "type": "Feature", "properties": { "FID": 45, "elev": 1601.0, "elevation": 1601.0, "ELEVATION": 1601.0, "is_master": false, "tipo": "Ordinaria (1m)" }, "geometry": { "type": "LineString", "coordinates": [ [ -97.523011805610366, 18.317944056651612, 1601.0 ], [ -97.523011453388861, 18.317944233263599, 1601.0 ], [ -97.523010444754547, 18.317944056651612, 1601.0 ] ] } },
{ "type": "Feature", "properties": { "FID": 46, "elev": 1602.0, "elevation": 1602.0, "ELEVATION": 1602.0, "is_master": false, "tipo": "Ordinaria (1m)" }, "geometry": { "type": "LineString", "coordinates": [ [ -97.523011453388861, 18.317999705654444, 1602.0 ], [ -97.523016449902485, 18.317996535642013, 1602.0 ], [ -97.523018006305819, 18.317989471162544, 1602.0 ], [ -97.523013566717893, 18.317982057819876, 1602.0 ], [ -97.523010396724345, 18.317980871840792, 1602.0 ], [ -97.523006170066282, 18.317982352714548, 1602.0 ] ] } },
{ "type": "Feature", "properties": { "FID": 47, "elev": 1603.0, "elevation": 1603.0, "ELEVATION": 1603.0, "is_master": false, "tipo": "Ordinaria (1m)" }, "geometry": { "type": "LineString", "coordinates": [ [ -97.523147255912306, 18.318149935767821, 1603.0 ], [ -97.523146465453109, 18.318149935767813, 1603.0 ], [ -97.523146706446767, 18.318150310617749, 1603.0 ], [ -97.523147255912306, 18.318149935767821, 1603.0 ] ] } },
{ "type": "Feature", "properties": { "FID": 48, "elev": 1603.0, "elevation": 1603.0, "ELEVATION": 1603.0, "is_master": false, "tipo": "Ordinaria (1m)" }, "geometry": { "type": "LineString", "coordinates": [ [ -97.523151250104178, 18.318146908133752, 1603.0 ], [ -97.523152237538952, 18.318145898922403, 1603.0 ], [ -97.523149876440314, 18.318144184865027, 1603.0 ], [ -97.523149340103018, 18.318145898922399, 1603.0 ], [ -97.523151250104178, 18.318146908133752, 1603.0 ] ] } },
{ "type": "Feature", "properties": { "FID": 49, "elev": 1603.0, "elevation": 1603.0, "ELEVATION": 1603.0, "is_master": false, "tipo": "Ordinaria (1m)" }, "geometry": { "type": "LineString", "coordinates": [ [ -97.523220672962807, 18.31812692035621, 1603.0 ], [ -97.523216446304744, 18.318126783531849, 1603.0 ], [ -97.523216438038787, 18.318124705483964, 1603.0 ], [ -97.523223413003208, 18.318123696272615, 1603.0 ], [ -97.523224915160057, 18.31812571469532, 1603.0 ], [ -97.523220672962807, 18.31812692035621, 1603.0 ] ] } },
{ "type": "Feature", "properties": { "FID": 50, "elev": 1603.0, "elevation": 1603.0, "ELEVATION": 1603.0, "is_master": false, "tipo": "Ordinaria (1m)" }, "geometry": { "type": "LineString", "coordinates": [ [ -97.52313003670686, 18.31811461337043, 1603.0 ], [ -97.523133082183506, 18.318111585736368, 1603.0 ], [ -97.523133675162384, 18.318107548890953, 1603.0 ], [ -97.523131913143558, 18.31810258958587, 1603.0 ], [ -97.523128743150011, 18.318101697904279, 1603.0 ], [ -97.523124392178474, 18.318104521256888, 1603.0 ], [ -97.52312274758205, 18.318110576525012, 1603.0 ], [ -97.523124516491947, 18.31811473613163, 1603.0 ], [ -97.52313003670686, 18.31811461337043, 1603.0 ] ] } },
{ "type": "Feature", "properties": { "FID": 51, "elev": 1603.0, "elevation": 1603.0, "ELEVATION": 1603.0, "is_master": false, "tipo": "Ordinaria (1m)" }, "geometry": { "type": "LineString", "coordinates": [ [ -97.523235496600876, 18.318081309395744, 1603.0 ], [ -97.523233352936984, 18.318078795769953, 1603.0 ], [ -97.52323159779931, 18.318079290973046, 1603.0 ], [ -97.523232239155476, 18.31808130939574, 1603.0 ], [ -97.523235496600876, 18.318081309395744, 1603.0 ] ] } },
{ "type": "Feature", "properties": { "FID": 52, "elev": 1603.0, "elevation": 1603.0, "ELEVATION": 1603.0, "is_master": false, "tipo": "Ordinaria (1m)" }, "geometry": { "type": "LineString", "coordinates": [ [ -97.523332679401392, 18.318065789013481, 1603.0 ], [ -97.52332893541724, 18.318064152802734, 1603.0 ], [ -97.523332888830382, 18.31806314359137, 1603.0 ], [ -97.523332679401392, 18.318065789013481, 1603.0 ] ] } },
{ "type": "Feature", "properties": { "FID": 53, "elev": 1602.0, "elevation": 1602.0, "ELEVATION": 1602.0, "is_master": false, "tipo": "Ordinaria (1m)" }, "geometry": { "type": "LineString", "coordinates": [ [ -97.523117474577717, 18.318044977787004, 1602.0 ], [ -97.52311935057655, 18.318042959364295, 1602.0 ], [ -97.523118226972414, 18.318038922518884, 1602.0 ], [ -97.523111836517771, 18.318037054792892, 1602.0 ], [ -97.523109529243996, 18.31803993173024, 1602.0 ], [ -97.523111101349059, 18.318043968575651, 1602.0 ], [ -97.523112893182287, 18.31804577100479, 1602.0 ], [ -97.523117474577717, 18.318044977787004, 1602.0 ] ] } },
{ "type": "Feature", "properties": { "FID": 54, "elev": 1602.0, "elevation": 1602.0, "ELEVATION": 1602.0, "is_master": false, "tipo": "Ordinaria (1m)" }, "geometry": { "type": "LineString", "coordinates": [ [ -97.523087374369879, 18.318031858039401, 1602.0 ], [ -97.523098897768605, 18.318029839616699, 1602.0 ], [ -97.523101130198583, 18.318027821193983, 1602.0 ], [ -97.52310015177413, 18.31802176592587, 1602.0 ], [ -97.523094929885531, 18.318018522607087, 1602.0 ], [ -97.523073796595241, 18.318018507749347, 1602.0 ], [ -97.523064286614598, 18.318021681152121, 1602.0 ], [ -97.523060979579242, 18.318024793559935, 1602.0 ], [ -97.523060954183507, 18.318027821193986, 1602.0 ], [ -97.523063229950083, 18.318030547224659, 1602.0 ], [ -97.523075909924259, 18.318030126936655, 1602.0 ], [ -97.523081193246838, 18.318032131280859, 1602.0 ], [ -97.523087374369879, 18.318031858039401, 1602.0 ] ] } },
{ "type": "Feature", "properties": { "FID": 55, "elev": 1607.0, "elevation": 1607.0, "ELEVATION": 1607.0, "is_master": false, "tipo": "Ordinaria (1m)" }, "geometry": { "type": "LineString", "coordinates": [ [ -97.52412523490456, 18.319368053872019, 1607.0 ], [ -97.524125026835478, 18.319368053872019, 1607.0 ], [ -97.524125177787553, 18.31936807655093, 1607.0 ], [ -97.52412523490456, 18.319368053872019, 1607.0 ] ] } },
{ "type": "Feature", "properties": { "FID": 56, "elev": 1607.0, "elevation": 1607.0, "ELEVATION": 1607.0, "is_master": false, "tipo": "Ordinaria (1m)" }, "geometry": { "type": "LineString", "coordinates": [ [ -97.524126968744369, 18.31936704466067, 1607.0 ], [ -97.524125500159784, 18.319367044660666, 1607.0 ], [ -97.524126234452069, 18.319367589103631, 1607.0 ], [ -97.524126968744369, 18.31936704466067, 1607.0 ] ] } },
{ "type": "Feature", "properties": { "FID": 57, "elev": 1605.0, "elevation": 1605.0, "ELEVATION": 1605.0, "is_master": true, "tipo": "Maestra (5m)" }, "geometry": { "type": "LineString", "coordinates": [ [ -97.524532666048671, 18.31932263936109, 1605.0 ], [ -97.524533050290302, 18.319321593890649, 1605.0 ], [ -97.524535163619333, 18.319321638223421, 1605.0 ] ] } },
{ "type": "Feature", "properties": { "FID": 58, "elev": 1606.0, "elevation": 1606.0, "ELEVATION": 1606.0, "is_master": false, "tipo": "Ordinaria (1m)" }, "geometry": { "type": "LineString", "coordinates": [ [ -97.524658920167326, 18.319300436711313, 1606.0 ], [ -97.524652453380497, 18.319294717846969, 1606.0 ], [ -97.524648700163027, 18.319298418288589, 1606.0 ], [ -97.524649543724578, 18.319302455134014, 1606.0 ] ] } },
{ "type": "Feature", "properties": { "FID": 59, "elev": 1606.0, "elevation": 1606.0, "ELEVATION": 1606.0, "is_master": false, "tipo": "Ordinaria (1m)" }, "geometry": { "type": "LineString", "coordinates": [ [ -97.524718192160478, 18.319290344597761, 1606.0 ], [ -97.52474438319328, 18.319274299501039, 1606.0 ], [ -97.524751831811997, 18.319266123525267, 1606.0 ], [ -97.52475189156273, 18.319258049834431, 1606.0 ], [ -97.524748423057972, 18.31924997614361, 1606.0 ], [ -97.524747653089662, 18.319237865607356, 1606.0 ], [ -97.524754029162054, 18.319220709014353, 1606.0 ], [ -97.524754493233402, 18.319211626112157, 1606.0 ], [ -97.52475297792175, 18.319199515575903, 1606.0 ], [ -97.524749686023512, 18.319191441885074, 1606.0 ], [ -97.524741213199746, 18.319180414533797, 1606.0 ], [ -97.524733816548135, 18.31917558234187, 1606.0 ], [ -97.524724306567506, 18.319172146963052, 1606.0 ], [ -97.524701059948171, 18.319170466935695, 1606.0 ], [ -97.524678869993366, 18.319166007249372, 1606.0 ], [ -97.524655623374031, 18.319165973421249, 1606.0 ], [ -97.524646113393402, 18.319168196005577, 1606.0 ], [ -97.524626036767614, 18.319176275616083, 1606.0 ], [ -97.524617583451501, 18.3191827481559, 1606.0 ], [ -97.524611175429669, 18.319190432673729, 1606.0 ], [ -97.524598250849806, 18.319222727437047, 1606.0 ], [ -97.524599575154838, 18.319229791916538, 1606.0 ], [ -97.524603065799909, 18.319235847184657, 1606.0 ], [ -97.524604114617588, 18.319244930086835, 1606.0 ], [ -97.524604450244667, 18.319254012989024, 1606.0 ], [ -97.524601762673399, 18.31926208667986, 1606.0 ], [ -97.524597506825714, 18.319261667761936, 1606.0 ], [ -97.524587996845085, 18.319254412491446, 1606.0 ], [ -97.524579543528958, 18.319257363886095, 1606.0 ], [ -97.524576131551171, 18.319257040623082, 1606.0 ], [ -97.524572987160056, 18.319254012989024, 1606.0 ], [ -97.524575319429417, 18.31924997614361, 1606.0 ], [ -97.524575250570379, 18.319247957720904, 1606.0 ], [ -97.524573203541877, 18.319246870877908, 1606.0 ], [ -97.524567970536651, 18.31925401298902, 1606.0 ], [ -97.524562822820101, 18.319256031411733, 1606.0 ], [ -97.524563293742233, 18.319264105102565, 1606.0 ], [ -97.524558684582047, 18.319270160370682, 1606.0 ], [ -97.524561031023595, 18.319272178793394, 1606.0 ], [ -97.524575316870909, 18.319276362695327, 1606.0 ], [ -97.524603846812809, 18.31927592325048, 1606.0 ], [ -97.524613356793438, 18.319277857665675, 1606.0 ], [ -97.524637660077289, 18.319272058191647, 1606.0 ], [ -97.52464928338695, 18.319271382140045, 1606.0 ], [ -97.524655623374031, 18.319267141531494, 1606.0 ], [ -97.52466619001919, 18.319267068293005, 1606.0 ], [ -97.524669471365272, 18.319270160370682, 1606.0 ], [ -97.524676253371524, 18.319284289329644, 1606.0 ], [ -97.524671473341755, 18.319292140166226, 1606.0 ], [ -97.524670296297742, 18.319298418288593, 1606.0 ] ] } },
{ "type": "Feature", "properties": { "FID": 60, "elev": 1606.0, "elevation": 1606.0, "ELEVATION": 1606.0, "is_master": false, "tipo": "Ordinaria (1m)" }, "geometry": { "type": "LineString", "coordinates": [ [ -97.524373277017432, 18.319323648572453, 1606.0 ], [ -97.524375708577651, 18.319322639361094, 1606.0 ], [ -97.524376974345387, 18.319318602515672, 1606.0 ], [ -97.524373493948559, 18.319314406062624, 1606.0 ], [ -97.52436821062598, 18.319313534909913, 1606.0 ], [ -97.524366118536435, 18.319316584092967, 1606.0 ], [ -97.524366618391781, 18.319318602515676, 1606.0 ], [ -97.524370323955011, 18.319323183457648, 1606.0 ], [ -97.524373277017432, 18.319323648572453, 1606.0 ] ] } },
{ "type": "Feature", "properties": { "FID": 61, "elev": 1605.0, "elevation": 1605.0, "ELEVATION": 1605.0, "is_master": true, "tipo": "Maestra (5m)" }, "geometry": { "type": "LineString", "coordinates": [ [ -97.524431610496876, 18.319309151171243, 1605.0 ], [ -97.524427383838812, 18.319308659302173, 1605.0 ], [ -97.524425185976625, 18.319306491979418, 1605.0 ], [ -97.524420773542204, 18.319295390654538, 1605.0 ], [ -97.524422100516247, 18.319289578989146, 1605.0 ], [ -97.524428788977801, 18.319289335386411, 1605.0 ], [ -97.524432886690036, 18.319294381443186, 1605.0 ], [ -97.524434535193308, 18.319305482768076, 1605.0 ], [ -97.524431610496876, 18.319309151171243, 1605.0 ] ] } },
{ "type": "Feature", "properties": { "FID": 62, "elev": 1608.0, "elevation": 1608.0, "ELEVATION": 1608.0, "is_master": false, "tipo": "Ordinaria (1m)" }, "geometry": { "type": "LineString", "coordinates": [ [ -97.523687103145662, 18.319308510402138, 1608.0 ], [ -97.523694283206694, 18.319302455134014, 1608.0 ], [ -97.523694083824154, 18.319298418288589, 1608.0 ], [ -97.523691143289895, 18.319295390654538, 1608.0 ], [ -97.523680322026792, 18.319294105157184, 1608.0 ], [ -97.523673874125024, 18.319297409077247, 1608.0 ], [ -97.523672401802671, 18.319301445922655, 1608.0 ], [ -97.523674438975704, 18.319306491979425, 1608.0 ], [ -97.523677152033244, 18.319308374022224, 1608.0 ], [ -97.523687103145662, 18.319308510402138, 1608.0 ] ] } },
{ "type": "Feature", "properties": { "FID": 63, "elev": 1605.0, "elevation": 1605.0, "ELEVATION": 1605.0, "is_master": true, "tipo": "Maestra (5m)" }, "geometry": { "type": "LineString", "coordinates": [ [ -97.524577430199926, 18.319299075397321, 1605.0 ], [ -97.52457528261921, 18.319298418288593, 1605.0 ], [ -97.524576373535425, 18.319295033147931, 1605.0 ], [ -97.524579543528958, 18.319291940726359, 1605.0 ], [ -97.524582713522506, 18.319292474896098, 1605.0 ], [ -97.524583696750881, 18.319295390654538, 1605.0 ], [ -97.524577430199926, 18.319299075397321, 1605.0 ] ] } },
{ "type": "Feature", "properties": { "FID": 64, "elev": 1608.0, "elevation": 1608.0, "ELEVATION": 1608.0, "is_master": false, "tipo": "Ordinaria (1m)" }, "geometry": { "type": "LineString", "coordinates": [ [ -97.523795413925754, 18.319288326175062, 1608.0 ], [ -97.523812405091149, 18.319284089089294, 1608.0 ], [ -97.523819801742746, 18.319278389324804, 1608.0 ], [ -97.523823020430513, 18.319273188004747, 1608.0 ], [ -97.523824277570611, 18.319264105102562, 1608.0 ], [ -97.523823082686064, 18.319260068257144, 1608.0 ], [ -97.523818800692155, 18.31925401298902, 1608.0 ], [ -97.523812405091149, 18.319249988838088, 1608.0 ], [ -97.523801838446005, 18.319248686772639, 1608.0 ], [ -97.523769081846041, 18.319255819957927, 1608.0 ], [ -97.523758425271993, 18.31926208667986, 1608.0 ], [ -97.523751028620396, 18.319272178793394, 1608.0 ], [ -97.523752175226093, 18.31928025248423, 1608.0 ], [ -97.523762741858945, 18.319287468345408, 1608.0 ], [ -97.523775421833122, 18.319289233002657, 1608.0 ], [ -97.523795413925754, 18.319288326175062, 1608.0 ] ] } },
{ "type": "Feature", "properties": { "FID": 65, "elev": 1608.0, "elevation": 1608.0, "ELEVATION": 1608.0, "is_master": false, "tipo": "Ordinaria (1m)" }, "geometry": { "type": "LineString", "coordinates": [ [ -97.52357588386775, 18.319281261695583, 1608.0 ], [ -97.523579292049305, 18.319277224850165, 1608.0 ], [ -97.523578814915822, 18.319275206427452, 1608.0 ], [ -97.523575712239818, 18.319273731019994, 1608.0 ], [ -97.523573598910787, 18.319274473137185, 1608.0 ], [ -97.523572444718795, 18.319277224850161, 1608.0 ], [ -97.523572857811232, 18.31928025248423, 1608.0 ], [ -97.52357588386775, 18.319281261695583, 1608.0 ] ] } },
{ "type": "Feature", "properties": { "FID": 66, "elev": 1605.0, "elevation": 1605.0, "ELEVATION": 1605.0, "is_master": true, "tipo": "Maestra (5m)" }, "geometry": { "type": "LineString", "coordinates": [ [ -97.524394627238863, 18.319279422688222, 1605.0 ], [ -97.524391641013054, 18.319278234061521, 1605.0 ], [ -97.524394175504952, 18.319270160370685, 1605.0 ], [ -97.5243906969623, 18.319264105102565, 1605.0 ], [ -97.524393570574347, 18.319253945708265, 1605.0 ], [ -97.524395683903364, 18.319252504168084, 1605.0 ], [ -97.52440202389046, 18.319255779108893, 1605.0 ], [ -97.524406250548523, 18.31925408339912, 1605.0 ], [ -97.524410477206573, 18.319254952599596, 1605.0 ], [ -97.52441364720012, 18.319253228046858, 1605.0 ], [ -97.524416817193668, 18.319247999337868, 1605.0 ], [ -97.524423192402907, 18.31924997614361, 1605.0 ], [ -97.524424304158472, 18.319253003777664, 1605.0 ], [ -97.52441885192782, 18.319260068257144, 1605.0 ], [ -97.524415663069803, 18.31926814194798, 1605.0 ], [ -97.524416346886341, 18.319277224850161, 1605.0 ], [ -97.524411533871088, 18.319278307767966, 1605.0 ], [ -97.52440202389046, 18.319274821269502, 1605.0 ], [ -97.524394627238863, 18.319279422688222, 1605.0 ] ] } },
{ "type": "Feature", "properties": { "FID": 67, "elev": 1607.0, "elevation": 1607.0, "ELEVATION": 1607.0, "is_master": false, "tipo": "Ordinaria (1m)" }, "geometry": { "type": "LineString", "coordinates": [ [ -97.523990981394164, 18.31927824779229, 1607.0 ], [ -97.52398847181594, 18.319275206427456, 1607.0 ], [ -97.523990981394164, 18.319271596556071, 1607.0 ], [ -97.523993308731193, 18.319274197216107, 1607.0 ], [ -97.523992776587647, 18.319277224850161, 1607.0 ], [ -97.523990981394164, 18.31927824779229, 1607.0 ] ] } },
{ "type": "Feature", "properties": { "FID": 68, "elev": 1607.0, "elevation": 1607.0, "ELEVATION": 1607.0, "is_master": false, "tipo": "Ordinaria (1m)" }, "geometry": { "type": "LineString", "coordinates": [ [ -97.523567258923691, 18.319278284745696, 1607.0 ], [ -97.523565145594659, 18.319278802631295, 1607.0 ], [ -97.523563325180845, 18.319276215638812, 1607.0 ], [ -97.523565145594659, 18.319274902281574, 1607.0 ], [ -97.523567258923691, 18.319275858089647, 1607.0 ], [ -97.523567258923691, 18.319278284745696, 1607.0 ] ] } },
{ "type": "Feature", "properties": { "FID": 69, "elev": 1606.0, "elevation": 1606.0, "ELEVATION": 1606.0, "is_master": false, "tipo": "Ordinaria (1m)" }, "geometry": { "type": "LineString", "coordinates": [ [ -97.524805345604932, 18.319269151159332, 1606.0 ], [ -97.524805764470585, 18.319264105102562, 1606.0 ], [ -97.524802499741611, 18.319261389303467, 1606.0 ], [ -97.524799738648895, 18.319267132736631, 1606.0 ], [ -97.524802499741611, 18.319269643845189, 1606.0 ], [ -97.524805345604932, 18.319269151159332, 1606.0 ] ] } },
{ "type": "Feature", "properties": { "FID": 70, "elev": 1607.0, "elevation": 1607.0, "ELEVATION": 1607.0, "is_master": false, "tipo": "Ordinaria (1m)" }, "geometry": { "type": "LineString", "coordinates": [ [ -97.524697819510337, 18.319268141947973, 1607.0 ], [ -97.524704229941719, 18.319266304186566, 1607.0 ], [ -97.524711679582396, 18.319260068257144, 1607.0 ], [ -97.524742129259707, 18.319215662957575, 1607.0 ], [ -97.524743444242489, 18.319204561632684, 1607.0 ], [ -97.524740117399503, 18.319198506364554, 1607.0 ], [ -97.524733816548135, 18.31919351419771, 1607.0 ], [ -97.524725363232022, 18.319190160492479, 1607.0 ], [ -97.524716909915895, 18.319189545026468, 1607.0 ], [ -97.524702116612687, 18.319191585721278, 1607.0 ], [ -97.524669360012723, 18.319180056616307, 1607.0 ], [ -97.524650340051465, 18.319181286836312, 1607.0 ], [ -97.524634490083741, 18.319189308218004, 1607.0 ], [ -97.524623941098724, 18.31920052478727, 1607.0 ], [ -97.524611044422571, 18.319220709014346, 1607.0 ], [ -97.524610997516632, 18.319229791916531, 1607.0 ], [ -97.524618687128637, 18.319256031411733, 1607.0 ], [ -97.524621810109565, 18.319260761452817, 1607.0 ], [ -97.524628150096646, 18.319264305024188, 1607.0 ], [ -97.524642943399854, 18.319265975434476, 1607.0 ], [ -97.524657736703062, 18.3192618869302, 1607.0 ], [ -97.524668303348207, 18.319254742173658, 1607.0 ], [ -97.524674643335302, 18.319254992912501, 1607.0 ], [ -97.524690493303027, 18.319268145006195, 1607.0 ], [ -97.524697819510337, 18.319268141947973, 1607.0 ] ] } },
{ "type": "Feature", "properties": { "FID": 71, "elev": 1605.0, "elevation": 1605.0, "ELEVATION": 1605.0, "is_master": true, "tipo": "Maestra (5m)" }, "geometry": { "type": "LineString", "coordinates": [ [ -97.524481573041768, 18.319263095891202, 1605.0 ], [ -97.524480217064564, 18.319260409269202, 1605.0 ], [ -97.524479680109678, 18.319262086679856, 1605.0 ], [ -97.524481573041768, 18.319263095891202, 1605.0 ] ] } },
{ "type": "Feature", "properties": { "FID": 72, "elev": 1608.0, "elevation": 1608.0, "ELEVATION": 1608.0, "is_master": false, "tipo": "Ordinaria (1m)" }, "geometry": { "type": "LineString", "coordinates": [ [ -97.524642068543798, 18.3192610774685, 1608.0 ], [ -97.524655623374031, 18.319254856949399, 1608.0 ], [ -97.524665133354674, 18.319245901919995, 1608.0 ], [ -97.524679926657882, 18.319240067085115, 1608.0 ], [ -97.524685415379608, 18.319231810339232, 1608.0 ], [ -97.524686528854303, 18.31921869059164, 1608.0 ], [ -97.524683273104131, 18.319207589266746, 1608.0 ], [ -97.524673841317423, 18.319195478730496, 1608.0 ], [ -97.524667246683705, 18.319192365792482, 1608.0 ], [ -97.524654566709515, 18.319192257644843, 1608.0 ], [ -97.524647170057918, 18.319195359999743, 1608.0 ], [ -97.524639652733057, 18.319202543209972, 1608.0 ], [ -97.524633433419226, 18.319212739641031, 1608.0 ], [ -97.524625405637678, 18.319221718225695, 1608.0 ], [ -97.524625527717561, 18.319225755071116, 1608.0 ], [ -97.524622780016358, 18.319231810339236, 1608.0 ], [ -97.52462809552712, 18.319240893241421, 1608.0 ], [ -97.524630085720133, 18.319250985354955, 1608.0 ], [ -97.524635546748257, 18.319259378576657, 1608.0 ], [ -97.524637660077289, 18.319261063896011, 1608.0 ], [ -97.524642068543798, 18.3192610774685, 1608.0 ] ] } },
{ "type": "Feature", "properties": { "FID": 73, "elev": 1605.0, "elevation": 1605.0, "ELEVATION": 1605.0, "is_master": true, "tipo": "Maestra (5m)" }, "geometry": { "type": "LineString", "coordinates": [ [ -97.524432667161392, 18.319249188466454, 1605.0 ], [ -97.524427477073928, 18.319247957720901, 1605.0 ], [ -97.524428550396436, 18.319241902452777, 1605.0 ], [ -97.524422492210846, 18.319235847184654, 1605.0 ], [ -97.524424171578687, 18.319233828761945, 1605.0 ], [ -97.524423993706833, 18.319229791916538, 1605.0 ], [ -97.524412590535604, 18.319222833669826, 1605.0 ], [ -97.524406250548523, 18.319221841300259, 1605.0 ], [ -97.524402974888517, 18.319225755071116, 1605.0 ], [ -97.524404137219491, 18.319232984319793, 1605.0 ], [ -97.524411050503289, 18.319237865607356, 1605.0 ], [ -97.524409420542071, 18.319240499820047, 1605.0 ], [ -97.524404137219491, 18.319238874821952, 1605.0 ], [ -97.524399910561428, 18.31923374591624, 1605.0 ], [ -97.524392513909831, 18.319234192547434, 1605.0 ], [ -97.524388287251767, 18.319230550722057, 1605.0 ], [ -97.52438511725822, 18.319231394781621, 1605.0 ], [ -97.524382236761809, 18.319227773493814, 1605.0 ], [ -97.524383003929188, 18.319221422044102, 1605.0 ], [ -97.524391457245315, 18.319216147379024, 1605.0 ], [ -97.524394627238863, 18.319215432656691, 1605.0 ], [ -97.524400967225944, 18.319218847763892, 1605.0 ], [ -97.524405482065234, 18.319217681380277, 1605.0 ], [ -97.524408418065477, 18.319211626112157, 1605.0 ], [ -97.524412461148117, 18.319193460307783, 1605.0 ], [ -97.524410600074546, 18.319187405039667, 1605.0 ], [ -97.524407307213039, 18.319185519699769, 1605.0 ], [ -97.524403917911755, 18.319180340560187, 1605.0 ], [ -97.524403364288972, 18.319175294503413, 1605.0 ], [ -97.524408281427341, 18.319165202389879, 1605.0 ], [ -97.524407334006426, 18.319161165544458, 1605.0 ], [ -97.524403080554976, 18.319158146233793, 1605.0 ], [ -97.524399910561428, 18.319157896715225, 1605.0 ], [ -97.524392513909831, 18.319161150593178, 1605.0 ], [ -97.524389343916283, 18.319159737879616, 1605.0 ], [ -97.524386968534458, 18.31915611948769, 1605.0 ], [ -97.524387029317822, 18.319152082642276, 1605.0 ], [ -97.524390738049561, 18.3191450181628, 1605.0 ], [ -97.524389909986553, 18.319142999740091, 1605.0 ], [ -97.524386173922736, 18.319137953688397, 1605.0 ], [ -97.524380890600156, 18.319138918040831, 1605.0 ], [ -97.524377894304891, 18.319135935260618, 1605.0 ], [ -97.524376181954779, 18.319130889203844, 1605.0 ], [ -97.524378777271139, 18.319123783532067, 1605.0 ], [ -97.524394754038596, 18.319106668131351, 1605.0 ], [ -97.524400967225944, 18.319103412223289, 1605.0 ], [ -97.524408363877555, 18.319103882708013, 1605.0 ], [ -97.524410378584562, 18.319105658919995, 1605.0 ], [ -97.524411181649583, 18.319110704976762, 1605.0 ], [ -97.5244103891512, 18.31911978787895, 1605.0 ], [ -97.524402819357007, 18.319131898415204, 1605.0 ], [ -97.524403391893628, 18.319141990528731, 1605.0 ], [ -97.524412590535604, 18.31914412530163, 1605.0 ], [ -97.524415693856255, 18.319152082642272, 1605.0 ], [ -97.524422410301426, 18.319154101064985, 1605.0 ], [ -97.524428460566583, 18.319158137910399, 1605.0 ], [ -97.524433018697636, 18.319169239235293, 1605.0 ], [ -97.524427383838812, 18.319173145332677, 1605.0 ], [ -97.524427537971405, 18.319175294503413, 1605.0 ], [ -97.524430888289658, 18.319178322137482, 1605.0 ], [ -97.524432602135889, 18.319186395828314, 1605.0 ], [ -97.524438823676192, 18.319194469519143, 1605.0 ], [ -97.524438060984835, 18.319239884030068, 1605.0 ], [ -97.524432667161392, 18.319249188466454, 1605.0 ] ] } },
{ "type": "Feature", "properties": { "FID": 74, "elev": 1605.0, "elevation": 1605.0, "ELEVATION": 1605.0, "is_master": true, "tipo": "Maestra (5m)" }, "geometry": { "type": "LineString", "coordinates": [ [ -97.524403080554976, 18.319248067896815, 1605.0 ], [ -97.524400907188195, 18.319247957720897, 1605.0 ], [ -97.524400072583319, 18.319245939298195, 1605.0 ], [ -97.524403080554976, 18.319243032166973, 1605.0 ], [ -97.524405056577322, 18.319245939298192, 1605.0 ], [ -97.524403080554976, 18.319248067896815, 1605.0 ] ] } },
{ "type": "Feature", "properties": { "FID": 75, "elev": 1605.0, "elevation": 1605.0, "ELEVATION": 1605.0, "is_master": true, "tipo": "Maestra (5m)" }, "geometry": { "type": "LineString", "coordinates": [ [ -97.524901360472356, 18.319245939298195, 1605.0 ], [ -97.524907109528584, 18.319243090637578, 1605.0 ], [ -97.524911443086552, 18.319237865607359, 1605.0 ], [ -97.524916593224035, 18.319227773493818, 1605.0 ], [ -97.524916678212804, 18.319221718225698, 1605.0 ], [ -97.524899712876973, 18.319209719050701, 1605.0 ], [ -97.524885976238281, 18.319203627584344, 1605.0 ], [ -97.524882806244733, 18.319204411590636, 1605.0 ], [ -97.524879343781549, 18.319211626112157, 1605.0 ], [ -97.524878768641742, 18.319219699802989, 1605.0 ], [ -97.52487629837637, 18.319225755071109, 1605.0 ], [ -97.524877362065098, 18.319236856396003, 1605.0 ], [ -97.524880972034637, 18.319241902452781, 1605.0 ], [ -97.524885976238281, 18.319244959696952, 1605.0 ], [ -97.524901360472356, 18.319245939298195, 1605.0 ] ] } },
{ "type": "Feature", "properties": { "FID": 76, "elev": 1604.0, "elevation": 1604.0, "ELEVATION": 1604.0, "is_master": false, "tipo": "Ordinaria (1m)" }, "geometry": { "type": "LineString", "coordinates": [ [ -97.524989740693641, 18.319242911664134, 1604.0 ], [ -97.524978962715593, 18.319242783325116, 1604.0 ], [ -97.524976789575362, 18.319244930086835, 1604.0 ] ] } },
{ "type": "Feature", "properties": { "FID": 77, "elev": 1604.0, "elevation": 1604.0, "ELEVATION": 1604.0, "is_master": false, "tipo": "Ordinaria (1m)" }, "geometry": { "type": "LineString", "coordinates": [ [ -97.52499164268977, 18.319242890191553, 1604.0 ], [ -97.524991525282601, 18.31924291166413, 1604.0 ] ] } },
{ "type": "Feature", "properties": { "FID": 78, "elev": 1604.0, "elevation": 1604.0, "ELEVATION": 1604.0, "is_master": false, "tipo": "Ordinaria (1m)" }, "geometry": { "type": "LineString", "coordinates": [ [ -97.524837369670593, 18.319240820286382, 1604.0 ], [ -97.52481293795239, 18.319231810339229, 1604.0 ], [ -97.524809764721624, 18.319227773493822, 1604.0 ], [ -97.52480672639966, 18.319218620990856, 1604.0 ], [ -97.524791057251534, 18.319211626112153, 1604.0 ], [ -97.524790841900426, 18.319207589266746, 1604.0 ], [ -97.524795852645127, 18.31920658005539, 1604.0 ], [ -97.524801664635774, 18.319202543209972, 1604.0 ], [ -97.52479510309, 18.319197243263552, 1604.0 ], [ -97.52479510309, 18.319193669766747, 1604.0 ], [ -97.52480343317994, 18.319194469519143, 1604.0 ], [ -97.524803556406127, 18.319200104282526, 1604.0 ], [ -97.52480672639966, 18.319203475382292, 1604.0 ], [ -97.5248236330319, 18.319204540824195, 1604.0 ], [ -97.524835753428363, 18.319187405039667, 1604.0 ], [ -97.524835201921078, 18.319180340560184, 1604.0 ], [ -97.524842429919559, 18.31918134977154, 1604.0 ], [ -97.524839427882995, 18.319195478730496, 1604.0 ], [ -97.524846879651236, 18.31921025697228, 1604.0 ], [ -97.524842652993172, 18.319215233715081, 1604.0 ], [ -97.524837369670593, 18.319209751862498, 1604.0 ], [ -97.524836313006077, 18.319210280497025, 1604.0 ], [ -97.524835071425272, 18.319218690591633, 1604.0 ], [ -97.524831088387089, 18.319225755071116, 1604.0 ], [ -97.524836481111805, 18.319232819550599, 1604.0 ], [ -97.524838553797665, 18.319237865607359, 1604.0 ], [ -97.524837369670593, 18.319240820286382, 1604.0 ] ] } },
{ "type": "Feature", "properties": { "FID": 79, "elev": 1606.0, "elevation": 1606.0, "ELEVATION": 1606.0, "is_master": false, "tipo": "Ordinaria (1m)" }, "geometry": { "type": "LineString", "coordinates": [ [ -97.524160047716549, 18.319233218092648, 1606.0 ], [ -97.524156754316934, 18.319231810339232, 1606.0 ], [ -97.524154490443919, 18.31922474585976, 1606.0 ], [ -97.524161196839202, 18.319210616900801, 1606.0 ], [ -97.52416408858744, 18.319199515575903, 1606.0 ], [ -97.52417167102621, 18.319188035796756, 1606.0 ], [ -97.524179067677821, 18.319182687563334, 1606.0 ], [ -97.524190690987481, 18.319179132349412, 1606.0 ], [ -97.524199144303594, 18.319179125768741, 1606.0 ], [ -97.524207636755449, 18.319183368194249, 1606.0 ], [ -97.524210899696328, 18.319187405039667, 1606.0 ], [ -97.524212116546693, 18.319195478730492, 1606.0 ], [ -97.524210767613269, 18.31920091294548, 1606.0 ], [ -97.524204458704546, 18.319209607689448, 1606.0 ], [ -97.524189634322966, 18.319219793683114, 1606.0 ], [ -97.524174841019757, 18.319224616473683, 1606.0 ], [ -97.524166387703644, 18.319230843770615, 1606.0 ], [ -97.524160047716549, 18.319233218092648, 1606.0 ] ] } },
{ "type": "Feature", "properties": { "FID": 80, "elev": 1605.0, "elevation": 1605.0, "ELEVATION": 1605.0, "is_master": true, "tipo": "Maestra (5m)" }, "geometry": { "type": "LineString", "coordinates": [ [ -97.524963137988493, 18.319230801127887, 1605.0 ], [ -97.524961964359008, 18.31922474585976, 1605.0 ], [ -97.524955926178677, 18.319217681380284, 1605.0 ], [ -97.524951489438209, 18.319215587465383, 1605.0 ], [ -97.524936696135001, 18.31921543431773, 1605.0 ], [ -97.524929299483389, 18.319218892433909, 1605.0 ], [ -97.524926910502757, 18.319222727437047, 1605.0 ], [ -97.524930041568396, 18.319227773493818, 1605.0 ], [ -97.524936696135001, 18.319231476979823, 1605.0 ], [ -97.524963137988493, 18.319230801127887, 1605.0 ] ] } },
{ "type": "Feature", "properties": { "FID": 81, "elev": 1609.0, "elevation": 1609.0, "ELEVATION": 1609.0, "is_master": false, "tipo": "Ordinaria (1m)" }, "geometry": { "type": "LineString", "coordinates": [ [ -97.524658939114403, 18.319229791916534, 1609.0 ], [ -97.524664112649944, 18.319226764282469, 1609.0 ], [ -97.524666456635828, 18.319221718225702, 1609.0 ], [ -97.524666459637146, 18.319216672168931, 1609.0 ], [ -97.524662607492232, 18.319209607689452, 1609.0 ], [ -97.524659850032094, 18.319207430999381, 1609.0 ], [ -97.524655623374031, 18.319206874815382, 1609.0 ], [ -97.524651958977827, 18.319208598478095, 1609.0 ], [ -97.524648010844729, 18.319214653746219, 1609.0 ], [ -97.524646993947158, 18.319223736648407, 1609.0 ], [ -97.524651396715981, 18.319229879227432, 1609.0 ], [ -97.524658939114403, 18.319229791916534, 1609.0 ] ] } },
{ "type": "Feature", "properties": { "FID": 82, "elev": 1605.0, "elevation": 1605.0, "ELEVATION": 1605.0, "is_master": true, "tipo": "Maestra (5m)" }, "geometry": { "type": "LineString", "coordinates": [ [ -97.524424448659616, 18.319228782705174, 1605.0 ], [ -97.524423991389583, 18.319228782705174, 1605.0 ], [ -97.524424213845279, 18.319228874451657, 1605.0 ], [ -97.524424448659616, 18.319228782705174, 1605.0 ] ] } },
{ "type": "Feature", "properties": { "FID": 83, "elev": 1606.0, "elevation": 1606.0, "ELEVATION": 1606.0, "is_master": false, "tipo": "Ordinaria (1m)" }, "geometry": { "type": "LineString", "coordinates": [ [ -97.524566918209842, 18.319225755071113, 1606.0 ], [ -97.524564656715626, 18.31922474585976, 1606.0 ], [ -97.524565806890266, 18.319226591408309, 1606.0 ], [ -97.524566918209842, 18.319225755071113, 1606.0 ] ] } },
{ "type": "Feature", "properties": { "FID": 84, "elev": 1606.0, "elevation": 1606.0, "ELEVATION": 1606.0, "is_master": false, "tipo": "Ordinaria (1m)" }, "geometry": { "type": "LineString", "coordinates": [ [ -97.52450095893542, 18.319222727437051, 1606.0 ], [ -97.524507690341949, 18.31921964723989, 1606.0 ], [ -97.524513015756924, 18.319213644534869, 1606.0 ], [ -97.524514890347874, 18.319203552421325, 1606.0 ], [ -97.524512987980046, 18.319193460307787, 1606.0 ], [ -97.524508747006465, 18.319187451618649, 1606.0 ], [ -97.524488670380677, 18.319175174801462, 1606.0 ], [ -97.524480217064564, 18.31917103826423, 1606.0 ], [ -97.524475990406501, 18.319171478855012, 1606.0 ], [ -97.524469807609179, 18.319178322137482, 1606.0 ], [ -97.524472680883079, 18.319186395828311, 1606.0 ], [ -97.524464143120085, 18.319202543209972, 1606.0 ], [ -97.524464136289566, 18.319207589266743, 1606.0 ], [ -97.524466328266172, 18.319212635323517, 1606.0 ], [ -97.524473877077469, 18.31921877893507, 1606.0 ], [ -97.52448127372908, 18.319221827803474, 1606.0 ], [ -97.52450095893542, 18.319222727437051, 1606.0 ] ] } },
{ "type": "Feature", "properties": { "FID": 85, "elev": 1604.0, "elevation": 1604.0, "ELEVATION": 1604.0, "is_master": false, "tipo": "Ordinaria (1m)" }, "geometry": { "type": "LineString", "coordinates": [ [ -97.525021750837539, 18.319221718225698, 1604.0 ], [ -97.525023466523919, 18.319218690591637, 1604.0 ], [ -97.52501663816544, 18.319214653746222, 1604.0 ], [ -97.5250158125002, 18.319216672168928, 1604.0 ], [ -97.525017354859628, 18.319219699802989, 1604.0 ], [ -97.52502017263167, 18.319222451585944, 1604.0 ], [ -97.525021750837539, 18.319221718225698, 1604.0 ] ] } },
{ "type": "Feature", "properties": { "FID": 86, "elev": 1606.0, "elevation": 1606.0, "ELEVATION": 1606.0, "is_master": false, "tipo": "Ordinaria (1m)" }, "geometry": { "type": "LineString", "coordinates": [ [ -97.524893462185474, 18.319218690591633, 1606.0 ], [ -97.524893415297825, 18.319215662957578, 1606.0 ], [ -97.524890053202199, 18.319214653746222, 1606.0 ], [ -97.524891200492661, 18.319218690591633, 1606.0 ], [ -97.524893462185474, 18.319218690591633, 1606.0 ] ] } },
{ "type": "Feature", "properties": { "FID": 87, "elev": 1607.0, "elevation": 1607.0, "ELEVATION": 1607.0, "is_master": false, "tipo": "Ordinaria (1m)" }, "geometry": { "type": "LineString", "coordinates": [ [ -97.524500514312606, 18.319217681380284, 1607.0 ], [ -97.524507786198512, 18.319211626112153, 1607.0 ], [ -97.524508950512228, 18.319204561632684, 1607.0 ], [ -97.52450772686862, 18.31919850636455, 1607.0 ], [ -97.524499237025836, 18.319190435755289, 1607.0 ], [ -97.524493953703256, 18.319188365851883, 1607.0 ], [ -97.524484443722628, 18.31918832329206, 1607.0 ], [ -97.524479007629267, 18.319195478730496, 1607.0 ], [ -97.524478331780102, 18.319202543209975, 1607.0 ], [ -97.524480129691781, 18.319208598478092, 1607.0 ], [ -97.524489727045193, 18.319216538859983, 1607.0 ], [ -97.524500514312606, 18.319217681380284, 1607.0 ] ] } },
{ "type": "Feature", "properties": { "FID": 88, "elev": 1608.0, "elevation": 1608.0, "ELEVATION": 1608.0, "is_master": false, "tipo": "Ordinaria (1m)" }, "geometry": { "type": "LineString", "coordinates": [ [ -97.524498954197213, 18.319213644534873, 1608.0 ], [ -97.524503463683885, 18.319208869898862, 1608.0 ], [ -97.524503463683885, 18.31920392967087, 1608.0 ], [ -97.524500293690352, 18.319199372538076, 1608.0 ], [ -97.524492897038741, 18.319198491998559, 1608.0 ], [ -97.524489443233506, 18.319202543209972, 1608.0 ], [ -97.524490974673185, 18.319211626112157, 1608.0 ], [ -97.524495010367772, 18.319214178885719, 1608.0 ], [ -97.524498954197213, 18.319213644534873, 1608.0 ] ] } },
{ "type": "Feature", "properties": { "FID": 89, "elev": 1609.0, "elevation": 1609.0, "ELEVATION": 1609.0, "is_master": false, "tipo": "Ordinaria (1m)" }, "geometry": { "type": "LineString", "coordinates": [ [ -97.524495041271351, 18.319210616900804, 1609.0 ], [ -97.524497209393544, 18.319208598478092, 1609.0 ], [ -97.524496067032288, 18.319206031077435, 1609.0 ], [ -97.524493699343765, 18.319208598478092, 1609.0 ], [ -97.524495041271351, 18.319210616900804, 1609.0 ] ] } },
{ "type": "Feature", "properties": { "FID": 90, "elev": 1604.0, "elevation": 1604.0, "ELEVATION": 1604.0, "is_master": false, "tipo": "Ordinaria (1m)" }, "geometry": { "type": "LineString", "coordinates": [ [ -97.524868012941525, 18.319207114343754, 1604.0 ], [ -97.524861672954444, 18.319205730794515, 1604.0 ], [ -97.52486272961896, 18.319199867344295, 1604.0 ], [ -97.524870091178386, 18.319204561632681, 1604.0 ], [ -97.524868012941525, 18.319207114343754, 1604.0 ] ] } },
{ "type": "Feature", "properties": { "FID": 91, "elev": 1605.0, "elevation": 1605.0, "ELEVATION": 1605.0, "is_master": true, "tipo": "Maestra (5m)" }, "geometry": { "type": "LineString", "coordinates": [ [ -97.52477396979971, 18.319204156001106, 1605.0 ], [ -97.524770671482571, 18.319202543209972, 1605.0 ], [ -97.524771856470679, 18.319199899167558, 1605.0 ], [ -97.524775824443225, 18.319202543209972, 1605.0 ], [ -97.52477396979971, 18.319204156001106, 1605.0 ] ] } },
{ "type": "Feature", "properties": { "FID": 92, "elev": 1604.0, "elevation": 1604.0, "ELEVATION": 1604.0, "is_master": false, "tipo": "Ordinaria (1m)" }, "geometry": { "type": "LineString", "coordinates": [ [ -97.524900769541489, 18.31920274935214, 1604.0 ], [ -97.524894429554408, 18.319203102037555, 1604.0 ], [ -97.524884919573765, 18.319198165236948, 1604.0 ], [ -97.524876466257652, 18.319198506364977, 1604.0 ], [ -97.524873145165188, 18.319192451096431, 1604.0 ], [ -97.524876466257652, 18.319190851799753, 1604.0 ], [ -97.524883862909249, 18.319195197585042, 1604.0 ], [ -97.524889265225582, 18.319192451096431, 1604.0 ], [ -97.524892959195768, 18.319184377405609, 1604.0 ], [ -97.524896097803534, 18.319182358982893, 1604.0 ], [ -97.524904996199552, 18.319183228235637, 1604.0 ], [ -97.524911354688541, 18.31918841425102, 1604.0 ], [ -97.524912402178586, 18.319197497153208, 1604.0 ], [ -97.524909222857616, 18.319200522921808, 1604.0 ], [ -97.524900769541489, 18.31920274935214, 1604.0 ] ] } },
{ "type": "Feature", "properties": { "FID": 93, "elev": 1605.0, "elevation": 1605.0, "ELEVATION": 1605.0, "is_master": true, "tipo": "Maestra (5m)" }, "geometry": { "type": "LineString", "coordinates": [ [ -97.524854574286152, 18.319195478730496, 1605.0 ], [ -97.52485965313555, 18.319190432673729, 1605.0 ], [ -97.524859559625412, 18.319186977407732, 1605.0 ], [ -97.524851194671484, 18.319190432673725, 1605.0 ], [ -97.524852065315343, 18.319195478730496, 1605.0 ], [ -97.524854574286152, 18.319195478730496, 1605.0 ] ] } },
{ "type": "Feature", "properties": { "FID": 94, "elev": 1605.0, "elevation": 1605.0, "ELEVATION": 1605.0, "is_master": true, "tipo": "Maestra (5m)" }, "geometry": { "type": "LineString", "coordinates": [ [ -97.52477396979971, 18.319195702999682, 1605.0 ], [ -97.524771045338156, 18.319193460307787, 1605.0 ], [ -97.524771856470679, 18.319192587858719, 1605.0 ], [ -97.524773448704877, 18.319193460307783, 1605.0 ], [ -97.52477396979971, 18.319195702999682, 1605.0 ] ] } },
{ "type": "Feature", "properties": { "FID": 95, "elev": 1605.0, "elevation": 1605.0, "ELEVATION": 1605.0, "is_master": true, "tipo": "Maestra (5m)" }, "geometry": { "type": "LineString", "coordinates": [ [ -97.524424252460918, 18.319194469519147, 1605.0 ], [ -97.524424023299218, 18.319194469519143, 1605.0 ], [ -97.524424213845279, 18.31919451636017, 1605.0 ], [ -97.524424252460918, 18.319194469519147, 1605.0 ] ] } },
{ "type": "Feature", "properties": { "FID": 96, "elev": 1605.0, "elevation": 1605.0, "ELEVATION": 1605.0, "is_master": true, "tipo": "Maestra (5m)" }, "geometry": { "type": "LineString", "coordinates": [ [ -97.524421190610695, 18.319194469519147, 1605.0 ], [ -97.524424297187821, 18.319192451096434, 1605.0 ], [ -97.524421139912135, 18.319186395828318, 1605.0 ], [ -97.524422970367141, 18.319182358982886, 1605.0 ], [ -97.524421043851731, 18.31918062347718, 1605.0 ], [ -97.52441364720012, 18.319182979168641, 1605.0 ], [ -97.524411604315389, 18.319185386616955, 1605.0 ], [ -97.524418787730198, 18.319187405039663, 1605.0 ], [ -97.524415467011238, 18.319193460307787, 1605.0 ], [ -97.524421190610695, 18.319194469519147, 1605.0 ] ] } },
{ "type": "Feature", "properties": { "FID": 97, "elev": 1605.0, "elevation": 1605.0, "ELEVATION": 1605.0, "is_master": true, "tipo": "Maestra (5m)" }, "geometry": { "type": "LineString", "coordinates": [ [ -97.524885231512613, 18.319191441885081, 1605.0 ], [ -97.524886034715209, 18.319189423462372, 1605.0 ], [ -97.524883862909249, 18.319189270111984, 1605.0 ], [ -97.524882899899012, 18.319191441885074, 1605.0 ], [ -97.524885231512613, 18.319191441885081, 1605.0 ] ] } },
{ "type": "Feature", "properties": { "FID": 98, "elev": 1605.0, "elevation": 1605.0, "ELEVATION": 1605.0, "is_master": true, "tipo": "Maestra (5m)" }, "geometry": { "type": "LineString", "coordinates": [ [ -97.524931012560714, 18.319189423462372, 1605.0 ], [ -97.524938809464032, 18.319184558159879, 1605.0 ], [ -97.524943215509325, 18.319178322137482, 1605.0 ], [ -97.52494256283515, 18.319161165544461, 1605.0 ], [ -97.524944712408924, 18.319148045796862, 1605.0 ], [ -97.524943851839055, 18.319144008951447, 1605.0 ], [ -97.524940922793064, 18.319141142125787, 1605.0 ], [ -97.524937752799516, 18.319140579608458, 1605.0 ], [ -97.524933526141453, 18.319140950286755, 1605.0 ], [ -97.524915562844697, 18.319151035117464, 1605.0 ], [ -97.524910161858614, 18.319156119487694, 1605.0 ], [ -97.524907009889674, 18.319162174755824, 1605.0 ], [ -97.524906432112473, 18.319169239235286, 1605.0 ], [ -97.524909402368181, 18.319175294503413, 1605.0 ], [ -97.52492507282534, 18.319188470096702, 1605.0 ], [ -97.524931012560714, 18.319189423462372, 1605.0 ] ] } },
{ "type": "Feature", "properties": { "FID": 99, "elev": 1604.0, "elevation": 1604.0, "ELEVATION": 1604.0, "is_master": false, "tipo": "Ordinaria (1m)" }, "geometry": { "type": "LineString", "coordinates": [ [ -97.524863786283476, 18.319188631002802, 1604.0 ], [ -97.52486272961896, 18.319189111140851, 1604.0 ], [ -97.524861373723866, 18.319186395828314, 1604.0 ], [ -97.524861099895645, 18.319179331348828, 1604.0 ], [ -97.524871276170174, 18.319178322137478, 1604.0 ], [ -97.524873672820917, 18.31918134977154, 1604.0 ], [ -97.524873296264104, 18.319186523885339, 1604.0 ], [ -97.524863786283476, 18.319188631002802, 1604.0 ] ] } },
{ "type": "Feature", "properties": { "FID": 100, "elev": 1606.0, "elevation": 1606.0, "ELEVATION": 1606.0, "is_master": false, "tipo": "Ordinaria (1m)" }, "geometry": { "type": "LineString", "coordinates": [ [ -97.524460271037768, 18.319180340560184, 1606.0 ], [ -97.524459559273296, 18.319180340560184, 1606.0 ], [ -97.524460140438777, 18.3191804234059, 1606.0 ], [ -97.524460271037768, 18.319180340560184, 1606.0 ] ] } },
{ "type": "Feature", "properties": { "FID": 101, "elev": 1605.0, "elevation": 1605.0, "ELEVATION": 1605.0, "is_master": true, "tipo": "Maestra (5m)" }, "geometry": { "type": "LineString", "coordinates": [ [ -97.52478372166739, 18.319177312926126, 1605.0 ], [ -97.524785905305706, 18.319174285292068, 1605.0 ], [ -97.524784737714285, 18.319171257658006, 1605.0 ], [ -97.524782423115823, 18.319170567144955, 1605.0 ], [ -97.524779671506934, 18.319174285292064, 1605.0 ], [ -97.524781001650467, 18.319177312926129, 1605.0 ], [ -97.52478372166739, 18.319177312926126, 1605.0 ] ] } },
{ "type": "Feature", "properties": { "FID": 102, "elev": 1605.0, "elevation": 1605.0, "ELEVATION": 1605.0, "is_master": true, "tipo": "Maestra (5m)" }, "geometry": { "type": "LineString", "coordinates": [ [ -97.524860332794574, 18.319175294503413, 1605.0 ], [ -97.524863281460142, 18.319173276080708, 1605.0 ], [ -97.524863840089083, 18.319169239235293, 1605.0 ], [ -97.524861672954444, 18.319167054933008, 1605.0 ], [ -97.52485744629638, 18.319166615016822, 1605.0 ], [ -97.524854797837833, 18.319168230023934, 1605.0 ], [ -97.524853893291805, 18.319172266869352, 1605.0 ], [ -97.524855332967348, 18.319174992673499, 1605.0 ], [ -97.524860332794574, 18.319175294503413, 1605.0 ] ] } },
{ "type": "Feature", "properties": { "FID": 103, "elev": 1603.0, "elevation": 1603.0, "ELEVATION": 1603.0, "is_master": false, "tipo": "Ordinaria (1m)" }, "geometry": { "type": "LineString", "coordinates": [ [ -97.524985793503134, 18.319172266869348, 1603.0 ], [ -97.524986708150877, 18.319171257658006, 1603.0 ], [ -97.524985302702689, 18.319169797578198, 1603.0 ], [ -97.524983833334176, 18.319171257658002, 1603.0 ], [ -97.524985793503134, 18.319172266869348, 1603.0 ] ] } },
{ "type": "Feature", "properties": { "FID": 104, "elev": 1606.0, "elevation": 1606.0, "ELEVATION": 1606.0, "is_master": false, "tipo": "Ordinaria (1m)" }, "geometry": { "type": "LineString", "coordinates": [ [ -97.52492743934873, 18.319171257658006, 1606.0 ], [ -97.52493149538823, 18.319167220812581, 1606.0 ], [ -97.524931412808826, 18.31915611948769, 1606.0 ], [ -97.524921902831792, 18.319155915038898, 1606.0 ], [ -97.524916619509213, 18.319159390905277, 1606.0 ], [ -97.524914289515493, 18.31916318396717, 1606.0 ], [ -97.524914499164538, 18.319167220812584, 1606.0 ], [ -97.524920846167277, 18.319171416432646, 1606.0 ], [ -97.52492743934873, 18.319171257658006, 1606.0 ] ] } },
{ "type": "Feature", "properties": { "FID": 105, "elev": 1603.0, "elevation": 1603.0, "ELEVATION": 1603.0, "is_master": false, "tipo": "Ordinaria (1m)" }, "geometry": { "type": "LineString", "coordinates": [ [ -97.525075437956744, 18.319167220812581, 1603.0 ], [ -97.525075983730147, 18.319165202389879, 1603.0 ], [ -97.52507296828712, 18.319166211601232, 1603.0 ], [ -97.525074062521938, 18.31916779750479, 1603.0 ], [ -97.525075437956744, 18.319167220812581, 1603.0 ] ] } },
{ "type": "Feature", "properties": { "FID": 106, "elev": 1606.0, "elevation": 1606.0, "ELEVATION": 1606.0, "is_master": false, "tipo": "Ordinaria (1m)" }, "geometry": { "type": "LineString", "coordinates": [ [ -97.524468686213041, 18.319166211601228, 1606.0 ], [ -97.524470485921583, 18.319162174755821, 1606.0 ], [ -97.524468785875726, 18.319160156333105, 1606.0 ], [ -97.524463310432324, 18.319159443667271, 1606.0 ], [ -97.524460629549864, 18.319161165544461, 1606.0 ], [ -97.524461197103292, 18.319164423592067, 1606.0 ], [ -97.52446436709684, 18.319166818704936, 1606.0 ], [ -97.524468686213041, 18.319166211601228, 1606.0 ] ] } },
{ "type": "Feature", "properties": { "FID": 107, "elev": 1605.0, "elevation": 1605.0, "ELEVATION": 1605.0, "is_master": true, "tipo": "Maestra (5m)" }, "geometry": { "type": "LineString", "coordinates": [ [ -97.524441120477505, 18.319165435475551, 1605.0 ], [ -97.524437830124256, 18.319165202389879, 1605.0 ], [ -97.524438683840685, 18.319156119487687, 1605.0 ], [ -97.524436893819455, 18.319154023249155, 1605.0 ], [ -97.524431610496876, 18.319152397365141, 1605.0 ], [ -97.524429869140093, 18.319147036585502, 1605.0 ], [ -97.52443055383236, 18.319142833622113, 1605.0 ], [ -97.524434780490424, 18.31914016040184, 1605.0 ], [ -97.524440063813003, 18.319142182189058, 1605.0 ], [ -97.524443898083945, 18.319147036585509, 1605.0 ], [ -97.524443249216233, 18.31915107343093, 1605.0 ], [ -97.524448440855792, 18.319153091853632, 1605.0 ], [ -97.524448672075508, 18.319155110276334, 1605.0 ], [ -97.524441120477505, 18.319165435475551, 1605.0 ] ] } },
{ "type": "Feature", "properties": { "FID": 108, "elev": 1601.0, "elevation": 1601.0, "ELEVATION": 1601.0, "is_master": false, "tipo": "Ordinaria (1m)" }, "geometry": { "type": "LineString", "coordinates": [ [ -97.525811633222347, 18.319098594440518, 1601.0 ], [ -97.525797877714638, 18.319088358153934, 1601.0 ], [ -97.525796757795433, 18.319080428636152, 1601.0 ], [ -97.525799985205737, 18.319070336522607, 1601.0 ], [ -97.52580835630441, 18.319058225986357, 1601.0 ], [ -97.52581243123629, 18.31904611545011, 1601.0 ], [ -97.525821321732835, 18.319030977279802, 1601.0 ], [ -97.525821368627049, 18.319003728573243, 1601.0 ], [ -97.525808986239028, 18.318993636459709, 1601.0 ], [ -97.52579470772109, 18.31899114129299, 1601.0 ], [ -97.525789663884765, 18.318984553557527, 1601.0 ], [ -97.525774631095317, 18.318981422414602, 1601.0 ], [ -97.525770141834229, 18.318975470655335, 1601.0 ], [ -97.525769622677331, 18.318970424598572, 1601.0 ], [ -97.525771299131293, 18.318963360119085, 1601.0 ], [ -97.525780971082398, 18.318956001286299, 1601.0 ], [ -97.525785430096008, 18.318948221948773, 1601.0 ], [ -97.525786695343925, 18.318938129835246, 1601.0 ], [ -97.525784882113399, 18.318919964030872, 1601.0 ], [ -97.525792864847858, 18.318899779803797, 1601.0 ], [ -97.525797695531097, 18.318879595576721, 1601.0 ], [ -97.525812820329136, 18.318861429772344, 1601.0 ], [ -97.525818182248457, 18.318851337658803, 1601.0 ], [ -97.525819306416523, 18.318838217911203, 1601.0 ], [ -97.525817048627985, 18.318832162643083, 1601.0 ], [ -97.525809501024298, 18.318824088956706, 1601.0 ], [ -97.525797877714638, 18.318818953847408, 1601.0 ], [ -97.525787311069493, 18.318816750891372, 1601.0 ], [ -97.525768291108221, 18.318816786186758, 1601.0 ], [ -97.52576089445661, 18.31881896440126, 1601.0 ], [ -97.525755871236072, 18.318823079740891, 1601.0 ], [ -97.525753497805013, 18.318838778584176, 1601.0 ], [ -97.525748214482434, 18.318839816921397, 1601.0 ], [ -97.525739761166321, 18.318845528959365, 1601.0 ], [ -97.525729194521176, 18.318844509907922, 1601.0 ], [ -97.525726332721447, 18.318841245545261, 1601.0 ], [ -97.525723911198597, 18.318828086981842, 1601.0 ], [ -97.525704891237325, 18.318812075455551, 1601.0 ], [ -97.525682662146792, 18.318786748132151, 1601.0 ], [ -97.5256605113277, 18.318764856008933, 1601.0 ], [ -97.525646774689008, 18.318753377761986, 1601.0 ], [ -97.525638321372895, 18.318752541422544, 1601.0 ], [ -97.5256319813858, 18.318747388893481, 1601.0 ], [ -97.525618244747108, 18.318742580294067, 1601.0 ], [ -97.525586544811659, 18.318754225858754, 1601.0 ], [ -97.52557269162908, 18.318761517848298, 1601.0 ], [ -97.525560022532332, 18.318774637595904, 1601.0 ], [ -97.525540091826883, 18.31881298762735, 1601.0 ], [ -97.52553582491494, 18.318815371889169, 1601.0 ], [ -97.525530541592374, 18.318814243596428, 1601.0 ], [ -97.525522088276247, 18.31881565906917, 1601.0 ], [ -97.525522421959778, 18.318819042895473, 1601.0 ], [ -97.525528428263343, 18.318820880927753, 1601.0 ], [ -97.525530541592374, 18.318825210298201, 1601.0 ], [ -97.525536905594564, 18.318829135009018, 1601.0 ], [ -97.525538085822816, 18.318834181065782, 1601.0 ], [ -97.52553582491494, 18.318836061868762, 1601.0 ], [ -97.52552831228796, 18.318836199488498, 1601.0 ], [ -97.525528241006342, 18.318829135009018, 1601.0 ], [ -97.525522088276247, 18.318822650289256, 1601.0 ], [ -97.5255189182827, 18.3188229389207, 1601.0 ], [ -97.525518644748985, 18.318827116586306, 1601.0 ], [ -97.525521031611731, 18.318833802611522, 1601.0 ], [ -97.525522968830018, 18.318835190277142, 1601.0 ], [ -97.525517861618184, 18.318837103259852, 1601.0 ], [ -97.525513634965691, 18.318841245545265, 1601.0 ], [ -97.525505410800179, 18.31886142977234, 1601.0 ], [ -97.525499020248105, 18.318872531097234, 1601.0 ], [ -97.525488414864427, 18.318883632422128, 1601.0 ], [ -97.52546404460135, 18.318902807437855, 1601.0 ], [ -97.525453405082786, 18.318913796628156, 1601.0 ], [ -97.525442727209793, 18.318929046933061, 1601.0 ], [ -97.525426988469903, 18.318960570771043, 1601.0 ], [ -97.525408109397247, 18.318979507500753, 1601.0 ], [ -97.525395288534469, 18.318988590405219, 1601.0 ], [ -97.525373098579649, 18.318997909503523, 1601.0 ], [ -97.525353021953862, 18.318999944030672, 1601.0 ], [ -97.525308642044237, 18.318994738624742, 1601.0 ], [ -97.525294905405545, 18.318989841825015, 1601.0 ], [ -97.525279055437821, 18.318980680368, 1601.0 ], [ -97.525273772115256, 18.318979577910842, 1601.0 ], [ -97.525275509555712, 18.318970424598572, 1601.0 ], [ -97.525272424625641, 18.318966387753154, 1601.0 ], [ -97.525269775002869, 18.318958314062318, 1601.0 ], [ -97.525276942108789, 18.318951552346249, 1601.0 ], [ -97.525282225431368, 18.318952384945614, 1601.0 ], [ -97.525283986538895, 18.318954277216903, 1601.0 ], [ -97.52528613961276, 18.318953268005547, 1601.0 ], [ -97.525291574498624, 18.318941157469308, 1601.0 ], [ -97.525288565418464, 18.318934488491571, 1601.0 ], [ -97.525285395424916, 18.318933109943206, 1601.0 ], [ -97.525276942108789, 18.318934911269306, 1601.0 ], [ -97.525274320983385, 18.318937120623882, 1601.0 ], [ -97.525276817409249, 18.318944185103362, 1601.0 ], [ -97.525275885444273, 18.318946899063633, 1601.0 ], [ -97.525273772115256, 18.318947233148435, 1601.0 ], [ -97.52526743212816, 18.318942193450184, 1601.0 ], [ -97.525261092141065, 18.318940931880885, 1601.0 ], [ -97.525257922147532, 18.318940594639887, 1601.0 ], [ -97.525252517630449, 18.318943175892013, 1601.0 ], [ -97.525248182144679, 18.318951249582838, 1601.0 ], [ -97.525248136515273, 18.318969415387205, 1601.0 ], [ -97.525239958850776, 18.31897525630956, 1601.0 ], [ -97.52523846434184, 18.318984553557524, 1601.0 ], [ -97.525235732192712, 18.318987620438691, 1601.0 ], [ -97.525224108883052, 18.318990915287731, 1601.0 ], [ -97.525209315579843, 18.318990731440113, 1601.0 ], [ -97.525202975588854, 18.318987581191589, 1601.0 ], [ -97.5251998055992, 18.318982689319881, 1601.0 ], [ -97.525195578941151, 18.318981668214359, 1601.0 ], [ -97.52519457540501, 18.318979507500753, 1601.0 ], [ -97.525200862263716, 18.318974287234877, 1601.0 ], [ -97.52520508892178, 18.318975837641275, 1601.0 ], [ -97.525206397173079, 18.318971433809917, 1601.0 ], [ -97.525217768892617, 18.318957304850965, 1601.0 ], [ -97.525217961894043, 18.318945194314715, 1601.0 ], [ -97.525213472720495, 18.318932074567119, 1601.0 ], [ -97.525210372244359, 18.318928320300877, 1601.0 ], [ -97.525208258915328, 18.318928126769762, 1601.0 ], [ -97.525206145586296, 18.318931497874914, 1601.0 ], [ -97.525202469274333, 18.318928037721694, 1601.0 ], [ -97.525207701231281, 18.318925010087639, 1601.0 ], [ -97.525206261998491, 18.318920973242228, 1601.0 ], [ -97.525202920393852, 18.318917945608167, 1601.0 ], [ -97.525208258915328, 18.318904673936267, 1601.0 ], [ -97.525212250759054, 18.318905835071916, 1601.0 ], [ -97.525212953067381, 18.318908862705975, 1601.0 ], [ -97.525210680216929, 18.318914917974105, 1601.0 ], [ -97.525212485573391, 18.318919125390455, 1601.0 ], [ -97.525217768895956, 18.318919166477823, 1601.0 ], [ -97.52522311401178, 18.318915927185454, 1601.0 ], [ -97.525221643332515, 18.318908862705978, 1601.0 ], [ -97.525214322544002, 18.31889977980379, 1601.0 ], [ -97.525214598902409, 18.318895490655535, 1601.0 ], [ -97.525224637215302, 18.318879595576718, 1601.0 ], [ -97.525221784221117, 18.318862438983693, 1601.0 ], [ -97.525225655221362, 18.318855374504217, 1601.0 ], [ -97.525221286967223, 18.318851337658796, 1601.0 ], [ -97.525221668750561, 18.318848310024745, 1601.0 ], [ -97.525231505531266, 18.318838217911203, 1601.0 ], [ -97.525237727017313, 18.318829135009022, 1601.0 ], [ -97.5252558088185, 18.318817024466398, 1601.0 ], [ -97.52527271545074, 18.318800087836077, 1601.0 ], [ -97.525293727484453, 18.318766563905069, 1601.0 ], [ -97.525308694877467, 18.318749407312058, 1601.0 ], [ -97.525344798347419, 18.318717112548729, 1601.0 ], [ -97.525360418600599, 18.318700965167068, 1601.0 ], [ -97.525364491566876, 18.318693900687592, 1601.0 ], [ -97.525366168507176, 18.318684817785403, 1601.0 ], [ -97.525365978286459, 18.318677753305931, 1601.0 ], [ -97.525362263575261, 18.31866564276968, 1601.0 ], [ -97.525362283778435, 18.318655550656135, 1601.0 ], [ -97.525364860392827, 18.31864646775395, 1601.0 ], [ -97.525368980550653, 18.318640412485834, 1601.0 ], [ -97.525375211908681, 18.318635246352926, 1601.0 ], [ -97.525382608560278, 18.318633154035364, 1601.0 ], [ -97.52538957011474, 18.318635366429067, 1601.0 ], [ -97.52539634519897, 18.318642403632559, 1601.0 ], [ -97.525402685186066, 18.318645649308156, 1601.0 ], [ -97.525419591818306, 18.318645649056986, 1601.0 ], [ -97.525456575076333, 18.318638573268881, 1601.0 ], [ -97.525475595037591, 18.318633503269638, 1601.0 ], [ -97.525488275011767, 18.318628107870474, 1601.0 ], [ -97.525495924344028, 18.318623255892813, 1601.0 ], [ -97.525506175224081, 18.318612154567926, 1601.0 ], [ -97.525511615556837, 18.318601053243018, 1601.0 ], [ -97.525516995153282, 18.318581878227295, 1601.0 ], [ -97.525521279381351, 18.318557657154802, 1601.0 ], [ -97.525523963003621, 18.318527380814185, 1601.0 ], [ -97.525529360614385, 18.318506187375753, 1601.0 ], [ -97.525536699395929, 18.318492058416798, 1601.0 ], [ -97.525555037972268, 18.31846884655566, 1601.0 ], [ -97.525561488502532, 18.318452699173996, 1601.0 ], [ -97.525562582742396, 18.318438570215047, 1601.0 ], [ -97.525561457933904, 18.318413339931194, 1601.0 ], [ -97.525558787865947, 18.318404257029005, 1601.0 ], [ -97.525559970115125, 18.318391137281406, 1601.0 ], [ -97.525563298192324, 18.318384968618751, 1601.0 ], [ -97.525569638179419, 18.318379239800883, 1601.0 ], [ -97.525577034831031, 18.318378145687625, 1601.0 ], [ -97.52558302484006, 18.318373980688396, 1601.0 ], [ -97.525585002235729, 18.318364897786203, 1601.0 ], [ -97.525584436662356, 18.318343704347768, 1601.0 ], [ -97.525596464841215, 18.31833361223423, 1601.0 ], [ -97.525597805020382, 18.318330584600169, 1601.0 ], [ -97.525592420506769, 18.318320492486631, 1601.0 ], [ -97.525595814641264, 18.318297280625487, 1601.0 ], [ -97.525599488951968, 18.318290216146014, 1601.0 ], [ -97.525593847953132, 18.318280124032476, 1601.0 ], [ -97.525593781966734, 18.318269022707579, 1601.0 ], [ -97.525598475186229, 18.318254893748623, 1601.0 ], [ -97.525598415628323, 18.318245810846445, 1601.0 ], [ -97.525591993885527, 18.318205442392276, 1601.0 ], [ -97.525587734949582, 18.318192322644681, 1601.0 ], [ -97.525579172733643, 18.318175166051663, 1601.0 ], [ -97.525552580595104, 18.318138834442923, 1601.0 ], [ -97.525549598414031, 18.318128742329378, 1601.0 ], [ -97.525544112014174, 18.318122687061265, 1601.0 ], [ -97.525540051573003, 18.318106429765486, 1601.0 ], [ -97.525534768250424, 18.318099507581241, 1601.0 ], [ -97.525525169598652, 18.318080300184398, 1601.0 ], [ -97.525520091873219, 18.318051033055131, 1601.0 ], [ -97.525520856490374, 18.318041950152946, 1601.0 ], [ -97.525524800907547, 18.318028830405346, 1601.0 ], [ -97.525524274371918, 18.318023784348572, 1601.0 ], [ -97.525521031611731, 18.318021858032495, 1601.0 ], [ -97.525510464966587, 18.318020972241012, 1601.0 ], [ -97.525507111817859, 18.31802176592587, 1601.0 ], [ -97.525504124979491, 18.318027458770018, 1601.0 ], [ -97.525499091413991, 18.318022775137219, 1601.0 ], [ -97.525491661621544, 18.318011673812329, 1601.0 ], [ -97.525476651702107, 18.317996419194554, 1601.0 ], [ -97.525469124012957, 18.317991489585253, 1601.0 ], [ -97.525470273443077, 18.317984425105774, 1601.0 ], [ -97.525466500793826, 18.317980388260352, 1601.0 ], [ -97.525461600319545, 18.317968277724116, 1601.0 ], [ -97.525465266289075, 18.317961213244629, 1601.0 ], [ -97.525456575076333, 18.317953174454477, 1601.0 ], [ -97.525450381601544, 18.317939010594838, 1601.0 ], [ -97.525439633104142, 18.317927909269944, 1601.0 ], [ -97.525437955067517, 18.317924881635889, 1601.0 ], [ -97.525439668444093, 18.317919713250468, 1601.0 ], [ -97.525434385121514, 18.317916088558498, 1601.0 ], [ -97.525434819739303, 18.317912771099639, 1601.0 ], [ -97.525438611779578, 18.317911280936006, 1601.0 ], [ -97.525446008431175, 18.31791482127592, 1601.0 ], [ -97.525454596239655, 18.317921854001828, 1601.0 ], [ -97.525455277576597, 18.317927909269951, 1601.0 ], [ -97.525458688405351, 18.317929747342852, 1601.0 ], [ -97.525466085056962, 18.317927973000028, 1601.0 ], [ -97.525474538373075, 18.317921965351488, 1601.0 ], [ -97.525478765031139, 18.317922122193636, 1601.0 ], [ -97.525493558334347, 18.317915727439331, 1601.0 ], [ -97.525500954985958, 18.317915735529184, 1601.0 ], [ -97.525506490729512, 18.317921854001828, 1601.0 ], [ -97.525509390690999, 18.317932955326722, 1601.0 ], [ -97.525522133797608, 18.317947084285674, 1601.0 ], [ -97.525529484927858, 18.317959845202573, 1601.0 ], [ -97.52553582491494, 18.317961506574946, 1601.0 ], [ -97.525554844876211, 18.317959971624152, 1601.0 ], [ -97.52559816812132, 18.317964138098766, 1601.0 ], [ -97.525606621437447, 18.317968083590095, 1601.0 ], [ -97.525610848095496, 18.317972118572772, 1601.0 ], [ -97.525615003357316, 18.317983415894417, 1601.0 ], [ -97.525628107906371, 18.317989471162544, 1601.0 ], [ -97.525633038050316, 18.317989718591772, 1601.0 ], [ -97.525647831353524, 18.317983016276166, 1601.0 ], [ -97.525656284669637, 18.317986564814859, 1601.0 ], [ -97.525667907979312, 18.317985566374791, 1601.0 ], [ -97.525696437921212, 18.317958068487393, 1601.0 ], [ -97.525727081192144, 18.317951345126783, 1601.0 ], [ -97.525738498485453, 18.317945065862968, 1601.0 ], [ -97.525741879675081, 18.317940019806201, 1601.0 ], [ -97.525741925296529, 18.317933964538074, 1601.0 ], [ -97.525727125911914, 18.317914789522348, 1601.0 ], [ -97.525724017071298, 18.317898642140683, 1601.0 ], [ -97.525720781790241, 18.317890568449851, 1601.0 ], [ -97.525716514546986, 18.317886376672206, 1601.0 ], [ -97.52571123122442, 18.317884241738675, 1601.0 ], [ -97.525700664579261, 18.317884309733284, 1601.0 ], [ -97.525672134637361, 18.317891536361635, 1601.0 ], [ -97.525663681321248, 18.317890479631448, 1601.0 ], [ -97.525657341334153, 18.317886000328269, 1601.0 ], [ -97.525637086140264, 18.317861301320594, 1601.0 ], [ -97.52563291301577, 18.317852218418405, 1601.0 ], [ -97.525632369975298, 18.317842126304857, 1601.0 ], [ -97.525634271544405, 18.317832034191326, 1601.0 ], [ -97.525643508469997, 18.317821942077785, 1601.0 ], [ -97.525650107893469, 18.317810840752895, 1601.0 ], [ -97.525650134380484, 18.317797721005288, 1601.0 ], [ -97.525645797327911, 18.317788638103103, 1601.0 ], [ -97.525629868056768, 18.317764247415258, 1601.0 ], [ -97.525603294901003, 18.317742214380822, 1601.0 ], [ -97.525600181234253, 18.317737168324051, 1601.0 ], [ -97.525600300345317, 18.317724048576462, 1601.0 ], [ -97.525597289311236, 18.317721020942393, 1601.0 ], [ -97.525590771469723, 18.317721318342841, 1601.0 ], [ -97.525583374818112, 18.317724746505085, 1601.0 ], [ -97.525577034831031, 18.317724101064989, 1601.0 ], [ -97.525571751508451, 18.317721168168521, 1601.0 ], [ -97.525559071534275, 18.317708870758555, 1601.0 ], [ -97.525549561553632, 18.317703746446739, 1601.0 ], [ -97.525540051573003, 18.317703113812144, 1601.0 ], [ -97.525529484927858, 18.3177058096582, 1601.0 ], [ -97.525509408302071, 18.317722131225736, 1601.0 ], [ -97.525473481708559, 18.317740268694074, 1601.0 ], [ -97.525462915063414, 18.317748054902633, 1601.0 ], [ -97.525458644266209, 18.317754324917068, 1601.0 ], [ -97.52545633127329, 18.317761389396548, 1601.0 ], [ -97.525449375586618, 18.317798730216648, 1601.0 ], [ -97.525442838437627, 18.317808197580298, 1601.0 ], [ -97.525428045134419, 18.317812983129265, 1601.0 ], [ -97.52541853515379, 18.317823148413897, 1601.0 ], [ -97.525414308495726, 18.317824491142336, 1601.0 ], [ -97.525409025173161, 18.317821061854389, 1601.0 ], [ -97.525405804964734, 18.317813868386953, 1601.0 ], [ -97.525399515192518, 18.317805737921866, 1601.0 ], [ -97.525392118540921, 18.317803003365206, 1601.0 ], [ -97.525385778553812, 18.317803896231357, 1601.0 ], [ -97.525373098579649, 18.317811676192754, 1601.0 ], [ -97.525342455308717, 18.31781986611233, 1601.0 ], [ -97.525334001992604, 18.317823847399222, 1601.0 ], [ -97.525330394758569, 18.317829006557265, 1601.0 ], [ -97.525333841776316, 18.31783708024809, 1601.0 ], [ -97.525330831999057, 18.31784107774353, 1601.0 ], [ -97.525325375373868, 18.317838089459446, 1601.0 ], [ -97.525320133270839, 18.317829006557265, 1601.0 ], [ -97.525299132063608, 18.317820116201982, 1601.0 ], [ -97.525293848741029, 18.31781375604432, 1601.0 ], [ -97.525287508753948, 18.317813860131647, 1601.0 ], [ -97.5252843387604, 18.317823158972505, 1601.0 ], [ -97.525280112102337, 18.317824752343252, 1601.0 ], [ -97.525273810919316, 18.317817905232374, 1601.0 ], [ -97.525271658786224, 18.317807234281908, 1601.0 ], [ -97.525266375463644, 18.317811188351481, 1601.0 ], [ -97.525261092141065, 18.31780763798454, 1601.0 ], [ -97.525256865483016, 18.317807666704752, 1601.0 ], [ -97.525251582160436, 18.317810263777439, 1601.0 ], [ -97.525243237513465, 18.317807813118829, 1601.0 ], [ -97.525242072179807, 18.317801753547037, 1601.0 ], [ -97.52523890218626, 18.317803659393704, 1601.0 ], [ -97.52523749737216, 18.317806803907484, 1601.0 ], [ -97.52523361886368, 18.317806974582933, 1601.0 ], [ -97.525224108883052, 18.317797593238847, 1601.0 ], [ -97.525212485573391, 18.317796757998796, 1601.0 ], [ -97.525204032257264, 18.317789773124002, 1601.0 ], [ -97.525185012295992, 18.317767224996899, 1601.0 ], [ -97.525174445650848, 18.317761125264258, 1601.0 ], [ -97.525153202523057, 18.317764417030617, 1601.0 ], [ -97.525143802379915, 18.317776744194848, 1601.0 ], [ -97.525127952412191, 18.317791766658303, 1601.0 ], [ -97.525122669089626, 18.317791386593598, 1601.0 ], [ -97.525114215773499, 18.317782611092902, 1601.0 ], [ -97.525111045779951, 18.317781353831688, 1601.0 ], [ -97.525103649128354, 18.317782406835647, 1601.0 ], [ -97.525096992429823, 18.317787628891754, 1601.0 ], [ -97.525092398759099, 18.317794693371226, 1601.0 ], [ -97.525098365805775, 18.317795499044163, 1601.0 ], [ -97.525105762457386, 18.317792848165887, 1601.0 ], [ -97.525108467944037, 18.317797721005288, 1601.0 ], [ -97.525103649128354, 18.317803810054549, 1601.0 ], [ -97.525085685831598, 18.317806009743034, 1601.0 ], [ -97.525077232515486, 18.317802832473905, 1601.0 ], [ -97.525069835863874, 18.317803447182762, 1601.0 ], [ -97.525065609205811, 18.317799253511421, 1601.0 ], [ -97.525063713313159, 18.317792674948524, 1601.0 ], [ -97.52505926921873, 18.317792821930137, 1601.0 ], [ -97.525056227255348, 18.317790656525816, 1601.0 ], [ -97.525059868602568, 18.31778762889175, 1601.0 ], [ -97.525057155889698, 18.317784607096904, 1601.0 ], [ -97.525049759238087, 18.3177831910352, 1601.0 ], [ -97.525044475915522, 18.317784120305401, 1601.0 ], [ -97.525041272641204, 18.31778157362363, 1601.0 ], [ -97.525043419251006, 18.317775704932394, 1601.0 ], [ -97.525048685666945, 18.317773499932791, 1601.0 ], [ -97.52504913737333, 18.317765426241966, 1601.0 ], [ -97.525046589244553, 18.317763801037906, 1601.0 ], [ -97.52504236258649, 18.317769360703618, 1601.0 ], [ -97.525036022599394, 18.317768678145217, 1601.0 ], [ -97.525033012951226, 18.317747260437592, 1601.0 ], [ -97.525025574617104, 18.31774423280353, 1601.0 ], [ -97.525024569110812, 18.31773918674676, 1601.0 ], [ -97.525017656449293, 18.317733131478636, 1601.0 ], [ -97.525018059302639, 18.317731078748462, 1601.0 ], [ -97.525022285960702, 18.317728648702619, 1601.0 ], [ -97.525024650632261, 18.317725057787804, 1601.0 ], [ -97.525023154308755, 18.317716984096975, 1601.0 ], [ -97.525002209334914, 18.317684573522513, 1601.0 ], [ -97.524987416031706, 18.317670439871844, 1601.0 ], [ -97.524966282741417, 18.317657546242238, 1601.0 ], [ -97.524939866128548, 18.317648026457068, 1601.0 ], [ -97.524931412812421, 18.317649551500207, 1601.0 ], [ -97.524927240541501, 18.317648357724913, 1601.0 ] ] } },
{ "type": "Feature", "properties": { "FID": 109, "elev": 1602.0, "elevation": 1602.0, "ELEVATION": 1602.0, "is_master": false, "tipo": "Ordinaria (1m)" }, "geometry": { "type": "LineString", "coordinates": [ [ -97.524810953057724, 18.317666266077406, 1602.0 ], [ -97.52481200972224, 18.317666579596583, 1602.0 ], [ -97.524813197505708, 18.317665514317923, 1602.0 ] ] } },
{ "type": "Feature", "properties": { "FID": 110, "elev": 1604.0, "elevation": 1604.0, "ELEVATION": 1604.0, "is_master": false, "tipo": "Ordinaria (1m)" }, "geometry": { "type": "LineString", "coordinates": [ [ -97.5248236330319, 18.319163510993846, 1604.0 ], [ -97.524821895616412, 18.319162174755824, 1604.0 ], [ -97.524824689696416, 18.319160260734286, 1604.0 ], [ -97.524825618594306, 18.319162174755821, 1604.0 ], [ -97.5248236330319, 18.319163510993846, 1604.0 ] ] } },
{ "type": "Feature", "properties": { "FID": 111, "elev": 1607.0, "elevation": 1607.0, "ELEVATION": 1607.0, "is_master": false, "tipo": "Ordinaria (1m)" }, "geometry": { "type": "LineString", "coordinates": [ [ -97.52354401230437, 18.319161299116544, 1607.0 ], [ -97.523538728981791, 18.319161327018275, 1607.0 ], [ -97.52353580761519, 18.319159147121752, 1607.0 ], [ -97.523534908733154, 18.319155110276334, 1607.0 ], [ -97.523537672317275, 18.319151157531866, 1607.0 ], [ -97.523540842310823, 18.319150687555993, 1607.0 ], [ -97.523545837452161, 18.319153091853629, 1607.0 ], [ -97.523546321871095, 18.319159147121752, 1607.0 ], [ -97.52354401230437, 18.319161299116544, 1607.0 ] ] } },
{ "type": "Feature", "properties": { "FID": 112, "elev": 1603.0, "elevation": 1603.0, "ELEVATION": 1603.0, "is_master": false, "tipo": "Ordinaria (1m)" }, "geometry": { "type": "LineString", "coordinates": [ [ -97.525282594939824, 18.319157128699047, 1603.0 ], [ -97.525289883589707, 18.31915208264228, 1603.0 ], [ -97.525290637963948, 18.319147036585509, 1603.0 ], [ -97.525289286520589, 18.319142999740091, 1603.0 ], [ -97.525285395424916, 18.319141150017799, 1603.0 ], [ -97.525275885444273, 18.319143791094895, 1603.0 ], [ -97.525272259882797, 18.319142999740091, 1603.0 ], [ -97.525272851936563, 18.319140981317389, 1603.0 ], [ -97.525278623565441, 18.319136944471968, 1603.0 ], [ -97.525278779829748, 18.319135935260622, 1603.0 ], [ -97.52527720915711, 18.319133916837902, 1603.0 ], [ -97.525279694144302, 18.319130889203844, 1603.0 ], [ -97.525280080244997, 18.319128870781139, 1603.0 ], [ -97.5252843387604, 18.319128649326011, 1603.0 ], [ -97.525285891886668, 18.319126852358423, 1603.0 ], [ -97.525283282095884, 18.319124108965013, 1603.0 ], [ -97.525279204368687, 18.319123824724365, 1603.0 ], [ -97.525275885444273, 18.319118922907332, 1603.0 ], [ -97.525263205470097, 18.319119879687264, 1603.0 ], [ -97.525260613194362, 18.319121806301663, 1603.0 ], [ -97.525259130481572, 18.319125843147066, 1603.0 ], [ -97.525270809141688, 18.319140981317389, 1603.0 ], [ -97.525270602121708, 18.319155429859929, 1603.0 ], [ -97.525274828779771, 18.319157561218194, 1603.0 ], [ -97.525282594939824, 18.319157128699047, 1603.0 ] ] } },
{ "type": "Feature", "properties": { "FID": 113, "elev": 1606.0, "elevation": 1606.0, "ELEVATION": 1606.0, "is_master": false, "tipo": "Ordinaria (1m)" }, "geometry": { "type": "LineString", "coordinates": [ [ -97.52448493903411, 18.319157128699047, 1606.0 ], [ -97.524503463683885, 18.319153324874797, 1606.0 ], [ -97.524511917000012, 18.319147585069935, 1606.0 ], [ -97.5245173924434, 18.319140981317389, 1606.0 ], [ -97.524521610395524, 18.319129879992488, 1606.0 ], [ -97.524522308076286, 18.31910061286322, 1606.0 ], [ -97.524525346143733, 18.319092539172399, 1606.0 ], [ -97.524523540309673, 18.319089494286857, 1606.0 ], [ -97.524520370316125, 18.319088578431433, 1606.0 ], [ -97.524512973664528, 18.319091298683443, 1606.0 ], [ -97.524491840374225, 18.319090288696756, 1606.0 ], [ -97.524474933741985, 18.31909762070925, 1606.0 ], [ -97.524468781312848, 18.319104649708638, 1606.0 ], [ -97.524467218237234, 18.31911978787895, 1606.0 ], [ -97.524472701112131, 18.319157128699047, 1606.0 ], [ -97.52448493903411, 18.319157128699047, 1606.0 ] ] } },
{ "type": "Feature", "properties": { "FID": 114, "elev": 1603.0, "elevation": 1603.0, "ELEVATION": 1603.0, "is_master": false, "tipo": "Ordinaria (1m)" }, "geometry": { "type": "LineString", "coordinates": [ [ -97.524979525912414, 18.319152082642276, 1603.0 ], [ -97.524980019380109, 18.319149167880536, 1603.0 ], [ -97.524983037934817, 18.319148045796862, 1603.0 ], [ -97.524981076044625, 18.319145846320808, 1603.0 ], [ -97.524970509399481, 18.319146791101662, 1603.0 ], [ -97.52496651745102, 18.319150064219567, 1603.0 ], [ -97.524967339405933, 18.319152000592567, 1603.0 ], [ -97.524970509399481, 18.319152547840655, 1603.0 ], [ -97.524979525912414, 18.319152082642276, 1603.0 ] ] } },
{ "type": "Feature", "properties": { "FID": 115, "elev": 1604.0, "elevation": 1604.0, "ELEVATION": 1604.0, "is_master": false, "tipo": "Ordinaria (1m)" }, "geometry": { "type": "LineString", "coordinates": [ [ -97.525285791793209, 18.319150064219571, 1604.0 ], [ -97.525286718776755, 18.319147036585505, 1604.0 ], [ -97.525285395424916, 18.319145096426197, 1604.0 ], [ -97.525281269677734, 18.319146027374153, 1604.0 ], [ -97.525281575880015, 18.319150064219571, 1604.0 ], [ -97.525285791793209, 18.319150064219571, 1604.0 ] ] } },
{ "type": "Feature", "properties": { "FID": 116, "elev": 1606.0, "elevation": 1606.0, "ELEVATION": 1606.0, "is_master": false, "tipo": "Ordinaria (1m)" }, "geometry": { "type": "LineString", "coordinates": [ [ -97.524936708542015, 18.319150064219571, 1606.0 ], [ -97.524939812558728, 18.319146027374153, 1606.0 ], [ -97.524938809464032, 18.319144482442027, 1606.0 ], [ -97.524934540651799, 18.319148045796865, 1606.0 ], [ -97.524936708542015, 18.319150064219571, 1606.0 ] ] } },
{ "type": "Feature", "properties": { "FID": 117, "elev": 1606.0, "elevation": 1606.0, "ELEVATION": 1606.0, "is_master": false, "tipo": "Ordinaria (1m)" }, "geometry": { "type": "LineString", "coordinates": [ [ -97.524934730739005, 18.319150064219571, 1606.0 ], [ -97.524934556294667, 18.319150064219567, 1606.0 ], [ -97.524934582805969, 18.319150108372565, 1606.0 ], [ -97.524934730739005, 18.319150064219571, 1606.0 ] ] } },
{ "type": "Feature", "properties": { "FID": 118, "elev": 1605.0, "elevation": 1605.0, "ELEVATION": 1605.0, "is_master": true, "tipo": "Maestra (5m)" }, "geometry": { "type": "LineString", "coordinates": [ [ -97.524875569693819, 18.319144008951447, 1605.0 ], [ -97.524879398104773, 18.319139972106026, 1605.0 ], [ -97.5248796362512, 18.319136524060166, 1605.0 ], [ -97.524872548952033, 18.319141990528731, 1605.0 ], [ -97.52487435292862, 18.319144568444059, 1605.0 ], [ -97.524875569693819, 18.319144008951447, 1605.0 ] ] } },
{ "type": "Feature", "properties": { "FID": 119, "elev": 1607.0, "elevation": 1607.0, "ELEVATION": 1607.0, "is_master": false, "tipo": "Ordinaria (1m)" }, "geometry": { "type": "LineString", "coordinates": [ [ -97.524498026145409, 18.31913795368332, 1607.0 ], [ -97.524504520348401, 18.319134611489879, 1607.0 ], [ -97.524509943740455, 18.319126852358419, 1607.0 ], [ -97.524510004557769, 18.319113732610827, 1607.0 ], [ -97.524504337111779, 18.319104649708642, 1607.0 ], [ -97.524499237025836, 18.319101295964668, 1607.0 ], [ -97.524485500387144, 18.319102532625759, 1607.0 ], [ -97.52447930015245, 18.3191076773427, 1607.0 ], [ -97.524477992411633, 18.319110704976758, 1607.0 ], [ -97.524478925214169, 18.319119787878947, 1607.0 ], [ -97.524488670380677, 18.319135074543567, 1607.0 ], [ -97.524494057537339, 18.319137953683324, 1607.0 ], [ -97.524498026145409, 18.31913795368332, 1607.0 ] ] } },
{ "type": "Feature", "properties": { "FID": 120, "elev": 1604.0, "elevation": 1604.0, "ELEVATION": 1604.0, "is_master": false, "tipo": "Ordinaria (1m)" }, "geometry": { "type": "LineString", "coordinates": [ [ -97.525277761680599, 18.319136944471968, 1604.0 ], [ -97.525276942108789, 18.31913523472501, 1604.0 ], [ -97.525274971537229, 18.319135935260618, 1604.0 ], [ -97.525275885444273, 18.319137698567822, 1604.0 ], [ -97.525277761680599, 18.319136944471968, 1604.0 ] ] } },
{ "type": "Feature", "properties": { "FID": 121, "elev": 1605.0, "elevation": 1605.0, "ELEVATION": 1605.0, "is_master": true, "tipo": "Maestra (5m)" }, "geometry": { "type": "LineString", "coordinates": [ [ -97.524433723825908, 18.319136524871549, 1605.0 ], [ -97.524428120369805, 18.319134926049259, 1605.0 ], [ -97.524419979121078, 18.319127861569779, 1605.0 ], [ -97.524418460894026, 18.319122815513001, 1605.0 ], [ -97.524419987187215, 18.319119971371926, 1605.0 ], [ -97.524425270509795, 18.319117578054097, 1605.0 ], [ -97.52443055383236, 18.319117556670719, 1605.0 ], [ -97.524439007148487, 18.319121825343377, 1605.0 ], [ -97.524442394806997, 18.319130889203844, 1605.0 ], [ -97.524439106210778, 18.319134926049259, 1605.0 ], [ -97.524433723825908, 18.319136524871549, 1605.0 ] ] } },
{ "type": "Feature", "properties": { "FID": 122, "elev": 1603.0, "elevation": 1603.0, "ELEVATION": 1603.0, "is_master": false, "tipo": "Ordinaria (1m)" }, "geometry": { "type": "LineString", "coordinates": [ [ -97.525566125089284, 18.319133916837906, 1603.0 ], [ -97.525567087089371, 18.319129879992488, 1603.0 ], [ -97.525563298192324, 18.319127965177035, 1603.0 ], [ -97.525561647413696, 18.319129879992488, 1603.0 ], [ -97.525562181861872, 18.31913290762655, 1603.0 ], [ -97.525566125089284, 18.319133916837906, 1603.0 ] ] } },
{ "type": "Feature", "properties": { "FID": 123, "elev": 1604.0, "elevation": 1604.0, "ELEVATION": 1604.0, "is_master": false, "tipo": "Ordinaria (1m)" }, "geometry": { "type": "LineString", "coordinates": [ [ -97.525278190864711, 18.319131898415197, 1604.0 ], [ -97.525279308128717, 18.319128870781139, 1604.0 ], [ -97.525283710126232, 18.319126852358426, 1604.0 ], [ -97.525282888978992, 18.319124833935717, 1604.0 ], [ -97.525279055437821, 18.319125208714659, 1604.0 ], [ -97.525275885444273, 18.319122037788155, 1604.0 ], [ -97.52527271545074, 18.319121500710722, 1604.0 ], [ -97.525269341069503, 18.319121806301666, 1604.0 ], [ -97.525265803443489, 18.319124833935721, 1604.0 ], [ -97.525268488792676, 18.31913149307621, 1604.0 ], [ -97.525271658786224, 18.319132654786898, 1604.0 ], [ -97.525278190864711, 18.319131898415197, 1604.0 ] ] } },
{ "type": "Feature", "properties": { "FID": 124, "elev": 1605.0, "elevation": 1605.0, "ELEVATION": 1605.0, "is_master": true, "tipo": "Maestra (5m)" }, "geometry": { "type": "LineString", "coordinates": [ [ -97.525278006581175, 18.319129879992488, 1605.0 ], [ -97.525278028307412, 18.319126852358423, 1605.0 ], [ -97.525274680475974, 18.319126852358426, 1605.0 ], [ -97.525274828779771, 18.319128846080158, 1605.0 ], [ -97.525278006581175, 18.319129879992488, 1605.0 ] ] } },
{ "type": "Feature", "properties": { "FID": 125, "elev": 1603.0, "elevation": 1603.0, "ELEVATION": 1603.0, "is_master": false, "tipo": "Ordinaria (1m)" }, "geometry": { "type": "LineString", "coordinates": [ [ -97.525552967553466, 18.319124833935721, 1603.0 ], [ -97.525555238758329, 18.319123824724368, 1603.0 ], [ -97.525553788211695, 18.319121874722775, 1603.0 ], [ -97.525551842435604, 18.319123824724365, 1603.0 ], [ -97.525552967553466, 18.319124833935721, 1603.0 ] ] } },
{ "type": "Feature", "properties": { "FID": 126, "elev": 1606.0, "elevation": 1606.0, "ELEVATION": 1606.0, "is_master": false, "tipo": "Ordinaria (1m)" }, "geometry": { "type": "LineString", "coordinates": [ [ -97.524294742709216, 18.319124833935721, 1606.0 ], [ -97.524296424662154, 18.319123824724365, 1606.0 ], [ -97.524296269789374, 18.319120797090303, 1606.0 ], [ -97.524293187445423, 18.319119355688215, 1606.0 ], [ -97.524290464203418, 18.319121806301659, 1606.0 ], [ -97.524292130780907, 18.319124706724207, 1606.0 ], [ -97.524294742709216, 18.319124833935721, 1606.0 ] ] } },
{ "type": "Feature", "properties": { "FID": 127, "elev": 1604.0, "elevation": 1604.0, "ELEVATION": 1604.0, "is_master": false, "tipo": "Ordinaria (1m)" }, "geometry": { "type": "LineString", "coordinates": [ [ -97.52486401682846, 18.319122815513008, 1604.0 ], [ -97.524865235238721, 18.319121806301663, 1604.0 ], [ -97.524863786283476, 18.31912059295561, 1604.0 ], [ -97.524861931689117, 18.319121806301663, 1604.0 ], [ -97.52486401682846, 18.319122815513008, 1604.0 ] ] } },
{ "type": "Feature", "properties": { "FID": 128, "elev": 1605.0, "elevation": 1605.0, "ELEVATION": 1605.0, "is_master": true, "tipo": "Maestra (5m)" }, "geometry": { "type": "LineString", "coordinates": [ [ -97.524668484490704, 18.319119787878947, 1605.0 ], [ -97.524673785752512, 18.319111714188114, 1605.0 ], [ -97.524676172333727, 18.31910061286322, 1605.0 ], [ -97.524673492934426, 18.319091529961032, 1605.0 ], [ -97.524670416677239, 18.319087534590068, 1605.0 ], [ -97.524667246683705, 18.319086776717707, 1605.0 ], [ -97.524664076690158, 18.319087498026626, 1605.0 ], [ -97.524659708284418, 18.319091529961032, 1605.0 ], [ -97.524653978339501, 18.319109695765412, 1605.0 ], [ -97.524654566709515, 18.319114091441534, 1605.0 ], [ -97.524658793367578, 18.319118806317228, 1605.0 ], [ -97.524664076690158, 18.319120660710389, 1605.0 ], [ -97.524668484490704, 18.319119787878947, 1605.0 ] ] } },
{ "type": "Feature", "properties": { "FID": 129, "elev": 1605.0, "elevation": 1605.0, "ELEVATION": 1605.0, "is_master": true, "tipo": "Maestra (5m)" }, "geometry": { "type": "LineString", "coordinates": [ [ -97.524786649773887, 18.319118870414083, 1605.0 ], [ -97.524779253122276, 18.319118023080041, 1605.0 ], [ -97.524773102792921, 18.319112723399474, 1605.0 ], [ -97.524783479780339, 18.319110510623343, 1605.0 ], [ -97.52478891849475, 18.319114741822183, 1605.0 ], [ -97.524786649773887, 18.319118870414083, 1605.0 ] ] } },
{ "type": "Feature", "properties": { "FID": 130, "elev": 1604.0, "elevation": 1604.0, "ELEVATION": 1604.0, "is_master": false, "tipo": "Ordinaria (1m)" }, "geometry": { "type": "LineString", "coordinates": [ [ -97.524584826851537, 18.319114741832809, 1604.0 ], [ -97.524583770181181, 18.31911474182218, 1604.0 ], [ -97.524583770187022, 18.319114741599009, 1604.0 ], [ -97.524584826851537, 18.319114741832809, 1604.0 ] ] } },
{ "type": "Feature", "properties": { "FID": 131, "elev": 1604.0, "elevation": 1604.0, "ELEVATION": 1604.0, "is_master": false, "tipo": "Ordinaria (1m)" }, "geometry": { "type": "LineString", "coordinates": [ [ -97.524584826851537, 18.319113463487799, 1604.0 ], [ -97.524583645873548, 18.319111714188118, 1604.0 ], [ -97.524584826851537, 18.319111265649738, 1604.0 ], [ -97.524585601738849, 18.319112723399481, 1604.0 ], [ -97.524584826851537, 18.319113463487799, 1604.0 ] ] } },
{ "type": "Feature", "properties": { "FID": 132, "elev": 1603.0, "elevation": 1603.0, "ELEVATION": 1603.0, "is_master": false, "tipo": "Ordinaria (1m)" }, "geometry": { "type": "LineString", "coordinates": [ [ -97.525590381224305, 18.319110704976762, 1603.0 ], [ -97.525589070355963, 18.319110704976762, 1603.0 ], [ -97.525589714805207, 18.319111291481793, 1603.0 ], [ -97.525590381224305, 18.319110704976762, 1603.0 ] ] } },
{ "type": "Feature", "properties": { "FID": 133, "elev": 1604.0, "elevation": 1604.0, "ELEVATION": 1604.0, "is_master": false, "tipo": "Ordinaria (1m)" }, "geometry": { "type": "LineString", "coordinates": [ [ -97.524580600193474, 18.319109119073204, 1604.0 ], [ -97.524575574593953, 18.319091529961035, 1604.0 ], [ -97.524578486864442, 18.319090240642044, 1604.0 ], [ -97.524583770187022, 18.319091025355359, 1604.0 ], [ -97.524586473282298, 18.319093548383748, 1604.0 ], [ -97.524580600193474, 18.319109119073204, 1604.0 ] ] } },
{ "type": "Feature", "properties": { "FID": 134, "elev": 1606.0, "elevation": 1606.0, "ELEVATION": 1606.0, "is_master": false, "tipo": "Ordinaria (1m)" }, "geometry": { "type": "LineString", "coordinates": [ [ -97.524259809278107, 18.319106668131354, 1606.0 ], [ -97.524267900370489, 18.319100612863224, 1606.0 ], [ -97.524268824631193, 18.319094557595101, 1606.0 ], [ -97.524267365206342, 18.319089511538333, 1606.0 ], [ -97.524262544174491, 18.319085539110667, 1606.0 ], [ -97.524249864200314, 18.319085211420393, 1606.0 ], [ -97.524244416912552, 18.319089511538337, 1606.0 ], [ -97.524244437601197, 18.319099603651871, 1606.0 ], [ -97.52425092086483, 18.319105782496901, 1606.0 ], [ -97.524259809278107, 18.319106668131354, 1606.0 ] ] } },
{ "type": "Feature", "properties": { "FID": 135, "elev": 1603.0, "elevation": 1603.0, "ELEVATION": 1603.0, "is_master": false, "tipo": "Ordinaria (1m)" }, "geometry": { "type": "LineString", "coordinates": [ [ -97.52556719075794, 18.31910162207458, 1603.0 ], [ -97.525568146417754, 18.319098594440511, 1603.0 ], [ -97.525565411521356, 18.319097541350409, 1603.0 ], [ -97.525561850706694, 18.319097585229159, 1603.0 ], [ -97.525559326775863, 18.319099603651868, 1603.0 ], [ -97.525560128198791, 18.319101520544255, 1603.0 ], [ -97.52556719075794, 18.31910162207458, 1603.0 ] ] } },
{ "type": "Feature", "properties": { "FID": 136, "elev": 1600.0, "elevation": 1600.0, "ELEVATION": 1600.0, "is_master": true, "tipo": "Maestra (5m)" }, "geometry": { "type": "LineString", "coordinates": [ [ -97.525885461568535, 18.319086483904268, 1600.0 ], [ -97.525883168797492, 18.319073364156669, 1600.0 ], [ -97.52587924088229, 18.319064806044384, 1600.0 ], [ -97.525872900895195, 18.31906851084053, 1600.0 ], [ -97.52585705092747, 18.319069356563759, 1600.0 ], [ -97.525853880933923, 18.319067400635031, 1600.0 ], [ -97.525851661938447, 18.319063272043127, 1600.0 ], [ -97.525849379543089, 18.319041069393343, 1600.0 ], [ -97.525847864254644, 18.318985562768876, 1600.0 ], [ -97.525844370953294, 18.318968406231662, 1600.0 ], [ -97.525840144295231, 18.31896822807974, 1600.0 ], [ -97.525827464321054, 18.318974584185902, 1600.0 ], [ -97.525804217701733, 18.318982778954243, 1600.0 ], [ -97.525799638822164, 18.318982535134815, 1600.0 ], [ -97.525793176484441, 18.318977489078044, 1600.0 ], [ -97.525797128419455, 18.318960332485023, 1600.0 ], [ -97.525797803220939, 18.318948221948776, 1600.0 ], [ -97.525799991043669, 18.318943075686622, 1600.0 ], [ -97.525806331030751, 18.318937108778687, 1600.0 ], [ -97.525817954340425, 18.318936120504528, 1600.0 ], [ -97.525827464321054, 18.318941369848201, 1600.0 ], [ -97.525841200959746, 18.318944723349421, 1600.0 ], [ -97.525844370953294, 18.318947392953739, 1600.0 ], [ -97.525849654275873, 18.318945951223231, 1600.0 ], [ -97.525864333000996, 18.318917945608167, 1600.0 ], [ -97.525897316889925, 18.318873540308591, 1600.0 ], [ -97.525905893643667, 18.318854365292864, 1600.0 ], [ -97.525908097321647, 18.31883821791121, 1600.0 ], [ -97.525907029454729, 18.318818033684117, 1600.0 ], [ -97.525900374171016, 18.318798858668401, 1600.0 ], [ -97.525889807527435, 18.318785904612209, 1600.0 ], [ -97.52586755353235, 18.318771609961846, 1600.0 ], [ -97.525854800369288, 18.318761517848301, 1600.0 ], [ -97.525849720317396, 18.318755462580178, 1600.0 ], [ -97.525847389994766, 18.318755462580175, 1600.0 ], [ -97.525845427676231, 18.318759499425592, 1600.0 ], [ -97.525841200959746, 18.318758468274861, 1600.0 ], [ -97.525838324484127, 18.318753444157469, 1600.0 ], [ -97.525840144295231, 18.318751199791922, 1600.0 ], [ -97.52584542761781, 18.318753570308889, 1600.0 ], [ -97.525847010223941, 18.318749407312058, 1600.0 ], [ -97.525844370953294, 18.318744213353618, 1600.0 ], [ -97.525839087630715, 18.318743526715124, 1600.0 ], [ -97.52583791355903, 18.318749407312062, 1600.0 ], [ -97.525834860972665, 18.318750655997292, 1600.0 ], [ -97.525829577650086, 18.318747945695613, 1600.0 ], [ -97.525823237662991, 18.318748734504478, 1600.0 ], [ -97.525822667064162, 18.31875142573476, 1600.0 ], [ -97.525824294327506, 18.318752700528051, 1600.0 ], [ -97.525833804308149, 18.318753999223716, 1600.0 ], [ -97.525835433332603, 18.318755462580182, 1600.0 ], [ -97.525830634314602, 18.318761874293159, 1600.0 ], [ -97.525828538744634, 18.318760508636945, 1600.0 ], [ -97.52582852098557, 18.318757329621182, 1600.0 ], [ -97.525823237662991, 18.318755094137941, 1600.0 ], [ -97.525815841011394, 18.318753869088564, 1600.0 ], [ -97.525812671017846, 18.318757279160614, 1600.0 ], [ -97.525810687857629, 18.31874537046664, 1600.0 ], [ -97.525806274133444, 18.318740324409866, 1600.0 ], [ -97.525806331030751, 18.318734124968692, 1600.0 ], [ -97.525791537727542, 18.318729472419545, 1600.0 ], [ -97.525773574430801, 18.318721047795687, 1600.0 ], [ -97.525753497805013, 18.318715973951303, 1600.0 ], [ -97.525746101153402, 18.318711178040935, 1600.0 ], [ -97.525744175788745, 18.318706011223828, 1600.0 ], [ -97.525748028211453, 18.31869692832165, 1600.0 ], [ -97.52574398781951, 18.318687845419465, 1600.0 ], [ -97.525736591172773, 18.318687941534833, 1600.0 ], [ -97.525731301076704, 18.318684817785407, 1600.0 ], [ -97.525726024527629, 18.318678577340879, 1600.0 ], [ -97.525714401217968, 18.318673561519351, 1600.0 ], [ -97.525683757947036, 18.318666348001706, 1600.0 ], [ -97.525668964643828, 18.318668491903768, 1600.0 ], [ -97.525653333983826, 18.318683808574047, 1600.0 ], [ -97.525647831353524, 18.3186868887712, 1600.0 ], [ -97.525609791430981, 18.318688615892654, 1600.0 ], [ -97.525593941463256, 18.318692693238297, 1600.0 ], [ -97.525560084474733, 18.318717112548729, 1600.0 ], [ -97.525554844876211, 18.318723983907514, 1600.0 ], [ -97.525551674882664, 18.318722574163118, 1600.0 ], [ -97.525550618218148, 18.318718052500479, 1600.0 ], [ -97.525541108237519, 18.318715278186207, 1600.0 ], [ -97.525533711585908, 18.318710809963985, 1600.0 ], [ -97.525521031611731, 18.31871105728354, 1600.0 ], [ -97.525494614998863, 18.318728103895452, 1600.0 ], [ -97.525466085056962, 18.318739478854411, 1600.0 ], [ -97.52545234841827, 18.318742585867152, 1600.0 ], [ -97.525438611779578, 18.318741353281183, 1600.0 ], [ -97.525426988469903, 18.318733259931737, 1600.0 ], [ -97.52542146739782, 18.3187221586055, 1600.0 ], [ -97.525421525421407, 18.318710048069256, 1600.0 ], [ -97.525424799933447, 18.318700965167068, 1600.0 ], [ -97.52542997332138, 18.318693900687588, 1600.0 ], [ -97.525458688405351, 18.318667781695233, 1600.0 ], [ -97.525472425044043, 18.318666437855597, 1600.0 ], [ -97.525508351637555, 18.318679008350816, 1600.0 ], [ -97.525516804953682, 18.318678906690323, 1600.0 ], [ -97.525530541592374, 18.318672609740815, 1600.0 ], [ -97.525556958205243, 18.318663704021557, 1600.0 ], [ -97.525570764514129, 18.318653532233423, 1600.0 ], [ -97.525577291227563, 18.318639403274474, 1600.0 ], [ -97.5255799433818, 18.318602062454381, 1600.0 ], [ -97.525588409513745, 18.318550592675329, 1600.0 ], [ -97.525603248969261, 18.31850719658711, 1600.0 ], [ -97.525621599362324, 18.318467837344311, 1600.0 ], [ -97.525623821587601, 18.318452699173989, 1600.0 ], [ -97.525624326141198, 18.318417376776612, 1600.0 ], [ -97.525637307837542, 18.318374989899745, 1600.0 ], [ -97.525662624656732, 18.318344699542294, 1600.0 ], [ -97.525672738445664, 18.318337649079641, 1600.0 ], [ -97.525680682111712, 18.318335630656936, 1600.0 ], [ -97.525686927940569, 18.318329423770212, 1600.0 ], [ -97.525698551250244, 18.318328667539294, 1600.0 ], [ -97.525702832698315, 18.318318474063922, 1600.0 ], [ -97.525706936149234, 18.318313428007151, 1600.0 ], [ -97.525712287888936, 18.318315002157476, 1600.0 ], [ -97.525720741205049, 18.318313794181179, 1600.0 ], [ -97.52572813785666, 18.318307278243587, 1600.0 ], [ -97.525736591172773, 18.318306459357832, 1600.0 ], [ -97.525740817830837, 18.318304116499082, 1600.0 ], [ -97.525747157817918, 18.318304812529167, 1600.0 ], [ -97.525750327811465, 18.318302465201466, 1600.0 ], [ -97.525754718517902, 18.318293243780083, 1600.0 ], [ -97.525758985991118, 18.318274068764353, 1600.0 ], [ -97.525761212033387, 18.318258930594045, 1600.0 ], [ -97.525759928548567, 18.318236727944257, 1600.0 ], [ -97.525751384475981, 18.318223847670534, 1600.0 ], [ -97.525742931159868, 18.318217552930182, 1600.0 ], [ -97.52573236451471, 18.318213510249517, 1600.0 ], [ -97.525728386012716, 18.318209479237694, 1600.0 ], [ -97.525733559223283, 18.318202414758222, 1600.0 ], [ -97.525733371126705, 18.318199387124153, 1600.0 ], [ -97.5257302370497, 18.318195350278742, 1600.0 ], [ -97.525728412423021, 18.318178193685718, 1600.0 ], [ -97.525721511316476, 18.318159018669999, 1600.0 ], [ -97.525720900878795, 18.318141862076988, 1600.0 ], [ -97.525713466288991, 18.318120668638553, 1600.0 ], [ -97.525709117895389, 18.318115579174844, 1600.0 ], [ -97.525702777908293, 18.318112439684437, 1600.0 ], [ -97.525690097934117, 18.318111774203544, 1600.0 ], [ -97.525679531288972, 18.318114324145224, 1600.0 ], [ -97.525675793089036, 18.318113604159066, 1600.0 ], [ -97.525672134637361, 18.318108660733962, 1600.0 ], [ -97.525668964643828, 18.318109414979865, 1600.0 ], [ -97.525663681321248, 18.318117641006747, 1600.0 ], [ -97.525658397998669, 18.318114276966639, 1600.0 ], [ -97.525655228005121, 18.318108558117185, 1600.0 ], [ -97.52564360469546, 18.318103677736953, 1600.0 ], [ -97.52563412048714, 18.318088373875224, 1600.0 ], [ -97.525629034465879, 18.31807121728221, 1600.0 ], [ -97.525623442999233, 18.318061125168668, 1600.0 ], [ -97.52562239888897, 18.318043968575655, 1600.0 ], [ -97.525620438737548, 18.318038922518884, 1600.0 ], [ -97.525611904760012, 18.318039014996423, 1600.0 ], [ -97.525591828134239, 18.318026801130898, 1600.0 ], [ -97.525583530608401, 18.318018738291808, 1600.0 ], [ -97.525582318153596, 18.318012786976777, 1600.0 ], [ -97.525573803403503, 18.318013692235034, 1600.0 ], [ -97.525570642010706, 18.318010664600973, 1600.0 ], [ -97.525571806400109, 18.31800259091014, 1600.0 ], [ -97.525565857668596, 18.31799754485337, 1600.0 ], [ -97.52556911591995, 18.317994517219315, 1600.0 ], [ -97.525568224806506, 18.317990480373894, 1600.0 ], [ -97.525555183008862, 18.317987452739832, 1600.0 ], [ -97.525554479609468, 18.317985434317116, 1600.0 ], [ -97.525557273500297, 18.317980388260356, 1600.0 ], [ -97.525563298192324, 18.317976365052928, 1600.0 ], [ -97.525566468185872, 18.317976969670546, 1600.0 ], [ -97.525573670954088, 18.317972314569527, 1600.0 ], [ -97.525578091495547, 18.317971877668533, 1600.0 ], [ -97.525597111456804, 18.317977127842582, 1600.0 ], [ -97.525603451443899, 18.317981369963388, 1600.0 ], [ -97.52560862172794, 18.317989471162541, 1600.0 ], [ -97.525616131418076, 18.317989585704925, 1600.0 ], [ -97.525623528069687, 18.317994703927525, 1600.0 ], [ -97.525634094714832, 18.317994565093144, 1600.0 ], [ -97.525642548030945, 18.317988085394898, 1600.0 ], [ -97.525646774689008, 18.317987396333756, 1600.0 ], [ -97.525652058011588, 18.317999788864498, 1600.0 ], [ -97.525658397998669, 18.318002388257259, 1600.0 ], [ -97.525660607388119, 18.318006627755551, 1600.0 ], [ -97.52566579465028, 18.31800980927645, 1600.0 ], [ -97.525674247966393, 18.318012838673194, 1600.0 ], [ -97.525680587953488, 18.318009464709132, 1600.0 ], [ -97.525689041269601, 18.31800766043694, 1600.0 ], [ -97.525694504798523, 18.318003600121497, 1600.0 ], [ -97.525694363487801, 18.317997544853377, 1600.0 ], [ -97.525684814611537, 18.317990555594612, 1600.0 ], [ -97.525682491626853, 18.317987452739828, 1600.0 ], [ -97.525682524985797, 18.317984425105774, 1600.0 ], [ -97.525691154598633, 18.317973507273848, 1600.0 ], [ -97.525694512021104, 18.3179662593014, 1600.0 ], [ -97.525698551250244, 18.317963194269627, 1600.0 ], [ -97.525704891237325, 18.317962646469958, 1600.0 ], [ -97.525714401217968, 18.317958038106998, 1600.0 ], [ -97.525721797869565, 18.317956688721775, 1600.0 ], [ -97.525733421179226, 18.317958057327271, 1600.0 ], [ -97.525752441140497, 18.317964482566843, 1600.0 ], [ -97.525776744424334, 18.317966032512334, 1600.0 ], [ -97.525784141075945, 18.317968309261968, 1600.0 ], [ -97.525791077130194, 18.317974332992232, 1600.0 ], [ -97.525794217515909, 18.317981397471712, 1600.0 ], [ -97.525793590095162, 18.317988461951192, 1600.0 ], [ -97.525799198545286, 18.317994517219319, 1600.0 ], [ -97.525799038816928, 18.318011673812322, 1600.0 ], [ -97.525791347337545, 18.318017729080456, 1600.0 ], [ -97.525796113833721, 18.31802782119399, 1600.0 ], [ -97.525800269113276, 18.318029839616699, 1600.0 ], [ -97.525798077504149, 18.318037913307531, 1600.0 ], [ -97.525799991043669, 18.318039984499453, 1600.0 ], [ -97.525805274366249, 18.318041144290152, 1600.0 ], [ -97.525816897675909, 18.318039908793615, 1600.0 ], [ -97.525824294327506, 18.31803491122313, 1600.0 ], [ -97.525828504301387, 18.318028830405346, 1600.0 ], [ -97.525834633243235, 18.318000572487435, 1600.0 ], [ -97.525836974301683, 18.31799637904026, 1600.0 ], [ -97.525851767604891, 18.317983707444366, 1600.0 ], [ -97.525857285741807, 18.317983415894417, 1600.0 ], [ -97.525858239675046, 18.317987452739825, 1600.0 ], [ -97.525860220921018, 18.317988900958124, 1600.0 ], [ -97.525868674237131, 18.31798444657835, 1600.0 ], [ -97.52587924088229, 18.317973400308752, 1600.0 ], [ -97.52588558086758, 18.317962222455989, 1600.0 ], [ -97.525888618779859, 18.317940019806194, 1600.0 ], [ -97.525886766681779, 18.317917817156406, 1600.0 ], [ -97.525892154305595, 18.317900660563392, 1600.0 ], [ -97.525890109431586, 18.317885522393073, 1600.0 ], [ -97.525899547588239, 18.317876439490899, 1600.0 ], [ -97.525905657491506, 18.31786130132059, 1600.0 ], [ -97.525909884153222, 18.317858334850854, 1600.0 ], [ -97.525920450798367, 18.317858074687106, 1600.0 ], [ -97.525940527424154, 18.317862237926811, 1600.0 ], [ -97.525946867411236, 18.317865540008274, 1600.0 ], [ -97.52596271737896, 18.317867429883385, 1600.0 ], [ -97.525963545843624, 18.317865338165998, 1600.0 ], [ -97.52595843875379, 18.317858273686525, 1600.0 ], [ -97.525959283219294, 18.31785726447518, 1600.0 ], [ -97.525952607020756, 18.317854236841118, 1600.0 ], [ -97.52595743405638, 18.31784928253083, 1600.0 ], [ -97.525958490720896, 18.317856087061934, 1600.0 ], [ -97.525960604049928, 18.317858110910507, 1600.0 ], [ -97.52596271737896, 18.31785767316407, 1600.0 ], [ -97.525966054580962, 18.317855246052467, 1600.0 ], [ -97.525964830707991, 18.317848015675231, 1600.0 ], [ -97.52596271737896, 18.317845421688883, 1600.0 ], [ -97.52595743405638, 18.317845316714951, 1600.0 ], [ -97.525951094069299, 18.317839157852955, 1600.0 ], [ -97.525933130772543, 18.317836329726994, 1600.0 ], [ -97.525918337469335, 18.317829888917654, 1600.0 ], [ -97.525905657495159, 18.317835299286884, 1600.0 ], [ -97.525897299160121, 18.317826988134556, 1600.0 ], [ -97.525896975711035, 18.317822951289145, 1600.0 ], [ -97.525895090850014, 18.317820798447165, 1600.0 ], [ -97.525882410875823, 18.317820050222839, 1600.0 ], [ -97.525860220921018, 18.317813969634692, 1600.0 ], [ -97.525852824269407, 18.317810904048383, 1600.0 ], [ -97.525844370953294, 18.31780366838445, 1600.0 ], [ -97.525836974301683, 18.317799746002663, 1600.0 ], [ -97.525806331030751, 18.317792480401753, 1600.0 ], [ -97.525792594392058, 18.317794876864209, 1600.0 ], [ -97.525789424398525, 18.317801757852834, 1600.0 ], [ -97.525780971082398, 18.31780146247177, 1600.0 ], [ -97.525773574430801, 18.317804957789157, 1600.0 ], [ -97.525758781127593, 18.317808669146327, 1600.0 ], [ -97.525747157817918, 18.317818086783621, 1600.0 ], [ -97.52573236451471, 18.317820366723481, 1600.0 ], [ -97.52572813785666, 18.317819587251289, 1600.0 ], [ -97.525725807775927, 18.317815886809658, 1600.0 ], [ -97.525726288693747, 18.317808822330182, 1600.0 ], [ -97.525724967863113, 18.317806875994012, 1600.0 ], [ -97.52571123122442, 18.317804673350178, 1600.0 ], [ -97.525708061220712, 18.31780074863935, 1600.0 ], [ -97.525708406037182, 18.317794693371226, 1600.0 ], [ -97.525705393064626, 18.317788638103107, 1600.0 ], [ -97.525709668709865, 18.317777536778209, 1600.0 ], [ -97.525708061230873, 18.317775269606237, 1600.0 ], [ -97.52569985111532, 18.317784601257689, 1600.0 ], [ -97.525705142824123, 18.317811849964251, 1600.0 ], [ -97.525697315994535, 18.31782396050049, 1600.0 ], [ -97.525697572402109, 18.317830015768614, 1600.0 ], [ -97.525689271568282, 18.31783708024809, 1600.0 ], [ -97.525688835547314, 18.317839098670802, 1600.0 ], [ -97.52569432459218, 18.317842990250945, 1600.0 ], [ -97.525697239787192, 18.317848181572987, 1600.0 ], [ -97.525704891237325, 18.317850024480681, 1600.0 ], [ -97.525704057028506, 18.317858273686522, 1600.0 ], [ -97.525690187439821, 18.317872402645481, 1600.0 ], [ -97.525674247966393, 18.317883416969398, 1600.0 ], [ -97.525664737985764, 18.317884458884976, 1600.0 ], [ -97.525660865757487, 18.317881485547669, 1600.0 ], [ -97.525659670421916, 18.317868365800063, 1600.0 ], [ -97.525647578841784, 18.317846163150282, 1600.0 ], [ -97.525646548260895, 18.317838089459453, 1600.0 ], [ -97.525651001347072, 18.31783188350358, 1600.0 ], [ -97.525668070044418, 18.317821942077785, 1600.0 ], [ -97.525670228497461, 18.317815886809665, 1600.0 ], [ -97.525669221214116, 18.317801757850706, 1600.0 ], [ -97.525666636679816, 18.317796711793939, 1600.0 ], [ -97.52566365698074, 18.317794693371223, 1600.0 ], [ -97.525663681321248, 18.317791386768182, 1600.0 ], [ -97.525667907979312, 18.317787779801865, 1600.0 ], [ -97.525672134637361, 18.317788752645505, 1600.0 ], [ -97.525679531288972, 18.317785547063096, 1600.0 ], [ -97.52568023480508, 18.317783592046336, 1600.0 ], [ -97.525675521753755, 18.317780564412274, 1600.0 ], [ -97.525661543977108, 18.317759370973842, 1600.0 ], [ -97.52564360469546, 18.317741177614213, 1600.0 ], [ -97.525637264708379, 18.317738034929455, 1600.0 ], [ -97.5256319813858, 18.317738051686511, 1600.0 ], [ -97.525624584734189, 18.317741333216315, 1600.0 ], [ -97.525619301411623, 18.317741365430503, 1600.0 ], [ -97.52561507475356, 18.317738718839674, 1600.0 ], [ -97.525609616999944, 18.317730103844578, 1600.0 ], [ -97.525609837301701, 18.317713956462914, 1600.0 ], [ -97.525603451443899, 18.3177087356848, 1600.0 ], [ -97.525577034831031, 18.317707019403414, 1600.0 ], [ -97.525549561553632, 18.317694522675044, 1600.0 ], [ -97.525533711585908, 18.317694513003762, 1600.0 ], [ -97.525521031611731, 18.317699632429576, 1600.0 ], [ -97.525493558334347, 18.31772014706187, 1600.0 ], [ -97.525468198385994, 18.317735045873835, 1600.0 ], [ -97.525460614224471, 18.317741205169472, 1600.0 ], [ -97.525455327001239, 18.317748269648948, 1600.0 ], [ -97.525450139358483, 18.317759370973842, 1600.0 ], [ -97.525438680927351, 18.317805794696124, 1600.0 ], [ -97.525434385121514, 18.317809585957818, 1600.0 ], [ -97.525425931805401, 18.317810762344006, 1600.0 ], [ -97.525419591818306, 18.317815337897152, 1600.0 ], [ -97.525414308495726, 18.31781599304243, 1600.0 ], [ -97.52540462046052, 18.317804785484771, 1600.0 ], [ -97.525405984878503, 18.317797721005295, 1600.0 ], [ -97.52541325183121, 18.31778977775674, 1600.0 ], [ -97.525413791542931, 18.31778661968039, 1600.0 ], [ -97.525412329069084, 18.31778157362363, 1600.0 ], [ -97.525406911844129, 18.317777655045166, 1600.0 ], [ -97.525392118540921, 18.317774225657811, 1600.0 ], [ -97.525369928586102, 18.31777534717282, 1600.0 ], [ -97.52533505865712, 18.317787738136278, 1600.0 ], [ -97.525316038695848, 18.317789611903539, 1600.0 ], [ -97.525308642044237, 18.31778374045977, 1600.0 ], [ -97.52530124539264, 18.317774651286594, 1600.0 ], [ -97.525288565418464, 18.317766034972628, 1600.0 ], [ -97.525277998773305, 18.31774870843649, 1600.0 ], [ -97.525268488792676, 18.317742343892213, 1600.0 ], [ -97.525263205470097, 18.317742588582785, 1600.0 ], [ -97.525257922147532, 18.317749252401583, 1600.0 ], [ -97.525249468831404, 18.317751092938561, 1600.0 ], [ -97.525244306500952, 18.317748269648948, 1600.0 ], [ -97.525239958850776, 18.317743302232024, 1600.0 ], [ -97.52523361886368, 18.317743126965553, 1600.0 ], [ -97.525229392205617, 18.317746914211803, 1600.0 ], [ -97.525225165547567, 18.317740402975829, 1600.0 ], [ -97.525219882224988, 18.317737114396731, 1600.0 ], [ -97.52520508892178, 18.317732135687649, 1600.0 ], [ -97.525192408947603, 18.317729969046574, 1600.0 ], [ -97.525185914616259, 18.317726066999164, 1600.0 ], [ -97.525175253479318, 18.317710928828845, 1600.0 ], [ -97.525176437231295, 18.317695790658547, 1600.0 ], [ -97.525181842302459, 18.317691026044734, 1600.0 ], [ -97.525212485573391, 18.317679558601583, 1600.0 ], [ -97.525219882224988, 18.317679481563491, 1600.0 ], [ -97.525226222212083, 18.317683314581174, 1600.0 ], [ -97.525234458200032, 18.317691753813129, 1600.0 ], [ -97.525245242173341, 18.317696908576796, 1600.0 ], [ -97.525269545457192, 18.317702051463996, 1600.0 ], [ -97.525276942108789, 18.317701878273191, 1600.0 ], [ -97.525284386055162, 18.317695790658544, 1600.0 ], [ -97.525288723918138, 18.3176836801223, 1600.0 ], [ -97.525287309069313, 18.317673588008763, 1600.0 ], [ -97.525281168766853, 18.317667647157041, 1600.0 ], [ -97.525271658786224, 18.31766599734356, 1600.0 ], [ -97.525252638824952, 18.317667666760649, 1600.0 ], [ -97.525247355502373, 18.317665430216977, 1600.0 ], [ -97.525232562199164, 18.317647377475474, 1600.0 ], [ -97.525196635605667, 18.317617168962794, 1600.0 ], [ -97.525190295618572, 18.317615576611267, 1600.0 ], [ -97.525181842302459, 18.317617356238369, 1600.0 ], [ -97.5251712756573, 18.317617114598384, 1600.0 ], [ -97.525163879005703, 18.317624102586208, 1600.0 ], [ -97.525164706246557, 18.317638265611375, 1600.0 ], [ -97.525161937359101, 18.31764734851355, 1600.0 ], [ -97.525156482354092, 18.317650096919181, 1600.0 ], [ -97.525149085702495, 18.31764623283733, 1600.0 ], [ -97.525141586619128, 18.317648357724909, 1600.0 ], [ -97.525129135378364, 18.317663495895218, 1600.0 ], [ -97.525130403343496, 18.317669551163338, 1600.0 ], [ -97.525127460997567, 18.317676615642821, 1600.0 ], [ -97.525120865575829, 18.317681661699591, 1600.0 ], [ -97.525116329102531, 18.317682152425252, 1600.0 ], [ -97.525105762457386, 18.317681292222399, 1600.0 ], [ -97.525094139147711, 18.317669457026813, 1600.0 ], [ -97.525088855825146, 18.31767026150953, 1600.0 ], [ -97.525084629167083, 18.317668670538762, 1600.0 ], [ -97.52508052595114, 18.317663495895218, 1600.0 ], [ -97.52507617585097, 18.317662342510811, 1600.0 ], [ -97.525069824501884, 18.317657440627091, 1600.0 ], [ -97.525068395807807, 18.31765340378168, 1600.0 ], [ -97.525069042191419, 18.317640284034074, 1600.0 ], [ -97.525065679650112, 18.317634228765954, 1600.0 ], [ -97.525058711534683, 18.31762817349783, 1600.0 ] ] } },
{ "type": "Feature", "properties": { "FID": 137, "elev": 1607.0, "elevation": 1607.0, "ELEVATION": 1607.0, "is_master": false, "tipo": "Ordinaria (1m)" }, "geometry": { "type": "LineString", "coordinates": [ [ -97.523410872575482, 18.319098097519188, 1607.0 ], [ -97.523407702581949, 18.319097644209041, 1607.0 ], [ -97.523407937396286, 18.319095566806453, 1607.0 ], [ -97.523410872575482, 18.319094748526972, 1607.0 ], [ -97.523412697723288, 18.319096576017817, 1607.0 ], [ -97.523410872575482, 18.319098097519188, 1607.0 ] ] } },
{ "type": "Feature", "properties": { "FID": 138, "elev": 1602.0, "elevation": 1602.0, "ELEVATION": 1602.0, "is_master": false, "tipo": "Ordinaria (1m)" }, "geometry": { "type": "LineString", "coordinates": [ [ -97.525474538373075, 18.319094248320653, 1602.0 ], [ -97.525471078314766, 18.319091529961035, 1602.0 ], [ -97.525471368379542, 18.319089175134543, 1602.0 ], [ -97.525473481708559, 18.319087934645591, 1602.0 ], [ -97.525476762400302, 18.31908951153833, 1602.0 ], [ -97.525474538373075, 18.319094248320653, 1602.0 ] ] } },
{ "type": "Feature", "properties": { "FID": 139, "elev": 1603.0, "elevation": 1603.0, "ELEVATION": 1603.0, "is_master": false, "tipo": "Ordinaria (1m)" }, "geometry": { "type": "LineString", "coordinates": [ [ -97.524945214144864, 18.319091529961035, 1603.0 ], [ -97.524951680224859, 18.319086483904265, 1603.0 ], [ -97.524954957893129, 18.319079419424796, 1603.0 ], [ -97.524954996544565, 18.319066299677196, 1603.0 ], [ -97.524953508367815, 18.319061253620426, 1603.0 ], [ -97.524945149451113, 18.319050968125072, 1603.0 ], [ -97.524935287248979, 18.319050152295532, 1603.0 ], [ -97.524931883119748, 18.319045106238757, 1603.0 ], [ -97.524928242818874, 18.319044382692596, 1603.0 ], [ -97.52492292104418, 18.319050152295528, 1603.0 ], [ -97.52493088802602, 18.319055198352299, 1603.0 ], [ -97.524935016990966, 18.319065290465833, 1603.0 ], [ -97.524935696853206, 18.319072354945312, 1603.0 ], [ -97.524932112913717, 18.319076391790734, 1603.0 ], [ -97.524933989100305, 18.319080428636152, 1603.0 ], [ -97.524932429758337, 18.319087493115621, 1603.0 ], [ -97.524936696135001, 18.319091409232954, 1603.0 ], [ -97.524945214144864, 18.319091529961035, 1603.0 ] ] } },
{ "type": "Feature", "properties": { "FID": 140, "elev": 1606.0, "elevation": 1606.0, "ELEVATION": 1606.0, "is_master": false, "tipo": "Ordinaria (1m)" }, "geometry": { "type": "LineString", "coordinates": [ [ -97.524791242200422, 18.319091529961028, 1606.0 ], [ -97.52478981976742, 18.31908831932332, 1606.0 ], [ -97.524788341197294, 18.31909052074969, 1606.0 ], [ -97.52478981976742, 18.319092366100517, 1606.0 ], [ -97.524791242200422, 18.319091529961028, 1606.0 ] ] } },
{ "type": "Feature", "properties": { "FID": 141, "elev": 1603.0, "elevation": 1603.0, "ELEVATION": 1603.0, "is_master": false, "tipo": "Ordinaria (1m)" }, "geometry": { "type": "LineString", "coordinates": [ [ -97.525578660468739, 18.31909052074969, 1603.0 ], [ -97.525579986316785, 18.319089511538333, 1603.0 ], [ -97.525579148160048, 18.319087926362926, 1603.0 ], [ -97.525575978166515, 18.319088355354459, 1603.0 ], [ -97.525576625373532, 18.31909052074969, 1603.0 ], [ -97.525578660468739, 18.31909052074969, 1603.0 ] ] } },
{ "type": "Feature", "properties": { "FID": 142, "elev": 1606.0, "elevation": 1606.0, "ELEVATION": 1606.0, "is_master": false, "tipo": "Ordinaria (1m)" }, "geometry": { "type": "LineString", "coordinates": [ [ -97.524312282882732, 18.31908951153833, 1606.0 ], [ -97.524317567858063, 18.31908446548157, 1606.0 ], [ -97.52431757026315, 18.319078410213436, 1606.0 ], [ -97.524315377400242, 18.319077290403577, 1606.0 ], [ -97.524307729161848, 18.319078410213439, 1606.0 ], [ -97.524307980748631, 18.319087856431715, 1606.0 ], [ -97.524312282882732, 18.31908951153833, 1606.0 ] ] } },
{ "type": "Feature", "properties": { "FID": 143, "elev": 1605.0, "elevation": 1605.0, "ELEVATION": 1605.0, "is_master": true, "tipo": "Maestra (5m)" }, "geometry": { "type": "LineString", "coordinates": [ [ -97.524387230587251, 18.319086668383761, 1605.0 ], [ -97.524383003929188, 18.31908555072939, 1605.0 ], [ -97.52438234613804, 18.31908345627021, 1605.0 ], [ -97.52438511725822, 18.319078464278327, 1605.0 ], [ -97.524399430562411, 18.319079419424792, 1605.0 ], [ -97.52439674056788, 18.31908421933246, 1605.0 ], [ -97.524387230587251, 18.319086668383761, 1605.0 ] ] } },
{ "type": "Feature", "properties": { "FID": 144, "elev": 1599.0, "elevation": 1599.0, "ELEVATION": 1599.0, "is_master": false, "tipo": "Ordinaria (1m)" }, "geometry": { "type": "LineString", "coordinates": [ [ -97.525950096578001, 18.319074373368021, 1599.0 ], [ -97.525954162151038, 18.319060244409069, 1599.0 ], [ -97.525962630529818, 18.319051161506881, 1599.0 ], [ -97.526006040624068, 18.319029007156882, 1599.0 ], [ -97.526019777262761, 18.31901585745879, 1599.0 ], [ -97.526028230578888, 18.319005779187709, 1599.0 ], [ -97.526028389646655, 18.319003728573243, 1599.0 ], [ -97.526027173914372, 18.31900064996892, 1599.0 ], [ -97.526022996119409, 18.318998682516476, 1599.0 ], [ -97.526023844089224, 18.318993636459705, 1599.0 ], [ -97.526020354432461, 18.318989599614287, 1599.0 ], [ -97.526014493940195, 18.318986319072351, 1599.0 ], [ -97.525999700636987, 18.318982228459731, 1599.0 ], [ -97.525976454017652, 18.318981310145535, 1599.0 ], [ -97.525948980740267, 18.318989883899182, 1599.0 ], [ -97.525936300766091, 18.318988791321445, 1599.0 ], [ -97.525932074108027, 18.318986697774285, 1599.0 ], [ -97.525926654880053, 18.318980516712106, 1599.0 ], [ -97.525920330722855, 18.318967396964506, 1599.0 ], [ -97.525917867840661, 18.318951249582842, 1599.0 ], [ -97.525920457088034, 18.318936111412537, 1599.0 ], [ -97.525924677455563, 18.318928037721697, 1599.0 ], [ -97.525945851583998, 18.318902807437851, 1599.0 ], [ -97.525949054247363, 18.318895742958372, 1599.0 ], [ -97.525951375846503, 18.318883632422121, 1599.0 ], [ -97.525947104420098, 18.318773628384548, 1599.0 ], [ -97.525940620239268, 18.31874537046664, 1599.0 ], [ -97.525930140212594, 18.318724177028205, 1599.0 ], [ -97.525923620791914, 18.31871649399984, 1599.0 ], [ -97.525913054146756, 18.318709932730808, 1599.0 ], [ -97.525908827488706, 18.318709915713665, 1599.0 ], [ -97.525897204179032, 18.318719143827629, 1599.0 ], [ -97.525887694198403, 18.318722446431114, 1599.0 ], [ -97.525876070888742, 18.318719954947785, 1599.0 ], [ -97.525868803624633, 18.318714084914674, 1599.0 ], [ -97.525867617572615, 18.318706960428027, 1599.0 ], [ -97.525888893437894, 18.318691882264883, 1599.0 ], [ -97.5258899700912, 18.318683808574047, 1599.0 ], [ -97.525893625154069, 18.318677753305934, 1599.0 ], [ -97.525894314977464, 18.318672707249156, 1599.0 ], [ -97.52589086419195, 18.318667692245047, 1599.0 ], [ -97.525885580869371, 18.318664526239328, 1599.0 ], [ -97.525869730901647, 18.318662739245752, 1599.0 ], [ -97.525851767604891, 18.318666868647874, 1599.0 ], [ -97.525843314288778, 18.31866679513158, 1599.0 ], [ -97.52577780108885, 18.318640472737261, 1599.0 ], [ -97.525755611134045, 18.318626081684606, 1599.0 ], [ -97.525750327811465, 18.318626167715731, 1599.0 ], [ -97.525746101153402, 18.318631285704889, 1599.0 ], [ -97.525735534508257, 18.318632068112478, 1599.0 ], [ -97.525713344553452, 18.318620995465338, 1599.0 ], [ -97.525680587953488, 18.318612863570831, 1599.0 ], [ -97.525673191301877, 18.318612428866391, 1599.0 ], [ -97.525667907979312, 18.318614099227673, 1599.0 ], [ -97.525664914815337, 18.318618209836046, 1599.0 ], [ -97.525663551555425, 18.318625274315522, 1599.0 ], [ -97.525658619987013, 18.31862931116094, 1599.0 ], [ -97.525644661359976, 18.318629421410918, 1599.0 ], [ -97.525636463867897, 18.318624265104173, 1599.0 ], [ -97.525629717104692, 18.318615182201981, 1599.0 ], [ -97.525625422400879, 18.318602062454381, 1599.0 ], [ -97.525624997091086, 18.318589951918131, 1599.0 ], [ -97.52562662989132, 18.318576832170532, 1599.0 ], [ -97.525633129934178, 18.318563712422929, 1599.0 ], [ -97.525667047903539, 18.318523343968771, 1599.0 ], [ -97.525675512987291, 18.318509215009822, 1599.0 ], [ -97.525679380336896, 18.318490039994089, 1599.0 ], [ -97.52567714624621, 18.318461782076181, 1599.0 ], [ -97.525679531288972, 18.318457327626071, 1599.0 ], [ -97.525684814604006, 18.318454717596701, 1599.0 ], [ -97.525684714926214, 18.318451689962643, 1599.0 ], [ -97.525687984605085, 18.318448229809434, 1599.0 ], [ -97.52569432459218, 18.318443634960907, 1599.0 ], [ -97.525709117895389, 18.318438634496019, 1599.0 ], [ -97.525717194449982, 18.318432514946917, 1599.0 ], [ -97.525721574594016, 18.3184264596788, 1599.0 ], [ -97.525724967863113, 18.318425277035043, 1599.0 ], [ -97.525731307850194, 18.318425941563994, 1599.0 ], [ -97.525739761166321, 18.31842312403867, 1599.0 ], [ -97.525742931159868, 18.318424156780399, 1599.0 ], [ -97.525748214482434, 18.318420421479786, 1599.0 ], [ -97.525756667798561, 18.318418178779133, 1599.0 ], [ -97.525759837792108, 18.318418413263949, 1599.0 ], [ -97.525770404437253, 18.318427590168763, 1599.0 ], [ -97.525780971082398, 18.318428627756418, 1599.0 ], [ -97.525808444359782, 18.318418547913659, 1599.0 ], [ -97.525819199000466, 18.318411321508488, 1599.0 ], [ -97.525819805185904, 18.318403247817656, 1599.0 ], [ -97.525828778786249, 18.318375999111097, 1599.0 ], [ -97.525831943749836, 18.318356824095371, 1599.0 ], [ -97.525832592739931, 18.318339667502357, 1599.0 ], [ -97.525835894155747, 18.318324529332049, 1599.0 ], [ -97.525844266036245, 18.318308381950384, 1599.0 ], [ -97.525861277585534, 18.318294412340592, 1599.0 ], [ -97.525867726814255, 18.318285170089254, 1599.0 ], [ -97.52587308600431, 18.318274068764353, 1599.0 ], [ -97.525875337017297, 18.318259939805401, 1599.0 ], [ -97.525873024347092, 18.318239755578318, 1599.0 ], [ -97.525866419005922, 18.318226635830719, 1599.0 ], [ -97.525864602435078, 18.318207460814989, 1599.0 ], [ -97.525861209266708, 18.318201405546869, 1599.0 ], [ -97.525858944118056, 18.318191313433324, 1599.0 ], [ -97.525845388482082, 18.318178193685728, 1599.0 ], [ -97.525837917346365, 18.318164064726769, 1599.0 ], [ -97.525836682808034, 18.318146908133748, 1599.0 ], [ -97.52584004143408, 18.318127733118025, 1599.0 ], [ -97.525853753205254, 18.318100484411477, 1599.0 ], [ -97.525873931787402, 18.318073235704919, 1599.0 ], [ -97.525908827488706, 18.318041109143483, 1599.0 ], [ -97.525926790785462, 18.318017553565436, 1599.0 ], [ -97.525953387804464, 18.318001581698791, 1599.0 ], [ -97.52597098422487, 18.317981397471712, 1599.0 ], [ -97.525973585928256, 18.317972314569527, 1599.0 ], [ -97.525973545674375, 18.317965250090051, 1599.0 ], [ -97.525970232535002, 18.317952130342448, 1599.0 ], [ -97.525961497005866, 18.317932955326725, 1599.0 ], [ -97.525961445467971, 18.317922863213177, 1599.0 ], [ -97.525964767879287, 18.317915798733704, 1599.0 ], [ -97.525972227358039, 18.317908734254232, 1599.0 ], [ -97.525973387113325, 18.317904697408807, 1599.0 ], [ -97.525980355548171, 18.317901669774745, 1599.0 ], [ -97.525981737340231, 18.317897470527505, 1599.0 ], [ -97.525989241105776, 18.317888550027146, 1599.0 ], [ -97.52599002995845, 18.317868365800063, 1599.0 ], [ -97.52599363095942, 18.317858273686522, 1599.0 ], [ -97.525992254805516, 18.317849190784347, 1599.0 ], [ -97.525984907333779, 18.317841985191667, 1599.0 ], [ -97.525976454017652, 18.31784016973452, 1599.0 ], [ -97.52595743405638, 18.317831007199214, 1599.0 ], [ -97.525933130772543, 18.317826075260545, 1599.0 ], [ -97.525905657495159, 18.317809829558811, 1599.0 ], [ -97.52585705092747, 18.317792867304735, 1599.0 ], [ -97.525832747643634, 18.317780536378628, 1599.0 ], [ -97.525809369518015, 18.317762398607904, 1599.0 ], [ -97.525802961424674, 18.317754324917075, 1599.0 ], [ -97.525800029076976, 18.31773918674676, 1599.0 ], [ -97.525801608387312, 18.317713956462917, 1599.0 ], [ -97.525800901134289, 18.317709919617503, 1599.0 ], [ -97.525797954297744, 18.317706891983438, 1599.0 ], [ -97.525783013843323, 18.317701845926663, 1599.0 ], [ -97.525775687759818, 18.317691617461133, 1599.0 ], [ -97.525769347772737, 18.317687661623868, 1599.0 ], [ -97.52576617777919, 18.317687119456298, 1599.0 ], [ -97.52576089445661, 18.317689882325407, 1599.0 ], [ -97.525754554469529, 18.317690489687106, 1599.0 ], [ -97.525741874495353, 18.317687901447204, 1599.0 ], [ -97.525731307850194, 18.31767932457856, 1599.0 ], [ -97.52572813785666, 18.317674792645423, 1599.0 ], [ -97.525723911198597, 18.317672799916743, 1599.0 ], [ -97.525721093426554, 18.317673588008759, 1599.0 ], [ -97.525720485043962, 18.31767762485417, 1599.0 ], [ -97.52571763525178, 18.317680652488235, 1599.0 ], [ -97.525708061230873, 18.31768486612981, 1599.0 ], [ -97.525672134637361, 18.317686505914093, 1599.0 ], [ -97.52566579465028, 18.317689782044962, 1599.0 ], [ -97.525655228005121, 18.317687490524168, 1599.0 ], [ -97.525644661359976, 18.317693396255137, 1599.0 ], [ -97.525636208043863, 18.317695967530639, 1599.0 ], [ -97.525622471405171, 18.31769719854255, 1599.0 ], [ -97.525605564772931, 18.317695558450623, 1599.0 ], [ -97.525588658140691, 18.317700197848488, 1599.0 ], [ -97.525575978166515, 18.317698749482741, 1599.0 ], [ -97.525565411521356, 18.317689797495735, 1599.0 ], [ -97.525551674882664, 18.317683475877136, 1599.0 ], [ -97.525546391560098, 18.317682378162608, 1599.0 ], [ -97.525532654921406, 18.317683442507203, 1599.0 ], [ -97.525503068314976, 18.31769868505403, 1599.0 ], [ -97.52548616168275, 18.317715152602087, 1599.0 ], [ -97.525460713890169, 18.31773313147864, 1599.0 ], [ -97.52543544178603, 18.31776351811558, 1599.0 ], [ -97.52543015846345, 18.317766637801459, 1599.0 ], [ -97.525423818476369, 18.317766637943556, 1599.0 ], [ -97.525393175205437, 18.317760442482193, 1599.0 ], [ -97.525387817730959, 18.317757352551137, 1599.0 ], [ -97.525383665224794, 18.3177514054128, 1599.0 ], [ -97.525377325237713, 18.317750494208447, 1599.0 ], [ -97.525370985250618, 18.317747395642947, 1599.0 ], [ -97.525360424678254, 18.317738177535411, 1599.0 ], [ -97.525357773742172, 18.317731113055935, 1599.0 ], [ -97.525353555045868, 18.317729094633222, 1599.0 ], [ -97.525354486090322, 18.317724048576455, 1599.0 ], [ -97.525353021953862, 18.317720968263774, 1599.0 ], [ -97.525345625302265, 18.317720065360625, 1599.0 ], [ -97.525337710286934, 18.317724048576455, 1599.0 ], [ -97.525339285315169, 18.31771990106034, 1599.0 ], [ -97.525344621568991, 18.317715974885612, 1599.0 ], [ -97.525346572009298, 18.317710928828852, 1599.0 ], [ -97.525345625302265, 18.317707081592843, 1599.0 ], [ -97.525343511973233, 18.317706532218278, 1599.0 ], [ -97.525339285315169, 18.317710101500882, 1599.0 ], [ -97.52533505865712, 18.317710705740033, 1599.0 ], [ -97.525323435347445, 18.317709028692768, 1599.0 ], [ -97.525321322018414, 18.317705992103313, 1599.0 ], [ -97.525319208689396, 18.317705905116249, 1599.0 ], [ -97.525309698708753, 18.317711425024434, 1599.0 ], [ -97.525306528715205, 18.317707735206085, 1599.0 ], [ -97.525302302057156, 18.317707532345974, 1599.0 ], [ -97.525299132063608, 18.317705154556826, 1599.0 ], [ -97.525298968929434, 18.317699827503958, 1599.0 ], [ -97.525302302057156, 18.317697295300928, 1599.0 ], [ -97.525310755373269, 18.317698393727824, 1599.0 ], [ -97.525320265353912, 18.317696496375181, 1599.0 ], [ -97.525325548676477, 18.317697987275334, 1599.0 ], [ -97.525328700293244, 18.317694781447191, 1599.0 ], [ -97.525326622627944, 18.317688726179068, 1599.0 ], [ -97.52532013880726, 18.317682670910941, 1599.0 ], [ -97.525321372254226, 18.317670560374694, 1599.0 ], [ -97.525319208689396, 18.317667808305433, 1599.0 ], [ -97.525313925366817, 18.317665275348869, 1599.0 ], [ -97.525310224893317, 18.317665514317927, 1599.0 ], [ -97.525306757183216, 18.317667532740632, 1599.0 ], [ -97.525304415386188, 18.317672839977195, 1599.0 ], [ -97.52530124539264, 18.317674351402413, 1599.0 ], [ -97.525285395424916, 18.317666958438032, 1599.0 ], [ -97.5252558088185, 18.317659518018743, 1599.0 ], [ -97.5252143279628, 18.317620099806998, 1599.0 ], [ -97.525193261694398, 18.317606980059399, 1599.0 ] ] } },
{ "type": "Feature", "properties": { "FID": 145, "elev": 1599.0, "elevation": 1599.0, "ELEVATION": 1599.0, "is_master": false, "tipo": "Ordinaria (1m)" }, "geometry": { "type": "LineString", "coordinates": [ [ -97.525177901824364, 18.3176089984821, 1599.0 ], [ -97.525177615644395, 18.317609076113747, 1599.0 ], [ -97.525176558979879, 18.317609542143948, 1599.0 ] ] } },
{ "type": "Feature", "properties": { "FID": 146, "elev": 1599.0, "elevation": 1599.0, "ELEVATION": 1599.0, "is_master": false, "tipo": "Ordinaria (1m)" }, "geometry": { "type": "LineString", "coordinates": [ [ -97.525170218992784, 18.31761025065175, 1599.0 ], [ -97.525170333030061, 18.317614044538875, 1599.0 ], [ -97.525169865785458, 18.31761606296158, 1599.0 ], [ -97.525168105663766, 18.317618389569631, 1599.0 ], [ -97.525167048999251, 18.317619391759948, 1599.0 ], [ -97.525161765676671, 18.317618260041982, 1599.0 ], [ -97.525159278429655, 18.317621109018358, 1599.0 ], [ -97.525160709012155, 18.317631351194361, 1599.0 ], [ -97.525152255696042, 18.317636926071241, 1599.0 ], [ -97.525148066775998, 18.31763523797731, 1599.0 ], [ -97.525149967966072, 18.317629182709194, 1599.0 ], [ -97.525148029037979, 18.31762561027962, 1599.0 ], [ -97.525143802379915, 18.317624587044257, 1599.0 ], [ -97.525126895747675, 18.317626272549468, 1599.0 ], [ -97.525121260203605, 18.317623127441067, 1599.0 ], [ -97.525117385767047, 18.317618494796172, 1599.0 ] ] } },
{ "type": "Feature", "properties": { "FID": 147, "elev": 1604.0, "elevation": 1604.0, "ELEVATION": 1604.0, "is_master": false, "tipo": "Ordinaria (1m)" }, "geometry": { "type": "LineString", "coordinates": [ [ -97.524942340994031, 18.319083456270217, 1604.0 ], [ -97.524947262780145, 18.319080108948082, 1604.0 ], [ -97.52495059787752, 18.319073364156672, 1604.0 ], [ -97.52494948020113, 18.319065290465836, 1604.0 ], [ -97.524944092786598, 18.319061523508008, 1604.0 ], [ -97.524940096660785, 18.319064281254487, 1604.0 ], [ -97.524935223338161, 18.319077401002087, 1604.0 ], [ -97.524937752799516, 18.319084386693309, 1604.0 ], [ -97.524942340994031, 18.319083456270217, 1604.0 ] ] } },
{ "type": "Feature", "properties": { "FID": 148, "elev": 1605.0, "elevation": 1605.0, "ELEVATION": 1605.0, "is_master": true, "tipo": "Maestra (5m)" }, "geometry": { "type": "LineString", "coordinates": [ [ -97.524537276948365, 18.319081572909241, 1605.0 ], [ -97.524533050290302, 18.31908222604423, 1605.0 ], [ -97.524530936961284, 18.319080728190048, 1605.0 ], [ -97.524531977971506, 18.31907740100208, 1605.0 ], [ -97.524536220283849, 18.319075234043456, 1605.0 ], [ -97.524539390277397, 18.319075833120159, 1605.0 ], [ -97.524539433115152, 18.319079419424792, 1605.0 ], [ -97.524537276948365, 18.319081572909241, 1605.0 ] ] } },
{ "type": "Feature", "properties": { "FID": 149, "elev": 1605.0, "elevation": 1605.0, "ELEVATION": 1605.0, "is_master": true, "tipo": "Maestra (5m)" }, "geometry": { "type": "LineString", "coordinates": [ [ -97.524940773216613, 18.319080428636152, 1605.0 ], [ -97.524947435009878, 18.319073364156669, 1605.0 ], [ -97.524946206115629, 18.319066844970113, 1605.0 ], [ -97.524941979457566, 18.319067822781445, 1605.0 ], [ -97.52493730839852, 18.319077401002087, 1605.0 ], [ -97.524937752799516, 18.319080891963562, 1605.0 ], [ -97.524940773216613, 18.319080428636152, 1605.0 ] ] } },
{ "type": "Feature", "properties": { "FID": 150, "elev": 1600.0, "elevation": 1600.0, "ELEVATION": 1600.0, "is_master": true, "tipo": "Maestra (5m)" }, "geometry": { "type": "LineString", "coordinates": [ [ -97.525844370953294, 18.31907851404177, 1600.0 ], [ -97.525840144295231, 18.319078569562599, 1600.0 ], [ -97.525836160763518, 18.31907639179073, 1600.0 ], [ -97.525838030966199, 18.31907426643172, 1600.0 ], [ -97.525843314288778, 18.319073080315977, 1600.0 ], [ -97.52584604459642, 18.319075382579378, 1600.0 ], [ -97.525844370953294, 18.31907851404177, 1600.0 ] ] } },
{ "type": "Feature", "properties": { "FID": 151, "elev": 1605.0, "elevation": 1605.0, "ELEVATION": 1605.0, "is_master": true, "tipo": "Maestra (5m)" }, "geometry": { "type": "LineString", "coordinates": [ [ -97.524729677384599, 18.319075382579381, 1605.0 ], [ -97.524731703219103, 18.319074461637239, 1605.0 ], [ -97.524731830442931, 18.319072354945309, 1605.0 ], [ -97.524729589890072, 18.319070632355082, 1605.0 ], [ -97.524727365265875, 18.319071345733967, 1605.0 ], [ -97.524727181389508, 18.319073364156672, 1605.0 ], [ -97.524729677384599, 18.319075382579381, 1605.0 ] ] } },
{ "type": "Feature", "properties": { "FID": 152, "elev": 1598.0, "elevation": 1598.0, "ELEVATION": 1598.0, "is_master": false, "tipo": "Ordinaria (1m)" }, "geometry": { "type": "LineString", "coordinates": [ [ -97.525989235161845, 18.319068318099898, 1598.0 ], [ -97.525990190656344, 18.319067508826635, 1598.0 ] ] } },
{ "type": "Feature", "properties": { "FID": 153, "elev": 1598.0, "elevation": 1598.0, "ELEVATION": 1598.0, "is_master": false, "tipo": "Ordinaria (1m)" }, "geometry": { "type": "LineString", "coordinates": [ [ -97.52599027407723, 18.319067308888542, 1598.0 ], [ -97.526019935507207, 18.319043087816052, 1598.0 ], [ -97.526033672288008, 18.319028958857096, 1598.0 ], [ -97.526039955789116, 18.319018866743559, 1598.0 ], [ -97.526043266199892, 18.31900978384137, 1598.0 ], [ -97.526044336299805, 18.318992627248356, 1598.0 ], [ -97.526036420789779, 18.31896537854179, 1598.0 ], [ -97.526034691743092, 18.318950240371489, 1598.0 ], [ -97.526031276258962, 18.31894216668065, 1598.0 ], [ -97.526020833927276, 18.318933331654943, 1598.0 ], [ -97.526000757301503, 18.318926000609899, 1598.0 ], [ -97.52599653064344, 18.318922951296482, 1598.0 ], [ -97.525992133120482, 18.318915927185454, 1598.0 ], [ -97.525991054437654, 18.318902807437851, 1598.0 ], [ -97.526002500412304, 18.318886660056187, 1598.0 ], [ -97.5260000078069, 18.318860420560984, 1598.0 ], [ -97.525980395469801, 18.318854365292864, 1598.0 ], [ -97.525977918329389, 18.318851337658799, 1598.0 ], [ -97.525977834886049, 18.318847300813392, 1598.0 ], [ -97.52598393673243, 18.318838217911207, 1598.0 ], [ -97.525987911870956, 18.318815006050059, 1598.0 ], [ -97.525993334877583, 18.318801886302463, 1598.0 ], [ -97.526010267282132, 18.318788798092712, 1598.0 ], [ -97.52602506058534, 18.318780319894611, 1598.0 ], [ -97.526027210184324, 18.318777665229963, 1598.0 ], [ -97.526029443786285, 18.318765554693719, 1598.0 ], [ -97.526037740559516, 18.318762379189852, 1598.0 ], [ -97.526043109840913, 18.318757481002883, 1598.0 ], [ -97.526043930094374, 18.318750416523407, 1598.0 ], [ -97.52604875368263, 18.318744361255284, 1598.0 ], [ -97.526046193872205, 18.318737296775812, 1598.0 ], [ -97.526039853888548, 18.318733339084222, 1598.0 ], [ -97.526024003920824, 18.318733259936256, 1598.0 ], [ -97.526020613788845, 18.318728213873619, 1598.0 ], [ -97.526020584170212, 18.318712066491962, 1598.0 ], [ -97.526023958956372, 18.318697937533003, 1598.0 ], [ -97.52603019508193, 18.318684817785403, 1598.0 ], [ -97.526036593323767, 18.318675734883218, 1598.0 ], [ -97.526078775980537, 18.318628301949587, 1598.0 ], [ -97.526086441895316, 18.318613163779276, 1598.0 ], [ -97.526091722333646, 18.318596007186255, 1598.0 ], [ -97.526099127736103, 18.318587933495426, 1598.0 ], [ -97.526105206545523, 18.318577841381884, 1598.0 ], [ -97.526114915147105, 18.318567749268347, 1598.0 ], [ -97.526117289454135, 18.318560684788871, 1598.0 ], [ -97.526115050983961, 18.318542518984501, 1598.0 ], [ -97.526102197094929, 18.31852836139543, 1598.0 ], [ -97.526082402246345, 18.318515270277945, 1598.0 ], [ -97.526079775542414, 18.318511233432531, 1598.0 ], [ -97.526081906461144, 18.318499122896277, 1598.0 ], [ -97.526079910279208, 18.318486003148674, 1598.0 ], [ -97.526074723817544, 18.318480906810908, 1598.0 ], [ -97.526064157172385, 18.318478470589948, 1598.0 ], [ -97.526056760520788, 18.318480004208634, 1598.0 ], [ -97.526052697324644, 18.318483984725972, 1598.0 ], [ -97.526051753943676, 18.318488021571394, 1598.0 ], [ -97.526054053976594, 18.318499122896277, 1598.0 ], [ -97.526052533862725, 18.318502486934129, 1598.0 ], [ -97.526048307204675, 18.318505239328722, 1598.0 ], [ -97.526038797224032, 18.318505391879746, 1598.0 ], [ -97.526027173914372, 18.318500005956217, 1598.0 ], [ -97.526016607269227, 18.318499223817415, 1598.0 ], [ -97.526000757301503, 18.318503111221922, 1598.0 ], [ -97.525987001793794, 18.318509215009819, 1598.0 ], [ -97.525978567346684, 18.318517134753154, 1598.0 ], [ -97.525974306232172, 18.318524353180123, 1598.0 ], [ -97.525971402154923, 18.318552611098038, 1598.0 ], [ -97.525967176754804, 18.318565730845641, 1598.0 ], [ -97.525961494963155, 18.318575822959179, 1598.0 ], [ -97.525948980740267, 18.318586078177582, 1598.0 ], [ -97.52592890411448, 18.318592162571573, 1598.0 ], [ -97.525915167475787, 18.318593727116163, 1598.0 ], [ -97.525903544166127, 18.318592214998137, 1598.0 ], [ -97.525836974301683, 18.318563670372466, 1598.0 ], [ -97.525795764385606, 18.318542518997624, 1598.0 ], [ -97.525792594392058, 18.318542294715307, 1598.0 ], [ -97.525786254404977, 18.318545708524123, 1598.0 ], [ -97.525775687759818, 18.31854575603548, 1598.0 ], [ -97.525771461101769, 18.318544662580706, 1598.0 ], [ -97.525769124178197, 18.318541509773148, 1598.0 ], [ -97.525770404437253, 18.318534406477838, 1598.0 ], [ -97.525773574430801, 18.318532582134242, 1598.0 ], [ -97.525784141075945, 18.318531470775991, 1598.0 ], [ -97.525786254404977, 18.318529567438791, 1598.0 ], [ -97.525795796405745, 18.318506187375757, 1598.0 ], [ -97.525795870052065, 18.31849306762815, 1598.0 ], [ -97.525788934436761, 18.31846985576701, 1598.0 ], [ -97.525790510414822, 18.318460772864828, 1598.0 ], [ -97.525794529994641, 18.318453708385352, 1598.0 ], [ -97.525804217701733, 18.318445581578132, 1598.0 ], [ -97.525823237662991, 18.318438313324883, 1598.0 ], [ -97.525830532056744, 18.31843352415828, 1598.0 ], [ -97.525844166437579, 18.318410312297129, 1598.0 ], [ -97.525852824269407, 18.318400951630352, 1598.0 ], [ -97.52586233425005, 18.318393180169842, 1598.0 ], [ -97.525885580869371, 18.318381140979078, 1598.0 ], [ -97.525895090850014, 18.318372130467566, 1598.0 ], [ -97.525908019451137, 18.3183517780386, 1598.0 ], [ -97.525922849070639, 18.318316455641217, 1598.0 ], [ -97.525935425244057, 18.318297280625487, 1598.0 ], [ -97.525940740395285, 18.318279114821117, 1598.0 ], [ -97.525937295273863, 18.318261958228103, 1598.0 ], [ -97.525933130772543, 18.318255902969685, 1598.0 ], [ -97.52592890411448, 18.318253043527815, 1598.0 ], [ -97.525920450798367, 18.318256608025447, 1598.0 ], [ -97.525915167475787, 18.31825590296199, 1598.0 ], [ -97.52590961998709, 18.318247829269144, 1598.0 ], [ -97.525913054146756, 18.318246196181686, 1598.0 ], [ -97.525926790785462, 18.318251450556946, 1598.0 ], [ -97.525929894737473, 18.3182488384805, 1598.0 ], [ -97.525931830754985, 18.318218562139879, 1598.0 ], [ -97.525935097342611, 18.318201405546876, 1598.0 ], [ -97.525938338318383, 18.318191313433324, 1598.0 ], [ -97.525951146902528, 18.318166083149478, 1598.0 ], [ -97.52595404062717, 18.318141862076988, 1598.0 ], [ -97.525959494844088, 18.31812672390668, 1598.0 ], [ -97.525970983577409, 18.318109567313662, 1598.0 ], [ -97.525980680675715, 18.318099432482171, 1598.0 ], [ -97.526006040624068, 18.318082399885871, 1598.0 ], [ -97.526024003920824, 18.318077301180438, 1598.0 ], [ -97.526026859574813, 18.318073235704926, 1598.0 ], [ -97.526025883070147, 18.318070208070864, 1598.0 ], [ -97.526017663933743, 18.318064241330049, 1598.0 ], [ -97.526016675610705, 18.318055069900542, 1598.0 ], [ -97.526018509265342, 18.318034885673462, 1598.0 ], [ -97.52602634128948, 18.318004609332842, 1598.0 ], [ -97.526026377874885, 18.317975342203585, 1598.0 ], [ -97.526022097510435, 18.317951121131092, 1598.0 ], [ -97.526013239687998, 18.317916807945057, 1598.0 ], [ -97.526008448521978, 18.317882494759022, 1598.0 ], [ -97.525999833810005, 18.317848181572995, 1598.0 ], [ -97.525992492897899, 18.317839098670802, 1598.0 ], [ -97.525985963998295, 18.317834959429756, 1598.0 ], [ -97.525964830707991, 18.31782687953773, 1598.0 ], [ -97.525937357430607, 18.317820116383821, 1598.0 ], [ -97.525916224140303, 18.317806052121863, 1598.0 ], [ -97.525885580869371, 18.31779381125822, 1598.0 ], [ -97.525851767604891, 18.317777679977134, 1598.0 ], [ -97.525836974301683, 18.317768616450344, 1598.0 ], [ -97.525824359176951, 18.317758361762493, 1598.0 ], [ -97.525816833678732, 18.317748269648948, 1598.0 ], [ -97.525813451711386, 18.317737168324058, 1598.0 ], [ -97.525812926475197, 18.317723039365095, 1598.0 ], [ -97.525810764562181, 18.317713956462914, 1598.0 ], [ -97.525805274366249, 18.317705903480928, 1598.0 ], [ -97.525789292689623, 18.317696799869896, 1598.0 ], [ -97.52577674519506, 18.3176836801223, 1598.0 ], [ -97.525771749374314, 18.317680652488235, 1598.0 ], [ -97.525750327811465, 18.31767872042661, 1598.0 ], [ -97.525729194521176, 18.31766773667454, 1598.0 ], [ -97.52572071249638, 18.3176594590498, 1598.0 ], [ -97.525715624503903, 18.317644320879499, 1598.0 ], [ -97.525712330823382, 18.317639274822728, 1598.0 ], [ -97.525693267927664, 18.317638325111364, 1598.0 ], [ -97.525671077972845, 18.317621988229604, 1598.0 ], [ -97.525662624656732, 18.317622297516543, 1598.0 ], [ -97.525644661359976, 18.317639325409765, 1598.0 ], [ -97.525635151379348, 18.317643508293809, 1598.0 ], [ -97.525622471405171, 18.317646426031299, 1598.0 ], [ -97.525609791430981, 18.317653274808983, 1598.0 ], [ -97.525603283562617, 18.317659459049803, 1598.0 ], [ -97.52559834525006, 18.317670560374697, 1598.0 ], [ -97.525585648943917, 18.317673588008763, 1598.0 ], [ -97.525584881179384, 18.317675606431457, 1598.0 ], [ -97.525587294527355, 18.317681661699588, 1598.0 ], [ -97.525584431482628, 18.31768274402328, 1598.0 ], [ -97.525574999293241, 18.317680652488232, 1598.0 ], [ -97.525572759403829, 18.317671569586054, 1598.0 ], [ -97.525563107405688, 18.317660468261156, 1598.0 ], [ -97.525563124833312, 18.317650376147622, 1598.0 ], [ -97.525567634018458, 18.317640284034074, 1598.0 ], [ -97.525569484112793, 18.317630191920536, 1598.0 ], [ -97.525568761638297, 18.317618081384293, 1598.0 ], [ -97.525565654992448, 18.317608998482104, 1598.0 ], [ -97.525560137457617, 18.317599915579915, 1598.0 ], [ -97.525551829015257, 18.317590832677727, 1598.0 ], [ -97.525537938243971, 18.317583588405988, 1598.0 ], [ -97.525524201605279, 18.317584670090614, 1598.0 ], [ -97.525491256132923, 18.31760496163669, 1598.0 ], [ -97.525481918072842, 18.317614044538875, 1598.0 ], [ -97.525472425044043, 18.317632513106648, 1598.0 ], [ -97.525468198385994, 18.317636344228223, 1598.0 ], [ -97.525458688405351, 18.317635378500409, 1598.0 ], [ -97.525431215127966, 18.317628308832685, 1598.0 ], [ -97.525416421824758, 18.31762022652412, 1598.0 ], [ -97.525410081837677, 18.317620105090832, 1598.0 ], [ -97.525405913285397, 18.317631201131896, 1598.0 ], [ -97.525376133679856, 18.317656431415731, 1598.0 ], [ -97.525368871921586, 18.317668517337076, 1598.0 ], [ -97.525365331168572, 18.317668541951988, 1598.0 ], [ -97.525363142749015, 18.317666523529276, 1598.0 ], [ -97.525367048885016, 18.317658449838447, 1598.0 ], [ -97.525363588599021, 18.317651903789454, 1598.0 ], [ -97.525359361940957, 18.317651795607482, 1598.0 ], [ -97.525354090834156, 18.317657440627094, 1598.0 ], [ -97.525348795295812, 18.31765898209375, 1598.0 ], [ -97.525342455308717, 18.317653461450895, 1598.0 ], [ -97.525328718670025, 18.317651489760141, 1598.0 ], [ -97.525319208689396, 18.317645330093107, 1598.0 ], [ -97.525304415386188, 18.317640523057822, 1598.0 ], [ -97.525297018734577, 18.317636386390227, 1598.0 ], [ -97.52526743212816, 18.317604083114581, 1598.0 ], [ -97.52526217865487, 18.317595878734508, 1598.0 ] ] } },
{ "type": "Feature", "properties": { "FID": 154, "elev": 1598.0, "elevation": 1598.0, "ELEVATION": 1598.0, "is_master": false, "tipo": "Ordinaria (1m)" }, "geometry": { "type": "LineString", "coordinates": [ [ -97.525234675528196, 18.317600716541317, 1598.0 ], [ -97.525234845579647, 18.3176089984821, 1598.0 ], [ -97.52523361886368, 18.317612039222809, 1598.0 ], [ -97.525226222212083, 18.317611872540532, 1598.0 ], [ -97.525222920568524, 18.3176089984821, 1598.0 ], [ -97.525221836874024, 18.317602943213981, 1598.0 ] ] } },
{ "type": "Feature", "properties": { "FID": 155, "elev": 1605.0, "elevation": 1605.0, "ELEVATION": 1605.0, "is_master": true, "tipo": "Maestra (5m)" }, "geometry": { "type": "LineString", "coordinates": [ [ -97.52440202389046, 18.319073919685845, 1605.0 ], [ -97.524400042644501, 18.319072354945316, 1605.0 ], [ -97.524400967225944, 18.319070543540317, 1605.0 ], [ -97.524402581343395, 18.319072354945309, 1605.0 ], [ -97.52440202389046, 18.319073919685845, 1605.0 ] ] } },
{ "type": "Feature", "properties": { "FID": 156, "elev": 1604.0, "elevation": 1604.0, "ELEVATION": 1604.0, "is_master": false, "tipo": "Ordinaria (1m)" }, "geometry": { "type": "LineString", "coordinates": [ [ -97.524565806890266, 18.319071467142841, 1604.0 ], [ -97.524563663786509, 18.319070336522611, 1604.0 ], [ -97.524565806890266, 18.319068296262252, 1604.0 ], [ -97.524566950333991, 18.319069327311251, 1604.0 ], [ -97.524565806890266, 18.319071467142841, 1604.0 ] ] } },
{ "type": "Feature", "properties": { "FID": 157, "elev": 1604.0, "elevation": 1604.0, "ELEVATION": 1604.0, "is_master": false, "tipo": "Ordinaria (1m)" }, "geometry": { "type": "LineString", "coordinates": [ [ -97.524705286606235, 18.319069424207463, 1604.0 ], [ -97.524699990629003, 18.319068318099895, 1604.0 ], [ -97.524700152109645, 18.319062262831775, 1604.0 ], [ -97.524696933595422, 18.319057216775004, 1604.0 ], [ -97.524697267696638, 18.319055198352299, 1604.0 ], [ -97.524701059948171, 18.319052787458514, 1604.0 ], [ -97.524709321143476, 18.319054189140942, 1604.0 ], [ -97.524710415241842, 18.319057216775004, 1604.0 ], [ -97.524705286606235, 18.319069424207463, 1604.0 ] ] } },
{ "type": "Feature", "properties": { "FID": 158, "elev": 1597.0, "elevation": 1597.0, "ELEVATION": 1597.0, "is_master": false, "tipo": "Ordinaria (1m)" }, "geometry": { "type": "LineString", "coordinates": [ [ -97.526022995616245, 18.319062262831778, 1597.0 ], [ -97.526030156275894, 18.319054189140946, 1597.0 ], [ -97.526048406940859, 18.319040060181994, 1597.0 ], [ -97.526062043843368, 18.319027030142067, 1597.0 ], [ -97.526067567316957, 18.319017857532206, 1597.0 ], [ -97.526071643992708, 18.319006756207305, 1597.0 ], [ -97.526073208027228, 18.318992627248356, 1597.0 ], [ -97.526072907096093, 18.318949231160136, 1597.0 ], [ -97.526069162425358, 18.318914917974102, 1597.0 ], [ -97.526068891443799, 18.318894733747022, 1597.0 ], [ -97.526070329278198, 18.318880604788067, 1597.0 ], [ -97.526075746025597, 18.318866475829111, 1597.0 ], [ -97.526078950475593, 18.318863294247553, 1597.0 ], [ -97.526085290462689, 18.318863637422179, 1597.0 ], [ -97.526098984975221, 18.318878586365354, 1597.0 ], [ -97.526109593746526, 18.318878769511457, 1597.0 ], [ -97.526120128943333, 18.318871521885882, 1597.0 ], [ -97.526126493722614, 18.318858402138286, 1597.0 ], [ -97.526129512105385, 18.318855374504214, 1597.0 ], [ -97.526146636945001, 18.318846291602036, 1597.0 ], [ -97.526151022511542, 18.318839227122556, 1597.0 ], [ -97.526151635190203, 18.318833171854429, 1597.0 ], [ -97.526150912372955, 18.318823079740895, 1597.0 ], [ -97.52614236434205, 18.318806932359234, 1597.0 ], [ -97.526136010359409, 18.318800859539593, 1597.0 ], [ -97.526120160391685, 18.318791677741455, 1597.0 ], [ -97.526113655300762, 18.318783720498086, 1597.0 ], [ -97.526109415155346, 18.318774637595908, 1597.0 ], [ -97.526107154530322, 18.318756471791534, 1597.0 ], [ -97.526107805545053, 18.318682799362694, 1597.0 ], [ -97.526105960114478, 18.318663624346968, 1597.0 ], [ -97.526106175331861, 18.318655550656143, 1597.0 ], [ -97.526110656933668, 18.318640412485834, 1597.0 ], [ -97.526138229837386, 18.318590961129484, 1597.0 ], [ -97.526139491136632, 18.318584905861364, 1597.0 ], [ -97.526138467422669, 18.318539491350439, 1597.0 ], [ -97.52614772013365, 18.318521325546058, 1597.0 ], [ -97.526149975791554, 18.318478938669198, 1597.0 ], [ -97.526146577004553, 18.318474101036511, 1597.0 ], [ -97.526141293681974, 18.318470845528893, 1597.0 ], [ -97.526120160391685, 18.318468568507637, 1597.0 ], [ -97.526105367088476, 18.318458685489791, 1597.0 ], [ -97.526090573785268, 18.318453472754506, 1597.0 ], [ -97.526064157172385, 18.31845454331523, 1597.0 ], [ -97.526055703856272, 18.31845676883929, 1597.0 ], [ -97.526047326016197, 18.318462791287541, 1597.0 ], [ -97.526039853888548, 18.318465838796659, 1597.0 ], [ -97.526032457236951, 18.318466014046457, 1597.0 ], [ -97.526029371137369, 18.318459763653479, 1597.0 ], [ -97.526031126246068, 18.318450680751287, 1597.0 ], [ -97.52602506058534, 18.318444733263021, 1597.0 ], [ -97.525980680675715, 18.318428438524585, 1597.0 ], [ -97.525972227359603, 18.318423473237036, 1597.0 ], [ -97.52596271737896, 18.318414555752746, 1597.0 ], [ -97.525954055638195, 18.318400220183598, 1597.0 ], [ -97.525948699330925, 18.318377008322457, 1597.0 ], [ -97.525948690447819, 18.318362879363498, 1597.0 ], [ -97.525950933218724, 18.318349759615899, 1597.0 ], [ -97.525962872770805, 18.318317464852566, 1597.0 ], [ -97.525966197826151, 18.318300308259552, 1597.0 ], [ -97.525966184660376, 18.318271041130291, 1597.0 ], [ -97.525962046293984, 18.318230672676133, 1597.0 ], [ -97.525964680416536, 18.318205442392276, 1597.0 ], [ -97.525972142922939, 18.318182230531143, 1597.0 ], [ -97.525983948710291, 18.318155991035937, 1597.0 ], [ -97.526032634462325, 18.318097456777409, 1597.0 ], [ -97.526043161609735, 18.318078281761686, 1597.0 ], [ -97.526053786992506, 18.318040940941593, 1597.0 ], [ -97.526058114372191, 18.318013692235027, 1597.0 ], [ -97.526057019744101, 18.317987452739825, 1597.0 ], [ -97.526050489965456, 18.317958185610564, 1597.0 ], [ -97.526031334717985, 18.31791176188829, 1597.0 ], [ -97.526013622515634, 18.317859282897885, 1597.0 ], [ -97.526006156111507, 18.317844144727573, 1597.0 ], [ -97.525997587307955, 18.317834098591771, 1597.0 ], [ -97.525980680675715, 18.317824772395817, 1597.0 ], [ -97.525942640753172, 18.317814935267535, 1597.0 ], [ -97.525923620791914, 18.317802646117958, 1597.0 ], [ -97.525895090850014, 18.317790767258725, 1597.0 ], [ -97.525844370953294, 18.317762406746702, 1597.0 ], [ -97.525833804308149, 18.317753403811473, 1597.0 ], [ -97.525827687335678, 18.317745242014883, 1597.0 ], [ -97.525822054330007, 18.317733131478644, 1597.0 ], [ -97.525816844197251, 18.317713956462917, 1597.0 ], [ -97.525809501024298, 18.31770416734059, 1597.0 ], [ -97.525792978137702, 18.317692763024478, 1597.0 ], [ -97.52577780108885, 18.317677670873355, 1597.0 ], [ -97.525768291108221, 18.317674408372781, 1597.0 ], [ -97.525750327811465, 18.317672738441384, 1597.0 ], [ -97.525734477843741, 18.317665503466188, 1597.0 ], [ -97.525726922354508, 18.317658449838447, 1597.0 ], [ -97.525721985080992, 18.317644320879499, 1597.0 ], [ -97.525717313594953, 18.317637256400012, 1597.0 ], [ -97.525712287888936, 18.317634268914414, 1597.0 ], [ -97.525696437921212, 18.317631320927863, 1597.0 ], [ -97.525678558663273, 18.317615053750231, 1597.0 ], [ -97.525672134637361, 18.317611144281006, 1597.0 ], [ -97.525661567992216, 18.317608681030645, 1597.0 ], [ -97.52564888801804, 18.317610767436836, 1597.0 ], [ -97.525639378037397, 18.317615270683511, 1597.0 ], [ -97.525629974432391, 18.317624136652412, 1597.0 ], [ -97.525621414740655, 18.317628261824272, 1597.0 ], [ -97.525597111456804, 18.317629369670836, 1597.0 ], [ -97.525589714805207, 18.317626274345557, 1597.0 ], [ -97.525583638016599, 18.317619090595638, 1597.0 ], [ -97.52557281866963, 18.317597897157217, 1597.0 ], [ -97.525556844283599, 18.317576703718785, 1597.0 ], [ -97.52555472037966, 18.317571657662008, 1597.0 ], [ -97.525555433753183, 18.317557528703052, 1597.0 ], [ -97.52555157384019, 18.317551473434932, 1597.0 ] ] } },
{ "type": "Feature", "properties": { "FID": 159, "elev": 1597.0, "elevation": 1597.0, "ELEVATION": 1597.0, "is_master": false, "tipo": "Ordinaria (1m)" }, "geometry": { "type": "LineString", "coordinates": [ [ -97.525475744565597, 18.317563583971175, 1597.0 ], [ -97.525472508365269, 18.31756661160524, 1597.0 ], [ -97.525466536963791, 18.317568630027949, 1597.0 ], [ -97.52546185436583, 18.317577712930134, 1597.0 ], [ -97.52545026740313, 18.317588814255025, 1597.0 ], [ -97.525444951766659, 18.3175909798065, 1597.0 ], [ -97.525431215127966, 18.317590961255149, 1597.0 ], [ -97.525425931805401, 18.317588899781406, 1597.0 ], [ -97.525419540602428, 18.317582758986909, 1597.0 ], [ -97.525417029198849, 18.317572666873364, 1597.0 ] ] } },
{ "type": "Feature", "properties": { "FID": 160, "elev": 1597.0, "elevation": 1597.0, "ELEVATION": 1597.0, "is_master": false, "tipo": "Ordinaria (1m)" }, "geometry": { "type": "LineString", "coordinates": [ [ -97.525364899927283, 18.3175807405642, 1597.0 ], [ -97.525366698211727, 18.317583768198251, 1597.0 ], [ -97.525378472775373, 18.317588814255028, 1597.0 ], [ -97.525380495232213, 18.31760496163669, 1597.0 ], [ -97.525385778553812, 18.317609054239639, 1597.0 ], [ -97.525389519717379, 18.317615053750227, 1597.0 ], [ -97.525386835218342, 18.317616752833111, 1597.0 ], [ -97.525380495231261, 18.317614825440156, 1597.0 ], [ -97.525370985250618, 18.317616171478939, 1597.0 ], [ -97.525357457194289, 18.317613035327525, 1597.0 ], [ -97.52535951651852, 18.317606980059402, 1597.0 ], [ -97.525355963852164, 18.317588814255028, 1597.0 ], [ -97.525361588484046, 18.317580740564196, 1597.0 ] ] } },
{ "type": "Feature", "properties": { "FID": 161, "elev": 1607.0, "elevation": 1607.0, "ELEVATION": 1607.0, "is_master": false, "tipo": "Ordinaria (1m)" }, "geometry": { "type": "LineString", "coordinates": [ [ -97.523975515668084, 18.319066299677193, 1607.0 ], [ -97.52397513142644, 18.319064437117245, 1607.0 ], [ -97.52397301441566, 18.319064281254487, 1607.0 ], [ -97.523973018097408, 18.319067125395577, 1607.0 ], [ -97.523975515668084, 18.319066299677193, 1607.0 ] ] } },
{ "type": "Feature", "properties": { "FID": 162, "elev": 1596.0, "elevation": 1596.0, "ELEVATION": 1596.0, "is_master": false, "tipo": "Ordinaria (1m)" }, "geometry": { "type": "LineString", "coordinates": [ [ -97.526046288975451, 18.319058225986353, 1596.0 ], [ -97.526054647191756, 18.319052265584105, 1596.0 ], [ -97.52608740379172, 18.319040153916788, 1596.0 ], [ -97.526094800443317, 18.319034862743518, 1596.0 ], [ -97.526100116065692, 18.319027949645747, 1596.0 ], [ -97.5261024077016, 18.31902088516626, 1596.0 ], [ -97.526102497283716, 18.319012811475424, 1596.0 ], [ -97.526094547762682, 18.318985562768873, 1596.0 ], [ -97.526093187961052, 18.318970424598568, 1596.0 ], [ -97.526095102792752, 18.318948221948776, 1596.0 ], [ -97.5260944780117, 18.318919964030876, 1596.0 ], [ -97.526096899868875, 18.318908862705978, 1596.0 ], [ -97.526103063797279, 18.31889977980379, 1596.0 ], [ -97.526124320098546, 18.318879595576718, 1596.0 ], [ -97.52612985875659, 18.318867485040467, 1596.0 ], [ -97.526134784628567, 18.318861429772344, 1596.0 ], [ -97.526153973656164, 18.318854168955379, 1596.0 ], [ -97.526166860892033, 18.318842254756621, 1596.0 ], [ -97.526171039691903, 18.318832162643083, 1596.0 ], [ -97.526175942214593, 18.318786748132151, 1596.0 ], [ -97.526180159556247, 18.318773628384548, 1596.0 ], [ -97.526191065290021, 18.318757481002883, 1596.0 ], [ -97.526219554213185, 18.318728213873623, 1596.0 ], [ -97.526230239533717, 18.318708029646544, 1596.0 ], [ -97.526234554242919, 18.318689863842174, 1596.0 ], [ -97.526234556517707, 18.318673716460506, 1596.0 ], [ -97.526218163556592, 18.318613163779279, 1596.0 ], [ -97.526217487321688, 18.318598025608971, 1596.0 ], [ -97.526219552897615, 18.318586924284073, 1596.0 ], [ -97.52622688350769, 18.318580923567918, 1596.0 ], [ -97.526252243456042, 18.318575848189457, 1596.0 ], [ -97.526294510036635, 18.318557802054169, 1596.0 ], [ -97.526308281813826, 18.318546555829919, 1596.0 ], [ -97.526320086736689, 18.318529399236894, 1596.0 ], [ -97.526326470309726, 18.318507196587113, 1596.0 ], [ -97.526329677817372, 18.318481966303267, 1596.0 ], [ -97.526330705501522, 18.318399210972235, 1596.0 ], [ -97.526326490148278, 18.318378017533799, 1596.0 ], [ -97.526319894206537, 18.318361870152138, 1596.0 ], [ -97.526312479937545, 18.318349759615895, 1596.0 ], [ -97.526298937379039, 18.318335630656939, 1596.0 ], [ -97.526287113385038, 18.318327743502802, 1596.0 ], [ -97.526270206752798, 18.31832045129433, 1596.0 ], [ -97.526253300120558, 18.318316220019558, 1596.0 ], [ -97.52620997687545, 18.318312925112004, 1596.0 ], [ -97.526189900249662, 18.318313149248009, 1596.0 ], [ -97.526164540301309, 18.318316265111644, 1596.0 ], [ -97.526140237017458, 18.318322311326494, 1596.0 ], [ -97.526124387049734, 18.318329390454803, 1596.0 ], [ -97.526115933733621, 18.318335666067863, 1596.0 ], [ -97.5261094654809, 18.318343704347768, 1596.0 ], [ -97.526095840467448, 18.318375999111097, 1596.0 ], [ -97.526088399200319, 18.318388109647341, 1596.0 ], [ -97.526077893811092, 18.318397182655303, 1596.0 ], [ -97.526067327165933, 18.318401494747931, 1596.0 ], [ -97.526044080546612, 18.31840353122632, 1596.0 ], [ -97.52602506058534, 18.318400291985185, 1596.0 ], [ -97.525975397353136, 18.318378948651425, 1596.0 ], [ -97.525970114030571, 18.318375042899905, 1596.0 ], [ -97.525967838487617, 18.31837095305433, 1596.0 ], [ -97.525968872400568, 18.318360860940786, 1596.0 ], [ -97.525989321309638, 18.318334621445587, 1596.0 ], [ -97.525994621159143, 18.31832251090934, 1596.0 ], [ -97.52599468754336, 18.318302326682261, 1596.0 ], [ -97.525987818456287, 18.318265995073514, 1596.0 ], [ -97.525987074850732, 18.318246820057791, 1596.0 ], [ -97.525988827055954, 18.318221589773948, 1596.0 ], [ -97.525994141662792, 18.318200396335513, 1596.0 ], [ -97.526000750974163, 18.318184248953852, 1596.0 ], [ -97.526009026553481, 18.3181701199949, 1596.0 ], [ -97.526037717753809, 18.318137825231567, 1596.0 ], [ -97.526050601003632, 18.318118650215844, 1596.0 ], [ -97.526070542211073, 18.318073235704919, 1596.0 ], [ -97.526080267715642, 18.318040940941593, 1596.0 ], [ -97.526082727843232, 18.318016719869096, 1596.0 ], [ -97.526081342362943, 18.317992498796603, 1596.0 ], [ -97.526074761488289, 18.317965250090051, 1596.0 ], [ -97.526064159083177, 18.317939010594838, 1596.0 ], [ -97.526039695322254, 18.317896623717978, 1596.0 ], [ -97.526017822681453, 18.317847172361635, 1596.0 ], [ -97.526009341912911, 18.317835061825388, 1596.0 ], [ -97.526001813966019, 18.31782792029253, 1596.0 ], [ -97.525980680675715, 18.31781668978746, 1596.0 ], [ -97.525956377391879, 18.31781196759319, 1596.0 ], [ -97.525944754082204, 18.317807696462683, 1596.0 ], [ -97.525926790785462, 18.31779767956424, 1596.0 ], [ -97.525902487501611, 18.317787693438248, 1596.0 ], [ -97.525882410875823, 18.317774583801796, 1596.0 ], [ -97.525852824269407, 18.317758454764625, 1596.0 ], [ -97.525842257624006, 18.317749278860305, 1596.0 ], [ -97.525827464321054, 18.317732164127484, 1596.0 ], [ -97.525822325179618, 18.317714965674266, 1596.0 ], [ -97.525817427132282, 18.317706891983438, 1596.0 ], [ -97.52579470772109, 18.317687840025496, 1596.0 ], [ -97.525785197740461, 18.31767594160074, 1596.0 ], [ -97.52577780108885, 18.31767144770555, 1596.0 ], [ -97.525751384475981, 18.317668615608603, 1596.0 ], [ -97.525737647837289, 18.317662529744862, 1596.0 ], [ -97.525730482536147, 18.317655422204389, 1596.0 ], [ -97.525725831810149, 18.317643311668139, 1596.0 ], [ -97.525720741205049, 18.317636007060166, 1596.0 ], [ -97.52571545788247, 18.317632285381084, 1596.0 ], [ -97.525699607914746, 18.317626222218852, 1596.0 ], [ -97.525684814611537, 18.317610899673191, 1596.0 ], [ -97.525675304630909, 18.317603851187833, 1596.0 ], [ -97.525637264708379, 18.317586540421608, 1596.0 ], [ -97.525629868056768, 18.317586630761841, 1596.0 ], [ -97.525622471405171, 18.317590808648891, 1596.0 ], [ -97.525618215395312, 18.317595878734508, 1596.0 ], [ -97.525616131418076, 18.3176031101512, 1596.0 ], [ -97.525612961424528, 18.317605682501938, 1596.0 ], [ -97.525605022463623, 18.317603952425337, 1596.0 ], [ -97.525572910761753, 18.31757266687336, 1596.0 ], [ -97.525566305732696, 18.31756257475983, 1596.0 ], [ -97.525561184863307, 18.317549825327678, 1596.0 ] ] } },
{ "type": "Feature", "properties": { "FID": 163, "elev": 1595.0, "elevation": 1595.0, "ELEVATION": 1595.0, "is_master": true, "tipo": "Maestra (5m)" }, "geometry": { "type": "LineString", "coordinates": [ [ -97.526163705405892, 18.319037032547925, 1595.0 ], [ -97.526154024667548, 18.319018866743559, 1595.0 ], [ -97.526146544984414, 18.319009783841366, 1595.0 ], [ -97.526137067023924, 18.319001659899349, 1595.0 ], [ -97.526121084578861, 18.318992627248356, 1595.0 ], [ -97.526111806320301, 18.318982535134822, 1595.0 ], [ -97.526110396220417, 18.318978498289397, 1595.0 ], [ -97.526110408835038, 18.318963360119085, 1595.0 ], [ -97.526115134488364, 18.318947212737427, 1595.0 ], [ -97.526115197057365, 18.318937120623879, 1595.0 ], [ -97.526112518237866, 18.318925010087636, 1595.0 ], [ -97.52611362339934, 18.318910881128694, 1595.0 ], [ -97.526118946671019, 18.318899779803793, 1595.0 ], [ -97.52612749610681, 18.318887669267546, 1595.0 ], [ -97.526131592952311, 18.318873540308587, 1595.0 ], [ -97.526135443293114, 18.318867485040471, 1595.0 ], [ -97.526143407011006, 18.318863294550777, 1595.0 ], [ -97.526168766959373, 18.318861557220476, 1595.0 ], [ -97.526176198255712, 18.318858402138289, 1595.0 ], [ -97.526183532455619, 18.318851337658803, 1595.0 ], [ -97.526199179464484, 18.318817024472771, 1595.0 ], [ -97.526212010384498, 18.31879381261162, 1595.0 ], [ -97.526258712739633, 18.318733259930394, 1595.0 ], [ -97.526273637651158, 18.318707020435191, 1595.0 ], [ -97.526282104520774, 18.318682799362694, 1595.0 ], [ -97.526287871639667, 18.318647476965307, 1595.0 ], [ -97.526296447254921, 18.318620228258748, 1595.0 ], [ -97.526308061114733, 18.318594997974905, 1595.0 ], [ -97.526342111707237, 18.318537472927726, 1595.0 ], [ -97.526348689942225, 18.318521325546069, 1595.0 ], [ -97.526353944473883, 18.318502150530346, 1595.0 ], [ -97.526359248203704, 18.318464809710246, 1595.0 ], [ -97.526359256400028, 18.318416367565259, 1595.0 ], [ -97.526355987590932, 18.318391137281409, 1595.0 ], [ -97.52634860789864, 18.318366916208909, 1595.0 ], [ -97.526334663287287, 18.318339667502357, 1595.0 ], [ -97.526320926649518, 18.318322541961994, 1595.0 ], [ -97.52630613334631, 18.318311221880876, 1595.0 ], [ -97.526286056720522, 18.318303219182098, 1595.0 ], [ -97.526215260198029, 18.318289024417709, 1595.0 ], [ -97.526197296901273, 18.318286885940044, 1595.0 ], [ -97.526161370307761, 18.318287980418997, 1595.0 ], [ -97.526109593746526, 18.318296588235157, 1595.0 ], [ -97.526073667153028, 18.318297509047813, 1595.0 ], [ -97.526052533862725, 18.318291325105001, 1595.0 ], [ -97.526033452467473, 18.318277096398411, 1595.0 ], [ -97.526024850129332, 18.318263976650812, 1595.0 ], [ -97.526020621176031, 18.3182488384805, 1595.0 ], [ -97.526020572868987, 18.318225626619363, 1595.0 ], [ -97.526023742937426, 18.318210488449054, 1595.0 ], [ -97.526034524001105, 18.318185258165201, 1595.0 ], [ -97.526058861910101, 18.318153972613235, 1595.0 ], [ -97.526064167954686, 18.318143880499694, 1595.0 ], [ -97.526079853774291, 18.318093419931991, 1595.0 ], [ -97.526099152281148, 18.318052042266483, 1595.0 ], [ -97.526103545511063, 18.318031858039404, 1595.0 ], [ -97.526103968561912, 18.318016719869092, 1595.0 ], [ -97.526100242521636, 18.317986443528479, 1595.0 ], [ -97.526087619669411, 18.317949102708386, 1595.0 ], [ -97.526072642766039, 18.317921854001828, 1595.0 ], [ -97.526047309011702, 18.317886531604437, 1595.0 ], [ -97.526022974401826, 18.317839098670806, 1595.0 ], [ -97.526008346528641, 18.317822951289145, 1595.0 ], [ -97.525993360649892, 18.317812873708245, 1595.0 ], [ -97.525977510682168, 18.317806643715198, 1595.0 ], [ -97.525951094069299, 18.317801857117395, 1595.0 ], [ -97.525933130772543, 18.317794685573798, 1595.0 ], [ -97.525906714159674, 18.317782565774195, 1595.0 ], [ -97.525885580869371, 18.317768361843502, 1595.0 ], [ -97.52586233425005, 18.317756370878453, 1595.0 ], [ -97.525843134307465, 18.317738177535411, 1595.0 ], [ -97.525829634799948, 18.317729094633222, 1595.0 ], [ -97.525823036533183, 18.317707901194787, 1595.0 ], [ -97.525799991043669, 18.317686862652224, 1595.0 ], [ -97.525792594392058, 18.317675458529802, 1595.0 ], [ -97.525785197740461, 18.317668545242896, 1595.0 ], [ -97.52577780108885, 18.3176662697559, 1595.0 ], [ -97.525755611134045, 18.317665662446792, 1595.0 ], [ -97.5257450444889, 18.317662304997434, 1595.0 ], [ -97.525735353009253, 18.317654412993026, 1595.0 ], [ -97.52572384102163, 18.317634228765954, 1595.0 ], [ -97.525703834572809, 18.317622188362531, 1595.0 ], [ -97.525686044647927, 18.317603952425337, 1595.0 ], [ -97.525672134637361, 18.317593807664338, 1595.0 ], [ -97.525654171340605, 18.317582690135861, 1595.0 ], [ -97.525642548030945, 18.317577527401578, 1595.0 ], [ -97.525634094714832, 18.317575440254792, 1595.0 ], [ -97.525608734766465, 18.317573785902479, 1595.0 ], [ -97.525597111456804, 18.317569742748155, 1595.0 ], [ -97.525588658140691, 18.31756469678978, 1595.0 ], [ -97.52558126148908, 18.317557741515007, 1595.0 ], [ -97.525574760360655, 18.317548445800867, 1595.0 ] ] } },
{ "type": "Feature", "properties": { "FID": 164, "elev": 1602.0, "elevation": 1602.0, "ELEVATION": 1602.0, "is_master": false, "tipo": "Ordinaria (1m)" }, "geometry": { "type": "LineString", "coordinates": [ [ -97.525637930819272, 18.319057216775004, 1602.0 ], [ -97.525641539480759, 18.319054189140946, 1602.0 ], [ -97.525641644605656, 18.319051161506884, 1602.0 ], [ -97.525638321372895, 18.31904338785186, 1602.0 ], [ -97.5256319813858, 18.319039867005575, 1602.0 ], [ -97.525625641398705, 18.319040964992173, 1602.0 ], [ -97.525625641398705, 18.319053360987677, 1602.0 ], [ -97.525633038050316, 18.319057400267983, 1602.0 ], [ -97.525637930819272, 18.319057216775004, 1602.0 ] ] } },
{ "type": "Feature", "properties": { "FID": 165, "elev": 1605.0, "elevation": 1605.0, "ELEVATION": 1605.0, "is_master": true, "tipo": "Maestra (5m)" }, "geometry": { "type": "LineString", "coordinates": [ [ -97.524767658933285, 18.319053179929586, 1605.0 ], [ -97.524772112867211, 18.31904611545011, 1605.0 ], [ -97.524780309786792, 18.319047257906973, 1605.0 ], [ -97.524782015407368, 18.319045106238754, 1605.0 ], [ -97.524781254380827, 18.319042078604692, 1605.0 ], [ -97.524777139793244, 18.319037907453588, 1605.0 ], [ -97.524769743141647, 18.319036608113247, 1605.0 ], [ -97.524766573149478, 18.31903905097063, 1605.0 ], [ -97.524766559687407, 18.319043087816048, 1605.0 ], [ -97.524762346490036, 18.319048545033002, 1605.0 ], [ -97.524762154045234, 18.319051161506884, 1605.0 ], [ -97.524763403154552, 18.319053213730928, 1605.0 ], [ -97.524767658933285, 18.319053179929586, 1605.0 ] ] } },
{ "type": "Feature", "properties": { "FID": 166, "elev": 1604.0, "elevation": 1604.0, "ELEVATION": 1604.0, "is_master": false, "tipo": "Ordinaria (1m)" }, "geometry": { "type": "LineString", "coordinates": [ [ -97.524724306567506, 18.319049170566476, 1604.0 ], [ -97.524722246197797, 18.319048133872826, 1604.0 ], [ -97.524722193238475, 18.319046084922366, 1604.0 ], [ -97.52472471226767, 18.319047124661459, 1604.0 ], [ -97.524724306567506, 18.319049170566476, 1604.0 ] ] } },
{ "type": "Feature", "properties": { "FID": 167, "elev": 1607.0, "elevation": 1607.0, "ELEVATION": 1607.0, "is_master": false, "tipo": "Ordinaria (1m)" }, "geometry": { "type": "LineString", "coordinates": [ [ -97.523585814742603, 18.319047124661459, 1607.0 ], [ -97.523587054521684, 18.31904611545011, 1607.0 ], [ -97.523584165555931, 18.319045030547912, 1607.0 ], [ -97.523582900279536, 18.319042078604692, 1607.0 ], [ -97.523587163032815, 18.319027949645744, 1607.0 ], [ -97.523584165555931, 18.3190267148101, 1607.0 ], [ -97.523578882233352, 18.319027540785758, 1607.0 ], [ -97.523572542246271, 18.31902235791074, 1607.0 ], [ -97.523567258923691, 18.319022588210423, 1607.0 ], [ -97.523561975601112, 18.31901642415956, 1607.0 ], [ -97.523558805607578, 18.319016163053877, 1607.0 ], [ -97.523557181681056, 18.319018866743555, 1607.0 ], [ -97.523558409358387, 18.319024922011685, 1607.0 ], [ -97.523557127850182, 18.319031986491158, 1607.0 ], [ -97.523562704445013, 18.319042078604692, 1607.0 ], [ -97.523569372252723, 18.319043520335203, 1607.0 ], [ -97.523574655575302, 18.319047416688583, 1607.0 ], [ -97.523580995562384, 18.319045151653267, 1607.0 ], [ -97.523583108891415, 18.319047148314862, 1607.0 ], [ -97.523585814742603, 18.319047124661459, 1607.0 ] ] } },
{ "type": "Feature", "properties": { "FID": 168, "elev": 1604.0, "elevation": 1604.0, "ELEVATION": 1604.0, "is_master": false, "tipo": "Ordinaria (1m)" }, "geometry": { "type": "LineString", "coordinates": [ [ -97.524647219101411, 18.319046115450103, 1604.0 ], [ -97.524646113393402, 18.319043035839496, 1604.0 ], [ -97.524642943399854, 18.319042992307089, 1604.0 ], [ -97.52464400006437, 18.319046115449712, 1604.0 ], [ -97.524647219101411, 18.319046115450103, 1604.0 ] ] } },
{ "type": "Feature", "properties": { "FID": 169, "elev": 1607.0, "elevation": 1607.0, "ELEVATION": 1607.0, "is_master": false, "tipo": "Ordinaria (1m)" }, "geometry": { "type": "LineString", "coordinates": [ [ -97.523616946587438, 18.31904611545011, 1607.0 ], [ -97.523621176620907, 18.319039050970627, 1607.0 ], [ -97.523621324924704, 18.319035014125216, 1607.0 ], [ -97.523619035484927, 18.319032563183359, 1607.0 ], [ -97.523615865491379, 18.319033788654288, 1607.0 ], [ -97.523613916837334, 18.319037032547932, 1607.0 ], [ -97.523614033190142, 18.319046115450107, 1607.0 ], [ -97.523616946587438, 18.31904611545011, 1607.0 ] ] } },
{ "type": "Feature", "properties": { "FID": 170, "elev": 1604.0, "elevation": 1604.0, "ELEVATION": 1604.0, "is_master": false, "tipo": "Ordinaria (1m)" }, "geometry": { "type": "LineString", "coordinates": [ [ -97.524706343270751, 18.319045470465412, 1604.0 ], [ -97.524704229941719, 18.319046009217338, 1604.0 ], [ -97.524701515407017, 18.319042078604692, 1604.0 ], [ -97.524704431647748, 18.319038041759281, 1604.0 ], [ -97.524705448879715, 18.319031986491161, 1604.0 ], [ -97.524709513264298, 18.319030904180174, 1604.0 ], [ -97.52471162659333, 18.319033235242951, 1604.0 ], [ -97.524711855380062, 18.319037032547932, 1604.0 ], [ -97.524710687010753, 18.319042078604696, 1604.0 ], [ -97.524706343270751, 18.319045470465412, 1604.0 ] ] } },
{ "type": "Feature", "properties": { "FID": 171, "elev": 1604.0, "elevation": 1604.0, "ELEVATION": 1604.0, "is_master": false, "tipo": "Ordinaria (1m)" }, "geometry": { "type": "LineString", "coordinates": [ [ -97.524643447001665, 18.319039050970627, 1604.0 ], [ -97.52464485710334, 18.319037032547936, 1604.0 ], [ -97.524642943399854, 18.3190321527142, 1604.0 ], [ -97.524638716741791, 18.319031356580716, 1604.0 ], [ -97.524635546748257, 18.319032849792432, 1604.0 ], [ -97.524637565096199, 18.319037032547929, 1604.0 ], [ -97.524643447001665, 18.319039050970627, 1604.0 ] ] } },
{ "type": "Feature", "properties": { "FID": 172, "elev": 1594.0, "elevation": 1594.0, "ELEVATION": 1594.0, "is_master": false, "tipo": "Ordinaria (1m)" }, "geometry": { "type": "LineString", "coordinates": [ [ -97.526465494009443, 18.318984553557527, 1594.0 ], [ -97.526429763094541, 18.318974309216578, 1594.0 ], [ -97.526411799797799, 18.318972773137141, 1594.0 ], [ -97.5263843265204, 18.318978380022443, 1594.0 ], [ -97.526375873204287, 18.318986571980876, 1594.0 ], [ -97.526371646546224, 18.318986076719103, 1594.0 ], [ -97.526365306559143, 18.318981649500358, 1594.0 ], [ -97.526363193230111, 18.318982768029738, 1594.0 ], [ -97.526364249894627, 18.318989459446048, 1594.0 ], [ -97.526356853243016, 18.318988711288501, 1594.0 ], [ -97.526339995595222, 18.318980516712102, 1594.0 ], [ -97.526341003275292, 18.318977038731042, 1594.0 ], [ -97.526350376280902, 18.318971433809921, 1594.0 ], [ -97.526350745113973, 18.318962350907739, 1594.0 ], [ -97.526348399926903, 18.318958676747656, 1594.0 ], [ -97.526342059939807, 18.318955131164973, 1594.0 ], [ -97.526328323301115, 18.31895403173306, 1594.0 ], [ -97.526318813320486, 18.318956390800977, 1594.0 ], [ -97.526311315767231, 18.318960332485027, 1594.0 ], [ -97.526288170049554, 18.318982572513015, 1594.0 ], [ -97.526279716733427, 18.318988313062416, 1594.0 ], [ -97.526271263417314, 18.318990877147709, 1594.0 ], [ -97.526250130127011, 18.318989749453522, 1594.0 ], [ -97.526233223494771, 18.318983637218373, 1594.0 ], [ -97.526218300273797, 18.318971433809921, 1594.0 ], [ -97.52620790317134, 18.318958314062318, 1594.0 ], [ -97.526195083886904, 18.318932074567119, 1594.0 ], [ -97.526190956914178, 18.318928584377847, 1594.0 ], [ -97.526185673591598, 18.318929990121234, 1594.0 ], [ -97.526165596965825, 18.318942922002368, 1594.0 ], [ -97.526157143649698, 18.318944503074064, 1594.0 ], [ -97.526148690333585, 18.318943434664149, 1594.0 ], [ -97.526139180352956, 18.318939123709033, 1594.0 ], [ -97.526127358354231, 18.318928037721694, 1594.0 ], [ -97.526124276998431, 18.318921982453581, 1594.0 ], [ -97.526124189535338, 18.318910881128691, 1594.0 ], [ -97.526134193458631, 18.318888678478899, 1594.0 ], [ -97.526134141280707, 18.318877577154009, 1594.0 ], [ -97.526137067023924, 18.318872451911719, 1594.0 ], [ -97.526140237017458, 18.318870459772317, 1594.0 ], [ -97.526147633669069, 18.318870341461341, 1594.0 ], [ -97.526161370307761, 18.318875347122464, 1594.0 ], [ -97.526173114285911, 18.318881613999416, 1594.0 ], [ -97.526188843585146, 18.318896109944323, 1594.0 ], [ -97.526192013578694, 18.318897304379714, 1594.0 ], [ -97.526195183572241, 18.31889491965438, 1594.0 ], [ -97.526215033581693, 18.318848310024741, 1594.0 ], [ -97.526233178116541, 18.318816015261419, 1594.0 ], [ -97.526253266171494, 18.318791794188918, 1594.0 ], [ -97.526304096666507, 18.318740324409866, 1594.0 ], [ -97.526318786681884, 18.318720140182787, 1594.0 ], [ -97.526328484406918, 18.318700965167071, 1594.0 ], [ -97.526334903829721, 18.318679771728632, 1594.0 ], [ -97.526338644864381, 18.318650504599368, 1594.0 ], [ -97.526343917940977, 18.318626283526878, 1594.0 ], [ -97.526375012512645, 18.318529399236898, 1594.0 ], [ -97.526382484972046, 18.318491049205448, 1594.0 ], [ -97.526383881278974, 18.318458754442123, 1594.0 ], [ -97.526382513402609, 18.318424441256088, 1594.0 ], [ -97.52637825591637, 18.31839517412682, 1594.0 ], [ -97.526369593699684, 18.318366916208905, 1594.0 ], [ -97.52635484895066, 18.318335630656939, 1594.0 ], [ -97.526341095467501, 18.318314437218504, 1594.0 ], [ -97.526327266636599, 18.318300412660726, 1594.0 ], [ -97.526310360004359, 18.318291186676795, 1594.0 ], [ -97.526248016797979, 18.318282370872982, 1594.0 ], [ -97.526234280159287, 18.318278309543665, 1594.0 ], [ -97.526207863546418, 18.318266813130791, 1594.0 ], [ -97.526190956914178, 18.318263731615961, 1594.0 ], [ -97.526164540301309, 18.318263687669582, 1594.0 ], [ -97.526152916991649, 18.318265783093057, 1594.0 ], [ -97.526146577004553, 18.318268046585125, 1594.0 ], [ -97.526132840365861, 18.31828118053809, 1594.0 ], [ -97.52612544371425, 18.318282963967189, 1594.0 ], [ -97.526114877069105, 18.318282271028352, 1594.0 ], [ -97.52610431042396, 18.318279114821419, 1594.0 ], [ -97.52609675847981, 18.318275077975702, 1594.0 ], [ -97.526090573785268, 18.318269205326779, 1594.0 ], [ -97.52608740379172, 18.318260785360852, 1594.0 ], [ -97.526074723817544, 18.318252039572759, 1594.0 ], [ -97.526068336867581, 18.31824278321238, 1594.0 ], [ -97.526063930420349, 18.318226635830715, 1594.0 ], [ -97.526063935549871, 18.318211497660407, 1594.0 ], [ -97.526067265527175, 18.318200396335509, 1594.0 ], [ -97.526073667153028, 18.318191354347299, 1594.0 ], [ -97.526080834094955, 18.31818727658791, 1594.0 ], [ -97.526089681490788, 18.318186267376554, 1594.0 ], [ -97.526092377730535, 18.318184248953852, 1594.0 ], [ -97.526091864621662, 18.318172138417602, 1594.0 ], [ -97.526086236501683, 18.318160027881351, 1594.0 ], [ -97.526083937989, 18.318148926556464, 1594.0 ], [ -97.526083923014497, 18.318130760752087, 1594.0 ], [ -97.526087190626939, 18.318107548890946, 1594.0 ], [ -97.526091419875698, 18.318094429143343, 1594.0 ], [ -97.52609690909685, 18.318084337029809, 1594.0 ], [ -97.526118049390107, 18.318058097534607, 1594.0 ], [ -97.526125455262502, 18.318044977787004, 1594.0 ], [ -97.526128888440567, 18.318034885673462, 1594.0 ], [ -97.526128878481202, 18.318017729080456, 1594.0 ], [ -97.526119163018961, 18.317980388260356, 1594.0 ], [ -97.526101075069718, 18.3179420382289, 1594.0 ], [ -97.526085282596696, 18.317915798733701, 1594.0 ], [ -97.526057955107831, 18.317882494759026, 1594.0 ], [ -97.526029235865877, 18.317833043402683, 1594.0 ], [ -97.526012535110411, 18.317814877598313, 1594.0 ], [ -97.525994417314408, 18.317802674168739, 1594.0 ], [ -97.5259796240112, 18.317796672237979, 1594.0 ], [ -97.525955320727363, 18.317793941442375, 1594.0 ], [ -97.525937357430607, 18.317788651939768, 1594.0 ], [ -97.525917280804819, 18.317779661433701, 1594.0 ], [ -97.525889807527435, 18.317762503734084, 1594.0 ], [ -97.525868674237131, 18.317752298420672, 1594.0 ], [ -97.525859164256502, 18.317744437399988, 1594.0 ], [ -97.525848597611358, 18.317732261033846, 1594.0 ], [ -97.525843314288778, 18.317728992046145, 1594.0 ], [ -97.525835917637181, 18.317728283526321, 1594.0 ], [ -97.525832747643634, 18.317726337022272, 1594.0 ], [ -97.525825183451815, 18.317704873560732, 1594.0 ], [ -97.525806371842947, 18.317687716967711, 1594.0 ], [ -97.525794895101853, 18.317668541951992, 1594.0 ], [ -97.525789424398525, 18.31766353372376, 1594.0 ], [ -97.525780971082398, 18.317661195001552, 1594.0 ], [ -97.525757724463077, 18.317661708267565, 1594.0 ], [ -97.525747157817918, 18.31765835293066, 1594.0 ], [ -97.525738735910096, 18.317650376147618, 1594.0 ], [ -97.525732461342784, 18.317639274822728, 1594.0 ], [ -97.525724967863113, 18.31763027230982, 1594.0 ], [ -97.525707004566357, 18.317617089696732, 1594.0 ], [ -97.525682870631087, 18.317593860311792, 1594.0 ], [ -97.525671077972845, 18.317584692894378, 1594.0 ], [ -97.525647831353524, 18.317571419450555, 1594.0 ], [ -97.525611904760012, 18.317561808982486, 1594.0 ], [ -97.525601269871956, 18.317555510280339, 1594.0 ], [ -97.525591473182331, 18.317545418166802, 1594.0 ] ] } },
{ "type": "Feature", "properties": { "FID": 173, "elev": 1604.0, "elevation": 1604.0, "ELEVATION": 1604.0, "is_master": false, "tipo": "Ordinaria (1m)" }, "geometry": { "type": "LineString", "coordinates": [ [ -97.524720079909443, 18.319034684116939, 1604.0 ], [ -97.524717964167934, 18.319032995702511, 1604.0 ], [ -97.524715103485761, 18.319024922011689, 1604.0 ], [ -97.524722193238475, 18.319020054139109, 1604.0 ], [ -97.52472352805438, 18.319024922011689, 1604.0 ], [ -97.524720079909443, 18.319034684116939, 1604.0 ] ] } },
{ "type": "Feature", "properties": { "FID": 174, "elev": 1607.0, "elevation": 1607.0, "ELEVATION": 1607.0, "is_master": false, "tipo": "Ordinaria (1m)" }, "geometry": { "type": "LineString", "coordinates": [ [ -97.523443172239439, 18.319031986491151, 1607.0 ], [ -97.523451025827057, 18.319027574795808, 1607.0 ], [ -97.523458404416019, 18.319017857532206, 1607.0 ], [ -97.523461834501504, 18.31900877463001, 1607.0 ], [ -97.523461816236448, 18.318995654882418, 1607.0 ], [ -97.523456522691589, 18.318988590402942, 1607.0 ], [ -97.523451025827057, 18.318985614745426, 1607.0 ], [ -97.523434119194818, 18.318985415391982, 1607.0 ], [ -97.523427506137125, 18.318988590402935, 1607.0 ], [ -97.523421318596831, 18.31899666409377, 1607.0 ], [ -97.523421159044446, 18.319001710150545, 1607.0 ], [ -97.523423788745262, 18.319007765418668, 1607.0 ], [ -97.523423614706402, 18.31901684832085, 1607.0 ], [ -97.523428777168661, 18.319026940434391, 1607.0 ], [ -97.523433062530302, 18.319030977274732, 1607.0 ], [ -97.523443172239439, 18.319031986491151, 1607.0 ] ] } },
{ "type": "Feature", "properties": { "FID": 175, "elev": 1602.0, "elevation": 1602.0, "ELEVATION": 1602.0, "is_master": false, "tipo": "Ordinaria (1m)" }, "geometry": { "type": "LineString", "coordinates": [ [ -97.525104479260364, 18.319029968068449, 1602.0 ], [ -97.52510470579287, 18.319028416405995, 1602.0 ], [ -97.525102592463838, 18.319027363359289, 1602.0 ], [ -97.52510084287124, 18.319028958857093, 1602.0 ], [ -97.525102592463838, 18.319030680026462, 1602.0 ], [ -97.525104479260364, 18.319029968068449, 1602.0 ] ] } },
{ "type": "Feature", "properties": { "FID": 176, "elev": 1605.0, "elevation": 1605.0, "ELEVATION": 1605.0, "is_master": true, "tipo": "Maestra (5m)" }, "geometry": { "type": "LineString", "coordinates": [ [ -97.524761300445263, 18.319027949645747, 1605.0 ], [ -97.524762346490036, 18.319020812148388, 1605.0 ], [ -97.524759176496488, 18.319018498712062, 1605.0 ], [ -97.524754910377936, 18.319018866743555, 1605.0 ], [ -97.524753858610126, 18.319021894377613, 1605.0 ], [ -97.524759176496488, 18.319027831449819, 1605.0 ], [ -97.524761300445263, 18.319027949645747, 1605.0 ] ] } },
{ "type": "Feature", "properties": { "FID": 177, "elev": 1602.0, "elevation": 1602.0, "ELEVATION": 1602.0, "is_master": false, "tipo": "Ordinaria (1m)" }, "geometry": { "type": "LineString", "coordinates": [ [ -97.525125971668444, 18.319022903588973, 1602.0 ], [ -97.525131122405739, 18.319020846949289, 1602.0 ], [ -97.525130618287406, 18.319016848320853, 1602.0 ], [ -97.525134610009431, 18.319013820686791, 1602.0 ], [ -97.525129108360616, 18.31900978384137, 1602.0 ], [ -97.525130089756331, 18.319004737784599, 1602.0 ], [ -97.525142546984924, 18.318994645671058, 1602.0 ], [ -97.525143587133442, 18.318983544346167, 1602.0 ], [ -97.525151199031527, 18.318978106655138, 1602.0 ], [ -97.525153721391973, 18.318974461443979, 1602.0 ], [ -97.525148029037979, 18.318967329981458, 1602.0 ], [ -97.52514468474925, 18.318967396964499, 1602.0 ], [ -97.525141350120762, 18.318971433809917, 1602.0 ], [ -97.525141689050884, 18.31898059744902, 1602.0 ], [ -97.525133235734771, 18.31898243348763, 1602.0 ], [ -97.525129009076707, 18.31898556277395, 1602.0 ], [ -97.525121639519071, 18.319002719361894, 1602.0 ], [ -97.525104680914765, 18.319011802264079, 1602.0 ], [ -97.525105762457386, 18.319019352047377, 1602.0 ], [ -97.525125971668444, 18.319022903588973, 1602.0 ] ] } },
{ "type": "Feature", "properties": { "FID": 178, "elev": 1603.0, "elevation": 1603.0, "ELEVATION": 1603.0, "is_master": false, "tipo": "Ordinaria (1m)" }, "geometry": { "type": "LineString", "coordinates": [ [ -97.524843155553128, 18.319019875954904, 1603.0 ], [ -97.524851379222639, 18.31901684832085, 1603.0 ], [ -97.524852970405561, 18.319014829898144, 1603.0 ], [ -97.524852162973801, 18.319013414921393, 1603.0 ], [ -97.524847936315751, 18.31901532389649, 1603.0 ], [ -97.524843709657688, 18.319013957136285, 1603.0 ], [ -97.524839482999624, 18.319014754497292, 1603.0 ], [ -97.524839070240048, 18.319018866743559, 1603.0 ], [ -97.524843155553128, 18.319019875954904, 1603.0 ] ] } },
{ "type": "Feature", "properties": { "FID": 179, "elev": 1600.0, "elevation": 1600.0, "ELEVATION": 1600.0, "is_master": true, "tipo": "Maestra (5m)" }, "geometry": { "type": "LineString", "coordinates": [ [ -97.525986080595757, 18.319017857532206, 1600.0 ], [ -97.525992303985376, 18.319015769634788, 1600.0 ], [ -97.526003034724312, 18.319004737784606, 1600.0 ], [ -97.526006965205525, 18.318995654882418, 1600.0 ], [ -97.526006040624068, 18.318993294522965, 1600.0 ], [ -97.525998643972471, 18.31899203840802, 1600.0 ], [ -97.525994417314408, 18.318996382838144, 1600.0 ], [ -97.525984907333779, 18.31899971840302, 1600.0 ], [ -97.525977510682168, 18.319005532439203, 1600.0 ], [ -97.525975705868333, 18.319011802264082, 1600.0 ], [ -97.525977082984625, 18.31901583910949, 1600.0 ], [ -97.525981737340231, 18.319018115988769, 1600.0 ], [ -97.525986080595757, 18.319017857532206, 1600.0 ] ] } },
{ "type": "Feature", "properties": { "FID": 180, "elev": 1602.0, "elevation": 1602.0, "ELEVATION": 1602.0, "is_master": false, "tipo": "Ordinaria (1m)" }, "geometry": { "type": "LineString", "coordinates": [ [ -97.525080239443511, 18.319007765418672, 1602.0 ], [ -97.525085512133316, 18.319000700939188, 1602.0 ], [ -97.525085038198512, 18.318998682516476, 1602.0 ], [ -97.525071848022904, 18.318997673305123, 1602.0 ], [ -97.525071949192906, 18.319004019362961, 1602.0 ], [ -97.525077232515486, 18.319007966611924, 1602.0 ], [ -97.525080239443511, 18.319007765418672, 1602.0 ] ] } },
{ "type": "Feature", "properties": { "FID": 181, "elev": 1603.0, "elevation": 1603.0, "ELEVATION": 1603.0, "is_master": false, "tipo": "Ordinaria (1m)" }, "geometry": { "type": "LineString", "coordinates": [ [ -97.524917920019391, 18.319005746995959, 1603.0 ], [ -97.52493055512339, 18.318999691727836, 1603.0 ], [ -97.524932708144405, 18.318994645671058, 1603.0 ], [ -97.524930356147905, 18.318989493903125, 1603.0 ], [ -97.524926129489842, 18.318987379583739, 1603.0 ], [ -97.524916619509213, 18.318987314292713, 1603.0 ], [ -97.524913420465538, 18.318994645671054, 1603.0 ], [ -97.524906099463095, 18.31899767330512, 1603.0 ], [ -97.524907321143644, 18.319001710150545, 1603.0 ], [ -97.524915562844697, 18.319006114523717, 1603.0 ], [ -97.524917920019391, 18.319005746995959, 1603.0 ] ] } },
{ "type": "Feature", "properties": { "FID": 182, "elev": 1601.0, "elevation": 1601.0, "ELEVATION": 1601.0, "is_master": false, "tipo": "Ordinaria (1m)" }, "geometry": { "type": "LineString", "coordinates": [ [ -97.525797877714638, 18.319004495573871, 1601.0 ], [ -97.525796821050122, 18.319002231033821, 1601.0 ], [ -97.525798473933165, 18.319002719361894, 1601.0 ], [ -97.525797877714638, 18.319004495573871, 1601.0 ] ] } },
{ "type": "Feature", "properties": { "FID": 183, "elev": 1599.0, "elevation": 1599.0, "ELEVATION": 1599.0, "is_master": false, "tipo": "Ordinaria (1m)" }, "geometry": { "type": "LineString", "coordinates": [ [ -97.525923620791914, 18.319003360347484, 1599.0 ], [ -97.525921124071331, 18.319001710150545, 1599.0 ], [ -97.52592467745643, 18.318999669300915, 1599.0 ], [ -97.525925436468967, 18.319001710150545, 1599.0 ], [ -97.525923620791914, 18.319003360347484, 1599.0 ] ] } },
{ "type": "Feature", "properties": { "FID": 184, "elev": 1602.0, "elevation": 1602.0, "ELEVATION": 1602.0, "is_master": false, "tipo": "Ordinaria (1m)" }, "geometry": { "type": "LineString", "coordinates": [ [ -97.525049628708942, 18.318999691727832, 1602.0 ], [ -97.52505061185704, 18.318996664093774, 1602.0 ], [ -97.525044475915522, 18.318994783919191, 1602.0 ], [ -97.525045398095457, 18.31899767330512, 1602.0 ], [ -97.525049628708942, 18.318999691727832, 1602.0 ] ] } },
{ "type": "Feature", "properties": { "FID": 185, "elev": 1595.0, "elevation": 1595.0, "ELEVATION": 1595.0, "is_master": true, "tipo": "Maestra (5m)" }, "geometry": { "type": "LineString", "coordinates": [ [ -97.526314730501568, 18.31899767330512, 1595.0 ], [ -97.526319944974091, 18.318992627248353, 1595.0 ], [ -97.526318813320486, 18.318988965252874, 1595.0 ], [ -97.526314586662423, 18.318989841825019, 1595.0 ], [ -97.526311603518096, 18.318992627248356, 1595.0 ], [ -97.526311514295486, 18.318996664093774, 1595.0 ], [ -97.526314730501568, 18.31899767330512, 1595.0 ] ] } },
{ "type": "Feature", "properties": { "FID": 186, "elev": 1601.0, "elevation": 1601.0, "ELEVATION": 1601.0, "is_master": false, "tipo": "Ordinaria (1m)" }, "geometry": { "type": "LineString", "coordinates": [ [ -97.525186068960508, 18.318997168699443, 1601.0 ], [ -97.525185434961799, 18.318996664093774, 1601.0 ], [ -97.525186861458906, 18.318996664093774, 1601.0 ], [ -97.525186068960508, 18.318997168699443, 1601.0 ] ] } },
{ "type": "Feature", "properties": { "FID": 187, "elev": 1604.0, "elevation": 1604.0, "ELEVATION": 1604.0, "is_master": false, "tipo": "Ordinaria (1m)" }, "geometry": { "type": "LineString", "coordinates": [ [ -97.524732273140202, 18.318993636459709, 1604.0 ], [ -97.52473499229707, 18.318991618037, 1604.0 ], [ -97.524736140873827, 18.318986571980229, 1604.0 ], [ -97.524729589890072, 18.318978876743653, 1604.0 ], [ -97.524725161438454, 18.318976479866691, 1604.0 ], [ -97.524729287651226, 18.318972443021277, 1604.0 ], [ -97.524730646554588, 18.318964333389868, 1604.0 ], [ -97.524725363232022, 18.318962928480833, 1604.0 ], [ -97.524721136573959, 18.318957206609156, 1604.0 ], [ -97.524714919246833, 18.318954277216903, 1604.0 ], [ -97.524710900449463, 18.318947212737431, 1604.0 ], [ -97.524706343270751, 18.318947252968925, 1604.0 ], [ -97.524704099112043, 18.318950240371489, 1604.0 ], [ -97.524703413428227, 18.318961341696372, 1604.0 ], [ -97.524699132736188, 18.318972443021273, 1604.0 ], [ -97.524700275971284, 18.318976479866695, 1604.0 ], [ -97.524704229941719, 18.318980612827474, 1604.0 ], [ -97.524716909915895, 18.318980846827969, 1604.0 ], [ -97.524720016658392, 18.318987581191582, 1604.0 ], [ -97.524725363232022, 18.318992711871665, 1604.0 ], [ -97.524729589890072, 18.318994419926415, 1604.0 ], [ -97.524732273140202, 18.318993636459709, 1604.0 ] ] } },
{ "type": "Feature", "properties": { "FID": 188, "elev": 1601.0, "elevation": 1601.0, "ELEVATION": 1601.0, "is_master": false, "tipo": "Ordinaria (1m)" }, "geometry": { "type": "LineString", "coordinates": [ [ -97.525195578941151, 18.318991705794513, 1601.0 ], [ -97.525193817833625, 18.318991618037003, 1601.0 ], [ -97.525194268677154, 18.318990608825647, 1601.0 ], [ -97.525197692270183, 18.31898796769806, 1601.0 ], [ -97.525198404904387, 18.318988590402942, 1601.0 ], [ -97.525195578941151, 18.318991705794513, 1601.0 ] ] } },
{ "type": "Feature", "properties": { "FID": 189, "elev": 1602.0, "elevation": 1602.0, "ELEVATION": 1602.0, "is_master": false, "tipo": "Ordinaria (1m)" }, "geometry": { "type": "LineString", "coordinates": [ [ -97.525081162660541, 18.318991618036996, 1602.0 ], [ -97.525082357338377, 18.318989599614287, 1602.0 ], [ -97.525081459173535, 18.318986889694916, 1602.0 ], [ -97.525078795757395, 18.318990608825651, 1602.0 ], [ -97.525080402509019, 18.318992421985026, 1602.0 ], [ -97.525081162660541, 18.318991618036996, 1602.0 ] ] } },
{ "type": "Feature", "properties": { "FID": 190, "elev": 1604.0, "elevation": 1604.0, "ELEVATION": 1604.0, "is_master": false, "tipo": "Ordinaria (1m)" }, "geometry": { "type": "LineString", "coordinates": [ [ -97.524597506825714, 18.318992066575372, 1604.0 ], [ -97.524597506825714, 18.318991369615745, 1604.0 ], [ -97.524597775184958, 18.318991618036996, 1604.0 ], [ -97.524597506825714, 18.318992066575372, 1604.0 ] ] } },
{ "type": "Feature", "properties": { "FID": 191, "elev": 1593.0, "elevation": 1593.0, "ELEVATION": 1593.0, "is_master": false, "tipo": "Ordinaria (1m)" }, "geometry": { "type": "LineString", "coordinates": [ [ -97.526733010786657, 18.318938129835239, 1593.0 ], [ -97.526733046461743, 18.318931065355763, 1593.0 ], [ -97.526725629158719, 18.318926843257856, 1593.0 ], [ -97.526718232507108, 18.318926167942529, 1593.0 ], [ -97.526710835855496, 18.318931236315063, 1593.0 ], [ -97.526698155881334, 18.318932343414399, 1593.0 ], [ -97.526677022591031, 18.318926206676995, 1593.0 ], [ -97.526646379320098, 18.318912953376, 1593.0 ], [ -97.52661996270723, 18.318894691011689, 1593.0 ], [ -97.526593546094361, 18.318886837988771, 1593.0 ], [ -97.526570299475026, 18.318874468832689, 1593.0 ], [ -97.526562902823429, 18.318873569899665, 1593.0 ], [ -97.526551279513754, 18.318874333757517, 1593.0 ], [ -97.526539481050463, 18.318879595576718, 1593.0 ], [ -97.526529035038166, 18.318889687690252, 1593.0 ], [ -97.526503729610582, 18.318927085207605, 1593.0 ], [ -97.526494219629953, 18.318933868720638, 1593.0 ], [ -97.526482596320292, 18.318937323867839, 1593.0 ], [ -97.526464633023537, 18.318937285527703, 1593.0 ], [ -97.526450792450632, 18.318932074567119, 1593.0 ], [ -97.526444434328212, 18.318926019298996, 1593.0 ], [ -97.526440260486837, 18.318917945608167, 1593.0 ], [ -97.526437340797088, 18.318893724535673, 1593.0 ], [ -97.526431953813088, 18.318884641633481, 1593.0 ], [ -97.52642342310746, 18.318879375325366, 1593.0 ], [ -97.526408629804251, 18.318876014610733, 1593.0 ], [ -97.526404403146188, 18.318876663104017, 1593.0 ], [ -97.52640123315264, 18.318879357350852, 1593.0 ], [ -97.526387678342587, 18.318902807437851, 1593.0 ], [ -97.526374816539771, 18.318914993936243, 1593.0 ], [ -97.526356853243016, 18.318924239593585, 1593.0 ], [ -97.526290283378586, 18.318949367603626, 1593.0 ], [ -97.526275490075378, 18.31895200745803, 1593.0 ], [ -97.526262810101187, 18.318951454021153, 1593.0 ], [ -97.526250130127011, 18.318944146287542, 1593.0 ], [ -97.526238337480081, 18.318932074567112, 1593.0 ], [ -97.526228829994949, 18.318913908762749, 1593.0 ], [ -97.526226933692286, 18.318894733747019, 1593.0 ], [ -97.526227754385033, 18.318882623210772, 1593.0 ], [ -97.526231033683359, 18.318869503463169, 1593.0 ], [ -97.526240563169367, 18.318850328447454, 1593.0 ], [ -97.526251075906984, 18.318836199488494, 1593.0 ], [ -97.526267036759251, 18.31882011691857, 1593.0 ], [ -97.526287113385038, 18.318803829822755, 1593.0 ], [ -97.526330436630147, 18.318773759111409, 1593.0 ], [ -97.526352626584952, 18.318753658883288, 1593.0 ], [ -97.526366268028653, 18.318734269141736, 1593.0 ], [ -97.526375966302481, 18.318710048069253, 1593.0 ], [ -97.526380340926494, 18.318688854630821, 1593.0 ], [ -97.526382964839328, 18.318644449331245, 1593.0 ], [ -97.526386200338806, 18.318619219047402, 1593.0 ], [ -97.526394713165928, 18.318575822959179, 1593.0 ], [ -97.5264077934022, 18.31852536239148, 1593.0 ], [ -97.526412114895692, 18.318490039994096, 1593.0 ], [ -97.526412112693592, 18.31846380049889, 1593.0 ], [ -97.526407802123472, 18.318423432044735, 1593.0 ], [ -97.526401386463348, 18.318394164915475, 1593.0 ], [ -97.526391941792255, 18.318369943842978, 1593.0 ], [ -97.526356889471515, 18.318305354316319, 1593.0 ], [ -97.526347343262373, 18.318293045588703, 1593.0 ], [ -97.526330436630147, 18.318279097606428, 1593.0 ], [ -97.526315643326939, 18.318273846395751, 1593.0 ], [ -97.526275490075378, 18.318274325362921, 1593.0 ], [ -97.526252243456042, 18.318270223943408, 1593.0 ], [ -97.52623850681735, 18.318264164367839, 1593.0 ], [ -97.526217373527047, 18.318246744785121, 1593.0 ], [ -97.526200466894807, 18.318238652099964, 1593.0 ], [ -97.526179333604517, 18.318234415880958, 1593.0 ], [ -97.52613812368844, 18.318232875353196, 1593.0 ], [ -97.526126500378766, 18.318229680284968, 1593.0 ], [ -97.526101140430413, 18.31820762558419, 1593.0 ], [ -97.526100918513791, 18.318190304221975, 1593.0 ], [ -97.526104930179827, 18.318171129206252, 1593.0 ], [ -97.526094514836458, 18.318134797597509, 1593.0 ], [ -97.526093930753532, 18.318118650215844, 1593.0 ], [ -97.526095658579067, 18.318105530468245, 1593.0 ], [ -97.526103253759445, 18.3180913403055, 1593.0 ], [ -97.526111707075557, 18.318083275284163, 1593.0 ], [ -97.526135156379894, 18.318067180436795, 1593.0 ], [ -97.526149773919485, 18.318051033055138, 1593.0 ], [ -97.526157425691736, 18.318033876462113, 1593.0 ], [ -97.526157413163318, 18.318019747503165, 1593.0 ], [ -97.526149846865778, 18.317987452739832, 1593.0 ], [ -97.526142334006323, 18.317973323780873, 1593.0 ], [ -97.526086404658841, 18.317894605295265, 1593.0 ], [ -97.526068207974561, 18.317876439490899, 1593.0 ], [ -97.526047358283591, 18.31784313551622, 1593.0 ], [ -97.52602506058534, 18.317813713847272, 1593.0 ], [ -97.5260081539531, 18.317798664082222, 1593.0 ], [ -97.525989133991828, 18.317787401603024, 1593.0 ], [ -97.525975397353136, 18.317783378181389, 1593.0 ], [ -97.525947924075751, 18.317781806604714, 1593.0 ], [ -97.525926790785462, 18.317769422780938, 1593.0 ], [ -97.525910940817738, 18.317764582120692, 1593.0 ], [ -97.525892977520982, 18.317754204275712, 1593.0 ], [ -97.525868674237131, 18.317743332011471, 1593.0 ], [ -97.525852824269407, 18.317722857251773, 1593.0 ], [ -97.525847540946842, 18.317719796593767, 1593.0 ], [ -97.525834860972665, 18.317716692978319, 1593.0 ], [ -97.525831838629685, 18.317713956462914, 1593.0 ], [ -97.525826427966734, 18.317700836715314, 1593.0 ], [ -97.525810575482396, 18.317686707756366, 1593.0 ], [ -97.525802225828386, 18.317664505106571, 1593.0 ], [ -97.525794902269439, 18.317656431415738, 1593.0 ], [ -97.525789424398525, 18.317654197931372, 1593.0 ], [ -97.525768291108221, 18.317655360614403, 1593.0 ], [ -97.525756667798561, 18.317654616158233, 1593.0 ], [ -97.525750327811465, 18.31765245369164, 1593.0 ], [ -97.525727081192144, 18.317626074393853, 1593.0 ], [ -97.525698954348186, 18.317601934002621, 1593.0 ], [ -97.525678474624456, 18.317581717849706, 1593.0 ], [ -97.525658397998669, 18.317568841424883, 1593.0 ], [ -97.525624584734189, 18.317554469389709, 1593.0 ], [ -97.525612961424528, 18.31754643893402, 1593.0 ], [ -97.525609836587591, 18.317542390532743, 1593.0 ] ] } },
{ "type": "Feature", "properties": { "FID": 192, "elev": 1595.0, "elevation": 1595.0, "ELEVATION": 1595.0, "is_master": true, "tipo": "Maestra (5m)" }, "geometry": { "type": "LineString", "coordinates": [ [ -97.526322189492475, 18.318986571980233, 1595.0 ], [ -97.526323087291871, 18.318983544346167, 1595.0 ], [ -97.526320926649518, 18.318982954455016, 1595.0 ], [ -97.526319641990995, 18.318985562768876, 1595.0 ], [ -97.526320926649518, 18.318987423791643, 1595.0 ], [ -97.526322189492475, 18.318986571980233, 1595.0 ] ] } },
{ "type": "Feature", "properties": { "FID": 193, "elev": 1602.0, "elevation": 1602.0, "ELEVATION": 1602.0, "is_master": false, "tipo": "Ordinaria (1m)" }, "geometry": { "type": "LineString", "coordinates": [ [ -97.525062990515494, 18.318985562768876, 1602.0 ], [ -97.525067722534843, 18.318983499492326, 1602.0 ], [ -97.525069810402073, 18.318980516712106, 1602.0 ], [ -97.525066665870327, 18.318979436947981, 1602.0 ], [ -97.525061382547761, 18.318982532457863, 1602.0 ], [ -97.525060321564453, 18.318984553557517, 1602.0 ], [ -97.525061382547761, 18.31898622713388, 1602.0 ], [ -97.525062990515494, 18.318985562768876, 1602.0 ] ] } },
{ "type": "Feature", "properties": { "FID": 194, "elev": 1602.0, "elevation": 1602.0, "ELEVATION": 1602.0, "is_master": false, "tipo": "Ordinaria (1m)" }, "geometry": { "type": "LineString", "coordinates": [ [ -97.525046074287786, 18.318985562768876, 1602.0 ], [ -97.5250469610029, 18.318983544346167, 1602.0 ], [ -97.525045532580037, 18.318982012067952, 1602.0 ], [ -97.525044150787977, 18.318983544346167, 1602.0 ], [ -97.525046074287786, 18.318985562768876, 1602.0 ] ] } },
{ "type": "Feature", "properties": { "FID": 195, "elev": 1605.0, "elevation": 1605.0, "ELEVATION": 1605.0, "is_master": true, "tipo": "Maestra (5m)" }, "geometry": { "type": "LineString", "coordinates": [ [ -97.524521875342018, 18.318979507500742, 1605.0 ], [ -97.524523738240973, 18.318975470655335, 1605.0 ], [ -97.524520370316125, 18.318973907551236, 1605.0 ], [ -97.524517989518898, 18.318978498289397, 1605.0 ], [ -97.524519313651609, 18.318980441056947, 1605.0 ], [ -97.524521875342018, 18.318979507500742, 1605.0 ] ] } },
{ "type": "Feature", "properties": { "FID": 196, "elev": 1605.0, "elevation": 1605.0, "ELEVATION": 1605.0, "is_master": true, "tipo": "Maestra (5m)" }, "geometry": { "type": "LineString", "coordinates": [ [ -97.524479160400048, 18.318978359087829, 1605.0 ], [ -97.524479160400048, 18.318976751350451, 1605.0 ], [ -97.524480046863573, 18.318977489078044, 1605.0 ], [ -97.524479160400048, 18.318978359087829, 1605.0 ] ] } },
{ "type": "Feature", "properties": { "FID": 197, "elev": 1595.0, "elevation": 1595.0, "ELEVATION": 1595.0, "is_master": true, "tipo": "Maestra (5m)" }, "geometry": { "type": "LineString", "coordinates": [ [ -97.526326238790205, 18.31897345223263, 1595.0 ], [ -97.526327992107767, 18.318969415387215, 1595.0 ], [ -97.526326209972083, 18.31896749885604, 1595.0 ], [ -97.526323881802554, 18.318970424598568, 1595.0 ], [ -97.52632448746418, 18.31897345223263, 1595.0 ], [ -97.526326238790205, 18.31897345223263, 1595.0 ] ] } },
{ "type": "Feature", "properties": { "FID": 198, "elev": 1601.0, "elevation": 1601.0, "ELEVATION": 1601.0, "is_master": false, "tipo": "Ordinaria (1m)" }, "geometry": { "type": "LineString", "coordinates": [ [ -97.525254752153984, 18.318973181101224, 1601.0 ], [ -97.525253695489468, 18.318970750150605, 1601.0 ], [ -97.5252558088185, 18.318971366529166, 1601.0 ], [ -97.525254752153984, 18.318973181101224, 1601.0 ] ] } },
{ "type": "Feature", "properties": { "FID": 199, "elev": 1603.0, "elevation": 1603.0, "ELEVATION": 1603.0, "is_master": false, "tipo": "Ordinaria (1m)" }, "geometry": { "type": "LineString", "coordinates": [ [ -97.524888123905001, 18.318971433809924, 1603.0 ], [ -97.524888211197762, 18.318959323273685, 1603.0 ], [ -97.524884919573765, 18.318958082235223, 1603.0 ], [ -97.524881749580217, 18.318958889407103, 1603.0 ], [ -97.524880468310684, 18.318965378541794, 1603.0 ], [ -97.524882423483803, 18.318970424598572, 1603.0 ], [ -97.524884919573765, 18.318972202552526, 1603.0 ], [ -97.524888123905001, 18.318971433809924, 1603.0 ] ] } },
{ "type": "Feature", "properties": { "FID": 200, "elev": 1603.0, "elevation": 1603.0, "ELEVATION": 1603.0, "is_master": false, "tipo": "Ordinaria (1m)" }, "geometry": { "type": "LineString", "coordinates": [ [ -97.524794046425484, 18.318971464862575, 1603.0 ], [ -97.524791885529567, 18.318970424598575, 1603.0 ], [ -97.524792989760968, 18.318968667629576, 1603.0 ], [ -97.524794138520107, 18.318970424598572, 1603.0 ], [ -97.524794046425484, 18.318971464862575, 1603.0 ] ] } },
{ "type": "Feature", "properties": { "FID": 201, "elev": 1605.0, "elevation": 1605.0, "ELEVATION": 1605.0, "is_master": true, "tipo": "Maestra (5m)" }, "geometry": { "type": "LineString", "coordinates": [ [ -97.524538364138749, 18.318970424598572, 1605.0 ], [ -97.524538333612881, 18.318967401781745, 1605.0 ], [ -97.524536067513083, 18.318970424598575, 1605.0 ], [ -97.524538364138749, 18.318970424598572, 1605.0 ] ] } },
{ "type": "Feature", "properties": { "FID": 202, "elev": 1606.0, "elevation": 1606.0, "ELEVATION": 1606.0, "is_master": false, "tipo": "Ordinaria (1m)" }, "geometry": { "type": "LineString", "coordinates": [ [ -97.524488972751811, 18.318967396964506, 1606.0 ], [ -97.524493953703256, 18.318963560920942, 1606.0 ], [ -97.52449393270436, 18.318959323273681, 1606.0 ], [ -97.524490783709709, 18.318956147894703, 1606.0 ], [ -97.524483387058112, 18.318956564027332, 1606.0 ], [ -97.524481291657636, 18.318958314062318, 1606.0 ], [ -97.524480568439387, 18.318963360119085, 1606.0 ], [ -97.524484443722628, 18.318967316512744, 1606.0 ], [ -97.524488972751811, 18.318967396964506, 1606.0 ] ] } },
{ "type": "Feature", "properties": { "FID": 203, "elev": 1604.0, "elevation": 1604.0, "ELEVATION": 1604.0, "is_master": false, "tipo": "Ordinaria (1m)" }, "geometry": { "type": "LineString", "coordinates": [ [ -97.524763538550502, 18.31896537854179, 1604.0 ], [ -97.52476506362737, 18.318964369330441, 1604.0 ], [ -97.524763403154552, 18.318964173478925, 1604.0 ], [ -97.524763538550502, 18.31896537854179, 1604.0 ] ] } },
{ "type": "Feature", "properties": { "FID": 204, "elev": 1607.0, "elevation": 1607.0, "ELEVATION": 1607.0, "is_master": false, "tipo": "Ordinaria (1m)" }, "geometry": { "type": "LineString", "coordinates": [ [ -97.524488155739959, 18.318964369330441, 1607.0 ], [ -97.524489967557955, 18.318961341696383, 1607.0 ], [ -97.524488670380677, 18.318959236769839, 1607.0 ], [ -97.524485500387144, 18.31895852989712, 1607.0 ], [ -97.524483834322567, 18.318960332485027, 1607.0 ], [ -97.524484154951111, 18.318963360119085, 1607.0 ], [ -97.524485500387144, 18.318964781042062, 1607.0 ], [ -97.524488155739959, 18.318964369330441, 1607.0 ] ] } },
{ "type": "Feature", "properties": { "FID": 205, "elev": 1601.0, "elevation": 1601.0, "ELEVATION": 1601.0, "is_master": false, "tipo": "Ordinaria (1m)" }, "geometry": { "type": "LineString", "coordinates": [ [ -97.525278967382448, 18.318961341696379, 1601.0 ], [ -97.525277998773305, 18.318959632215929, 1601.0 ], [ -97.525276420820973, 18.318961341696379, 1601.0 ], [ -97.525276942108789, 18.318961953840972, 1601.0 ], [ -97.525278967382448, 18.318961341696379, 1601.0 ] ] } },
{ "type": "Feature", "properties": { "FID": 206, "elev": 1604.0, "elevation": 1604.0, "ELEVATION": 1604.0, "is_master": false, "tipo": "Ordinaria (1m)" }, "geometry": { "type": "LineString", "coordinates": [ [ -97.52474444539817, 18.318961341696379, 1604.0 ], [ -97.524746089649213, 18.318955286428256, 1604.0 ], [ -97.524742269864262, 18.318952036782211, 1604.0 ], [ -97.524739099870715, 18.318952067984519, 1604.0 ], [ -97.524737477222672, 18.318955286428253, 1604.0 ], [ -97.524742105951645, 18.318958314062318, 1604.0 ], [ -97.524743326528778, 18.318962194275283, 1604.0 ], [ -97.52474444539817, 18.318961341696379, 1604.0 ] ] } },
{ "type": "Feature", "properties": { "FID": 207, "elev": 1604.0, "elevation": 1604.0, "ELEVATION": 1604.0, "is_master": false, "tipo": "Ordinaria (1m)" }, "geometry": { "type": "LineString", "coordinates": [ [ -97.524574260206393, 18.318960607724485, 1604.0 ], [ -97.52457275068565, 18.318960332485027, 1604.0 ], [ -97.524574260206393, 18.318958994976001, 1604.0 ], [ -97.524574621344897, 18.318959323273678, 1604.0 ], [ -97.524574260206393, 18.318960607724485, 1604.0 ] ] } },
{ "type": "Feature", "properties": { "FID": 208, "elev": 1605.0, "elevation": 1605.0, "ELEVATION": 1605.0, "is_master": true, "tipo": "Maestra (5m)" }, "geometry": { "type": "LineString", "coordinates": [ [ -97.52459695616956, 18.318959323273685, 1605.0 ], [ -97.524598318220654, 18.318957304850962, 1605.0 ], [ -97.524597160266936, 18.318953268005554, 1605.0 ], [ -97.524600451397504, 18.318951249582838, 1605.0 ], [ -97.52460077796637, 18.318949231160136, 1605.0 ], [ -97.52459856349023, 18.318947052317117, 1605.0 ], [ -97.524592223503149, 18.318944871681854, 1605.0 ], [ -97.52458157372152, 18.318950240371496, 1605.0 ], [ -97.524583770187022, 18.318954991889708, 1605.0 ], [ -97.524592223503149, 18.318956113515988, 1605.0 ], [ -97.52459695616956, 18.318959323273685, 1605.0 ] ] } },
{ "type": "Feature", "properties": { "FID": 209, "elev": 1603.0, "elevation": 1603.0, "ELEVATION": 1603.0, "is_master": false, "tipo": "Ordinaria (1m)" }, "geometry": { "type": "LineString", "coordinates": [ [ -97.524790876431936, 18.318957997325214, 1603.0 ], [ -97.524789284912544, 18.318957304850962, 1603.0 ], [ -97.524789690905905, 18.318955286428253, 1603.0 ], [ -97.524792989760968, 18.318954366924576, 1603.0 ], [ -97.524793962563223, 18.318956295639609, 1603.0 ], [ -97.524790876431936, 18.318957997325214, 1603.0 ] ] } },
{ "type": "Feature", "properties": { "FID": 210, "elev": 1604.0, "elevation": 1604.0, "ELEVATION": 1604.0, "is_master": false, "tipo": "Ordinaria (1m)" }, "geometry": { "type": "LineString", "coordinates": [ [ -97.524756997213643, 18.318957304850962, 1604.0 ], [ -97.524762069929452, 18.318952258794194, 1604.0 ], [ -97.524765516483583, 18.318951142409947, 1604.0 ], [ -97.524765702516063, 18.31894822194878, 1604.0 ], [ -97.52476128982552, 18.318943785652628, 1604.0 ], [ -97.52476128982552, 18.318938188058976, 1604.0 ], [ -97.524758988410213, 18.318938129835242, 1604.0 ], [ -97.524757063167471, 18.318942809450391, 1604.0 ], [ -97.524753893173923, 18.318944277816165, 1604.0 ], [ -97.524749698644172, 18.31894216668065, 1604.0 ], [ -97.524749666515859, 18.318938250138586, 1604.0 ], [ -97.524746496522312, 18.318938278248677, 1604.0 ], [ -97.524745285011193, 18.318943175892013, 1604.0 ], [ -97.524747296748203, 18.318949231160136, 1604.0 ], [ -97.524752449260347, 18.318956295639609, 1604.0 ], [ -97.524754949838439, 18.318958042619261, 1604.0 ], [ -97.524756997213643, 18.318957304850962, 1604.0 ] ] } },
{ "type": "Feature", "properties": { "FID": 211, "elev": 1604.0, "elevation": 1604.0, "ELEVATION": 1604.0, "is_master": false, "tipo": "Ordinaria (1m)" }, "geometry": { "type": "LineString", "coordinates": [ [ -97.524573203541877, 18.318956068030243, 1604.0 ], [ -97.524572146877361, 18.318955449533117, 1604.0 ], [ -97.524572146877361, 18.318954039755408, 1604.0 ], [ -97.524573873621804, 18.318955286428253, 1604.0 ], [ -97.524573203541877, 18.318956068030243, 1604.0 ] ] } },
{ "type": "Feature", "properties": { "FID": 212, "elev": 1598.0, "elevation": 1598.0, "ELEVATION": 1598.0, "is_master": false, "tipo": "Ordinaria (1m)" }, "geometry": { "type": "LineString", "coordinates": [ [ -97.525953207398331, 18.31895330270623, 1598.0 ], [ -97.525950055942758, 18.318951249582838, 1598.0 ], [ -97.525952150733815, 18.318948843001923, 1598.0 ], [ -97.525954293313077, 18.318949231160136, 1598.0 ], [ -97.525953207398331, 18.31895330270623, 1598.0 ] ] } },
{ "type": "Feature", "properties": { "FID": 213, "elev": 1605.0, "elevation": 1605.0, "ELEVATION": 1605.0, "is_master": true, "tipo": "Maestra (5m)" }, "geometry": { "type": "LineString", "coordinates": [ [ -97.524711864731458, 18.318953268005551, 1605.0 ], [ -97.524709513264298, 18.318948592277891, 1605.0 ], [ -97.524705812834696, 18.318952258794198, 1605.0 ], [ -97.524707399935266, 18.318953695548018, 1605.0 ], [ -97.524711864731458, 18.318953268005551, 1605.0 ] ] } },
{ "type": "Feature", "properties": { "FID": 214, "elev": 1603.0, "elevation": 1603.0, "ELEVATION": 1603.0, "is_master": false, "tipo": "Ordinaria (1m)" }, "geometry": { "type": "LineString", "coordinates": [ [ -97.524829973018996, 18.31895242590387, 1603.0 ], [ -97.524824922558039, 18.318949231160133, 1603.0 ], [ -97.52482573725176, 18.318944185103366, 1603.0 ], [ -97.524835007714628, 18.318933083778472, 1603.0 ], [ -97.524842652993172, 18.318933215635234, 1603.0 ], [ -97.524846733516782, 18.318938129835246, 1603.0 ], [ -97.52484624400148, 18.318940148257955, 1603.0 ], [ -97.524839482999624, 18.31894467552334, 1603.0 ], [ -97.524834199677059, 18.318951287924659, 1603.0 ], [ -97.524829973018996, 18.31895242590387, 1603.0 ] ] } },
{ "type": "Feature", "properties": { "FID": 215, "elev": 1592.0, "elevation": 1592.0, "ELEVATION": 1592.0, "is_master": false, "tipo": "Ordinaria (1m)" }, "geometry": { "type": "LineString", "coordinates": [ [ -97.526771126113687, 18.318931065355759, 1592.0 ], [ -97.526766891286456, 18.318915927185454, 1592.0 ], [ -97.526760659659274, 18.318902807437848, 1592.0 ], [ -97.526753260361502, 18.318894733747019, 1592.0 ], [ -97.526747819113524, 18.318891617218693, 1592.0 ], [ -97.526728799152266, 18.31888793263629, 1592.0 ], [ -97.526697099216818, 18.31888966354644, 1592.0 ], [ -97.526679135920062, 18.318887939853195, 1592.0 ], [ -97.526663285952338, 18.318882695873988, 1592.0 ], [ -97.526635812674954, 18.318869494147382, 1592.0 ], [ -97.526624189365293, 18.31886623576267, 1592.0 ], [ -97.52659777275241, 18.318866200098157, 1592.0 ], [ -97.526571356139542, 18.318862689979266, 1592.0 ], [ -97.526537542875062, 18.318865234376414, 1592.0 ], [ -97.526519579578306, 18.318872578404022, 1592.0 ], [ -97.526499502952532, 18.318892533105593, 1592.0 ], [ -97.526487879642872, 18.318900826500144, 1592.0 ], [ -97.526479426326745, 18.318903961975646, 1592.0 ], [ -97.526464633023537, 18.318904011706866, 1592.0 ], [ -97.52645195304936, 18.318895836403872, 1592.0 ], [ -97.526442405730762, 18.318879595576718, 1592.0 ], [ -97.526424557467891, 18.318865466617758, 1592.0 ], [ -97.526420389081778, 18.318856383715577, 1592.0 ], [ -97.526415134161368, 18.31885032844745, 1592.0 ], [ -97.52640651647522, 18.318845176157907, 1592.0 ], [ -97.526397006494591, 18.318842083967006, 1592.0 ], [ -97.52638960984298, 18.318842073325364, 1592.0 ], [ -97.526383219538531, 18.318846291602032, 1592.0 ], [ -97.526378896325539, 18.318856383715577, 1592.0 ], [ -97.526377093692759, 18.318870512674529, 1592.0 ], [ -97.526370598632553, 18.318885650844834, 1592.0 ], [ -97.526359202844858, 18.318898770592433, 1592.0 ], [ -97.526347343262387, 18.318906029790337, 1592.0 ], [ -97.526314586662423, 18.318919182157657, 1592.0 ], [ -97.526288170049554, 18.318925312056397, 1592.0 ], [ -97.526269150088282, 18.318922117736609, 1592.0 ], [ -97.526261753436671, 18.318918049784816, 1592.0 ], [ -97.526255345057066, 18.318911890340036, 1592.0 ], [ -97.526249976700313, 18.318900789015146, 1592.0 ], [ -97.526248762322282, 18.318888678478899, 1592.0 ], [ -97.526252012514931, 18.318873540308584, 1592.0 ], [ -97.526259640107654, 18.318861278536055, 1592.0 ], [ -97.526268093423766, 18.318853278449868, 1592.0 ], [ -97.526279716733427, 18.318845408542099, 1592.0 ], [ -97.526318813320486, 18.318827116585258, 1592.0 ], [ -97.526348399926903, 18.318816892836505, 1592.0 ], [ -97.526375873204287, 18.318813013840636, 1592.0 ], [ -97.526380099862351, 18.318811014393216, 1592.0 ], [ -97.526397006494591, 18.318795831029149, 1592.0 ], [ -97.526407697453209, 18.318782711286737, 1592.0 ], [ -97.526417104113705, 18.318766563905069, 1592.0 ], [ -97.526424622732463, 18.318747388889349, 1592.0 ], [ -97.526429002691117, 18.318719130971434, 1592.0 ], [ -97.526430545510252, 18.31861820983605, 1592.0 ], [ -97.526435893302647, 18.318574813747816, 1592.0 ], [ -97.526445908199605, 18.318523343968767, 1592.0 ], [ -97.526447588136122, 18.318493067628147, 1592.0 ], [ -97.526446948845717, 18.318470864978369, 1592.0 ], [ -97.526442626138262, 18.318440588637745, 1592.0 ], [ -97.526434100656175, 18.318406275451718, 1592.0 ], [ -97.526424710370023, 18.318382054379221, 1592.0 ], [ -97.526414020830913, 18.318362879363498, 1592.0 ], [ -97.526390638761384, 18.318329575388816, 1592.0 ], [ -97.526363189707894, 18.318284160877894, 1592.0 ], [ -97.526353683249468, 18.318272855563468, 1592.0 ], [ -97.526339003795641, 18.318259939805404, 1592.0 ], [ -97.526326209972083, 18.318252947092059, 1592.0 ], [ -97.526315643326939, 18.318251038219145, 1592.0 ], [ -97.526305076681794, 18.318251721559093, 1592.0 ], [ -97.52628922671407, 18.318256167850603, 1592.0 ], [ -97.526281830062459, 18.318256088927011, 1592.0 ], [ -97.526276546739879, 18.318254016303737, 1592.0 ], [ -97.526270206752798, 18.318247807879313, 1592.0 ], [ -97.526249073462495, 18.31824366991831, 1592.0 ], [ -97.526242655203959, 18.318238746366958, 1592.0 ], [ -97.526230198533611, 18.318222598985301, 1592.0 ], [ -97.526221819386791, 18.318214525294472, 1592.0 ], [ -97.52620997687545, 18.318206394478466, 1592.0 ], [ -97.52618778692063, 18.318196218669907, 1592.0 ], [ -97.526153973656164, 18.318185485515013, 1592.0 ], [ -97.52614235034649, 18.318179248357055, 1592.0 ], [ -97.526114877069105, 18.318150156141506, 1592.0 ], [ -97.526104235097378, 18.318135806808865, 1592.0 ], [ -97.526100977866648, 18.318126723906676, 1592.0 ], [ -97.526100556056434, 18.318118650215844, 1592.0 ], [ -97.526101018360862, 18.318110576525012, 1592.0 ], [ -97.526103450789435, 18.318104521256881, 1592.0 ], [ -97.526108537082024, 18.318098668401213, 1592.0 ], [ -97.526119103727169, 18.318091530951609, 1592.0 ], [ -97.526141293681974, 18.318085365203384, 1592.0 ], [ -97.526149746998101, 18.318080271755903, 1592.0 ], [ -97.526158081199313, 18.318070208070857, 1592.0 ], [ -97.526175082290948, 18.318041950152939, 1592.0 ], [ -97.526180644608417, 18.318026811982637, 1592.0 ], [ -97.526182394458999, 18.318012683023678, 1592.0 ], [ -97.526181638649049, 18.318008646178264, 1592.0 ], [ -97.526175070905182, 18.318001581698788, 1592.0 ], [ -97.526175032490372, 18.317993508007959, 1592.0 ], [ -97.526180390269033, 18.317989295803116, 1592.0 ], [ -97.52618778692063, 18.31799014397011, 1592.0 ], [ -97.526192241847681, 18.317984425105777, 1592.0 ], [ -97.52619100004334, 18.317972314569523, 1592.0 ], [ -97.526185673591598, 18.317964733749353, 1592.0 ], [ -97.526177220275486, 18.317958302466621, 1592.0 ], [ -97.526156086985182, 18.317948166628288, 1592.0 ], [ -97.526136010359409, 18.317927034620112, 1592.0 ], [ -97.526112912244272, 18.317907725042868, 1592.0 ], [ -97.526101013775417, 18.317891577661204, 1592.0 ], [ -97.526100096527543, 18.317886531604433, 1592.0 ], [ -97.526102197094929, 18.317879365355754, 1592.0 ], [ -97.526100083765897, 18.317878075220666, 1592.0 ], [ -97.526095857107833, 18.317879366203826, 1592.0 ], [ -97.526091630449784, 18.317878486966659, 1592.0 ], [ -97.526081063804625, 18.317870547539137, 1592.0 ], [ -97.526067464029154, 18.317848181572995, 1592.0 ], [ -97.526033598014052, 18.317808822330186, 1592.0 ], [ -97.526007097288584, 18.317783554888333, 1592.0 ], [ -97.525992303985376, 18.317774806394048, 1592.0 ], [ -97.525977510682168, 18.317769270715718, 1592.0 ], [ -97.525950037404783, 18.317766575049454, 1592.0 ], [ -97.525944917906159, 18.317762398607904, 1592.0 ], [ -97.525946073368019, 18.317754324917075, 1592.0 ], [ -97.525943875344026, 18.317750288071657, 1592.0 ], [ -97.525934187437059, 18.31774420560107, 1592.0 ], [ -97.52592467745643, 18.317741929666287, 1592.0 ], [ -97.525906714159674, 18.317744892979338, 1592.0 ], [ -97.525897204179032, 18.317742846819939, 1592.0 ], [ -97.525893077027504, 18.317739186746756, 1592.0 ], [ -97.525888820725029, 18.317731113055935, 1592.0 ], [ -97.525885625160697, 18.317729094633219, 1592.0 ], [ -97.525870787566163, 18.317727668682849, 1592.0 ], [ -97.525862401746238, 18.317710928828852, 1592.0 ], [ -97.525858107591986, 18.317706762227694, 1592.0 ], [ -97.525848597611358, 18.317703913182179, 1592.0 ], [ -97.525835917637181, 18.31770485558495, 1592.0 ], [ -97.525829879070415, 18.317697809081245, 1592.0 ], [ -97.525816801462938, 18.317688726179068, 1592.0 ], [ -97.525815443847677, 18.317683680122297, 1592.0 ], [ -97.525816883460692, 18.317675606431457, 1592.0 ], [ -97.525815908983958, 18.317654412993033, 1592.0 ], [ -97.525809302335247, 18.317644320879495, 1592.0 ], [ -97.525804217701733, 18.317641149432809, 1592.0 ], [ -97.525799991043669, 18.317640605720197, 1592.0 ], [ -97.525787311069493, 18.317642614953701, 1592.0 ], [ -97.525761951121126, 18.317641263251385, 1592.0 ], [ -97.525755611134045, 18.317638062574765, 1592.0 ], [ -97.525748214482434, 18.317637585158259, 1592.0 ], [ -97.525743987824384, 18.317634154779295, 1592.0 ], [ -97.525737647837289, 18.317632254796603, 1592.0 ], [ -97.525733198474157, 18.317624136652412, 1592.0 ], [ -97.525717664158847, 18.317608998482097, 1592.0 ], [ -97.525702705901054, 18.317597897157217, 1592.0 ], [ -97.525683757947036, 18.317576699574172, 1592.0 ], [ -97.525671077972845, 18.317567657109119, 1592.0 ], [ -97.525645718024492, 18.317554461841699, 1592.0 ], [ -97.52562774336576, 18.317539362898689, 1592.0 ] ] } },
{ "type": "Feature", "properties": { "FID": 216, "elev": 1602.0, "elevation": 1602.0, "ELEVATION": 1602.0, "is_master": false, "tipo": "Ordinaria (1m)" }, "geometry": { "type": "LineString", "coordinates": [ [ -97.525070592801441, 18.318951249582842, 1602.0 ], [ -97.525077238353404, 18.318947212737424, 1602.0 ], [ -97.525078868313429, 18.3189411574693, 1602.0 ], [ -97.525079159085195, 18.31892400087629, 1602.0 ], [ -97.525076337709976, 18.318915927185447, 1602.0 ], [ -97.525073005857422, 18.318913976952704, 1602.0 ], [ -97.525067454175598, 18.318917945608163, 1602.0 ], [ -97.525064786459396, 18.318926019298996, 1602.0 ], [ -97.52506930454669, 18.318935102201184, 1602.0 ], [ -97.525065391573008, 18.318943175892009, 1602.0 ], [ -97.525065579949626, 18.318950240371493, 1602.0 ], [ -97.525070592801441, 18.318951249582842, 1602.0 ] ] } },
{ "type": "Feature", "properties": { "FID": 217, "elev": 1605.0, "elevation": 1605.0, "ELEVATION": 1605.0, "is_master": true, "tipo": "Maestra (5m)" }, "geometry": { "type": "LineString", "coordinates": [ [ -97.524758025525202, 18.318951249582842, 1605.0 ], [ -97.524760839812785, 18.318948221948773, 1605.0 ], [ -97.524759176496488, 18.318941440194212, 1605.0 ], [ -97.524755238986074, 18.318949231160136, 1605.0 ], [ -97.524756006502955, 18.318951563956649, 1605.0 ], [ -97.524758025525202, 18.318951249582842, 1605.0 ] ] } },
{ "type": "Feature", "properties": { "FID": 218, "elev": 1598.0, "elevation": 1598.0, "ELEVATION": 1598.0, "is_master": false, "tipo": "Ordinaria (1m)" }, "geometry": { "type": "LineString", "coordinates": [ [ -97.525983850669263, 18.318950090858692, 1598.0 ], [ -97.525981160088321, 18.31894923116014, 1598.0 ], [ -97.525981737340231, 18.31894507320936, 1598.0 ], [ -97.525986536642279, 18.318946203526071, 1598.0 ], [ -97.525983850669263, 18.318950090858692, 1598.0 ] ] } },
{ "type": "Feature", "properties": { "FID": 219, "elev": 1594.0, "elevation": 1594.0, "ELEVATION": 1594.0, "is_master": false, "tipo": "Ordinaria (1m)" }, "geometry": { "type": "LineString", "coordinates": [ [ -97.52657793732179, 18.31894216668065, 1594.0 ], [ -97.526579718013537, 18.318941157469304, 1594.0 ], [ -97.526579809455654, 18.318936743348615, 1594.0 ], [ -97.526578752791153, 18.318935071052682, 1594.0 ], [ -97.526574526133089, 18.318935322966155, 1594.0 ], [ -97.526572303493936, 18.318940148257951, 1594.0 ], [ -97.526574526133089, 18.318942212022041, 1594.0 ], [ -97.52657793732179, 18.31894216668065, 1594.0 ] ] } },
{ "type": "Feature", "properties": { "FID": 220, "elev": 1605.0, "elevation": 1605.0, "ELEVATION": 1605.0, "is_master": true, "tipo": "Maestra (5m)" }, "geometry": { "type": "LineString", "coordinates": [ [ -97.524519344729981, 18.318941157469304, 1605.0 ], [ -97.524520711372105, 18.318940148257955, 1605.0 ], [ -97.524519313651609, 18.31893845904322, 1605.0 ], [ -97.524514063349812, 18.318940148257951, 1605.0 ], [ -97.524518256987093, 18.318941296065059, 1605.0 ], [ -97.524519344729981, 18.318941157469304, 1605.0 ] ] } },
{ "type": "Feature", "properties": { "FID": 221, "elev": 1604.0, "elevation": 1604.0, "ELEVATION": 1604.0, "is_master": false, "tipo": "Ordinaria (1m)" }, "geometry": { "type": "LineString", "coordinates": [ [ -97.52472537871428, 18.318937120623882, 1604.0 ], [ -97.524729319853591, 18.318935102201181, 1604.0 ], [ -97.524727817272051, 18.318929046933057, 1604.0 ], [ -97.524732853869025, 18.318924000876287, 1604.0 ], [ -97.524734852493737, 18.31891794560817, 1604.0 ], [ -97.524730646554588, 18.318911643815127, 1604.0 ], [ -97.52472853322557, 18.318910900081011, 1604.0 ], [ -97.52472025649746, 18.31891794560816, 1604.0 ], [ -97.524718533407835, 18.318921982453578, 1604.0 ], [ -97.524718308275268, 18.318926019298992, 1604.0 ], [ -97.524722549800146, 18.318932074567119, 1604.0 ], [ -97.524720820946897, 18.31893611141253, 1604.0 ], [ -97.52472537871428, 18.318937120623882, 1604.0 ] ] } },
{ "type": "Feature", "properties": { "FID": 222, "elev": 1594.0, "elevation": 1594.0, "ELEVATION": 1594.0, "is_master": false, "tipo": "Ordinaria (1m)" }, "geometry": { "type": "LineString", "coordinates": [ [ -97.526388725193613, 18.318933083778472, 1594.0 ], [ -97.526390398475513, 18.318930056144406, 1594.0 ], [ -97.526386874505761, 18.318926019298999, 1594.0 ], [ -97.526380099862351, 18.318925934050473, 1594.0 ], [ -97.526375933777416, 18.318929046933061, 1594.0 ], [ -97.526382213191368, 18.318933281663046, 1594.0 ], [ -97.526388725193613, 18.318933083778472, 1594.0 ] ] } },
{ "type": "Feature", "properties": { "FID": 223, "elev": 1591.0, "elevation": 1591.0, "ELEVATION": 1591.0, "is_master": false, "tipo": "Ordinaria (1m)" }, "geometry": { "type": "LineString", "coordinates": [ [ -97.526799852852363, 18.318926019298996, 1591.0 ], [ -97.52677840998787, 18.318891706112957, 1591.0 ], [ -97.526762612416732, 18.318876658937118, 1591.0 ], [ -97.526737252468379, 18.318865339938508, 1591.0 ], [ -97.526703439203899, 18.318855387198699, 1591.0 ], [ -97.526668569274918, 18.318841024348256, 1591.0 ], [ -97.526649549313646, 18.318835932344307, 1591.0 ], [ -97.526630529352374, 18.318834945394972, 1591.0 ], [ -97.52661996270723, 18.318836960053574, 1591.0 ], [ -97.526610452726587, 18.3188421201951, 1591.0 ], [ -97.52660305607499, 18.318849089595194, 1591.0 ], [ -97.526596716087894, 18.318851208686109, 1591.0 ], [ -97.526589319436297, 18.318850469595887, 1591.0 ], [ -97.526584036113718, 18.31884812973442, 1591.0 ], [ -97.526576639462121, 18.318848087037093, 1591.0 ], [ -97.526561846158913, 18.318854435937663, 1591.0 ], [ -97.52653542954603, 18.318855165999668, 1591.0 ], [ -97.526518522913804, 18.318858228866084, 1591.0 ], [ -97.526512182926709, 18.31886150027227, 1591.0 ], [ -97.526505842939613, 18.318862536464334, 1591.0 ], [ -97.526489992971889, 18.318871447912276, 1591.0 ], [ -97.526475199668681, 18.318875684882716, 1591.0 ], [ -97.526463576359021, 18.318875405547431, 1591.0 ], [ -97.52645723637194, 18.31886965517468, 1591.0 ], [ -97.52644648375383, 18.318852346870159, 1591.0 ], [ -97.526442237129473, 18.318842254756618, 1591.0 ], [ -97.526441687147184, 18.318833171854429, 1591.0 ], [ -97.526443465425956, 18.318824088952248, 1591.0 ], [ -97.52644967853422, 18.318810969204641, 1591.0 ], [ -97.526457226403394, 18.318799867879754, 1591.0 ], [ -97.526487879642872, 18.318772573299952, 1591.0 ], [ -97.52649333478081, 18.318765554693716, 1591.0 ], [ -97.526496496667576, 18.318756471791534, 1591.0 ], [ -97.526496554728084, 18.318738305987161, 1591.0 ], [ -97.526490808951721, 18.318717112548729, 1591.0 ], [ -97.52648653291358, 18.318689863842174, 1591.0 ], [ -97.526484097512636, 18.31864646775395, 1591.0 ], [ -97.526485498355854, 18.318593988763549, 1591.0 ], [ -97.526489704322074, 18.318558666366162, 1591.0 ], [ -97.526495553538126, 18.318528390025541, 1591.0 ], [ -97.52649722646207, 18.318506187375753, 1591.0 ], [ -97.526496640931555, 18.318478938669198, 1591.0 ], [ -97.526491270927409, 18.318449671539938, 1591.0 ], [ -97.526478576851346, 18.31841333993119, 1591.0 ], [ -97.526455246241454, 18.318367925420265, 1591.0 ], [ -97.526444721198644, 18.318353796461317, 1591.0 ], [ -97.526420253113045, 18.31832856617747, 1591.0 ], [ -97.526405578685456, 18.318305354316323, 1591.0 ], [ -97.526376834796153, 18.318272050341644, 1591.0 ], [ -97.526353741953059, 18.318240764789664, 1591.0 ], [ -97.526335719952726, 18.318226512185618, 1591.0 ], [ -97.526312473333391, 18.318219340360088, 1591.0 ], [ -97.526281830062459, 18.318220318167636, 1591.0 ], [ -97.526277603404395, 18.318222114563845, 1591.0 ], [ -97.526276755463741, 18.318225626619355, 1591.0 ], [ -97.526273376746346, 18.318228177823698, 1591.0 ], [ -97.526271263417314, 18.318227530459122, 1591.0 ], [ -97.5262695735764, 18.318224617408006, 1591.0 ], [ -97.5262725408774, 18.318218562139879, 1591.0 ], [ -97.526265867529105, 18.318212506871763, 1591.0 ], [ -97.5262662551484, 18.318204433180931, 1591.0 ], [ -97.526261575038774, 18.318190304221972, 1591.0 ], [ -97.526252116953955, 18.318181221319794, 1591.0 ], [ -97.526251478285189, 18.318169110783536, 1591.0 ], [ -97.526245903468947, 18.318157832761713, 1591.0 ], [ -97.526241676810898, 18.318153159637422, 1591.0 ], [ -97.526231110165739, 18.318147938932523, 1591.0 ], [ -97.526223713514142, 18.318146665351783, 1591.0 ], [ -97.526217373527047, 18.318148580110776, 1591.0 ], [ -97.526212203418538, 18.318145898922403, 1591.0 ], [ -97.526211033539965, 18.318140485879688, 1591.0 ], [ -97.526219826498249, 18.318134797597505, 1591.0 ], [ -97.526221822926729, 18.318129751540738, 1591.0 ], [ -97.526218706492529, 18.31812571469532, 1591.0 ], [ -97.526211888935052, 18.318122687061265, 1591.0 ], [ -97.526200466894807, 18.318113183654344, 1591.0 ], [ -97.526197474865825, 18.318105530468245, 1591.0 ], [ -97.526198482624039, 18.318091401509289, 1591.0 ], [ -97.526193963683127, 18.318088373875227, 1591.0 ], [ -97.526186730256114, 18.318087136777436, 1591.0 ], [ -97.526182521209137, 18.318083327818456, 1591.0 ], [ -97.526181628942737, 18.318077272550333, 1591.0 ], [ -97.526182328029194, 18.318072226493562, 1591.0 ], [ -97.526186722543244, 18.31806415280273, 1591.0 ], [ -97.52620469355287, 18.318046137439804, 1591.0 ], [ -97.526208929439449, 18.31803993173024, 1591.0 ], [ -97.526217551169196, 18.318020756714517, 1591.0 ], [ -97.526221824779796, 18.317999563276079, 1591.0 ], [ -97.52622292399731, 18.317977360626291, 1591.0 ], [ -97.526217235940521, 18.317959194821924, 1591.0 ], [ -97.526203636888354, 18.31794255946993, 1591.0 ], [ -97.526182503598065, 18.317924099497088, 1591.0 ], [ -97.526158200314214, 18.317899453897635, 1591.0 ], [ -97.526120160391685, 18.317876366990085, 1591.0 ], [ -97.526114877069105, 18.317874804568504, 1591.0 ], [ -97.526110372341435, 18.317875430279546, 1591.0 ], [ -97.526107597507348, 18.317870384222768, 1591.0 ], [ -97.526101140430413, 18.31786656189572, 1591.0 ], [ -97.526096786019878, 18.31786130132059, 1591.0 ], [ -97.526098146850742, 18.317858273686522, 1591.0 ], [ -97.526096913772349, 18.31785322508124, 1591.0 ], [ -97.526065029119238, 18.317825978923207, 1591.0 ], [ -97.526047366839705, 18.317807813118836, 1591.0 ], [ -97.526032457236951, 18.317796053283534, 1591.0 ], [ -97.526018896953943, 18.317777536778213, 1591.0 ], [ -97.526011323946648, 18.317770414679398, 1591.0 ], [ -97.525971170695087, 18.317748432305724, 1591.0 ], [ -97.525950037404783, 18.317730078018311, 1591.0 ], [ -97.525936300766091, 18.317720953251385, 1591.0 ], [ -97.525907770824176, 18.317707695233288, 1591.0 ], [ -97.525881354211322, 18.317698057561319, 1591.0 ], [ -97.525869730901647, 18.317691711170397, 1591.0 ], [ -97.52585705092747, 18.317681855006246, 1591.0 ], [ -97.525845241950663, 18.317669551163334, 1591.0 ], [ -97.525826556673337, 18.317638265611379, 1591.0 ], [ -97.525807387695266, 18.317616985217391, 1591.0 ], [ -97.525797877714638, 18.317613426396921, 1591.0 ], [ -97.525784141075945, 18.317615638800284, 1591.0 ], [ -97.525770404437253, 18.317612780995443, 1591.0 ], [ -97.525758781127593, 18.317612285388694, 1591.0 ], [ -97.525751384475981, 18.317612838495524, 1591.0 ], [ -97.525742931159868, 18.317618014567543, 1591.0 ], [ -97.525731307850194, 18.317616759749061, 1591.0 ], [ -97.525723173714169, 18.317605970848042, 1591.0 ], [ -97.525704845769837, 18.31759083267773, 1591.0 ], [ -97.525687984605085, 18.317568435893943, 1591.0 ], [ -97.525658397998669, 18.317552546617108, 1591.0 ], [ -97.525649910060523, 18.317545418166805, 1591.0 ], [ -97.525643568258758, 18.317537344475973, 1591.0 ] ] } },
{ "type": "Feature", "properties": { "FID": 224, "elev": 1593.0, "elevation": 1593.0, "ELEVATION": 1593.0, "is_master": false, "tipo": "Ordinaria (1m)" }, "geometry": { "type": "LineString", "coordinates": [ [ -97.526157143649698, 18.318930338545233, 1593.0 ], [ -97.526141293681974, 18.318929062063667, 1593.0 ], [ -97.526137067023924, 18.318927025987328, 1593.0 ], [ -97.526131831319276, 18.318920973242228, 1593.0 ], [ -97.526131840615193, 18.318909871917334, 1593.0 ], [ -97.526144287564776, 18.318888678478899, 1593.0 ], [ -97.526146577004553, 18.318878607508054, 1593.0 ], [ -97.526149425912195, 18.31888060478807, 1593.0 ], [ -97.526151494778318, 18.318885650844834, 1593.0 ], [ -97.526160313643246, 18.318887658916658, 1593.0 ], [ -97.526167710294857, 18.31889367278124, 1593.0 ], [ -97.526172061266379, 18.31890482586056, 1593.0 ], [ -97.526172224935806, 18.318911890340036, 1593.0 ], [ -97.526168690343212, 18.31892299166493, 1593.0 ], [ -97.526163483636793, 18.318927975499648, 1593.0 ], [ -97.526157143649698, 18.318930338545233, 1593.0 ] ] } },
{ "type": "Feature", "properties": { "FID": 225, "elev": 1606.0, "elevation": 1606.0, "ELEVATION": 1606.0, "is_master": false, "tipo": "Ordinaria (1m)" }, "geometry": { "type": "LineString", "coordinates": [ [ -97.524481777372912, 18.318929046933057, 1606.0 ], [ -97.52448021706914, 18.318929046933057, 1606.0 ], [ -97.52448127372908, 18.318929519132865, 1606.0 ], [ -97.524481777372912, 18.318929046933057, 1606.0 ] ] } },
{ "type": "Feature", "properties": { "FID": 226, "elev": 1594.0, "elevation": 1594.0, "ELEVATION": 1594.0, "is_master": false, "tipo": "Ordinaria (1m)" }, "geometry": { "type": "LineString", "coordinates": [ [ -97.526409793472766, 18.318927028510352, 1594.0 ], [ -97.526414265348322, 18.318924000876294, 1594.0 ], [ -97.526417228005812, 18.318918954819516, 1594.0 ], [ -97.52641711968316, 18.318913908762752, 1594.0 ], [ -97.526413913126817, 18.318911116358397, 1594.0 ], [ -97.526407573139736, 18.318912813294009, 1594.0 ], [ -97.526402143670367, 18.318917945608167, 1594.0 ], [ -97.526403346481672, 18.318925749509827, 1594.0 ], [ -97.526409793472766, 18.318927028510352, 1594.0 ] ] } },
{ "type": "Feature", "properties": { "FID": 227, "elev": 1590.0, "elevation": 1590.0, "ELEVATION": 1590.0, "is_master": true, "tipo": "Maestra (5m)" }, "geometry": { "type": "LineString", "coordinates": [ [ -97.526868278868221, 18.318914413368425, 1590.0 ], [ -97.526853485565013, 18.318905689745485, 1590.0 ], [ -97.526838692261805, 18.318901876959298, 1590.0 ], [ -97.526830238945692, 18.318897792196694, 1590.0 ], [ -97.52679431235218, 18.318866483360537, 1590.0 ], [ -97.526786915700583, 18.318863350953329, 1590.0 ], [ -97.526768952403827, 18.318860599206058, 1590.0 ], [ -97.526736871688371, 18.318839227122552, 1590.0 ], [ -97.526733021882194, 18.318835190277142, 1590.0 ], [ -97.526729746882296, 18.318826107374953, 1590.0 ], [ -97.526717222597668, 18.318807941570586, 1590.0 ], [ -97.52671476569769, 18.318798858668398, 1590.0 ], [ -97.526714249694706, 18.318785738920795, 1590.0 ], [ -97.526709907271538, 18.318771609961839, 1590.0 ], [ -97.526704495856123, 18.31876353627101, 1590.0 ], [ -97.526696042552302, 18.318757718464386, 1590.0 ], [ -97.526687589236175, 18.318755200447356, 1590.0 ], [ -97.526679135920062, 18.318754975374688, 1590.0 ], [ -97.526660115958791, 18.31875832201235, 1590.0 ], [ -97.52664849264913, 18.318763557296244, 1590.0 ], [ -97.526621019371746, 18.318780514767909, 1590.0 ], [ -97.526596716087894, 18.318800055266472, 1590.0 ], [ -97.526589319436297, 18.318801429090687, 1590.0 ], [ -97.526585092778234, 18.318801015761366, 1590.0 ], [ -97.526582109254903, 18.318798858668401, 1590.0 ], [ -97.52657432200472, 18.318782711286737, 1590.0 ], [ -97.526573807014174, 18.318770600750486, 1590.0 ], [ -97.526576460028522, 18.318749407312058, 1590.0 ], [ -97.526575763003947, 18.318736287564448, 1590.0 ], [ -97.526561616449229, 18.318685826996756, 1590.0 ], [ -97.526558369391793, 18.318649495388012, 1590.0 ], [ -97.526559445417135, 18.318612154567919, 1590.0 ], [ -97.526562682684983, 18.318583896650008, 1590.0 ], [ -97.526568055231806, 18.3185556387321, 1590.0 ], [ -97.526576797468024, 18.318523343968774, 1590.0 ], [ -97.526581161224684, 18.31849306762815, 1590.0 ], [ -97.526580109879887, 18.31845168996264, 1590.0 ], [ -97.52657677154518, 18.318433524158277, 1590.0 ], [ -97.526570475585785, 18.318413339931194, 1590.0 ], [ -97.526553485300937, 18.318381045167872, 1590.0 ], [ -97.526541882244004, 18.318365906997556, 1590.0 ], [ -97.526528032894433, 18.318351671805829, 1590.0 ], [ -97.526506899604129, 18.31833546078968, 1590.0 ], [ -97.526459349700957, 18.318310431267317, 1590.0 ], [ -97.526446669726781, 18.31830039149348, 1590.0 ], [ -97.526442315492432, 18.318293243780079, 1590.0 ], [ -97.526442207534103, 18.318288197723309, 1590.0 ], [ -97.526446014594782, 18.318277096398408, 1590.0 ], [ -97.526443615625482, 18.318271041130288, 1590.0 ], [ -97.526428706430025, 18.318262900358938, 1590.0 ], [ -97.526398063159093, 18.318254053185328, 1590.0 ], [ -97.526384336349849, 18.318242783212384, 1590.0 ], [ -97.526376748421356, 18.318225626619363, 1590.0 ], [ -97.526376670911588, 18.318214525294469, 1590.0 ], [ -97.526379631567849, 18.318208470026345, 1590.0 ], [ -97.526387207189146, 18.318203423969575, 1590.0 ], [ -97.526382181777024, 18.318196359490099, 1590.0 ], [ -97.526379641309816, 18.318184248953852, 1590.0 ], [ -97.526362136565595, 18.318172262840918, 1590.0 ], [ -97.526361264398062, 18.318163055515416, 1590.0 ], [ -97.526356897734161, 18.318155991035937, 1590.0 ], [ -97.526349456591419, 18.31815378193275, 1590.0 ], [ -97.52633888994626, 18.318155088057352, 1590.0 ], [ -97.526329379965631, 18.318162755154898, 1590.0 ], [ -97.526320926649518, 18.318161179737423, 1590.0 ], [ -97.526299995699233, 18.318148926556464, 1590.0 ], [ -97.526291379730026, 18.318137825231567, 1590.0 ], [ -97.526280773397943, 18.318127834039164, 1590.0 ], [ -97.526271183669053, 18.318114613370426, 1590.0 ], [ -97.526266848586118, 18.318105530468245, 1590.0 ], [ -97.526266810907288, 18.318094429143343, 1590.0 ], [ -97.526281694117316, 18.318075254127621, 1590.0 ], [ -97.526293548435362, 18.31806314359137, 1590.0 ], [ -97.526300695389892, 18.318042959364298, 1590.0 ], [ -97.526298670653162, 18.318038922518884, 1590.0 ], [ -97.526290283378586, 18.318034665117342, 1590.0 ], [ -97.526271263417314, 18.318028713957879, 1590.0 ], [ -97.526242733475414, 18.318022783259643, 1590.0 ], [ -97.526236268230221, 18.318019747503161, 1590.0 ], [ -97.526235105610908, 18.318014701446394, 1590.0 ], [ -97.526246053489231, 18.317996535642013, 1590.0 ], [ -97.526250291203922, 18.317985434317119, 1590.0 ], [ -97.526252565186738, 18.317965250090047, 1590.0 ], [ -97.526250370609276, 18.317953139553794, 1590.0 ], [ -97.526245103603387, 18.317939010594838, 1590.0 ], [ -97.526236476268494, 18.317923872424537, 1590.0 ], [ -97.526223724815367, 18.317907725042868, 1590.0 ], [ -97.526189900249662, 18.317874383919307, 1590.0 ], [ -97.526169823623874, 18.31785920017564, 1590.0 ], [ -97.526156086985182, 18.317852307466463, 1590.0 ], [ -97.526131783701345, 18.317846215212771, 1590.0 ], [ -97.526114877069105, 18.3178384485058, 1590.0 ], [ -97.526107480417508, 18.317842177027792, 1590.0 ], [ -97.526095857107833, 18.317831290780482, 1590.0 ], [ -97.526086258904741, 18.317825978923207, 1590.0 ], [ -97.526062043843368, 18.317802728906621, 1590.0 ], [ -97.526038797224032, 18.317792633623057, 1590.0 ], [ -97.526030152076785, 18.317781573623627, 1590.0 ], [ -97.526024105481625, 18.317760380185188, 1590.0 ], [ -97.526017663933743, 18.31775428357588, 1590.0 ], [ -97.5259796240112, 18.31773611362712, 1590.0 ], [ -97.525965887372507, 18.317725949746389, 1590.0 ], [ -97.525950037404783, 18.317710771804073, 1590.0 ], [ -97.525927847449964, 18.317700957644785, 1590.0 ], [ -97.525913054146756, 18.317689697544996, 1590.0 ], [ -97.525866282349796, 18.317670560374694, 1590.0 ], [ -97.525859071390499, 18.317663495895218, 1590.0 ], [ -97.525848739359034, 18.317644320879495, 1590.0 ], [ -97.525831554185032, 18.317626155075121, 1590.0 ], [ -97.525818055098156, 18.317597897157217, 1590.0 ], [ -97.525809501024298, 18.317590002989547, 1590.0 ], [ -97.525796821050122, 18.317587283037795, 1590.0 ], [ -97.525776744424334, 18.317588606215843, 1590.0 ], [ -97.525753497805013, 18.317593077023091, 1590.0 ], [ -97.525731307850194, 18.317594856881676, 1590.0 ], [ -97.525726847062387, 18.317599915579915, 1590.0 ], [ -97.525723911198597, 18.317600486306343, 1590.0 ], [ -97.525718627876017, 18.317593649254341, 1590.0 ], [ -97.525708155977384, 18.317584777409611, 1590.0 ], [ -97.52570685970106, 18.317581749775545, 1590.0 ], [ -97.525706274892585, 18.317571657662011, 1590.0 ], [ -97.525713118645854, 18.317565602393888, 1590.0 ], [ -97.525711831601981, 18.317562574759826, 1590.0 ], [ -97.525699607914746, 18.317556455005352, 1590.0 ], [ -97.52568270128252, 18.317554720272152, 1590.0 ], [ -97.525671077972845, 18.317550662324884, 1590.0 ], [ -97.525659454663185, 18.317542593502619, 1590.0 ], [ -97.525655146482052, 18.317535326053264, 1590.0 ] ] } },
{ "type": "Feature", "properties": { "FID": 228, "elev": 1592.0, "elevation": 1592.0, "ELEVATION": 1592.0, "is_master": false, "tipo": "Ordinaria (1m)" }, "geometry": { "type": "LineString", "coordinates": [ [ -97.526157143649698, 18.318923047084052, 1592.0 ], [ -97.526143407011006, 18.318922961725413, 1592.0 ], [ -97.52613942316097, 18.318919964030872, 1592.0 ], [ -97.526137780296111, 18.318914917974102, 1592.0 ], [ -97.526138977265688, 18.318909871917331, 1592.0 ], [ -97.526145520340037, 18.318901569456035, 1592.0 ], [ -97.526150803662617, 18.318896760469162, 1592.0 ], [ -97.526155030320666, 18.318895972481876, 1592.0 ], [ -97.526160313643246, 18.318896955331233, 1592.0 ], [ -97.526163483636793, 18.318899731113763, 1592.0 ], [ -97.526165811161022, 18.318902807437855, 1592.0 ], [ -97.526166147155791, 18.318906844283269, 1592.0 ], [ -97.526163605559617, 18.318916936396814, 1592.0 ], [ -97.526157143649698, 18.318923047084052, 1592.0 ] ] } },
{ "type": "Feature", "properties": { "FID": 229, "elev": 1603.0, "elevation": 1603.0, "ELEVATION": 1603.0, "is_master": false, "tipo": "Ordinaria (1m)" }, "geometry": { "type": "LineString", "coordinates": [ [ -97.524834199677059, 18.318922234756421, 1603.0 ], [ -97.524833713611372, 18.318921982453581, 1603.0 ], [ -97.524834199677059, 18.318921793739264, 1603.0 ], [ -97.524834199677059, 18.318922234756421, 1603.0 ] ] } },
{ "type": "Feature", "properties": { "FID": 230, "elev": 1594.0, "elevation": 1594.0, "ELEVATION": 1594.0, "is_master": false, "tipo": "Ordinaria (1m)" }, "geometry": { "type": "LineString", "coordinates": [ [ -97.526550430854073, 18.318917945608163, 1594.0 ], [ -97.526556336822168, 18.318907853494618, 1594.0 ], [ -97.52655233617827, 18.318902249715791, 1594.0 ], [ -97.526549166184722, 18.318901679495752, 1594.0 ], [ -97.526543958338195, 18.318906844283269, 1594.0 ], [ -97.52654169859963, 18.318913908762752, 1594.0 ], [ -97.526545996191189, 18.318918052591698, 1594.0 ], [ -97.526550430854073, 18.318917945608163, 1594.0 ] ] } },
{ "type": "Feature", "properties": { "FID": 231, "elev": 1605.0, "elevation": 1605.0, "ELEVATION": 1605.0, "is_master": true, "tipo": "Maestra (5m)" }, "geometry": { "type": "LineString", "coordinates": [ [ -97.524751348879008, 18.318917945608167, 1605.0 ], [ -97.524750723180375, 18.318916428651359, 1605.0 ], [ -97.524749546155647, 18.318917945608167, 1605.0 ], [ -97.524750723180375, 18.318918883074634, 1605.0 ], [ -97.524751348879008, 18.318917945608167, 1605.0 ] ] } },
{ "type": "Feature", "properties": { "FID": 232, "elev": 1591.0, "elevation": 1591.0, "ELEVATION": 1591.0, "is_master": false, "tipo": "Ordinaria (1m)" }, "geometry": { "type": "LineString", "coordinates": [ [ -97.526153973656164, 18.318916960813212, 1591.0 ], [ -97.526148690333585, 18.318913724496625, 1591.0 ], [ -97.526147603213829, 18.318910881128691, 1591.0 ], [ -97.526152916991649, 18.318905983636025, 1591.0 ], [ -97.526158200314214, 18.318903683566393, 1591.0 ], [ -97.526160367019287, 18.318906844283269, 1591.0 ], [ -97.526157123960303, 18.318909871917331, 1591.0 ], [ -97.526156827828785, 18.318915927185451, 1591.0 ], [ -97.526153973656164, 18.318916960813212, 1591.0 ] ] } },
{ "type": "Feature", "properties": { "FID": 233, "elev": 1605.0, "elevation": 1605.0, "ELEVATION": 1605.0, "is_master": true, "tipo": "Maestra (5m)" }, "geometry": { "type": "LineString", "coordinates": [ [ -97.524748471130266, 18.318914917974098, 1605.0 ], [ -97.524746587712343, 18.318914917974105, 1605.0 ], [ -97.524747553186828, 18.318915220558889, 1605.0 ], [ -97.524748471130266, 18.318914917974098, 1605.0 ] ] } },
{ "type": "Feature", "properties": { "FID": 234, "elev": 1605.0, "elevation": 1605.0, "ELEVATION": 1605.0, "is_master": true, "tipo": "Maestra (5m)" }, "geometry": { "type": "LineString", "coordinates": [ [ -97.524633633328719, 18.318914917974098, 1605.0 ], [ -97.524635504075263, 18.318910881128687, 1605.0 ], [ -97.524632557730399, 18.318905835071916, 1605.0 ], [ -97.524631320090194, 18.318895354800159, 1605.0 ], [ -97.524622866774067, 18.318892775756133, 1605.0 ], [ -97.524612300128922, 18.318886707326048, 1605.0 ], [ -97.524603846812809, 18.318889512575947, 1605.0 ], [ -97.524600187382632, 18.31889372453567, 1605.0 ], [ -97.524600790345204, 18.318900789015142, 1605.0 ], [ -97.524608073470858, 18.318906654314073, 1605.0 ], [ -97.524624980103098, 18.318908942984155, 1605.0 ], [ -97.524629206761162, 18.318914245166535, 1605.0 ], [ -97.524633633328719, 18.318914917974098, 1605.0 ] ] } },
{ "type": "Feature", "properties": { "FID": 235, "elev": 1590.0, "elevation": 1590.0, "ELEVATION": 1590.0, "is_master": true, "tipo": "Maestra (5m)" }, "geometry": { "type": "LineString", "coordinates": [ [ -97.52657223234489, 18.317394036463718, 1590.0 ], [ -97.526583045299319, 18.317408165422673, 1590.0 ], [ -97.526592425305083, 18.317424312804327, 1590.0 ], [ -97.526599035768925, 18.317440460186003, 1590.0 ], [ -97.526605312851785, 18.317462662835784, 1590.0 ], [ -97.526607567725549, 18.317489911542342, 1590.0 ], [ -97.526599665285872, 18.317527252362435, 1590.0 ], [ -97.526598540414668, 18.31756257475983, 1590.0 ], [ -97.526604019063569, 18.317586795832316, 1590.0 ], [ -97.526613416876401, 18.31760496163669, 1590.0 ], [ -97.526620905973601, 18.317614044538871, 1590.0 ], [ -97.526630529352374, 18.317622230364307, 1590.0 ], [ -97.526659059294275, 18.317637204938819, 1590.0 ], [ -97.526679349387635, 18.317651385358968, 1590.0 ], [ -97.526697248496291, 18.317668541951992, 1590.0 ], [ -97.526738507257491, 18.317713956462914, 1590.0 ], [ -97.526752255801981, 18.317740195958113, 1590.0 ], [ -97.526763406459949, 18.317777536778213, 1590.0 ], [ -97.526784778356443, 18.317820932866425, 1590.0 ], [ -97.526793307940309, 18.31783203419133, 1590.0 ], [ -97.526821871244181, 18.317860292109234, 1590.0 ], [ -97.526844928576153, 18.317896623717971, 1590.0 ], [ -97.526848443635629, 18.317906715831523, 1590.0 ], [ -97.526848313178348, 18.317912771099643, 1590.0 ], [ -97.526842784360255, 18.317922863213177, 1590.0 ], [ -97.5268450322489, 18.317930428769625, 1590.0 ], [ -97.526847145577932, 18.317931627417039, 1590.0 ], [ -97.526851372235996, 18.31792881658977, 1590.0 ], [ -97.526854542229529, 18.31792911444467, 1590.0 ], [ -97.526864052210172, 18.317938558189759, 1590.0 ], [ -97.526873562190801, 18.317939910996351, 1590.0 ], [ -97.526886242164977, 18.317948206175963, 1590.0 ], [ -97.526904205461733, 18.317953948286682, 1590.0 ], [ -97.526927452081068, 18.317965262212702, 1590.0 ], [ -97.526939075390729, 18.31797522711808, 1590.0 ], [ -97.526957985114734, 18.317997544853377, 1590.0 ], [ -97.526971831990693, 18.318007497765343, 1590.0 ], [ -97.526982398635838, 18.318022912516778, 1590.0 ], [ -97.526998248603562, 18.31803486602945, 1590.0 ], [ -97.527005753378972, 18.318042959364288, 1590.0 ], [ -97.527019245550051, 18.31806314359137, 1590.0 ], [ -97.527023756979702, 18.318073235704919, 1590.0 ], [ -97.527026804962077, 18.318093419931998, 1590.0 ], [ -97.527028891874494, 18.318098759052187, 1590.0 ], [ -97.527034922593913, 18.318104521256881, 1590.0 ], [ -97.527037460989462, 18.31811360415907, 1590.0 ], [ -97.527040688597367, 18.318118650215844, 1590.0 ], [ -97.52704135721369, 18.318136816020214, 1590.0 ], [ -97.527046790831022, 18.318152963401875, 1590.0 ], [ -97.527052138493815, 18.318158957505677, 1590.0 ], [ -97.527066003901666, 18.318168101572191, 1590.0 ], [ -97.527079611771214, 18.318180039994868, 1590.0 ], [ -97.527092273098361, 18.318197368701458, 1590.0 ], [ -97.527098838631815, 18.318211497660407, 1590.0 ], [ -97.527123914481592, 18.318284160877891, 1590.0 ], [ -97.527143071453281, 18.318330584600176, 1590.0 ], [ -97.527153653464964, 18.318342695136423, 1590.0 ], [ -97.5271630921103, 18.318357833306727, 1590.0 ], [ -97.527170484919495, 18.318361273511467, 1590.0 ], [ -97.52717576824206, 18.318367445905476, 1590.0 ], [ -97.527185278222703, 18.318373345259019, 1590.0 ], [ -97.527185286709965, 18.318375999111097, 1590.0 ], [ -97.527183053011541, 18.318378017533803, 1590.0 ], [ -97.527182979030854, 18.318386091224635, 1590.0 ], [ -97.527193680615227, 18.318411321508492, 1590.0 ], [ -97.527200071525911, 18.318421650350611, 1590.0 ], [ -97.527210638171056, 18.318431554965382, 1590.0 ], [ -97.527224374809748, 18.318437639497901, 1590.0 ], [ -97.527234941454893, 18.318437542314591, 1590.0 ], [ -97.527246564764567, 18.318428458215564, 1590.0 ], [ -97.527253961416164, 18.318425265169623, 1590.0 ], [ -97.527270868048404, 18.31842674432815, 1590.0 ], [ -97.527275094706468, 18.318425552851199, 1590.0 ], [ -97.527279321364517, 18.318426922923351, 1590.0 ], [ -97.527274513977616, 18.318433524158277, 1590.0 ], [ -97.527271950174708, 18.318441597849109, 1590.0 ], [ -97.527262909275848, 18.318449671539934, 1590.0 ], [ -97.527268754719373, 18.31845763463226, 1590.0 ], [ -97.527278264700001, 18.318459677884807, 1590.0 ], [ -97.527285718913106, 18.31846480971025, 1590.0 ], [ -97.527286493875167, 18.318473892612435, 1590.0 ], [ -97.527284604687097, 18.318477580821192, 1590.0 ], [ -97.527295171332241, 18.318476713636294, 1590.0 ], [ -97.527300454654821, 18.318478778718724, 1590.0 ], [ -97.5273057379774, 18.318483714315267, 1590.0 ], [ -97.527311021299965, 18.318484309115338, 1590.0 ], [ -97.527314191293513, 18.318487821831638, 1590.0 ], [ -97.52731929992558, 18.318490039994099, 1590.0 ], [ -97.527318074761382, 18.318496095262216, 1590.0 ], [ -97.527320531280608, 18.318498573102037, 1590.0 ], [ -97.527323701274142, 18.318497620814263, 1590.0 ], [ -97.527328489098679, 18.318489030782739, 1590.0 ], [ -97.527332154590269, 18.318487085440854, 1590.0 ], [ -97.527337535707971, 18.318492058416801, 1590.0 ], [ -97.527338053534777, 18.318496095262216, 1590.0 ], [ -97.527334267977722, 18.318498113684928, 1590.0 ], [ -97.527336381248332, 18.318500238340405, 1590.0 ], [ -97.527342721235414, 18.318499857809158, 1590.0 ], [ -97.527353287880558, 18.318495241314142, 1590.0 ], [ -97.527356457874106, 18.318492134453269, 1590.0 ], [ -97.527358828862717, 18.318496095262208, 1590.0 ], [ -97.527359284032372, 18.318502150530346, 1590.0 ], [ -97.527358571203138, 18.318505320489088, 1590.0 ], [ -97.527350799606069, 18.318514261066589, 1590.0 ], [ -97.527351248703425, 18.318518297912004, 1590.0 ], [ -97.527361164834218, 18.318525362391483, 1590.0 ], [ -97.527386044480522, 18.318552260068007, 1590.0 ], [ -97.527421971074034, 18.318576818345718, 1590.0 ], [ -97.527428311061129, 18.31857909711815, 1590.0 ], [ -97.527445217693355, 18.31857872491786, 1590.0 ], [ -97.527448387686903, 18.318581703795715, 1590.0 ], [ -97.527454727673998, 18.318583971406408, 1590.0 ], [ -97.52745997577442, 18.318588942706782, 1590.0 ], [ -97.527461319247877, 18.318593988763549, 1590.0 ], [ -97.527454727673998, 18.318600116516464, 1590.0 ], [ -97.527442047699822, 18.31860332616251, 1590.0 ], [ -97.527421971074034, 18.3186029016933, 1590.0 ], [ -97.527389057931174, 18.318619219047392, 1590.0 ], [ -97.527383931168188, 18.318624265104162, 1590.0 ], [ -97.527380542537713, 18.318632338794998, 1590.0 ], [ -97.527380459253806, 18.31864646775395, 1590.0 ], [ -97.527382688016772, 18.318659587501546, 1590.0 ], [ -97.527388269037402, 18.318674725671869, 1590.0 ], [ -97.527396669829258, 18.318689863842174, 1590.0 ], [ -97.527409291121103, 18.318706011223831, 1590.0 ], [ -97.527420914409518, 18.318717112526404, 1590.0 ], [ -97.527435707712726, 18.318728244455773, 1590.0 ], [ -97.527455784338514, 18.318740198258446, 1590.0 ], [ -97.527484314280414, 18.318752552296274, 1590.0 ], [ -97.527504390906202, 18.318758658416133, 1590.0 ] ] } },
{ "type": "Feature", "properties": { "FID": 236, "elev": 1589.0, "elevation": 1589.0, "ELEVATION": 1589.0, "is_master": false, "tipo": "Ordinaria (1m)" }, "geometry": { "type": "LineString", "coordinates": [ [ -97.526559307169478, 18.317396054886427, 1589.0 ], [ -97.526570139978503, 18.317412202268088, 1589.0 ], [ -97.526576791070497, 18.3174273404384, 1589.0 ], [ -97.526583294871443, 18.317471745737969, 1589.0 ], [ -97.526581094588181, 18.317492939176404, 1589.0 ], [ -97.526564904188007, 18.3175302799965, 1589.0 ], [ -97.526560466437729, 18.317558537914408, 1589.0 ], [ -97.526561531080759, 18.317589823466385, 1589.0 ], [ -97.526565822900466, 18.317605970848042, 1589.0 ], [ -97.526572412805947, 18.317620099807002, 1589.0 ], [ -97.526587553071735, 18.317639274822721, 1589.0 ], [ -97.526622076036261, 18.317666544409516, 1589.0 ], [ -97.526634756010438, 18.317673510377116, 1589.0 ], [ -97.526660115958791, 18.317678491992076, 1589.0 ], [ -97.526670682603935, 18.317682807290858, 1589.0 ], [ -97.52668247018498, 18.317692763024482, 1589.0 ], [ -97.526700269210366, 18.31771403076068, 1589.0 ], [ -97.526712949184542, 18.317720877390776, 1589.0 ], [ -97.52672041111272, 18.31772707621052, 1589.0 ], [ -97.526728817529033, 18.31774019595812, 1589.0 ], [ -97.526739247533257, 18.317769463087387, 1589.0 ], [ -97.526747622742249, 18.317786619680394, 1589.0 ], [ -97.526762860818891, 18.317809831541542, 1589.0 ], [ -97.526766095650757, 18.317823960500494, 1589.0 ], [ -97.526765562843636, 18.317840107882162, 1589.0 ], [ -97.526767775359815, 18.317846163150282, 1589.0 ], [ -97.526772122397375, 18.31785120920313, 1589.0 ], [ -97.526795369016696, 18.317866744258222, 1589.0 ], [ -97.526807163140546, 18.31788047633631, 1589.0 ], [ -97.526819744345843, 18.317909743465581, 1589.0 ], [ -97.526830015351152, 18.317944056651605, 1589.0 ], [ -97.526834300499914, 18.317952130342444, 1589.0 ], [ -97.526839748926321, 18.317956254403661, 1589.0 ], [ -97.52685038357464, 18.317959194821924, 1589.0 ], [ -97.526869335532737, 18.317976369631751, 1589.0 ], [ -97.526891525487557, 18.317983215056337, 1589.0 ], [ -97.526906318790765, 18.31799084959756, 1589.0 ], [ -97.526910617699386, 18.317996535642013, 1589.0 ], [ -97.526913808677477, 18.318009655389623, 1589.0 ], [ -97.526917066578406, 18.318015710657743, 1589.0 ], [ -97.526927452081068, 18.318020773395688, 1589.0 ], [ -97.526933860440565, 18.31802782119399, 1589.0 ], [ -97.526941336342006, 18.318046996209716, 1589.0 ], [ -97.526943302048792, 18.318063269742797, 1589.0 ], [ -97.526952812029421, 18.318070266575859, 1589.0 ], [ -97.526971831990693, 18.318072077405517, 1589.0 ], [ -97.526976126820657, 18.31807626333898, 1589.0 ], [ -97.526976330193818, 18.318096447566056, 1589.0 ], [ -97.52696943048042, 18.318124705483967, 1589.0 ], [ -97.526969396016, 18.318141862076981, 1589.0 ], [ -97.526974751026415, 18.31817415684031, 1589.0 ], [ -97.526984640826399, 18.318201405546873, 1589.0 ], [ -97.527007950705013, 18.318232691098835, 1589.0 ], [ -97.527016239465468, 18.318246820057791, 1589.0 ], [ -97.52701692274735, 18.318250856903209, 1589.0 ], [ -97.5270152694698, 18.318253884537278, 1589.0 ], [ -97.527009748055107, 18.318255902959979, 1589.0 ], [ -97.52700775858419, 18.318260978269251, 1589.0 ], [ -97.527005645255159, 18.318262342689572, 1589.0 ], [ -97.526986625293901, 18.318260093381035, 1589.0 ], [ -97.526978669231667, 18.318262967439466, 1589.0 ], [ -97.52697265971122, 18.318271041130288, 1589.0 ], [ -97.52696983137254, 18.318285170089247, 1589.0 ], [ -97.526967605332629, 18.318287020310063, 1589.0 ], [ -97.526964435339082, 18.318287503890506, 1589.0 ], [ -97.526947528706842, 18.318282949824265, 1589.0 ], [ -97.526941188719761, 18.318288583318207, 1589.0 ], [ -97.526938018726213, 18.318284062684349, 1589.0 ], [ -97.526934737671837, 18.318289206934665, 1589.0 ], [ -97.526935386636154, 18.318293243780072, 1589.0 ], [ -97.526938018726213, 18.318296144037948, 1589.0 ], [ -97.526942245384276, 18.318296040492893, 1589.0 ], [ -97.526942744766814, 18.318299299048192, 1589.0 ], [ -97.526946472042326, 18.318303498961871, 1589.0 ], [ -97.526952812029421, 18.318300419774616, 1589.0 ], [ -97.526954925358453, 18.318294901770155, 1589.0 ], [ -97.526957038687485, 18.318295179630944, 1589.0 ], [ -97.526960851868125, 18.318299299048192, 1589.0 ], [ -97.526963378674566, 18.318299327882809, 1589.0 ], [ -97.526967605332629, 18.318290767848222, 1589.0 ], [ -97.526973991766511, 18.318296271414138, 1589.0 ], [ -97.526973780215883, 18.318299299048196, 1589.0 ], [ -97.526966548668113, 18.318301536864681, 1589.0 ], [ -97.526964248221404, 18.318305354316326, 1589.0 ], [ -97.526966740788936, 18.318308381950388, 1589.0 ], [ -97.526966401820474, 18.318318474063926, 1589.0 ], [ -97.526969718661661, 18.318321106789192, 1589.0 ], [ -97.526971725136974, 18.318320492486635, 1589.0 ], [ -97.526973135337414, 18.318317464852569, 1589.0 ], [ -97.526972888655209, 18.318313099585833, 1589.0 ], [ -97.526977115313258, 18.318310113975276, 1589.0 ], [ -97.526979324307391, 18.318311409584446, 1589.0 ], [ -97.526974243672058, 18.31832856617747, 1589.0 ], [ -97.526969718661661, 18.318333532296698, 1589.0 ], [ -97.526965492003598, 18.318330772758216, 1589.0 ], [ -97.526961265345534, 18.318331414963939, 1589.0 ], [ -97.526943302048792, 18.318339930774879, 1589.0 ], [ -97.526917942100425, 18.318340381021205, 1589.0 ], [ -97.526908321722004, 18.318342695136419, 1589.0 ], [ -97.526907466026529, 18.318343704347765, 1589.0 ], [ -97.526910050839902, 18.318349759615899, 1589.0 ], [ -97.5269047818242, 18.318357833306727, 1589.0 ], [ -97.526897865474638, 18.31836096186192, 1589.0 ], [ -97.526886242164977, 18.318358576407626, 1589.0 ], [ -97.526879902177896, 18.318347645533343, 1589.0 ], [ -97.526875675519832, 18.318348740747012, 1589.0 ], [ -97.526868278868221, 18.318355952339338, 1589.0 ], [ -97.526859825552108, 18.31835764699079, 1589.0 ], [ -97.5268450322489, 18.318355029941852, 1589.0 ], [ -97.526781632378004, 18.318337817281538, 1589.0 ], [ -97.526753102436103, 18.318325599707723, 1589.0 ], [ -97.526691815894239, 18.318291300113763, 1589.0 ], [ -97.526637926003986, 18.318264967840538, 1589.0 ], [ -97.526601999410474, 18.318250782696492, 1589.0 ], [ -97.52656924281051, 18.318241622619325, 1589.0 ], [ -97.52655233617827, 18.31824162982797, 1589.0 ], [ -97.526543882862157, 18.318243722013637, 1589.0 ], [ -97.526501616281564, 18.318265110285481, 1589.0 ], [ -97.526483652984808, 18.318270973527625, 1589.0 ], [ -97.526470973010632, 18.318280990296046, 1589.0 ], [ -97.526465689688052, 18.318281827796135, 1589.0 ], [ -97.526459349700957, 18.318279754558493, 1589.0 ], [ -97.526448979665446, 18.318265995073514, 1589.0 ], [ -97.526439182093497, 18.318262967439466, 1589.0 ], [ -97.526429798361917, 18.318251866114565, 1589.0 ], [ -97.526416026455848, 18.31824376807279, 1589.0 ], [ -97.526405386529717, 18.318233700310195, 1589.0 ], [ -97.526401297707707, 18.318225626619363, 1589.0 ], [ -97.526400489843809, 18.318210488449054, 1589.0 ], [ -97.526396887569604, 18.318200396335509, 1589.0 ], [ -97.52639500777731, 18.318183239742496, 1589.0 ], [ -97.526387382004174, 18.318169110783536, 1589.0 ], [ -97.526385383184916, 18.318161868602388, 1589.0 ], [ -97.526376929868803, 18.318158964050934, 1589.0 ], [ -97.526361079901079, 18.318146868065813, 1589.0 ], [ -97.52633466328821, 18.318140949783633, 1589.0 ], [ -97.526327266636599, 18.318137815288601, 1589.0 ], [ -97.52631775665597, 18.318129969633027, 1589.0 ], [ -97.526313403729816, 18.318123696272615, 1589.0 ], [ -97.526308035342424, 18.318109567313655, 1589.0 ], [ -97.526309072360419, 18.318087364663871, 1589.0 ], [ -97.526316910368095, 18.318068189648148, 1589.0 ], [ -97.526323894520786, 18.318060115957323, 1589.0 ], [ -97.526334290729579, 18.318054060689196, 1589.0 ], [ -97.526336035261409, 18.318049014632422, 1589.0 ], [ -97.526334578387903, 18.31803892251888, 1589.0 ], [ -97.526330466423317, 18.318031858039404, 1589.0 ], [ -97.526327396318152, 18.318017729080452, 1589.0 ], [ -97.526318615657715, 18.318001581698788, 1589.0 ], [ -97.526317490828418, 18.317982406683058, 1589.0 ], [ -97.526320137333855, 18.317971305358167, 1589.0 ], [ -97.526318891271146, 18.317966259301397, 1589.0 ], [ -97.526299736242208, 18.31792387242454, 1589.0 ], [ -97.526291442300945, 18.317910752676934, 1589.0 ], [ -97.526275539606516, 18.317894605295269, 1589.0 ], [ -97.526234307253247, 18.317861301320598, 1589.0 ], [ -97.526228828152327, 18.317853227629755, 1589.0 ], [ -97.526223444713523, 18.317838089459453, 1589.0 ], [ -97.526217373527047, 18.317828996945725, 1589.0 ], [ -97.526211033539965, 18.317823774805607, 1589.0 ], [ -97.526200466894807, 18.317819688378819, 1589.0 ], [ -97.526190956914178, 18.317819683366661, 1589.0 ], [ -97.526174050281938, 18.317823605481479, 1589.0 ], [ -97.52615925697873, 18.317822088428677, 1589.0 ], [ -97.526134953694893, 18.317811957001812, 1589.0 ], [ -97.526122273720716, 18.317802582992069, 1589.0 ], [ -97.526111707075557, 18.317802430658276, 1589.0 ], [ -97.526106214241921, 18.31780074863935, 1589.0 ], [ -97.526103154074107, 18.317797721005292, 1589.0 ], [ -97.526098827844649, 18.317787628891754, 1589.0 ], [ -97.526094007944934, 18.317756343339774, 1589.0 ], [ -97.526089526640249, 18.317743223592178, 1589.0 ], [ -97.526083177133657, 18.317732010132694, 1589.0 ], [ -97.526071553823996, 18.317722030157341, 1589.0 ], [ -97.526063100507884, 18.317719764873587, 1589.0 ], [ -97.526054647191756, 18.317719740505492, 1589.0 ], [ -97.526030343907919, 18.317725200310015, 1589.0 ], [ -97.526019777262761, 18.317726024416409, 1589.0 ], [ -97.525993360649892, 18.317723084419178, 1589.0 ], [ -97.525973284024104, 18.317714132616175, 1589.0 ], [ -97.525958490720896, 18.317701030110442, 1589.0 ], [ -97.525932954852181, 18.317695790658547, 1589.0 ], [ -97.525929018769929, 18.317690744601773, 1589.0 ], [ -97.525926812350036, 18.317673588008763, 1589.0 ], [ -97.525916224140303, 18.317663384676013, 1589.0 ], [ -97.525905657495159, 18.317659216706282, 1589.0 ], [ -97.525898260843547, 18.317658602021112, 1589.0 ], [ -97.52587395755971, 18.317661580913352, 1589.0 ], [ -97.525867617572615, 18.317656454669457, 1589.0 ], [ -97.525867905753856, 18.317641293245433, 1589.0 ], [ -97.525866639978247, 18.317637256400015, 1589.0 ], [ -97.525860463729032, 18.317631201131896, 1589.0 ], [ -97.525847345268218, 18.317623127441063, 1589.0 ], [ -97.525842192870456, 18.317618081384296, 1589.0 ], [ -97.525839931131472, 18.317613035327518, 1589.0 ], [ -97.525839374903583, 18.31760496163669, 1589.0 ], [ -97.525841472103849, 18.317588814255032, 1589.0 ], [ -97.525838888088927, 18.3175807405642, 1589.0 ], [ -97.525839066665156, 18.317575694507426, 1589.0 ], [ -97.525848795913006, 18.317565602393888, 1589.0 ], [ -97.525852927960784, 18.317556519491692, 1589.0 ], [ -97.525867617572615, 18.317539309782301, 1589.0 ], [ -97.52587924088229, 18.31752964029954, 1589.0 ], [ -97.525882410875823, 18.3175293844991, 1589.0 ], [ -97.525886637533887, 18.317526276119878, 1589.0 ], [ -97.525894034185498, 18.3175192242342, 1589.0 ], [ -97.525895329319042, 18.31751110498077, 1589.0 ], [ -97.525893034330892, 18.31750706813536, 1589.0 ], [ -97.525863390914566, 18.317504701979203, 1589.0 ], [ -97.525850710940389, 18.317507137647365, 1589.0 ], [ -97.52583797521892, 18.317516151037545, 1589.0 ], [ -97.525832664127194, 18.317529270785148, 1589.0 ], [ -97.525814751896533, 18.317545418166805, 1589.0 ], [ -97.525806331030751, 18.317557074041289, 1589.0 ], [ -97.525804412547672, 18.317563583971179, 1589.0 ], [ -97.525800078162291, 18.317567620816593, 1589.0 ], [ -97.525787311069493, 18.317572877452427, 1589.0 ], [ -97.525756667798561, 18.317580006170285, 1589.0 ], [ -97.525740817830837, 18.317580540639021, 1589.0 ], [ -97.52572674797014, 18.317578722141487, 1589.0 ], [ -97.525723873189079, 18.317576703718785, 1589.0 ], [ -97.525723695151953, 18.317565602393884, 1589.0 ], [ -97.525720927011307, 18.317557528703052, 1589.0 ], [ -97.525707004566357, 18.317544577945174, 1589.0 ], [ -97.525697494585728, 18.317543185225741, 1589.0 ], [ -97.525691154598633, 18.317545489609255, 1589.0 ], [ -97.525678474624456, 18.317545554330252, 1589.0 ], [ -97.525669753131012, 18.317541381321387, 1589.0 ], [ -97.525663224073696, 18.317534316841911, 1589.0 ] ] } },
{ "type": "Feature", "properties": { "FID": 237, "elev": 1604.0, "elevation": 1604.0, "ELEVATION": 1604.0, "is_master": false, "tipo": "Ordinaria (1m)" }, "geometry": { "type": "LineString", "coordinates": [ [ -97.524700003283655, 18.318911553936257, 1604.0 ], [ -97.524700003283655, 18.318909151052079, 1604.0 ], [ -97.524701079516035, 18.318909871917331, 1604.0 ], [ -97.524700003283655, 18.318911553936257, 1604.0 ] ] } },
{ "type": "Feature", "properties": { "FID": 238, "elev": 1605.0, "elevation": 1605.0, "ELEVATION": 1605.0, "is_master": true, "tipo": "Maestra (5m)" }, "geometry": { "type": "LineString", "coordinates": [ [ -97.524664144342452, 18.318910881128687, 1605.0 ], [ -97.524664076690158, 18.318908749336419, 1605.0 ], [ -97.52466090669661, 18.318906505413182, 1605.0 ], [ -97.524658238806055, 18.318907853494622, 1605.0 ], [ -97.52466090669661, 18.318911240719178, 1605.0 ], [ -97.524664144342452, 18.318910881128687, 1605.0 ] ] } },
{ "type": "Feature", "properties": { "FID": 239, "elev": 1602.0, "elevation": 1602.0, "ELEVATION": 1602.0, "is_master": false, "tipo": "Ordinaria (1m)" }, "geometry": { "type": "LineString", "coordinates": [ [ -97.525683454494654, 18.318908862705975, 1602.0 ], [ -97.525685489497505, 18.318905835071913, 1602.0 ], [ -97.525683936647653, 18.318902807437858, 1602.0 ], [ -97.525681644618004, 18.318902563069063, 1602.0 ], [ -97.525679049092773, 18.31890482586056, 1602.0 ], [ -97.525679500493652, 18.318907853494629, 1602.0 ], [ -97.525683454494654, 18.318908862705975, 1602.0 ] ] } },
{ "type": "Feature", "properties": { "FID": 240, "elev": 1605.0, "elevation": 1605.0, "ELEVATION": 1605.0, "is_master": true, "tipo": "Maestra (5m)" }, "geometry": { "type": "LineString", "coordinates": [ [ -97.524741434518049, 18.318908862705971, 1605.0 ], [ -97.524739904197432, 18.318906844283269, 1605.0 ], [ -97.524739327586005, 18.318907853494618, 1605.0 ], [ -97.524741434518049, 18.318908862705971, 1605.0 ] ] } },
{ "type": "Feature", "properties": { "FID": 241, "elev": 1605.0, "elevation": 1605.0, "ELEVATION": 1605.0, "is_master": true, "tipo": "Maestra (5m)" }, "geometry": { "type": "LineString", "coordinates": [ [ -97.524645321375687, 18.318907853494622, 1605.0 ], [ -97.524645056728886, 18.318906512862856, 1605.0 ], [ -97.52464472434356, 18.318907853494622, 1605.0 ], [ -97.524645321375687, 18.318907853494622, 1605.0 ] ] } },
{ "type": "Feature", "properties": { "FID": 242, "elev": 1605.0, "elevation": 1605.0, "ELEVATION": 1605.0, "is_master": true, "tipo": "Maestra (5m)" }, "geometry": { "type": "LineString", "coordinates": [ [ -97.524770527717777, 18.318903816649208, 1605.0 ], [ -97.524773895432247, 18.318900789015146, 1605.0 ], [ -97.524774644955144, 18.318898770592437, 1605.0 ], [ -97.524772913135195, 18.318897453829457, 1605.0 ], [ -97.524766573148099, 18.318902801422688, 1605.0 ], [ -97.524770527717777, 18.318903816649208, 1605.0 ] ] } },
{ "type": "Feature", "properties": { "FID": 243, "elev": 1591.0, "elevation": 1591.0, "ELEVATION": 1591.0, "is_master": false, "tipo": "Ordinaria (1m)" }, "geometry": { "type": "LineString", "coordinates": [ [ -97.526294510036635, 18.31889698106302, 1591.0 ], [ -97.52628922671407, 18.318896998449429, 1591.0 ], [ -97.526281830062459, 18.318893867632802, 1591.0 ], [ -97.526276401825896, 18.318885650844837, 1591.0 ], [ -97.526276288893527, 18.318879595576721, 1591.0 ], [ -97.526278654811875, 18.318872531097238, 1591.0 ], [ -97.526283943391491, 18.318866125573404, 1591.0 ], [ -97.526291340043088, 18.318862197209725, 1591.0 ], [ -97.526298736694699, 18.318862427601612, 1591.0 ], [ -97.526304020017278, 18.318865322023154, 1591.0 ], [ -97.526309350512378, 18.318871521885885, 1591.0 ], [ -97.526311023152431, 18.318877577154005, 1591.0 ], [ -97.526308246675327, 18.31888772301253, 1591.0 ], [ -97.526300850023731, 18.318894663210745, 1591.0 ], [ -97.526294510036635, 18.31889698106302, 1591.0 ] ] } },
{ "type": "Feature", "properties": { "FID": 244, "elev": 1603.0, "elevation": 1603.0, "ELEVATION": 1603.0, "is_master": false, "tipo": "Ordinaria (1m)" }, "geometry": { "type": "LineString", "coordinates": [ [ -97.524931412812421, 18.318891734342653, 1603.0 ], [ -97.524928573026543, 18.318891706112964, 1603.0 ], [ -97.524930356147905, 18.318890360497818, 1603.0 ], [ -97.524931412812421, 18.318891734342653, 1603.0 ] ] } },
{ "type": "Feature", "properties": { "FID": 245, "elev": 1601.0, "elevation": 1601.0, "ELEVATION": 1601.0, "is_master": false, "tipo": "Ordinaria (1m)" }, "geometry": { "type": "LineString", "coordinates": [ [ -97.52523865473951, 18.318882623210769, 1601.0 ], [ -97.525240080888082, 18.318881613999419, 1601.0 ], [ -97.525239103455689, 18.318876567942649, 1601.0 ], [ -97.525235184292598, 18.318873540308587, 1601.0 ], [ -97.525232562199164, 18.318873526027289, 1601.0 ], [ -97.52523074637763, 18.318876567942649, 1601.0 ], [ -97.525232134183156, 18.318879595576714, 1601.0 ], [ -97.525234675528196, 18.318882559133865, 1601.0 ], [ -97.52523865473951, 18.318882623210769, 1601.0 ] ] } },
{ "type": "Feature", "properties": { "FID": 246, "elev": 1591.0, "elevation": 1591.0, "ELEVATION": 1591.0, "is_master": false, "tipo": "Ordinaria (1m)" }, "geometry": { "type": "LineString", "coordinates": [ [ -97.526346286597871, 18.318877677760749, 1591.0 ], [ -97.526337833281744, 18.318877742845423, 1591.0 ], [ -97.526335719952726, 18.318876259000401, 1591.0 ], [ -97.526334138702978, 18.318872531097234, 1591.0 ], [ -97.526335587869653, 18.318867485040471, 1591.0 ], [ -97.526344173268839, 18.318860394069191, 1591.0 ], [ -97.526356181929756, 18.318860420560984, 1591.0 ], [ -97.526360176087408, 18.318863448195053, 1591.0 ], [ -97.526360084018151, 18.318867485040471, 1591.0 ], [ -97.526352834453391, 18.31887454951994, 1591.0 ], [ -97.526346286597871, 18.318877677760749, 1591.0 ] ] } },
{ "type": "Feature", "properties": { "FID": 247, "elev": 1601.0, "elevation": 1601.0, "ELEVATION": 1601.0, "is_master": false, "tipo": "Ordinaria (1m)" }, "geometry": { "type": "LineString", "coordinates": [ [ -97.525789424398525, 18.318872690446394, 1601.0 ], [ -97.525788074216081, 18.318871521885878, 1601.0 ], [ -97.525789424398525, 18.31887044226443, 1601.0 ], [ -97.525790155935496, 18.318871521885885, 1601.0 ], [ -97.525789424398525, 18.318872690446394, 1601.0 ] ] } },
{ "type": "Feature", "properties": { "FID": 248, "elev": 1601.0, "elevation": 1601.0, "ELEVATION": 1601.0, "is_master": false, "tipo": "Ordinaria (1m)" }, "geometry": { "type": "LineString", "coordinates": [ [ -97.525554844876211, 18.318858941182921, 1601.0 ], [ -97.525552580595104, 18.318857392926919, 1601.0 ], [ -97.525553788211695, 18.318854302076044, 1601.0 ], [ -97.525556902331843, 18.318855374504214, 1601.0 ], [ -97.525554844876211, 18.318858941182921, 1601.0 ] ] } },
{ "type": "Feature", "properties": { "FID": 249, "elev": 1605.0, "elevation": 1605.0, "ELEVATION": 1605.0, "is_master": true, "tipo": "Maestra (5m)" }, "geometry": { "type": "LineString", "coordinates": [ [ -97.524740958601839, 18.318851337658803, 1605.0 ], [ -97.52474094974184, 18.318849319236094, 1605.0 ], [ -97.524739099870715, 18.318848571502226, 1605.0 ], [ -97.524738137284899, 18.318851337658803, 1605.0 ], [ -97.524740958601839, 18.318851337658803, 1605.0 ] ] } },
{ "type": "Feature", "properties": { "FID": 250, "elev": 1603.0, "elevation": 1603.0, "ELEVATION": 1603.0, "is_master": false, "tipo": "Ordinaria (1m)" }, "geometry": { "type": "LineString", "coordinates": [ [ -97.524984352568381, 18.318846291602028, 1603.0 ], [ -97.524987738520238, 18.318840236333912, 1603.0 ], [ -97.524986359367205, 18.318838364705584, 1603.0 ], [ -97.524979136116954, 18.318841245545268, 1603.0 ], [ -97.52498052629349, 18.318845282390679, 1603.0 ], [ -97.524984352568381, 18.318846291602028, 1603.0 ] ] } },
{ "type": "Feature", "properties": { "FID": 251, "elev": 1607.0, "elevation": 1607.0, "ELEVATION": 1607.0, "is_master": false, "tipo": "Ordinaria (1m)" }, "geometry": { "type": "LineString", "coordinates": [ [ -97.524353568274847, 18.318845282390676, 1607.0 ], [ -97.524354826208793, 18.318843263967974, 1607.0 ], [ -97.524353417322772, 18.318840485668478, 1607.0 ], [ -97.524349190664722, 18.318841033079714, 1607.0 ], [ -97.524349190664722, 18.318844337597067, 1607.0 ], [ -97.524353568274847, 18.318845282390676, 1607.0 ] ] } },
{ "type": "Feature", "properties": { "FID": 252, "elev": 1607.0, "elevation": 1607.0, "ELEVATION": 1607.0, "is_master": false, "tipo": "Ordinaria (1m)" }, "geometry": { "type": "LineString", "coordinates": [ [ -97.524432491050646, 18.318839227122549, 1607.0 ], [ -97.524435367526266, 18.318837208699847, 1607.0 ], [ -97.524436419086115, 18.31883115343172, 1607.0 ], [ -97.524432667161392, 18.318827596775581, 1607.0 ], [ -97.524427383838812, 18.318827926114132, 1607.0 ], [ -97.524424129871932, 18.318831153431717, 1607.0 ], [ -97.524424687522469, 18.318837208699847, 1607.0 ], [ -97.524428440503328, 18.318839955997415, 1607.0 ], [ -97.524432491050646, 18.318839227122549, 1607.0 ] ] } },
{ "type": "Feature", "properties": { "FID": 253, "elev": 1603.0, "elevation": 1603.0, "ELEVATION": 1603.0, "is_master": false, "tipo": "Ordinaria (1m)" }, "geometry": { "type": "LineString", "coordinates": [ [ -97.524987491507744, 18.31883821791121, 1603.0 ], [ -97.524987298624538, 18.318838217911203, 1603.0 ], [ -97.524987416031706, 18.318838330045804, 1603.0 ], [ -97.524987491507744, 18.31883821791121, 1603.0 ] ] } },
{ "type": "Feature", "properties": { "FID": 254, "elev": 1589.0, "elevation": 1589.0, "ELEVATION": 1589.0, "is_master": false, "tipo": "Ordinaria (1m)" }, "geometry": { "type": "LineString", "coordinates": [ [ -97.52676578241028, 18.318820057562025, 1589.0 ], [ -97.526756272429651, 18.318820266263085, 1589.0 ], [ -97.526743355710494, 18.318812987627354, 1589.0 ], [ -97.526740936163449, 18.318806932359237, 1589.0 ], [ -97.526743592455475, 18.318798682184926, 1589.0 ], [ -97.52674887577804, 18.318796591530095, 1589.0 ], [ -97.526759442423199, 18.318795574726693, 1589.0 ], [ -97.526771298257913, 18.318797849457042, 1589.0 ], [ -97.526775228655595, 18.318802895513812, 1589.0 ], [ -97.5267753237992, 18.318811978416001, 1589.0 ], [ -97.526771065732859, 18.318818083086072, 1589.0 ], [ -97.52676578241028, 18.318820057562025, 1589.0 ] ] } },
{ "type": "Feature", "properties": { "FID": 255, "elev": 1590.0, "elevation": 1590.0, "ELEVATION": 1590.0, "is_master": true, "tipo": "Maestra (5m)" }, "geometry": { "type": "LineString", "coordinates": [ [ -97.526522749571853, 18.31881918642776, 1590.0 ], [ -97.526513239591225, 18.318819748683804, 1590.0 ], [ -97.526501616281564, 18.318814931425273, 1590.0 ], [ -97.526488936307373, 18.318813108208456, 1590.0 ], [ -97.526487012636082, 18.318808950781939, 1590.0 ], [ -97.526487842348828, 18.318804913936521, 1590.0 ], [ -97.526495276294469, 18.318797739385374, 1590.0 ], [ -97.526509012933161, 18.318794490807285, 1590.0 ], [ -97.526540712868609, 18.3187947353859, 1590.0 ], [ -97.526547052855705, 18.318793455963313, 1590.0 ], [ -97.526551279513754, 18.318793588005189, 1590.0 ], [ -97.526556597960919, 18.318796840245689, 1590.0 ], [ -97.526557726698698, 18.318805923147874, 1590.0 ], [ -97.526553392842786, 18.31881182550519, 1590.0 ], [ -97.52654810952022, 18.318814095781001, 1590.0 ], [ -97.52653120288798, 18.318814826028575, 1590.0 ], [ -97.526522749571853, 18.31881918642776, 1590.0 ] ] } },
{ "type": "Feature", "properties": { "FID": 256, "elev": 1607.0, "elevation": 1607.0, "ELEVATION": 1607.0, "is_master": false, "tipo": "Ordinaria (1m)" }, "geometry": { "type": "LineString", "coordinates": [ [ -97.52361261703264, 18.318808950781939, 1607.0 ], [ -97.523614165639771, 18.318805923147881, 1607.0 ], [ -97.523611803776078, 18.318801886302463, 1607.0 ], [ -97.523613752162348, 18.318799111358796, 1607.0 ], [ -97.523624318807492, 18.318798932333458, 1607.0 ], [ -97.523636998781669, 18.318782614027818, 1607.0 ], [ -97.523649382442528, 18.318775646807257, 1607.0 ], [ -97.523648520437533, 18.318768582327781, 1607.0 ], [ -97.52364439543328, 18.318764389418753, 1607.0 ], [ -97.523632772123619, 18.318760276622381, 1607.0 ], [ -97.523617978820411, 18.318759241873742, 1607.0 ], [ -97.5236105821688, 18.318761643606727, 1607.0 ], [ -97.523603089213594, 18.318767573116425, 1607.0 ], [ -97.523600488856019, 18.318775646807257, 1607.0 ], [ -97.523601189324182, 18.318789775766213, 1607.0 ], [ -97.523596222159355, 18.318798858668405, 1607.0 ], [ -97.523596567852834, 18.318801886302463, 1607.0 ], [ -97.523598958859139, 18.318805038971558, 1607.0 ], [ -97.523604665411824, 18.318807941570583, 1607.0 ], [ -97.5236105821688, 18.318809720477123, 1607.0 ], [ -97.52361261703264, 18.318808950781939, 1607.0 ] ] } },
{ "type": "Feature", "properties": { "FID": 257, "elev": 1600.0, "elevation": 1600.0, "ELEVATION": 1600.0, "is_master": true, "tipo": "Maestra (5m)" }, "geometry": { "type": "LineString", "coordinates": [ [ -97.525446008431175, 18.318805091557717, 1600.0 ], [ -97.525442257272147, 18.318804913936525, 1600.0 ], [ -97.525437848632976, 18.318801886302463, 1600.0 ], [ -97.525434251366505, 18.31879583103434, 1600.0 ], [ -97.525433825710891, 18.318790784977558, 1600.0 ], [ -97.525435452352667, 18.318771609961846, 1600.0 ], [ -97.525440420092039, 18.318766563905069, 1600.0 ], [ -97.525443895102143, 18.318765905351903, 1600.0 ], [ -97.525449178424722, 18.318766759868435, 1600.0 ], [ -97.525454461747302, 18.318770458659351, 1600.0 ], [ -97.525455772232007, 18.318773628384548, 1600.0 ], [ -97.525450986212206, 18.318784729709439, 1600.0 ], [ -97.525451201971805, 18.31879381261162, 1600.0 ], [ -97.525454297782119, 18.318796840245685, 1600.0 ], [ -97.525454545954489, 18.318799867879751, 1600.0 ], [ -97.525446008431175, 18.318805091557717, 1600.0 ] ] } },
{ "type": "Feature", "properties": { "FID": 258, "elev": 1606.0, "elevation": 1606.0, "ELEVATION": 1606.0, "is_master": false, "tipo": "Ordinaria (1m)" }, "geometry": { "type": "LineString", "coordinates": [ [ -97.523589448878511, 18.318798858672384, 1606.0 ], [ -97.52358788589558, 18.318797849457049, 1606.0 ], [ -97.523589448878511, 18.31879596559585, 1606.0 ], [ -97.523591562207528, 18.318796772964927, 1606.0 ], [ -97.523590241376894, 18.318797849457049, 1606.0 ], [ -97.523589448878511, 18.318798858672384, 1606.0 ] ] } },
{ "type": "Feature", "properties": { "FID": 259, "elev": 1606.0, "elevation": 1606.0, "ELEVATION": 1606.0, "is_master": false, "tipo": "Ordinaria (1m)" }, "geometry": { "type": "LineString", "coordinates": [ [ -97.523471102452831, 18.318792601558005, 1606.0 ], [ -97.523469639378888, 18.318788766554857, 1606.0 ], [ -97.523472159117347, 18.318787667635824, 1606.0 ], [ -97.523472907588044, 18.318789775766213, 1606.0 ], [ -97.523471102452831, 18.318792601558005, 1606.0 ] ] } },
{ "type": "Feature", "properties": { "FID": 260, "elev": 1597.0, "elevation": 1597.0, "ELEVATION": 1597.0, "is_master": false, "tipo": "Ordinaria (1m)" }, "geometry": { "type": "LineString", "coordinates": [ [ -97.526074723817544, 18.318789851457069, 1597.0 ], [ -97.526074723817544, 18.318787912606791, 1597.0 ], [ -97.526074949512875, 18.31878876655486, 1597.0 ], [ -97.526074723817544, 18.318789851457069, 1597.0 ] ] } },
{ "type": "Feature", "properties": { "FID": 261, "elev": 1601.0, "elevation": 1601.0, "ELEVATION": 1601.0, "is_master": false, "tipo": "Ordinaria (1m)" }, "geometry": { "type": "LineString", "coordinates": [ [ -97.525495732044206, 18.318784729709442, 1601.0 ], [ -97.52549506785509, 18.318784729709439, 1601.0 ], [ -97.525495671663379, 18.318784840307949, 1601.0 ], [ -97.525495732044206, 18.318784729709442, 1601.0 ] ] } },
{ "type": "Feature", "properties": { "FID": 262, "elev": 1601.0, "elevation": 1601.0, "ELEVATION": 1601.0, "is_master": false, "tipo": "Ordinaria (1m)" }, "geometry": { "type": "LineString", "coordinates": [ [ -97.525495504358162, 18.318783720498089, 1601.0 ], [ -97.525493629570164, 18.318782711286737, 1601.0 ], [ -97.525494614998863, 18.318784673118152, 1601.0 ], [ -97.525495504358162, 18.318783720498089, 1601.0 ] ] } },
{ "type": "Feature", "properties": { "FID": 263, "elev": 1608.0, "elevation": 1608.0, "ELEVATION": 1608.0, "is_master": false, "tipo": "Ordinaria (1m)" }, "geometry": { "type": "LineString", "coordinates": [ [ -97.523628591299769, 18.318783720498086, 1608.0 ], [ -97.523631845611931, 18.318780692864031, 1608.0 ], [ -97.523633170019735, 18.318775646807257, 1608.0 ], [ -97.523630658794588, 18.318772527979394, 1608.0 ], [ -97.523624318807492, 18.318772489585744, 1608.0 ], [ -97.52362029970854, 18.318775646807257, 1608.0 ], [ -97.523620031970893, 18.318782711286737, 1608.0 ], [ -97.523623262142976, 18.318784414722675, 1608.0 ], [ -97.523628591299769, 18.318783720498086, 1608.0 ] ] } },
{ "type": "Feature", "properties": { "FID": 264, "elev": 1607.0, "elevation": 1607.0, "ELEVATION": 1607.0, "is_master": false, "tipo": "Ordinaria (1m)" }, "geometry": { "type": "LineString", "coordinates": [ [ -97.524559522517109, 18.318778674441319, 1607.0 ], [ -97.524558963729604, 18.318771609961843, 1607.0 ], [ -97.524554221318624, 18.318767573116425, 1607.0 ], [ -97.52454784359351, 18.318766415309533, 1607.0 ], [ -97.524544935508274, 18.31876959153913, 1607.0 ], [ -97.524544159294237, 18.318774637595904, 1607.0 ], [ -97.524545730264492, 18.318776805106651, 1607.0 ], [ -97.524551013587057, 18.318778841483194, 1607.0 ], [ -97.524559522517109, 18.318778674441319, 1607.0 ] ] } },
{ "type": "Feature", "properties": { "FID": 265, "elev": 1597.0, "elevation": 1597.0, "ELEVATION": 1597.0, "is_master": false, "tipo": "Ordinaria (1m)" }, "geometry": { "type": "LineString", "coordinates": [ [ -97.526078950475593, 18.318775247641572, 1597.0 ], [ -97.526075994805524, 18.318773628384552, 1597.0 ], [ -97.52607578048206, 18.318770544291112, 1597.0 ], [ -97.526078950475593, 18.318769933368785, 1597.0 ], [ -97.526080522792398, 18.318771609961843, 1597.0 ], [ -97.526078950475593, 18.318775247641572, 1597.0 ] ] } },
{ "type": "Feature", "properties": { "FID": 266, "elev": 1607.0, "elevation": 1607.0, "ELEVATION": 1607.0, "is_master": false, "tipo": "Ordinaria (1m)" }, "geometry": { "type": "LineString", "coordinates": [ [ -97.524598761405173, 18.318765554693716, 1607.0 ], [ -97.524602764057803, 18.318762527059654, 1607.0 ], [ -97.524603481476674, 18.31875849021424, 1607.0 ], [ -97.524601733483777, 18.31875637375386, 1607.0 ], [ -97.524595393496682, 18.318755338369549, 1607.0 ], [ -97.52459144438653, 18.318761517848301, 1607.0 ], [ -97.524594336832166, 18.318765590217954, 1607.0 ], [ -97.524598761405173, 18.318765554693716, 1607.0 ] ] } },
{ "type": "Feature", "properties": { "FID": 267, "elev": 1591.0, "elevation": 1591.0, "ELEVATION": 1591.0, "is_master": false, "tipo": "Ordinaria (1m)" }, "geometry": { "type": "LineString", "coordinates": [ [ -97.526585763713442, 18.317392018041012, 1591.0 ], [ -97.526597830448608, 18.317406146999964, 1591.0 ], [ -97.526609484559941, 18.317423303592982, 1591.0 ], [ -97.526618046951526, 18.317439450974639, 1591.0 ], [ -97.526626497106193, 18.317461653624431, 1591.0 ], [ -97.526630843687869, 18.317485874696924, 1591.0 ], [ -97.526630840356475, 18.317498994444534, 1591.0 ], [ -97.526628117720435, 18.317519178671606, 1591.0 ], [ -97.526629255287986, 18.317550464223576, 1591.0 ], [ -97.5266345584471, 18.317570648450648, 1591.0 ], [ -97.526642064606662, 18.317585786620963, 1591.0 ], [ -97.526658924400934, 18.317605970848046, 1591.0 ], [ -97.526699175469901, 18.317641293245433, 1591.0 ], [ -97.526750893295528, 18.317704873560732, 1591.0 ], [ -97.526765876888518, 18.317735149901349, 1591.0 ], [ -97.526780340026235, 18.317782582834976, 1591.0 ], [ -97.526792079722327, 18.317804785484775, 1591.0 ], [ -97.526800626156444, 18.317816896021021, 1591.0 ], [ -97.526831366646476, 18.317847172361635, 1591.0 ], [ -97.526858694005853, 18.317884513181731, 1591.0 ], [ -97.526889412158525, 18.317920993118364, 1591.0 ], [ -97.526909488784312, 18.317939051536477, 1591.0 ], [ -97.526941390729149, 18.317959194821924, 1591.0 ], [ -97.526989795287435, 18.318009805622484, 1591.0 ], [ -97.527015117497783, 18.318029839616703, 1591.0 ], [ -97.527038357696014, 18.318056079111901, 1591.0 ], [ -97.527043926116107, 18.318066171225443, 1591.0 ], [ -97.527047016154171, 18.318077272550337, 1591.0 ], [ -97.527044941920707, 18.318090392297933, 1591.0 ], [ -97.527045591821192, 18.318096447566052, 1591.0 ], [ -97.527054265469815, 18.318108558102303, 1591.0 ], [ -97.527058388698961, 18.318128742329382, 1591.0 ], [ -97.527063565742679, 18.318139843654272, 1591.0 ], [ -97.527076441777666, 18.318153111349091, 1591.0 ], [ -97.52710919837763, 18.31817428476851, 1591.0 ], [ -97.527118678310927, 18.318185258165201, 1591.0 ], [ -97.527131611495676, 18.318208470026345, 1591.0 ], [ -97.527164261049379, 18.318278105609771, 1591.0 ], [ -97.527196966557867, 18.318330584600172, 1591.0 ], [ -97.527198807885867, 18.318337649079645, 1591.0 ], [ -97.527197731768766, 18.318341685925063, 1591.0 ], [ -97.527177881571092, 18.318343643634712, 1591.0 ], [ -97.527174601117551, 18.318345722770481, 1591.0 ], [ -97.527174711577544, 18.318348935921335, 1591.0 ], [ -97.527178938235608, 18.31835288047964, 1591.0 ], [ -97.52718739155172, 18.318354655918721, 1591.0 ], [ -97.527195844867848, 18.318353747941533, 1591.0 ], [ -97.527201128190427, 18.318350593312232, 1591.0 ], [ -97.527207468177508, 18.318350712235954, 1591.0 ], [ -97.527236798821718, 18.318378017533806, 1591.0 ], [ -97.52724339477102, 18.318382089946137, 1591.0 ], [ -97.527248678093585, 18.318384168734568, 1591.0 ], [ -97.52726030140326, 18.318384255630075, 1591.0 ], [ -97.527276151370984, 18.318391914374143, 1591.0 ], [ -97.527289888009676, 18.318391883628408, 1591.0 ], [ -97.527303962781005, 18.318396183338177, 1591.0 ], [ -97.527307851306418, 18.318400578290852, 1591.0 ], [ -97.527314191293513, 18.318402541369707, 1591.0 ], [ -97.527318417951577, 18.318406229578475, 1591.0 ], [ -97.52732243375057, 18.31842141362203, 1591.0 ], [ -97.527325814603174, 18.318426632162186, 1591.0 ], [ -97.527330944393299, 18.318429487312859, 1591.0 ], [ -97.527333211254785, 18.318434167283154, 1591.0 ], [ -97.527339551241866, 18.318435568908239, 1591.0 ], [ -97.527349061222509, 18.318443706201538, 1591.0 ], [ -97.527357514538622, 18.318445828463101, 1591.0 ], [ -97.527380761157957, 18.318461668255352, 1591.0 ], [ -97.527399781119215, 18.318464716720577, 1591.0 ], [ -97.527412461093405, 18.318473061180296, 1591.0 ], [ -97.527427254396613, 18.318473680269694, 1591.0 ], [ -97.527437821041758, 18.318476051298411, 1591.0 ] ] } },
{ "type": "Feature", "properties": { "FID": 268, "elev": 1607.0, "elevation": 1607.0, "ELEVATION": 1607.0, "is_master": false, "tipo": "Ordinaria (1m)" }, "geometry": { "type": "LineString", "coordinates": [ [ -97.524696225535365, 18.318756471791534, 1607.0 ], [ -97.524699076583232, 18.318755462580182, 1607.0 ], [ -97.524700618178827, 18.31875243494612, 1607.0 ], [ -97.524696833290122, 18.318749189414149, 1607.0 ], [ -97.524692606632058, 18.318751390199143, 1607.0 ], [ -97.524691573448976, 18.318754453368822, 1607.0 ], [ -97.524692606632058, 18.318756206209592, 1607.0 ], [ -97.524696225535365, 18.318756471791534, 1607.0 ] ] } },
{ "type": "Feature", "properties": { "FID": 269, "elev": 1606.0, "elevation": 1606.0, "ELEVATION": 1606.0, "is_master": false, "tipo": "Ordinaria (1m)" }, "geometry": { "type": "LineString", "coordinates": [ [ -97.523660228628557, 18.318737296775812, 1606.0 ], [ -97.523658132071972, 18.318733184921438, 1606.0 ], [ -97.52365601874294, 18.318732937841666, 1606.0 ], [ -97.523657021219535, 18.318737296775812, 1606.0 ], [ -97.523660228628557, 18.318737296775812, 1606.0 ] ] } },
{ "type": "Feature", "properties": { "FID": 270, "elev": 1601.0, "elevation": 1601.0, "ELEVATION": 1601.0, "is_master": false, "tipo": "Ordinaria (1m)" }, "geometry": { "type": "LineString", "coordinates": [ [ -97.525623956447191, 18.318734269141743, 1601.0 ], [ -97.52562776646846, 18.318732250719044, 1601.0 ], [ -97.525625641398705, 18.318728227698436, 1601.0 ], [ -97.525622471405171, 18.318726170377332, 1601.0 ], [ -97.525615990529474, 18.31872720466227, 1601.0 ], [ -97.525616131418076, 18.318732391539225, 1601.0 ], [ -97.525619301411623, 18.318734497642428, 1601.0 ], [ -97.525623956447191, 18.318734269141743, 1601.0 ] ] } },
{ "type": "Feature", "properties": { "FID": 271, "elev": 1607.0, "elevation": 1607.0, "ELEVATION": 1607.0, "is_master": false, "tipo": "Ordinaria (1m)" }, "geometry": { "type": "LineString", "coordinates": [ [ -97.524708941184784, 18.318731241507681, 1607.0 ], [ -97.524712683257846, 18.318727095361396, 1607.0 ], [ -97.524717966580411, 18.318725330412615, 1607.0 ], [ -97.524715853251379, 18.318721359949027, 1607.0 ], [ -97.524703001926198, 18.318723167816852, 1607.0 ], [ -97.524701386340098, 18.318726195450907, 1607.0 ], [ -97.524702326691397, 18.318730232296332, 1607.0 ], [ -97.524705286606235, 18.318732067376224, 1607.0 ], [ -97.524708941184784, 18.318731241507681, 1607.0 ] ] } },
{ "type": "Feature", "properties": { "FID": 272, "elev": 1607.0, "elevation": 1607.0, "ELEVATION": 1607.0, "is_master": false, "tipo": "Ordinaria (1m)" }, "geometry": { "type": "LineString", "coordinates": [ [ -97.524631335890788, 18.3187221586055, 1607.0 ], [ -97.524633134422302, 18.318719130971438, 1607.0 ], [ -97.52463237675471, 18.318717228652691, 1607.0 ], [ -97.524629206761162, 18.318716840837972, 1607.0 ], [ -97.524626148274933, 18.318719130971434, 1607.0 ], [ -97.524628021952438, 18.3187221586055, 1607.0 ], [ -97.524631335890788, 18.3187221586055, 1607.0 ] ] } },
{ "type": "Feature", "properties": { "FID": 273, "elev": 1606.0, "elevation": 1606.0, "ELEVATION": 1606.0, "is_master": false, "tipo": "Ordinaria (1m)" }, "geometry": { "type": "LineString", "coordinates": [ [ -97.524804613070643, 18.318719077002914, 1606.0 ], [ -97.524802664654558, 18.318718121760075, 1606.0 ], [ -97.524803556406127, 18.318714385051869, 1606.0 ], [ -97.524805802877296, 18.318715094126016, 1606.0 ], [ -97.524804613070643, 18.318719077002914, 1606.0 ] ] } },
{ "type": "Feature", "properties": { "FID": 274, "elev": 1607.0, "elevation": 1607.0, "ELEVATION": 1607.0, "is_master": false, "tipo": "Ordinaria (1m)" }, "geometry": { "type": "LineString", "coordinates": [ [ -97.524700772420417, 18.318718121760075, 1607.0 ], [ -97.524702649384722, 18.318716103337383, 1607.0 ], [ -97.524698946619139, 18.318714084916209, 1607.0 ], [ -97.524696891993699, 18.318718121760078, 1607.0 ], [ -97.524700772420417, 18.318718121760075, 1607.0 ] ] } },
{ "type": "Feature", "properties": { "FID": 275, "elev": 1597.0, "elevation": 1597.0, "ELEVATION": 1597.0, "is_master": false, "tipo": "Ordinaria (1m)" }, "geometry": { "type": "LineString", "coordinates": [ [ -97.526188148661646, 18.318716103337376, 1597.0 ], [ -97.526191076490534, 18.318715094126013, 1597.0 ], [ -97.526194158687105, 18.318710048069253, 1597.0 ], [ -97.526197410855289, 18.318701974378417, 1597.0 ], [ -97.52619812932187, 18.318694909898944, 1597.0 ], [ -97.526197396697356, 18.318689863842174, 1597.0 ], [ -97.526193092488782, 18.318684817785403, 1597.0 ], [ -97.526185673591598, 18.31868365378703, 1597.0 ], [ -97.526178276940001, 18.318687080475826, 1597.0 ], [ -97.526176460940817, 18.318688854630818, 1597.0 ], [ -97.526175843409604, 18.318695919110297, 1597.0 ], [ -97.526164516102881, 18.318702983589766, 1597.0 ], [ -97.526168766959373, 18.318707020431997, 1597.0 ], [ -97.526169054487127, 18.318711057280606, 1597.0 ], [ -97.526171936952906, 18.318714285883161, 1597.0 ], [ -97.526188148661646, 18.318716103337376, 1597.0 ] ] } },
{ "type": "Feature", "properties": { "FID": 276, "elev": 1597.0, "elevation": 1597.0, "ELEVATION": 1597.0, "is_master": false, "tipo": "Ordinaria (1m)" }, "geometry": { "type": "LineString", "coordinates": [ [ -97.526180390269033, 18.31870415709135, 1597.0 ], [ -97.526178242483553, 18.318703992801129, 1597.0 ], [ -97.526176913501914, 18.318700965167071, 1597.0 ], [ -97.526178276940001, 18.318699821394194, 1597.0 ], [ -97.526180390269033, 18.31870167052984, 1597.0 ], [ -97.526180390269033, 18.31870415709135, 1597.0 ] ] } },
{ "type": "Feature", "properties": { "FID": 277, "elev": 1607.0, "elevation": 1607.0, "ELEVATION": 1607.0, "is_master": false, "tipo": "Ordinaria (1m)" }, "geometry": { "type": "LineString", "coordinates": [ [ -97.524603302140378, 18.318701974378417, 1607.0 ], [ -97.524605081358033, 18.318700965167071, 1607.0 ], [ -97.524602790148293, 18.318698442138682, 1607.0 ], [ -97.524598328675893, 18.318700965167068, 1607.0 ], [ -97.52459856349023, 18.318702279488832, 1607.0 ], [ -97.524599620154746, 18.318701198061994, 1607.0 ], [ -97.524603302140378, 18.318701974378417, 1607.0 ] ] } },
{ "type": "Feature", "properties": { "FID": 278, "elev": 1607.0, "elevation": 1607.0, "ELEVATION": 1607.0, "is_master": false, "tipo": "Ordinaria (1m)" }, "geometry": { "type": "LineString", "coordinates": [ [ -97.524580726993221, 18.318695919110297, 1607.0 ], [ -97.524582573352731, 18.318694909898941, 1607.0 ], [ -97.52458165685799, 18.318693364043451, 1607.0 ], [ -97.524580071861223, 18.318694909898944, 1607.0 ], [ -97.524580726993221, 18.318695919110297, 1607.0 ] ] } },
{ "type": "Feature", "properties": { "FID": 279, "elev": 1607.0, "elevation": 1607.0, "ELEVATION": 1607.0, "is_master": false, "tipo": "Ordinaria (1m)" }, "geometry": { "type": "LineString", "coordinates": [ [ -97.524600599123346, 18.318694909898944, 1607.0 ], [ -97.524599620154746, 18.3186931319153, 1607.0 ], [ -97.524597671665376, 18.318693900687592, 1607.0 ], [ -97.524599620154746, 18.318695653528362, 1607.0 ], [ -97.524600599123346, 18.318694909898944, 1607.0 ] ] } },
{ "type": "Feature", "properties": { "FID": 280, "elev": 1602.0, "elevation": 1602.0, "ELEVATION": 1602.0, "is_master": false, "tipo": "Ordinaria (1m)" }, "geometry": { "type": "LineString", "coordinates": [ [ -97.525211428908875, 18.318682836061289, 1602.0 ], [ -97.5252050403395, 18.318681790151345, 1602.0 ], [ -97.525203100128209, 18.318673716460509, 1602.0 ], [ -97.52520508892178, 18.318670231825074, 1602.0 ], [ -97.525208258915328, 18.318669376851691, 1602.0 ], [ -97.525212255028407, 18.318671698037804, 1602.0 ], [ -97.525213777052244, 18.318678762517276, 1602.0 ], [ -97.525211428908875, 18.318682836061289, 1602.0 ] ] } },
{ "type": "Feature", "properties": { "FID": 281, "elev": 1607.0, "elevation": 1607.0, "ELEVATION": 1607.0, "is_master": false, "tipo": "Ordinaria (1m)" }, "geometry": { "type": "LineString", "coordinates": [ [ -97.524733845025622, 18.318682799362694, 1607.0 ], [ -97.524735574860259, 18.318680780939989, 1607.0 ], [ -97.524733816548135, 18.318679243197693, 1607.0 ], [ -97.524730725624721, 18.318681790151341, 1607.0 ], [ -97.524733845025622, 18.318682799362694, 1607.0 ] ] } },
{ "type": "Feature", "properties": { "FID": 282, "elev": 1607.0, "elevation": 1607.0, "ELEVATION": 1607.0, "is_master": false, "tipo": "Ordinaria (1m)" }, "geometry": { "type": "LineString", "coordinates": [ [ -97.524578423817644, 18.318676744094564, 1607.0 ], [ -97.524579610125471, 18.318675734883215, 1607.0 ], [ -97.524578486864442, 18.31867417120397, 1607.0 ], [ -97.524574909859382, 18.318676744094571, 1607.0 ], [ -97.524576373535425, 18.318677638961788, 1607.0 ], [ -97.524578423817644, 18.318676744094564, 1607.0 ] ] } },
{ "type": "Feature", "properties": { "FID": 283, "elev": 1606.0, "elevation": 1606.0, "ELEVATION": 1606.0, "is_master": false, "tipo": "Ordinaria (1m)" }, "geometry": { "type": "LineString", "coordinates": [ [ -97.524942549500267, 18.318675734883222, 1606.0 ], [ -97.524946374732309, 18.318672707249156, 1606.0 ], [ -97.524947232780207, 18.318669679615091, 1606.0 ], [ -97.524943036122082, 18.318666579894508, 1606.0 ], [ -97.524940922793064, 18.318666811977952, 1606.0 ], [ -97.524939364170365, 18.318669679615095, 1606.0 ], [ -97.524940886734768, 18.318675734883218, 1606.0 ], [ -97.524942549500267, 18.318675734883222, 1606.0 ] ] } },
{ "type": "Feature", "properties": { "FID": 284, "elev": 1607.0, "elevation": 1607.0, "ELEVATION": 1607.0, "is_master": false, "tipo": "Ordinaria (1m)" }, "geometry": { "type": "LineString", "coordinates": [ [ -97.52466460174594, 18.318675734883218, 1607.0 ], [ -97.524668303348207, 18.318669834170706, 1607.0 ], [ -97.524677893670287, 18.318669679615095, 1607.0 ], [ -97.524676756664334, 18.318662466901358, 1607.0 ], [ -97.524671473341755, 18.318658494373288, 1607.0 ], [ -97.52466619001919, 18.31865833082075, 1607.0 ], [ -97.524661773654742, 18.318661605924262, 1607.0 ], [ -97.524659665168329, 18.318674725671865, 1607.0 ], [ -97.524663020025642, 18.318676682269007, 1607.0 ], [ -97.52466460174594, 18.318675734883218, 1607.0 ] ] } },
{ "type": "Feature", "properties": { "FID": 285, "elev": 1607.0, "elevation": 1607.0, "ELEVATION": 1607.0, "is_master": false, "tipo": "Ordinaria (1m)" }, "geometry": { "type": "LineString", "coordinates": [ [ -97.524435988107015, 18.318672707249156, 1607.0 ], [ -97.524433148530775, 18.318666651981033, 1607.0 ], [ -97.524429220492465, 18.31866564276968, 1607.0 ], [ -97.524427383838812, 18.31866984239112, 1607.0 ], [ -97.524431610496876, 18.318672731714887, 1607.0 ], [ -97.524435988107015, 18.318672707249156, 1607.0 ] ] } },
{ "type": "Feature", "properties": { "FID": 286, "elev": 1607.0, "elevation": 1607.0, "ELEVATION": 1607.0, "is_master": false, "tipo": "Ordinaria (1m)" }, "geometry": { "type": "LineString", "coordinates": [ [ -97.524386702255001, 18.31867270724916, 1607.0 ], [ -97.524386188106149, 18.31866564276968, 1607.0 ], [ -97.524384060593704, 18.318665786942731, 1607.0 ], [ -97.524383329056732, 18.318671698037804, 1607.0 ], [ -97.524386702255001, 18.31867270724916, 1607.0 ] ] } },
{ "type": "Feature", "properties": { "FID": 287, "elev": 1589.0, "elevation": 1589.0, "ELEVATION": 1589.0, "is_master": false, "tipo": "Ordinaria (1m)" }, "geometry": { "type": "LineString", "coordinates": [ [ -97.527067988461539, 18.318668670407725, 1589.0 ], [ -97.52706376180349, 18.318668538767472, 1589.0 ], [ -97.527060612130413, 18.318665642769684, 1589.0 ], [ -97.527058827471009, 18.318659587501553, 1589.0 ], [ -97.527059464701125, 18.31865353223343, 1589.0 ], [ -97.527064818467991, 18.318649283509384, 1589.0 ], [ -97.527072215119603, 18.318650411551516, 1589.0 ], [ -97.527076421965205, 18.318656559867492, 1589.0 ], [ -97.527067988461539, 18.318668670407725, 1589.0 ] ] } },
{ "type": "Feature", "properties": { "FID": 288, "elev": 1607.0, "elevation": 1607.0, "ELEVATION": 1607.0, "is_master": false, "tipo": "Ordinaria (1m)" }, "geometry": { "type": "LineString", "coordinates": [ [ -97.524395566496196, 18.318661605924259, 1607.0 ], [ -97.524404211334229, 18.318653532233427, 1607.0 ], [ -97.524404016275966, 18.318640412485834, 1607.0 ], [ -97.524398853896912, 18.318635347062528, 1607.0 ], [ -97.524386173922736, 18.318635273840854, 1607.0 ], [ -97.524379401206374, 18.318639403274481, 1607.0 ], [ -97.524377387220483, 18.318645458542598, 1607.0 ], [ -97.52438511725822, 18.318659354895225, 1607.0 ], [ -97.524392513909831, 18.318662492611551, 1607.0 ], [ -97.524395566496196, 18.318661605924259, 1607.0 ] ] } },
{ "type": "Feature", "properties": { "FID": 289, "elev": 1606.0, "elevation": 1606.0, "ELEVATION": 1606.0, "is_master": false, "tipo": "Ordinaria (1m)" }, "geometry": { "type": "LineString", "coordinates": [ [ -97.52421710760035, 18.318660152406022, 1606.0 ], [ -97.524212830774246, 18.31865958750155, 1606.0 ], [ -97.524211856094936, 18.318656559867492, 1606.0 ], [ -97.524213937606802, 18.318653386440456, 1606.0 ], [ -97.524218930346635, 18.318656559867492, 1606.0 ], [ -97.52421931871838, 18.318658578290201, 1606.0 ], [ -97.52421710760035, 18.318660152406022, 1606.0 ] ] } },
{ "type": "Feature", "properties": { "FID": 290, "elev": 1607.0, "elevation": 1607.0, "ELEVATION": 1607.0, "is_master": false, "tipo": "Ordinaria (1m)" }, "geometry": { "type": "LineString", "coordinates": [ [ -97.524627824969102, 18.318645458542601, 1607.0 ], [ -97.524626754353221, 18.318642430908536, 1607.0 ], [ -97.524628150096646, 18.31864037322589, 1607.0 ], [ -97.524631320090194, 18.318640715682367, 1607.0 ], [ -97.524633433419226, 18.318645412669358, 1607.0 ], [ -97.524638716741791, 18.318644666033066, 1607.0 ], [ -97.524641486802551, 18.318640412485834, 1607.0 ], [ -97.524640830070823, 18.318638359262732, 1607.0 ], [ -97.524635352710064, 18.318635366429067, 1607.0 ], [ -97.524636823821311, 18.318631329583649, 1607.0 ], [ -97.52463562803014, 18.318629311160933, 1607.0 ], [ -97.524628150096646, 18.318624751688205, 1607.0 ], [ -97.524620753445049, 18.318626321254399, 1607.0 ], [ -97.524618580417453, 18.318628301949584, 1607.0 ], [ -97.52461787931756, 18.318632338794998, 1607.0 ], [ -97.524623042884826, 18.318644449331245, 1607.0 ], [ -97.524626036767614, 18.31864617940785, 1607.0 ], [ -97.524627824969102, 18.318645458542601, 1607.0 ] ] } },
{ "type": "Feature", "properties": { "FID": 291, "elev": 1606.0, "elevation": 1606.0, "ELEVATION": 1606.0, "is_master": false, "tipo": "Ordinaria (1m)" }, "geometry": { "type": "LineString", "coordinates": [ [ -97.524878579586684, 18.318644478165854, 1606.0 ], [ -97.52487435292862, 18.318644070876989, 1606.0 ], [ -97.524872289916942, 18.318641421697187, 1606.0 ], [ -97.524872239596704, 18.318634357217704, 1606.0 ], [ -97.524878641289718, 18.318636375640413, 1606.0 ], [ -97.524879821167488, 18.318641421697187, 1606.0 ], [ -97.524878579586684, 18.318644478165854, 1606.0 ] ] } },
{ "type": "Feature", "properties": { "FID": 292, "elev": 1589.0, "elevation": 1589.0, "ELEVATION": 1589.0, "is_master": false, "tipo": "Ordinaria (1m)" }, "geometry": { "type": "LineString", "coordinates": [ [ -97.526931678739118, 18.31862834582833, 1589.0 ], [ -97.526920055429457, 18.318628245882284, 1589.0 ], [ -97.52691577845404, 18.318626283526878, 1589.0 ], [ -97.526908432119797, 18.318619293803792, 1589.0 ], [ -97.526903958906686, 18.318607108511145, 1589.0 ], [ -97.526905262110674, 18.318601053243018, 1589.0 ], [ -97.526907375455281, 18.31859883297804, 1589.0 ], [ -97.526910545448828, 18.318596778936115, 1589.0 ], [ -97.526920055429457, 18.318595977503563, 1589.0 ], [ -97.526923045565212, 18.318600044031673, 1589.0 ], [ -97.526932735403634, 18.318598908668893, 1589.0 ], [ -97.526936962061697, 18.318603071653339, 1589.0 ], [ -97.526939186618563, 18.318610136145203, 1589.0 ], [ -97.526939306536093, 18.318618209836046, 1589.0 ], [ -97.526936750728794, 18.318624265104159, 1589.0 ], [ -97.526931678739118, 18.31862834582833, 1589.0 ] ] } },
{ "type": "Feature", "properties": { "FID": 293, "elev": 1606.0, "elevation": 1606.0, "ELEVATION": 1606.0, "is_master": false, "tipo": "Ordinaria (1m)" }, "geometry": { "type": "LineString", "coordinates": [ [ -97.524220277593898, 18.318618380064464, 1606.0 ], [ -97.524219345242855, 18.318615182201981, 1606.0 ], [ -97.52422239092293, 18.318612318223813, 1606.0 ], [ -97.524223559889947, 18.318616191413334, 1606.0 ], [ -97.524220277593898, 18.318618380064464, 1606.0 ] ] } },
{ "type": "Feature", "properties": { "FID": 294, "elev": 1606.0, "elevation": 1606.0, "ELEVATION": 1606.0, "is_master": false, "tipo": "Ordinaria (1m)" }, "geometry": { "type": "LineString", "coordinates": [ [ -97.524872239599588, 18.318612188894836, 1606.0 ], [ -97.524869676039586, 18.31861114535657, 1606.0 ], [ -97.524871703610344, 18.318606099299796, 1606.0 ], [ -97.524873296264104, 18.318605635738599, 1606.0 ], [ -97.524875651947383, 18.318608117722505, 1606.0 ], [ -97.524872239599588, 18.318612188894836, 1606.0 ] ] } },
{ "type": "Feature", "properties": { "FID": 295, "elev": 1606.0, "elevation": 1606.0, "ELEVATION": 1606.0, "is_master": false, "tipo": "Ordinaria (1m)" }, "geometry": { "type": "LineString", "coordinates": [ [ -97.524244580877735, 18.318610165827902, 1606.0 ], [ -97.524240354219685, 18.318610897480092, 1606.0 ], [ -97.524239530379546, 18.318607108511141, 1606.0 ], [ -97.52424376077991, 18.318606099299796, 1606.0 ], [ -97.524244580877735, 18.318610165827902, 1606.0 ] ] } },
{ "type": "Feature", "properties": { "FID": 296, "elev": 1606.0, "elevation": 1606.0, "ELEVATION": 1606.0, "is_master": false, "tipo": "Ordinaria (1m)" }, "geometry": { "type": "LineString", "coordinates": [ [ -97.524336510690532, 18.318603859680078, 1606.0 ], [ -97.524333340696998, 18.318602314757221, 1606.0 ], [ -97.524333035889924, 18.31859903482032, 1606.0 ], [ -97.524334397361514, 18.318595883609355, 1606.0 ], [ -97.524338624019563, 18.318594897400576, 1606.0 ], [ -97.524340534469005, 18.318598025608971, 1606.0 ], [ -97.524336510690532, 18.318603859680078, 1606.0 ] ] } },
{ "type": "Feature", "properties": { "FID": 297, "elev": 1606.0, "elevation": 1606.0, "ELEVATION": 1606.0, "is_master": false, "tipo": "Ordinaria (1m)" }, "geometry": { "type": "LineString", "coordinates": [ [ -97.524088590778732, 18.318593988763549, 1606.0 ], [ -97.524091531364846, 18.318591970340844, 1606.0 ], [ -97.524091377898586, 18.318582887438652, 1606.0 ], [ -97.524079597122807, 18.318571786113758, 1606.0 ], [ -97.524073401226332, 18.318570633077606, 1606.0 ], [ -97.524071044901277, 18.318577841381884, 1606.0 ], [ -97.524076456985867, 18.318589951918131, 1606.0 ], [ -97.524083967871476, 18.318594704978054, 1606.0 ], [ -97.524088590778732, 18.318593988763549, 1606.0 ] ] } },
{ "type": "Feature", "properties": { "FID": 298, "elev": 1598.0, "elevation": 1598.0, "ELEVATION": 1598.0, "is_master": false, "tipo": "Ordinaria (1m)" }, "geometry": { "type": "LineString", "coordinates": [ [ -97.525707004566357, 18.31859301794611, 1598.0 ], [ -97.525705947898729, 18.318589951918135, 1598.0 ], [ -97.525708061230873, 18.318589916838587, 1598.0 ], [ -97.525710153426616, 18.318591970340844, 1598.0 ], [ -97.525707004566357, 18.31859301794611, 1598.0 ] ] } },
{ "type": "Feature", "properties": { "FID": 299, "elev": 1589.0, "elevation": 1589.0, "ELEVATION": 1589.0, "is_master": false, "tipo": "Ordinaria (1m)" }, "geometry": { "type": "LineString", "coordinates": [ [ -97.526899978803669, 18.318589951942936, 1589.0 ], [ -97.526880958842412, 18.318590039675641, 1589.0 ], [ -97.526867222174502, 18.318585915072717, 1589.0 ], [ -97.52686722220372, 18.318583392044332, 1589.0 ], [ -97.526875768754934, 18.318577841381884, 1589.0 ], [ -97.526880163375864, 18.318569767691052, 1589.0 ], [ -97.526880165029766, 18.318557657154805, 1589.0 ], [ -97.526872505526285, 18.318548182244911, 1589.0 ], [ -97.526871448861769, 18.318539365540886, 1589.0 ], [ -97.526868278868221, 18.318538769038632, 1589.0 ], [ -97.526866951594513, 18.318543528195853, 1589.0 ], [ -97.526860882216624, 18.31854702038752, 1589.0 ], [ -97.526855598894045, 18.318556856028273, 1589.0 ], [ -97.5268450322489, 18.318565899047531, 1589.0 ], [ -97.526840805590837, 18.31856599411817, 1589.0 ], [ -97.526832352274724, 18.31856135759644, 1589.0 ], [ -97.526822746233677, 18.318548574252613, 1589.0 ], [ -97.526819449844851, 18.318537472927733, 1589.0 ], [ -97.526818988576451, 18.318528390025541, 1589.0 ], [ -97.526819375692966, 18.318515270277942, 1589.0 ], [ -97.526822724886912, 18.318499122896277, 1589.0 ], [ -97.526830140651313, 18.318483984725969, 1589.0 ], [ -97.526837435687796, 18.318476920246496, 1589.0 ], [ -97.5268450322489, 18.318472779511676, 1589.0 ], [ -97.526873562190801, 18.318465639368661, 1589.0 ], [ -97.526884128835945, 18.318465002830941, 1589.0 ], [ -97.526894695481104, 18.318466986440619, 1589.0 ], [ -97.526906292700275, 18.318475911035137, 1589.0 ], [ -97.526916885435909, 18.318497212603358, 1589.0 ], [ -97.526936962061697, 18.318509105483002, 1589.0 ], [ -97.526941333910301, 18.318514261066586, 1589.0 ], [ -97.526942492196426, 18.318526371602836, 1589.0 ], [ -97.526940132055245, 18.31853152676354, 1589.0 ], [ -97.526934848732665, 18.31853556360895, 1589.0 ], [ -97.526922168758489, 18.318538373035153, 1589.0 ], [ -97.526915828771394, 18.318541486026994, 1589.0 ], [ -97.526907294947506, 18.318551601886682, 1589.0 ], [ -97.526903327388411, 18.318565730845641, 1589.0 ], [ -97.52690444027607, 18.318583896650011, 1589.0 ], [ -97.526899978803669, 18.318589951942936, 1589.0 ] ] } },
{ "type": "Feature", "properties": { "FID": 300, "elev": 1603.0, "elevation": 1603.0, "ELEVATION": 1603.0, "is_master": false, "tipo": "Ordinaria (1m)" }, "geometry": { "type": "LineString", "coordinates": [ [ -97.525376550576908, 18.318584905861364, 1603.0 ], [ -97.525379235666065, 18.318580869015946, 1603.0 ], [ -97.525377325237713, 18.318578195261193, 1603.0 ], [ -97.525375211908681, 18.318578021476835, 1603.0 ], [ -97.525372150639456, 18.318579859804593, 1603.0 ], [ -97.525371738928897, 18.318581878227299, 1603.0 ], [ -97.525373098579649, 18.318584319356336, 1603.0 ], [ -97.525376550576908, 18.318584905861364, 1603.0 ] ] } },
{ "type": "Feature", "properties": { "FID": 301, "elev": 1607.0, "elevation": 1607.0, "ELEVATION": 1607.0, "is_master": false, "tipo": "Ordinaria (1m)" }, "geometry": { "type": "LineString", "coordinates": [ [ -97.52470690934102, 18.318584905861364, 1607.0 ], [ -97.524721136573959, 18.31858419926434, 1607.0 ], [ -97.524733816548135, 18.318581056776203, 1607.0 ], [ -97.524743326528778, 18.318575880835095, 1607.0 ], [ -97.524748592669809, 18.318570776902405, 1607.0 ], [ -97.524752055044985, 18.318562703211573, 1607.0 ], [ -97.524752001007229, 18.318550592675333, 1607.0 ], [ -97.524749666515859, 18.318544524578243, 1607.0 ], [ -97.524743326528778, 18.318539259087942, 1607.0 ], [ -97.524736986541683, 18.318539265512928, 1607.0 ], [ -97.524727476561054, 18.318545569615488, 1607.0 ], [ -97.524720079909443, 18.318545761959829, 1607.0 ], [ -97.524712683257846, 18.318543962630923, 1607.0 ], [ -97.524710569928814, 18.318539662299727, 1607.0 ], [ -97.524704229941719, 18.318537194829993, 1607.0 ], [ -97.524690493303027, 18.318537756435447, 1607.0 ], [ -97.524679926657882, 18.318536166615722, 1607.0 ], [ -97.52466619001919, 18.318541446243657, 1607.0 ], [ -97.524654566709515, 18.318551059053302, 1607.0 ], [ -97.52464400006437, 18.318546682774738, 1607.0 ], [ -97.524637660077289, 18.31854592259926, 1607.0 ], [ -97.524630263425678, 18.31854769867202, 1607.0 ], [ -97.524620690438965, 18.31855462952074, 1607.0 ], [ -97.524626047599028, 18.318566740056998, 1607.0 ], [ -97.52463237675471, 18.318574473499424, 1607.0 ], [ -97.524642943399854, 18.318574970012808, 1607.0 ], [ -97.524657736703062, 18.318565520335291, 1607.0 ], [ -97.524669360012723, 18.318575982460974, 1607.0 ], [ -97.524678869993366, 18.318581934087707, 1607.0 ], [ -97.524690493303027, 18.318585170480233, 1607.0 ], [ -97.52470690934102, 18.318584905861364, 1607.0 ] ] } },
{ "type": "Feature", "properties": { "FID": 302, "elev": 1608.0, "elevation": 1608.0, "ELEVATION": 1608.0, "is_master": false, "tipo": "Ordinaria (1m)" }, "geometry": { "type": "LineString", "coordinates": [ [ -97.524719733921941, 18.318574813747819, 1608.0 ], [ -97.524726419896538, 18.318572817652793, 1608.0 ], [ -97.524732793164389, 18.318567749268347, 1608.0 ], [ -97.524734575463157, 18.318560684788871, 1608.0 ], [ -97.524731703219103, 18.318554766641853, 1608.0 ], [ -97.524713739922348, 18.318548611147548, 1608.0 ], [ -97.524705286606235, 18.318542415250231, 1608.0 ], [ -97.524700003283655, 18.318541605752078, 1608.0 ], [ -97.524684153315931, 18.31854366319639, 1608.0 ], [ -97.524677884967119, 18.318549583463977, 1608.0 ], [ -97.524677924676297, 18.31856169400022, 1608.0 ], [ -97.524681099519185, 18.31856674005699, 1608.0 ], [ -97.524686266644963, 18.318570822139208, 1608.0 ], [ -97.524697889954638, 18.318575046865504, 1608.0 ], [ -97.524719733921941, 18.318574813747819, 1608.0 ] ] } },
{ "type": "Feature", "properties": { "FID": 303, "elev": 1596.0, "elevation": 1596.0, "ELEVATION": 1596.0, "is_master": false, "tipo": "Ordinaria (1m)" }, "geometry": { "type": "LineString", "coordinates": [ [ -97.52618778692063, 18.318572025359192, 1596.0 ], [ -97.52617616361097, 18.318572012316306, 1596.0 ], [ -97.526162426972277, 18.318567887832835, 1596.0 ], [ -97.526157275732771, 18.31856270321158, 1596.0 ], [ -97.526156702229244, 18.318558666366162, 1596.0 ], [ -97.52615803848272, 18.318553620309395, 1596.0 ], [ -97.526165845891597, 18.318549583463973, 1596.0 ], [ -97.52617088028839, 18.318544744424919, 1596.0 ], [ -97.52617238059068, 18.31853747292773, 1596.0 ], [ -97.526169812075636, 18.318519307123363, 1596.0 ], [ -97.526166505290888, 18.318513251855236, 1596.0 ], [ -97.526166653630341, 18.318510596853056, 1596.0 ], [ -97.526169471402383, 18.318509215009822, 1596.0 ], [ -97.526169929548686, 18.318507196587113, 1596.0 ], [ -97.526164925065018, 18.318503159741695, 1596.0 ], [ -97.526162825006381, 18.31849306762815, 1596.0 ], [ -97.526164891215871, 18.318473892612431, 1596.0 ], [ -97.526162182194483, 18.318453708385356, 1596.0 ], [ -97.526163364616892, 18.318434533369626, 1596.0 ], [ -97.526166771662005, 18.318426459678793, 1596.0 ], [ -97.526174892474941, 18.318418385987965, 1596.0 ], [ -97.526183560262581, 18.318415175508555, 1596.0 ], [ -97.526194126907725, 18.318414705872851, 1596.0 ], [ -97.526205750217386, 18.318416268135557, 1596.0 ], [ -97.526218598416762, 18.318422422833379, 1596.0 ], [ -97.526225643394469, 18.318430496524215, 1596.0 ], [ -97.526227130425852, 18.3184395794264, 1596.0 ], [ -97.526222407450547, 18.318460772864828, 1596.0 ], [ -97.526220543520594, 18.318501092089168, 1596.0 ], [ -97.526217373527047, 18.318506989018818, 1596.0 ], [ -97.526211033539965, 18.318507235237753, 1596.0 ], [ -97.526209706266243, 18.318510224221168, 1596.0 ], [ -97.526210903635175, 18.318514261066586, 1596.0 ], [ -97.526219486856078, 18.318519223889435, 1596.0 ], [ -97.526220692579855, 18.318522334757418, 1596.0 ], [ -97.526219494741639, 18.318543528195857, 1596.0 ], [ -97.526216316862531, 18.318548264761134, 1596.0 ], [ -97.526211815638106, 18.318550592675329, 1596.0 ], [ -97.526190885972042, 18.31855462952074, 1596.0 ], [ -97.526188629659202, 18.318558666366162, 1596.0 ], [ -97.526191718334204, 18.318568758479699, 1596.0 ], [ -97.52618778692063, 18.318572025359192, 1596.0 ] ] } },
{ "type": "Feature", "properties": { "FID": 304, "elev": 1607.0, "elevation": 1607.0, "ELEVATION": 1607.0, "is_master": false, "tipo": "Ordinaria (1m)" }, "geometry": { "type": "LineString", "coordinates": [ [ -97.524889630342443, 18.318569767691052, 1607.0 ], [ -97.524902882870521, 18.318561705517606, 1607.0 ], [ -97.524919789502761, 18.318559963310108, 1607.0 ], [ -97.524927186154358, 18.318557487124629, 1607.0 ], [ -97.524943036122082, 18.318548738051319, 1607.0 ], [ -97.52495782942529, 18.318536501916064, 1607.0 ], [ -97.524959761663581, 18.31853141765961, 1607.0 ], [ -97.524952711724112, 18.318527380814192, 1607.0 ], [ -97.524951250540141, 18.318524353180123, 1607.0 ], [ -97.524953602767241, 18.318522229023571, 1607.0 ], [ -97.524960999418838, 18.318521150754822, 1607.0 ], [ -97.524965441095844, 18.318516279489295, 1607.0 ], [ -97.524967182097981, 18.318486003148674, 1607.0 ], [ -97.524969452734965, 18.318481761425765, 1607.0 ], [ -97.524983308935077, 18.31846985576701, 1607.0 ], [ -97.524990620481702, 18.318460772864832, 1607.0 ], [ -97.524994677789977, 18.318453708385352, 1607.0 ], [ -97.524999201905146, 18.318438570215047, 1607.0 ], [ -97.525005127506546, 18.318393155704111, 1607.0 ], [ -97.525004595351561, 18.318384072801919, 1607.0 ], [ -97.525001045213003, 18.318374989899745, 1607.0 ], [ -97.524990745753612, 18.318361870152135, 1607.0 ], [ -97.524969452734965, 18.318344665271503, 1607.0 ], [ -97.524954659431756, 18.318335905896404, 1607.0 ], [ -97.524944092786598, 18.318332331273272, 1607.0 ], [ -97.524926129489842, 18.318334913711286, 1607.0 ], [ -97.524920846167277, 18.318334812888491, 1607.0 ], [ -97.524910279522132, 18.318331362798155, 1607.0 ], [ -97.524900769541489, 18.318331317867404, 1607.0 ], [ -97.52489125956086, 18.318333384607715, 1607.0 ], [ -97.524883862909249, 18.318336589933359, 1607.0 ], [ -97.52487435292862, 18.318343925881969, 1607.0 ], [ -97.524870261332936, 18.318348750404542, 1607.0 ], [ -97.524866810530185, 18.318356824095375, 1607.0 ], [ -97.524866822235552, 18.318370953054334, 1607.0 ], [ -97.524873222387129, 18.318381045167868, 1607.0 ], [ -97.524883862909249, 18.318390139435049, 1607.0 ], [ -97.524899712876973, 18.318395019274284, 1607.0 ], [ -97.524910279522132, 18.318400185856671, 1607.0 ], [ -97.524913486565623, 18.318404257029009, 1607.0 ], [ -97.524913587341473, 18.318413339931194, 1607.0 ], [ -97.524907109528584, 18.318420498982015, 1607.0 ], [ -97.524885976238281, 18.318429329969309, 1607.0 ], [ -97.524878579586684, 18.318438096547137, 1607.0 ], [ -97.524866956277009, 18.318441808101465, 1607.0 ], [ -97.524858502960896, 18.318449475814099, 1607.0 ], [ -97.524845638765598, 18.31848196630326, 1607.0 ], [ -97.524840690616216, 18.318511233432531, 1607.0 ], [ -97.524841734907611, 18.318516279489288, 1607.0 ], [ -97.52484582298672, 18.318520095797933, 1607.0 ], [ -97.524854276302833, 18.318523131738882, 1607.0 ], [ -97.524861672954444, 18.318520198185428, 1607.0 ], [ -97.524869002805417, 18.318523343968771, 1607.0 ], [ -97.524875557918435, 18.318532426870959, 1607.0 ], [ -97.52487372365853, 18.318545546618555, 1607.0 ], [ -97.524876427121924, 18.318562703211576, 1607.0 ], [ -97.524883724251922, 18.318569767691052, 1607.0 ], [ -97.524889630342443, 18.318569767691052, 1607.0 ] ] } },
{ "type": "Feature", "properties": { "FID": 305, "elev": 1609.0, "elevation": 1609.0, "ELEVATION": 1609.0, "is_master": false, "tipo": "Ordinaria (1m)" }, "geometry": { "type": "LineString", "coordinates": [ [ -97.524715290516099, 18.318569767691052, 1609.0 ], [ -97.524722193238475, 18.318567914296615, 1609.0 ], [ -97.524725460326195, 18.318564721634282, 1609.0 ], [ -97.524725496582306, 18.318559675577514, 1609.0 ], [ -97.52472009347575, 18.318554629520737, 1609.0 ], [ -97.524700003283655, 18.318548722137059, 1609.0 ], [ -97.52469471996109, 18.318549588870468, 1609.0 ], [ -97.524690503848575, 18.318553620309395, 1609.0 ], [ -97.524690393460716, 18.318560684788871, 1609.0 ], [ -97.524695776625606, 18.318566790759004, 1609.0 ], [ -97.524701059948171, 18.318568911162675, 1609.0 ], [ -97.524715290516099, 18.318569767691052, 1609.0 ] ] } },
{ "type": "Feature", "properties": { "FID": 306, "elev": 1590.0, "elevation": 1590.0, "ELEVATION": 1590.0, "is_master": true, "tipo": "Maestra (5m)" }, "geometry": { "type": "LineString", "coordinates": [ [ -97.527255206770775, 18.31856674005699, 1590.0 ], [ -97.527257256288237, 18.318560684788874, 1590.0 ], [ -97.527253961416164, 18.318557488952916, 1590.0 ], [ -97.527251965494301, 18.318558666366162, 1590.0 ], [ -97.527251183219576, 18.318564721634289, 1590.0 ], [ -97.527253961416164, 18.318567579176541, 1590.0 ], [ -97.527255206770775, 18.31856674005699, 1590.0 ] ] } },
{ "type": "Feature", "properties": { "FID": 307, "elev": 1590.0, "elevation": 1590.0, "ELEVATION": 1590.0, "is_master": true, "tipo": "Maestra (5m)" }, "geometry": { "type": "LineString", "coordinates": [ [ -97.527245155878546, 18.318565730845641, 1590.0 ], [ -97.527246909329079, 18.318563712422932, 1590.0 ], [ -97.527246564764567, 18.318561189394543, 1590.0 ], [ -97.527240224777472, 18.318561620603028, 1590.0 ], [ -97.527241281441988, 18.318565618711048, 1590.0 ], [ -97.527245155878546, 18.318565730845641, 1590.0 ] ] } },
{ "type": "Feature", "properties": { "FID": 308, "elev": 1608.0, "elevation": 1608.0, "ELEVATION": 1608.0, "is_master": false, "tipo": "Ordinaria (1m)" }, "geometry": { "type": "LineString", "coordinates": [ [ -97.524635942997449, 18.318563712422929, 1608.0 ], [ -97.524638855495724, 18.318561694000227, 1608.0 ], [ -97.524638854951164, 18.318557657154813, 1608.0 ], [ -97.524636603412773, 18.318554722259087, 1608.0 ], [ -97.524628150096646, 18.318553905401366, 1608.0 ], [ -97.52462461241241, 18.3185556387321, 1608.0 ], [ -97.524628150096646, 18.318560693811197, 1608.0 ], [ -97.52463237675471, 18.318563634541665, 1608.0 ], [ -97.524635942997449, 18.318563712422929, 1608.0 ] ] } },
{ "type": "Feature", "properties": { "FID": 309, "elev": 1607.0, "elevation": 1607.0, "ELEVATION": 1607.0, "is_master": false, "tipo": "Ordinaria (1m)" }, "geometry": { "type": "LineString", "coordinates": [ [ -97.524825030177212, 18.31856270321158, 1607.0 ], [ -97.524828544920894, 18.318559675577522, 1607.0 ], [ -97.524825370014668, 18.318552611098042, 1607.0 ], [ -97.524825887013634, 18.31854857425261, 1607.0 ], [ -97.524829973018996, 18.318545031480319, 1607.0 ], [ -97.524830916157569, 18.318541509773144, 1607.0 ], [ -97.524827036793837, 18.318536463716377, 1607.0 ], [ -97.524821519702868, 18.318533220176445, 1607.0 ], [ -97.524813066386756, 18.318533199583261, 1607.0 ], [ -97.524807698811856, 18.318538482139076, 1607.0 ], [ -97.524807557811144, 18.318551601886679, 1607.0 ], [ -97.524815179715787, 18.318561781948919, 1607.0 ], [ -97.524821519702868, 18.318563484703446, 1607.0 ], [ -97.524825030177212, 18.31856270321158, 1607.0 ] ] } },
{ "type": "Feature", "properties": { "FID": 310, "elev": 1610.0, "elevation": 1610.0, "ELEVATION": 1610.0, "is_master": true, "tipo": "Maestra (5m)" }, "geometry": { "type": "LineString", "coordinates": [ [ -97.524715691643877, 18.318562703211573, 1610.0 ], [ -97.524718177229389, 18.318559675577514, 1610.0 ], [ -97.524712683257846, 18.318555614569021, 1610.0 ], [ -97.524704229941719, 18.31855420362492, 1610.0 ], [ -97.524701059948171, 18.318554588328439, 1610.0 ], [ -97.524699342336461, 18.318556647943449, 1610.0 ], [ -97.524699210785272, 18.318558666366162, 1610.0 ], [ -97.524702116612687, 18.318561670412642, 1610.0 ], [ -97.524712683257846, 18.31856355908695, 1610.0 ], [ -97.524715691643877, 18.318562703211573, 1610.0 ] ] } },
{ "type": "Feature", "properties": { "FID": 311, "elev": 1590.0, "elevation": 1590.0, "ELEVATION": 1590.0, "is_master": true, "tipo": "Maestra (5m)" }, "geometry": { "type": "LineString", "coordinates": [ [ -97.527178318157027, 18.318561694000227, 1590.0 ], [ -97.52718016583114, 18.318560684788871, 1590.0 ], [ -97.527179994900123, 18.318557253470267, 1590.0 ], [ -97.527177881571092, 18.318555897504236, 1590.0 ], [ -97.527172155923836, 18.318556647943456, 1590.0 ], [ -97.527171230374591, 18.318559675577518, 1590.0 ], [ -97.527172598248512, 18.318561519451087, 1590.0 ], [ -97.527178318157027, 18.318561694000227, 1590.0 ] ] } },
{ "type": "Feature", "properties": { "FID": 312, "elev": 1607.0, "elevation": 1607.0, "ELEVATION": 1607.0, "is_master": false, "tipo": "Ordinaria (1m)" }, "geometry": { "type": "LineString", "coordinates": [ [ -97.525005757467966, 18.318561694000227, 1607.0 ], [ -97.525007141954191, 18.318560684788871, 1607.0 ], [ -97.525006435992978, 18.318558483606179, 1607.0 ], [ -97.52500370804141, 18.318560684788874, 1607.0 ], [ -97.525005757467966, 18.318561694000227, 1607.0 ] ] } },
{ "type": "Feature", "properties": { "FID": 313, "elev": 1590.0, "elevation": 1590.0, "ELEVATION": 1590.0, "is_master": true, "tipo": "Maestra (5m)" }, "geometry": { "type": "LineString", "coordinates": [ [ -97.52723403396655, 18.318560684788874, 1590.0 ], [ -97.52723599811597, 18.318557657154802, 1590.0 ], [ -97.527234941454893, 18.318555806933997, 1590.0 ], [ -97.527232828125861, 18.318555840574369, 1590.0 ], [ -97.527231190948129, 18.318558666366162, 1590.0 ], [ -97.52723403396655, 18.318560684788874, 1590.0 ] ] } },
{ "type": "Feature", "properties": { "FID": 314, "elev": 1606.0, "elevation": 1606.0, "ELEVATION": 1606.0, "is_master": false, "tipo": "Ordinaria (1m)" }, "geometry": { "type": "LineString", "coordinates": [ [ -97.525001152670413, 18.31855680063904, 1606.0 ], [ -97.524990586025254, 18.318556962131883, 1606.0 ], [ -97.524986359367205, 18.318554841986298, 1606.0 ], [ -97.524985129004406, 18.318547565041268, 1606.0 ], [ -97.524988324661109, 18.318542518984501, 1606.0 ], [ -97.524992714836557, 18.318542518984501, 1606.0 ], [ -97.525001152670413, 18.318550761682015, 1606.0 ], [ -97.525002482824561, 18.318554629520737, 1606.0 ], [ -97.525001152670413, 18.31855680063904, 1606.0 ] ] } },
{ "type": "Feature", "properties": { "FID": 315, "elev": 1589.0, "elevation": 1589.0, "ELEVATION": 1589.0, "is_master": false, "tipo": "Ordinaria (1m)" }, "geometry": { "type": "LineString", "coordinates": [ [ -97.527003531926141, 18.318554796925469, 1589.0 ], [ -97.526998248603562, 18.318553756689305, 1589.0 ], [ -97.526996127418286, 18.318551601886679, 1589.0 ], [ -97.526997191939046, 18.318545971549661, 1589.0 ], [ -97.527000361932593, 18.31854468638603, 1589.0 ], [ -97.527004588591893, 18.318546555829919, 1589.0 ], [ -97.527005287063801, 18.318551601886682, 1589.0 ], [ -97.527003531926141, 18.318554796925469, 1589.0 ] ] } },
{ "type": "Feature", "properties": { "FID": 316, "elev": 1607.0, "elevation": 1607.0, "ELEVATION": 1607.0, "is_master": false, "tipo": "Ordinaria (1m)" }, "geometry": { "type": "LineString", "coordinates": [ [ -97.525007450269811, 18.31855462952074, 1607.0 ], [ -97.525008904150155, 18.318551601886686, 1607.0 ], [ -97.525006435992978, 18.318548759947511, 1607.0 ], [ -97.525004029301243, 18.318551601886679, 1607.0 ], [ -97.525004454188363, 18.318553620309387, 1607.0 ], [ -97.525007450269811, 18.31855462952074, 1607.0 ] ] } },
{ "type": "Feature", "properties": { "FID": 317, "elev": 1608.0, "elevation": 1608.0, "ELEVATION": 1608.0, "is_master": false, "tipo": "Ordinaria (1m)" }, "geometry": { "type": "LineString", "coordinates": [ [ -97.524911669239629, 18.318554629520737, 1608.0 ], [ -97.524937752799516, 18.318539568096543, 1608.0 ], [ -97.524945187948958, 18.318532426870963, 1608.0 ], [ -97.524947272430055, 18.318522334757422, 1608.0 ], [ -97.524952692489407, 18.318514261066586, 1608.0 ], [ -97.524951224267639, 18.318483984725969, 1608.0 ], [ -97.524953517770456, 18.318474901823784, 1608.0 ], [ -97.524961856764207, 18.318463800498893, 1608.0 ], [ -97.524982209968073, 18.318447653117225, 1608.0 ], [ -97.524988566558761, 18.318436551792335, 1608.0 ], [ -97.524989201885475, 18.31842746889015, 1608.0 ], [ -97.524984449036054, 18.318407284663078, 1608.0 ], [ -97.524978795323193, 18.318398201760882, 1608.0 ], [ -97.524966086392993, 18.318384072801919, 1608.0 ], [ -97.524962113445142, 18.318363888574851, 1608.0 ], [ -97.524953670246532, 18.318349759615895, 1608.0 ], [ -97.524941979457566, 18.318342481649392, 1608.0 ], [ -97.524921902831792, 18.318341886519619, 1608.0 ], [ -97.524909222857616, 18.318338345978642, 1608.0 ], [ -97.524902882870521, 18.318338353763558, 1608.0 ], [ -97.524889146231828, 18.318343802807416, 1608.0 ], [ -97.52488186409559, 18.318350768827251, 1608.0 ], [ -97.524879347077942, 18.318356824095371, 1608.0 ], [ -97.524879343577922, 18.318366916208905, 1608.0 ], [ -97.524885976238281, 18.318376947465492, 1608.0 ], [ -97.524895486218924, 18.31838296166454, 1608.0 ], [ -97.524910279522132, 18.318389067989365, 1608.0 ], [ -97.524915386733952, 18.318393155704115, 1608.0 ], [ -97.524921010150123, 18.3184022386063, 1608.0 ], [ -97.52492110275486, 18.318418385987957, 1608.0 ], [ -97.524917843750487, 18.318425450467441, 1608.0 ], [ -97.524913449515665, 18.318429350334075, 1608.0 ], [ -97.524890202896344, 18.318437364292993, 1608.0 ], [ -97.524875329291731, 18.318449671539934, 1608.0 ], [ -97.524869863268151, 18.31846380049889, 1608.0 ], [ -97.524870312182813, 18.318498113684928, 1608.0 ], [ -97.524866956277009, 18.318504287148976, 1608.0 ], [ -97.524858502960896, 18.318508037950686, 1608.0 ], [ -97.524855356579963, 18.318511233432528, 1608.0 ], [ -97.524855128273174, 18.318514261066589, 1608.0 ], [ -97.524858418552782, 18.318518297912, 1608.0 ], [ -97.524869069606041, 18.318516163153689, 1608.0 ], [ -97.52487435292862, 18.318520216129329, 1608.0 ], [ -97.524880734504549, 18.318532426870959, 1608.0 ], [ -97.524882930863654, 18.318543528195857, 1608.0 ], [ -97.524889492458072, 18.318552611098042, 1608.0 ], [ -97.524897599547941, 18.318555406370724, 1608.0 ], [ -97.524911669239629, 18.318554629520737, 1608.0 ] ] } },
{ "type": "Feature", "properties": { "FID": 318, "elev": 1590.0, "elevation": 1590.0, "ELEVATION": 1590.0, "is_master": true, "tipo": "Maestra (5m)" }, "geometry": { "type": "LineString", "coordinates": [ [ -97.527172085926324, 18.318552611098042, 1590.0 ], [ -97.527176094847462, 18.318550592675333, 1590.0 ], [ -97.527176768701011, 18.318547565041268, 1590.0 ], [ -97.527173654913028, 18.318544350516216, 1590.0 ], [ -97.527170484919495, 18.31854422108723, 1590.0 ], [ -97.527167558771595, 18.318545546618552, 1590.0 ], [ -97.527166570064068, 18.318549583463977, 1590.0 ], [ -97.527168371590463, 18.318553506595439, 1590.0 ], [ -97.527172085926324, 18.318552611098042, 1590.0 ] ] } },
{ "type": "Feature", "properties": { "FID": 319, "elev": 1609.0, "elevation": 1609.0, "ELEVATION": 1609.0, "is_master": false, "tipo": "Ordinaria (1m)" }, "geometry": { "type": "LineString", "coordinates": [ [ -97.524910459571458, 18.318549583463977, 1609.0 ], [ -97.524936696135001, 18.318529416591058, 1609.0 ], [ -97.524941178546257, 18.318519307123363, 1609.0 ], [ -97.524941793075783, 18.318513251855236, 1609.0 ], [ -97.524941109558199, 18.318506187375757, 1609.0 ], [ -97.524933251528083, 18.318480957091904, 1609.0 ], [ -97.52493390487426, 18.318457745230763, 1609.0 ], [ -97.524932638543262, 18.318447653117225, 1609.0 ], [ -97.52492507282534, 18.318441813558398, 1609.0 ], [ -97.524913449515665, 18.318438303451146, 1609.0 ], [ -97.524901826206005, 18.31843933442493, 1609.0 ], [ -97.524894429554408, 18.318442651693889, 1609.0 ], [ -97.524885969904631, 18.31845068075129, 1609.0 ], [ -97.524881492118823, 18.318461782076181, 1609.0 ], [ -97.524881521324943, 18.318469855767006, 1609.0 ], [ -97.524888382399212, 18.318490039994089, 1609.0 ], [ -97.52488729958479, 18.318496095262212, 1609.0 ], [ -97.524880493050489, 18.318509215009819, 1609.0 ], [ -97.5248804433011, 18.318518297912, 1609.0 ], [ -97.524882716651106, 18.318527380814185, 1609.0 ], [ -97.52488713277657, 18.318538482139079, 1609.0 ], [ -97.524895486218924, 18.318547444087095, 1609.0 ], [ -97.524902882870521, 18.318550414579207, 1609.0 ], [ -97.524910459571458, 18.318549583463977, 1609.0 ] ] } },
{ "type": "Feature", "properties": { "FID": 320, "elev": 1608.0, "elevation": 1608.0, "ELEVATION": 1608.0, "is_master": false, "tipo": "Ordinaria (1m)" }, "geometry": { "type": "LineString", "coordinates": [ [ -97.524820539580048, 18.318549583463984, 1608.0 ], [ -97.524826597249984, 18.318544537407202, 1608.0 ], [ -97.524827301094362, 18.318539491350439, 1608.0 ], [ -97.524824689696416, 18.318536611156606, 1608.0 ], [ -97.524815179715787, 18.318536826387714, 1608.0 ], [ -97.524812229734522, 18.318539491350439, 1608.0 ], [ -97.524812235703223, 18.318546555829915, 1608.0 ], [ -97.524816236380303, 18.318549978857995, 1608.0 ], [ -97.524820539580048, 18.318549583463984, 1608.0 ] ] } },
{ "type": "Feature", "properties": { "FID": 321, "elev": 1609.0, "elevation": 1609.0, "ELEVATION": 1609.0, "is_master": false, "tipo": "Ordinaria (1m)" }, "geometry": { "type": "LineString", "coordinates": [ [ -97.524819504152788, 18.318546555829919, 1609.0 ], [ -97.524825499257673, 18.318542518984493, 1609.0 ], [ -97.524825566956707, 18.318539491350435, 1609.0 ], [ -97.5248236330319, 18.318537522228283, 1609.0 ], [ -97.52481817557458, 18.318537472927733, 1609.0 ], [ -97.524814207990659, 18.318541509773144, 1609.0 ], [ -97.524816236380303, 18.318546042130418, 1609.0 ], [ -97.524819504152788, 18.318546555829919, 1609.0 ] ] } },
{ "type": "Feature", "properties": { "FID": 322, "elev": 1610.0, "elevation": 1610.0, "ELEVATION": 1610.0, "is_master": true, "tipo": "Maestra (5m)" }, "geometry": { "type": "LineString", "coordinates": [ [ -97.524906413268113, 18.318545546618559, 1610.0 ], [ -97.52492475557618, 18.318529399236894, 1610.0 ], [ -97.524927438893442, 18.318524353180123, 1610.0 ], [ -97.524927414847951, 18.318518297912007, 1610.0 ], [ -97.524924016160824, 18.31851108072291, 1610.0 ], [ -97.524916901286417, 18.318506187375757, 1610.0 ], [ -97.524899712876973, 18.318504969058456, 1610.0 ], [ -97.524890324819168, 18.318511233432531, 1610.0 ], [ -97.524887807741564, 18.318516279489291, 1610.0 ], [ -97.524887813631409, 18.318521325546065, 1610.0 ], [ -97.524889985222231, 18.318532426870959, 1610.0 ], [ -97.524892397806084, 18.318536463716377, 1610.0 ], [ -97.524900783568015, 18.318544537407206, 1610.0 ], [ -97.524906413268113, 18.318545546618559, 1610.0 ] ] } },
{ "type": "Feature", "properties": { "FID": 323, "elev": 1607.0, "elevation": 1607.0, "ELEVATION": 1607.0, "is_master": false, "tipo": "Ordinaria (1m)" }, "geometry": { "type": "LineString", "coordinates": [ [ -97.524495196238874, 18.318545546618555, 1607.0 ], [ -97.524509992871046, 18.318537472927733, 1607.0 ], [ -97.524516259775055, 18.318529399236894, 1607.0 ], [ -97.524515228637597, 18.318517288700647, 1607.0 ], [ -97.524506633677433, 18.318510097323294, 1607.0 ], [ -97.524500293690352, 18.31850998191635, 1607.0 ], [ -97.524491840374225, 18.318514324375045, 1607.0 ], [ -97.524473877077469, 18.31851716925841, 1607.0 ], [ -97.524470000493224, 18.318520316334709, 1607.0 ], [ -97.52446731761701, 18.31852536239148, 1607.0 ], [ -97.524468505699517, 18.318536463716377, 1607.0 ], [ -97.524473877077469, 18.318542686309424, 1607.0 ], [ -97.524479160400048, 18.318545594633903, 1607.0 ], [ -97.524484443722628, 18.318546342423758, 1607.0 ], [ -97.524495196238874, 18.318545546618555, 1607.0 ] ] } },
{ "type": "Feature", "properties": { "FID": 324, "elev": 1590.0, "elevation": 1590.0, "ELEVATION": 1590.0, "is_master": true, "tipo": "Maestra (5m)" }, "geometry": { "type": "LineString", "coordinates": [ [ -97.527252777951915, 18.318543528195853, 1590.0 ], [ -97.52725658986914, 18.318539491350439, 1590.0 ], [ -97.52725501808068, 18.318536271118784, 1590.0 ], [ -97.527252759004824, 18.318536463716377, 1590.0 ], [ -97.527250704403187, 18.318539491350439, 1590.0 ], [ -97.527250445605148, 18.318542518984497, 1590.0 ], [ -97.527252777951915, 18.318543528195853, 1590.0 ] ] } },
{ "type": "Feature", "properties": { "FID": 325, "elev": 1597.0, "elevation": 1597.0, "ELEVATION": 1597.0, "is_master": false, "tipo": "Ordinaria (1m)" }, "geometry": { "type": "LineString", "coordinates": [ [ -97.526282369003795, 18.318543528195853, 1597.0 ], [ -97.526293453372119, 18.318539599271883, 1597.0 ], [ -97.526302011504825, 18.318532426870959, 1597.0 ], [ -97.526308517352604, 18.318520316334705, 1597.0 ], [ -97.526309559233553, 18.318506187375753, 1597.0 ], [ -97.526304136704155, 18.318482975514616, 1597.0 ], [ -97.526297680030183, 18.318471684962592, 1597.0 ], [ -97.526285000056006, 18.31846257700294, 1597.0 ], [ -97.526270206752798, 18.318461645412146, 1597.0 ], [ -97.526256470114106, 18.318468846557725, 1597.0 ], [ -97.526246716287815, 18.318480957091907, 1597.0 ], [ -97.52624297877253, 18.318498113684928, 1597.0 ], [ -97.526243625514653, 18.318518297912004, 1597.0 ], [ -97.526247955734462, 18.318530408448247, 1597.0 ], [ -97.526254356785074, 18.318537461054653, 1597.0 ], [ -97.526269150088282, 18.318543755109726, 1597.0 ], [ -97.526282369003795, 18.318543528195853, 1597.0 ] ] } },
{ "type": "Feature", "properties": { "FID": 326, "elev": 1610.0, "elevation": 1610.0, "ELEVATION": 1610.0, "is_master": true, "tipo": "Maestra (5m)" }, "geometry": { "type": "LineString", "coordinates": [ [ -97.524821540638442, 18.31854352819585, 1610.0 ], [ -97.524824768756631, 18.318540500561799, 1610.0 ], [ -97.524821519702868, 18.318538011433443, 1610.0 ], [ -97.524817129205914, 18.318541509773144, 1610.0 ], [ -97.524819055926756, 18.318543528195857, 1610.0 ], [ -97.524821540638442, 18.31854352819585, 1610.0 ] ] } },
{ "type": "Feature", "properties": { "FID": 327, "elev": 1611.0, "elevation": 1611.0, "ELEVATION": 1611.0, "is_master": false, "tipo": "Ordinaria (1m)" }, "geometry": { "type": "LineString", "coordinates": [ [ -97.524822984814804, 18.318540500561792, 1611.0 ], [ -97.524820707692214, 18.318539491350439, 1611.0 ], [ -97.52482119783312, 18.318540500561795, 1611.0 ], [ -97.524822984814804, 18.318540500561792, 1611.0 ] ] } },
{ "type": "Feature", "properties": { "FID": 328, "elev": 1608.0, "elevation": 1608.0, "ELEVATION": 1608.0, "is_master": false, "tipo": "Ordinaria (1m)" }, "geometry": { "type": "LineString", "coordinates": [ [ -97.5244901995558, 18.318539491350435, 1608.0 ], [ -97.524495154020158, 18.318536463716377, 1608.0 ], [ -97.524498372878099, 18.318531417659607, 1608.0 ], [ -97.524498254028558, 18.31852536239148, 1608.0 ], [ -97.524496734051766, 18.318523343968771, 1608.0 ], [ -97.524493953703256, 18.318521354455758, 1608.0 ], [ -97.524483387058112, 18.318519192326818, 1608.0 ], [ -97.524474933741985, 18.318521892815184, 1608.0 ], [ -97.524472497365693, 18.318527380814189, 1608.0 ], [ -97.524474933741985, 18.31853549169778, 1608.0 ], [ -97.52448127372908, 18.318539707992528, 1608.0 ], [ -97.5244901995558, 18.318539491350435, 1608.0 ] ] } },
{ "type": "Feature", "properties": { "FID": 329, "elev": 1609.0, "elevation": 1609.0, "ELEVATION": 1609.0, "is_master": false, "tipo": "Ordinaria (1m)" }, "geometry": { "type": "LineString", "coordinates": [ [ -97.524485909672464, 18.318534445293668, 1609.0 ], [ -97.524489879847167, 18.318532426870959, 1609.0 ], [ -97.524489716189052, 18.318526371602839, 1609.0 ], [ -97.524484443722628, 18.318521494554634, 1609.0 ], [ -97.524480216626472, 18.318521325546058, 1609.0 ], [ -97.52447630996231, 18.318524353180123, 1609.0 ], [ -97.524476302029271, 18.31853040844825, 1609.0 ], [ -97.52448127372908, 18.318534669770703, 1609.0 ], [ -97.524485909672464, 18.318534445293668, 1609.0 ] ] } },
{ "type": "Feature", "properties": { "FID": 330, "elev": 1598.0, "elevation": 1598.0, "ELEVATION": 1598.0, "is_master": false, "tipo": "Ordinaria (1m)" }, "geometry": { "type": "LineString", "coordinates": [ [ -97.526286668076423, 18.318528390025534, 1598.0 ], [ -97.526299850914967, 18.318522334757418, 1598.0 ], [ -97.526301837373509, 18.318517288700651, 1598.0 ], [ -97.526301064317266, 18.318511233432528, 1598.0 ], [ -97.526296623365667, 18.318504053514669, 1598.0 ], [ -97.526281830062459, 18.318491683864135, 1598.0 ], [ -97.52628271430055, 18.318480957091904, 1598.0 ], [ -97.526276546739879, 18.318477719797738, 1598.0 ], [ -97.526273376746346, 18.318478379277764, 1598.0 ], [ -97.526272148730826, 18.318481966303267, 1598.0 ], [ -97.526274057901972, 18.318490039994085, 1598.0 ], [ -97.526265805198548, 18.318507196587113, 1598.0 ], [ -97.526265727001444, 18.318516279489291, 1598.0 ], [ -97.52626901768069, 18.318523343968774, 1598.0 ], [ -97.52627232008183, 18.318526530690331, 1598.0 ], [ -97.526276546739879, 18.318528532373616, 1598.0 ], [ -97.526286668076423, 18.318528390025534, 1598.0 ] ] } },
{ "type": "Feature", "properties": { "FID": 331, "elev": 1610.0, "elevation": 1610.0, "ELEVATION": 1610.0, "is_master": true, "tipo": "Maestra (5m)" }, "geometry": { "type": "LineString", "coordinates": [ [ -97.524482520051322, 18.318528390025541, 1610.0 ], [ -97.524484289347058, 18.318523343968771, 1610.0 ], [ -97.524482330393596, 18.31852226252002, 1610.0 ], [ -97.524479440799851, 18.318524353180123, 1610.0 ], [ -97.524479112833163, 18.318527380814189, 1610.0 ], [ -97.524482520051322, 18.318528390025541, 1610.0 ] ] } },
{ "type": "Feature", "properties": { "FID": 332, "elev": 1607.0, "elevation": 1607.0, "ELEVATION": 1607.0, "is_master": false, "tipo": "Ordinaria (1m)" }, "geometry": { "type": "LineString", "coordinates": [ [ -97.524595683646368, 18.31852536239148, 1607.0 ], [ -97.524595948922908, 18.318522334757418, 1607.0 ], [ -97.524594336832166, 18.318521960063769, 1607.0 ], [ -97.524592700706478, 18.318523343968767, 1607.0 ], [ -97.52459328016765, 18.318525428299154, 1607.0 ], [ -97.524595683646368, 18.31852536239148, 1607.0 ] ] } },
{ "type": "Feature", "properties": { "FID": 333, "elev": 1609.0, "elevation": 1609.0, "ELEVATION": 1609.0, "is_master": false, "tipo": "Ordinaria (1m)" }, "geometry": { "type": "LineString", "coordinates": [ [ -97.524862907931094, 18.318516279489291, 1609.0 ], [ -97.52486272961896, 18.318513699751463, 1609.0 ], [ -97.524859879952842, 18.318514261066586, 1609.0 ], [ -97.524860538517757, 18.318516279489295, 1609.0 ], [ -97.524862907931094, 18.318516279489291, 1609.0 ] ] } },
{ "type": "Feature", "properties": { "FID": 334, "elev": 1589.0, "elevation": 1589.0, "ELEVATION": 1589.0, "is_master": false, "tipo": "Ordinaria (1m)" }, "geometry": { "type": "LineString", "coordinates": [ [ -97.526879007247743, 18.318515270277942, 1589.0 ], [ -97.526878329861091, 18.318511233432531, 1589.0 ], [ -97.526874618855317, 18.318510278111091, 1589.0 ], [ -97.526873307316947, 18.31851224264388, 1589.0 ], [ -97.526874524026454, 18.318515270277945, 1589.0 ], [ -97.526879007247743, 18.318515270277942, 1589.0 ] ] } },
{ "type": "Feature", "properties": { "FID": 335, "elev": 1606.0, "elevation": 1606.0, "ELEVATION": 1606.0, "is_master": false, "tipo": "Ordinaria (1m)" }, "geometry": { "type": "LineString", "coordinates": [ [ -97.524416901726823, 18.318513251855236, 1606.0 ], [ -97.524415617252615, 18.318509215009819, 1606.0 ], [ -97.524411508098794, 18.318507196587117, 1606.0 ], [ -97.52441174004953, 18.318512242643884, 1606.0 ], [ -97.524414703864636, 18.318514261059825, 1606.0 ], [ -97.524416901726823, 18.318513251855236, 1606.0 ] ] } },
{ "type": "Feature", "properties": { "FID": 336, "elev": 1605.0, "elevation": 1605.0, "ELEVATION": 1605.0, "is_master": true, "tipo": "Maestra (5m)" }, "geometry": { "type": "LineString", "coordinates": [ [ -97.523457365814139, 18.318507961463087, 1605.0 ], [ -97.523455252485107, 18.318507918865823, 1605.0 ], [ -97.52345503573342, 18.318506187375757, 1605.0 ], [ -97.523457348348614, 18.318506187375753, 1605.0 ], [ -97.523457365814139, 18.318507961463087, 1605.0 ] ] } },
{ "type": "Feature", "properties": { "FID": 337, "elev": 1605.0, "elevation": 1605.0, "ELEVATION": 1605.0, "is_master": true, "tipo": "Maestra (5m)" }, "geometry": { "type": "LineString", "coordinates": [ [ -97.523445742504478, 18.318507956268181, 1605.0 ], [ -97.523442572504436, 18.318506187375757, 1605.0 ], [ -97.523445742504478, 18.318504867637831, 1605.0 ], [ -97.523447776385055, 18.318506187375757, 1605.0 ], [ -97.523445742504478, 18.318507956268181, 1605.0 ] ] } },
{ "type": "Feature", "properties": { "FID": 338, "elev": 1605.0, "elevation": 1605.0, "ELEVATION": 1605.0, "is_master": true, "tipo": "Maestra (5m)" }, "geometry": { "type": "LineString", "coordinates": [ [ -97.523554578949515, 18.3185025086376, 1605.0 ], [ -97.52354913306317, 18.318501141318986, 1605.0 ], [ -97.523550352291451, 18.318496284489346, 1605.0 ], [ -97.523554578949515, 18.31849703719281, 1605.0 ], [ -97.523554578949515, 18.3185025086376, 1605.0 ] ] } },
{ "type": "Feature", "properties": { "FID": 339, "elev": 1590.0, "elevation": 1590.0, "ELEVATION": 1590.0, "is_master": true, "tipo": "Maestra (5m)" }, "geometry": { "type": "LineString", "coordinates": [ [ -97.527159727350536, 18.31850013210763, 1590.0 ], [ -97.527160622717346, 18.318499122896281, 1590.0 ], [ -97.52715886160982, 18.318497919605818, 1590.0 ], [ -97.527157053253077, 18.31850013210763, 1590.0 ], [ -97.52715886160982, 18.318501122490417, 1590.0 ], [ -97.527159727350536, 18.31850013210763, 1590.0 ] ] } },
{ "type": "Feature", "properties": { "FID": 340, "elev": 1603.0, "elevation": 1603.0, "ELEVATION": 1603.0, "is_master": false, "tipo": "Ordinaria (1m)" }, "geometry": { "type": "LineString", "coordinates": [ [ -97.525306535076822, 18.318493067628154, 1603.0 ], [ -97.525307365420986, 18.318491049205445, 1603.0 ], [ -97.52530547205069, 18.318489517796664, 1603.0 ], [ -97.525303358721672, 18.318490936022865, 1603.0 ], [ -97.525304415386188, 18.318493972304516, 1603.0 ], [ -97.525306535076822, 18.318493067628154, 1603.0 ] ] } },
{ "type": "Feature", "properties": { "FID": 341, "elev": 1605.0, "elevation": 1605.0, "ELEVATION": 1605.0, "is_master": true, "tipo": "Maestra (5m)" }, "geometry": { "type": "LineString", "coordinates": [ [ -97.5235602144936, 18.318484993937329, 1605.0 ], [ -97.523559862272094, 18.318480732822721, 1605.0 ], [ -97.523557748943063, 18.318481461697591, 1605.0 ], [ -97.523557346404189, 18.318483984725969, 1605.0 ], [ -97.523558805607578, 18.318485834946785, 1605.0 ], [ -97.5235602144936, 18.318484993937329, 1605.0 ] ] } },
{ "type": "Feature", "properties": { "FID": 342, "elev": 1607.0, "elevation": 1607.0, "ELEVATION": 1607.0, "is_master": false, "tipo": "Ordinaria (1m)" }, "geometry": { "type": "LineString", "coordinates": [ [ -97.524614446984515, 18.318483984725969, 1607.0 ], [ -97.524616931939008, 18.3184809570919, 1607.0 ], [ -97.524616705584592, 18.318476920246493, 1607.0 ], [ -97.524612300128922, 18.318474550147684, 1607.0 ], [ -97.524607016806357, 18.318478829791626, 1607.0 ], [ -97.524606899224992, 18.318481966303267, 1607.0 ], [ -97.524609130135374, 18.318484038542515, 1607.0 ], [ -97.524614446984515, 18.318483984725969, 1607.0 ] ] } },
{ "type": "Feature", "properties": { "FID": 343, "elev": 1605.0, "elevation": 1605.0, "ELEVATION": 1605.0, "is_master": true, "tipo": "Maestra (5m)" }, "geometry": { "type": "LineString", "coordinates": [ [ -97.523559040421915, 18.318479947880554, 1605.0 ], [ -97.523558101164568, 18.318479947880558, 1605.0 ], [ -97.523558805607578, 18.318480956980306, 1605.0 ], [ -97.523559040421915, 18.318479947880554, 1605.0 ] ] } },
{ "type": "Feature", "properties": { "FID": 344, "elev": 1605.0, "elevation": 1605.0, "ELEVATION": 1605.0, "is_master": true, "tipo": "Maestra (5m)" }, "geometry": { "type": "LineString", "coordinates": [ [ -97.523558724325682, 18.318478938669198, 1605.0 ], [ -97.523556527174719, 18.318478938669198, 1605.0 ], [ -97.523557748943063, 18.318479870248911, 1605.0 ], [ -97.523558724325682, 18.318478938669198, 1605.0 ] ] } },
{ "type": "Feature", "properties": { "FID": 345, "elev": 1605.0, "elevation": 1605.0, "ELEVATION": 1605.0, "is_master": true, "tipo": "Maestra (5m)" }, "geometry": { "type": "LineString", "coordinates": [ [ -97.523743977808621, 18.318476920246496, 1605.0 ], [ -97.523747969689026, 18.318472883401075, 1605.0 ], [ -97.523751021812387, 18.318463800498893, 1605.0 ], [ -97.523746891891221, 18.318458561987867, 1605.0 ], [ -97.52374055190414, 18.318458608481798, 1605.0 ], [ -97.523733155252529, 18.318462950636697, 1605.0 ], [ -97.523730040150653, 18.318466828132959, 1605.0 ], [ -97.523730169026734, 18.318472883401075, 1605.0 ], [ -97.523733155252529, 18.318476689569607, 1605.0 ], [ -97.523743977808621, 18.318476920246496, 1605.0 ] ] } },
{ "type": "Feature", "properties": { "FID": 346, "elev": 1592.0, "elevation": 1592.0, "ELEVATION": 1592.0, "is_master": false, "tipo": "Ordinaria (1m)" }, "geometry": { "type": "LineString", "coordinates": [ [ -97.527430424390147, 18.318443719402904, 1592.0 ], [ -97.527425141067582, 18.318443594332436, 1592.0 ], [ -97.52741774441597, 18.318439456684484, 1592.0 ], [ -97.527410347764373, 18.318439575491851, 1592.0 ], [ -97.527406112607665, 18.318442607060462, 1592.0 ], [ -97.527403815416903, 18.318449671539934, 1592.0 ], [ -97.527405064441794, 18.318452201356738, 1592.0 ], [ -97.527412096063841, 18.318456736019417, 1592.0 ], [ -97.527413517757921, 18.318459858638079, 1592.0 ], [ -97.527416687751455, 18.318458825714114, 1592.0 ], [ -97.527419857745002, 18.31845369236612, 1592.0 ], [ -97.52742302773855, 18.318453118203276, 1592.0 ], [ -97.527429367725631, 18.318455844210721, 1592.0 ], [ -97.527433594383695, 18.318455726807603, 1592.0 ] ] } },
{ "type": "Feature", "properties": { "FID": 347, "elev": 1592.0, "elevation": 1592.0, "ELEVATION": 1592.0, "is_master": false, "tipo": "Ordinaria (1m)" }, "geometry": { "type": "LineString", "coordinates": [ [ -97.52659995549736, 18.317388990406947, 1592.0 ], [ -97.526614654811056, 18.317405137788612, 1592.0 ], [ -97.526627471969618, 18.317422294381629, 1592.0 ], [ -97.526643314281444, 18.317453579933595, 1592.0 ], [ -97.526650850924085, 18.317482847062855, 1592.0 ], [ -97.526652424031681, 18.317524224728377, 1592.0 ], [ -97.526654569623659, 18.317538353687329, 1592.0 ], [ -97.52666411147149, 18.31756661160524, 1592.0 ], [ -97.52668017126858, 18.317591841889087, 1592.0 ], [ -97.526725681057755, 18.317645330090848, 1592.0 ], [ -97.526762560059481, 18.317698818292605, 1592.0 ], [ -97.526773362781213, 18.317721020942393, 1592.0 ], [ -97.526789913496941, 18.317771481510089, 1592.0 ], [ -97.526801793326143, 18.317794693371226, 1592.0 ], [ -97.526812275648936, 18.317808905279069, 1592.0 ], [ -97.526838822557281, 18.317836071036744, 1592.0 ], [ -97.526868242639736, 18.317871393434121, 1592.0 ], [ -97.52691265877786, 18.317918975191564, 1592.0 ], [ -97.526960208681018, 18.317960906947025, 1592.0 ], [ -97.526998077926351, 18.317999563276075, 1592.0 ], [ -97.52702994853901, 18.318024842037328, 1592.0 ], [ -97.527046930224046, 18.318041950152942, 1592.0 ], [ -97.52705832263068, 18.318059106745967, 1592.0 ], [ -97.527068159422853, 18.318081309395744, 1592.0 ], [ -97.527074528304652, 18.318101493622827, 1592.0 ], [ -97.527076348267528, 18.318127733118029, 1592.0 ], [ -97.527081725100231, 18.318138933121364, 1592.0 ], [ -97.527088065087327, 18.318144994520264, 1592.0 ], [ -97.527095461738924, 18.31814893799228, 1592.0 ], [ -97.527122935016322, 18.318156841159787, 1592.0 ], [ -97.527133607614275, 18.318166083149482, 1592.0 ], [ -97.527146262166653, 18.318185258165201, 1592.0 ], [ -97.527175683811237, 18.318242783212384, 1592.0 ], [ -97.527189321370386, 18.318265995073514, 1592.0 ], [ -97.527205324440871, 18.318286179300603, 1592.0 ], [ -97.527222073934198, 18.318302326682261, 1592.0 ], [ -97.527249803535085, 18.318323520120686, 1592.0 ], [ -97.52726030140326, 18.318333559579731, 1592.0 ], [ -97.527261629373527, 18.318338658291001, 1592.0 ], [ -97.527261216816981, 18.318352787249957, 1592.0 ], [ -97.527266641390341, 18.318360946517188, 1592.0 ], [ -97.52727192471292, 18.318364090417123, 1592.0 ], [ -97.527277208035486, 18.318364140877691, 1592.0 ], [ -97.527282762903141, 18.318361870152138, 1592.0 ], [ -97.527289888009676, 18.318351824617586, 1592.0 ], [ -97.527294114667725, 18.318348881228228, 1592.0 ], [ -97.527311021299965, 18.31834950236594, 1592.0 ], [ -97.527376534499894, 18.318364804497769, 1592.0 ], [ -97.527398724454699, 18.318372966274911, 1592.0 ], [ -97.527415631086939, 18.318381679994356, 1592.0 ] ] } },
{ "type": "Feature", "properties": { "FID": 348, "elev": 1605.0, "elevation": 1605.0, "ELEVATION": 1605.0, "is_master": true, "tipo": "Maestra (5m)" }, "geometry": { "type": "LineString", "coordinates": [ [ -97.523573040896935, 18.318475911035133, 1605.0 ], [ -97.523574259326097, 18.318473892612431, 1605.0 ], [ -97.523569907889112, 18.31846380049889, 1605.0 ], [ -97.523573598906822, 18.318459763653479, 1605.0 ], [ -97.52357355088057, 18.318457745230763, 1605.0 ], [ -97.523570428917239, 18.318450659278707, 1605.0 ], [ -97.523568315588207, 18.31845214869508, 1605.0 ], [ -97.523567799542747, 18.318460772864828, 1605.0 ], [ -97.523563953460339, 18.318466828132951, 1605.0 ], [ -97.523567649076739, 18.318471874189719, 1605.0 ], [ -97.523567258923691, 18.318475406429457, 1605.0 ], [ -97.523573040896935, 18.318475911035133, 1605.0 ] ] } },
{ "type": "Feature", "properties": { "FID": 349, "elev": 1605.0, "elevation": 1605.0, "ELEVATION": 1605.0, "is_master": true, "tipo": "Maestra (5m)" }, "geometry": { "type": "LineString", "coordinates": [ [ -97.523585043400303, 18.318472883401075, 1605.0 ], [ -97.523589197077598, 18.318468846555657, 1605.0 ], [ -97.523589602450144, 18.318461782076177, 1605.0 ], [ -97.523587335549479, 18.318458956284392, 1605.0 ], [ -97.523583108891415, 18.318457266725385, 1605.0 ], [ -97.523578013420305, 18.318459763653475, 1605.0 ], [ -97.523577151945219, 18.318466828132955, 1605.0 ], [ -97.523582052226899, 18.318472700412201, 1605.0 ], [ -97.523585043400303, 18.318472883401075, 1605.0 ] ] } },
{ "type": "Feature", "properties": { "FID": 350, "elev": 1597.0, "elevation": 1597.0, "ELEVATION": 1597.0, "is_master": false, "tipo": "Ordinaria (1m)" }, "geometry": { "type": "LineString", "coordinates": [ [ -97.525825350992022, 18.318471278130996, 1597.0 ], [ -97.525823164390644, 18.318469855767013, 1597.0 ], [ -97.525823274832092, 18.318466828132951, 1597.0 ], [ -97.525825350992022, 18.318465870630313, 1597.0 ], [ -97.525827149511684, 18.31846884655566, 1597.0 ], [ -97.525825350992022, 18.318471278130996, 1597.0 ] ] } },
{ "type": "Feature", "properties": { "FID": 351, "elev": 1610.0, "elevation": 1610.0, "ELEVATION": 1610.0, "is_master": true, "tipo": "Maestra (5m)" }, "geometry": { "type": "LineString", "coordinates": [ [ -97.524906206120747, 18.318470864978369, 1610.0 ], [ -97.524912270432708, 18.318467837344308, 1610.0 ], [ -97.524917900626022, 18.318456736019414, 1610.0 ], [ -97.524916698531783, 18.318448662328581, 1610.0 ], [ -97.524913449515665, 18.318445697901911, 1610.0 ], [ -97.524909222857616, 18.318444710914086, 1610.0 ], [ -97.524901826206005, 18.318445823837209, 1610.0 ], [ -97.524896601205825, 18.318450680751294, 1610.0 ], [ -97.524894311060123, 18.318455726808057, 1610.0 ], [ -97.524894228584031, 18.318462791287541, 1610.0 ], [ -97.524896792282505, 18.318467837344311, 1610.0 ], [ -97.524901826206005, 18.31847107924829, 1610.0 ], [ -97.524906206120747, 18.318470864978369, 1610.0 ] ] } },
{ "type": "Feature", "properties": { "FID": 352, "elev": 1606.0, "elevation": 1606.0, "ELEVATION": 1606.0, "is_master": false, "tipo": "Ordinaria (1m)" }, "geometry": { "type": "LineString", "coordinates": [ [ -97.524453670177977, 18.318468846555657, 1606.0 ], [ -97.524452811613614, 18.318461782076184, 1606.0 ], [ -97.524450630458148, 18.318461355648846, 1606.0 ], [ -97.524449503931507, 18.318467837344308, 1606.0 ], [ -97.524451687122664, 18.318469732952934, 1606.0 ], [ -97.524453670177977, 18.318468846555657, 1606.0 ] ] } },
{ "type": "Feature", "properties": { "FID": 353, "elev": 1605.0, "elevation": 1605.0, "ELEVATION": 1605.0, "is_master": true, "tipo": "Maestra (5m)" }, "geometry": { "type": "LineString", "coordinates": [ [ -97.523554650761668, 18.318467837344308, 1605.0 ], [ -97.523554251019149, 18.31846380049889, 1605.0 ], [ -97.523552465620483, 18.318462436699761, 1605.0 ], [ -97.523550528402211, 18.318463800498893, 1605.0 ], [ -97.523550631639537, 18.318465818921599, 1605.0 ], [ -97.52355237756511, 18.318467837344311, 1605.0 ], [ -97.523554650761668, 18.318467837344308, 1605.0 ] ] } },
{ "type": "Feature", "properties": { "FID": 354, "elev": 1604.0, "elevation": 1604.0, "ELEVATION": 1604.0, "is_master": false, "tipo": "Ordinaria (1m)" }, "geometry": { "type": "LineString", "coordinates": [ [ -97.525280385770841, 18.318465818921599, 1604.0 ], [ -97.525280112102337, 18.318464302347159, 1604.0 ], [ -97.525279149066321, 18.318465818921599, 1604.0 ], [ -97.525280385770841, 18.318465818921599, 1604.0 ] ] } },
{ "type": "Feature", "properties": { "FID": 355, "elev": 1597.0, "elevation": 1597.0, "ELEVATION": 1597.0, "is_master": false, "tipo": "Ordinaria (1m)" }, "geometry": { "type": "LineString", "coordinates": [ [ -97.525887694198403, 18.318464176019393, 1597.0 ], [ -97.525885553600617, 18.31846380049889, 1597.0 ], [ -97.525887615342839, 18.318454717596701, 1597.0 ], [ -97.525885580869371, 18.318451894802568, 1597.0 ], [ -97.525877127553258, 18.318456831028854, 1597.0 ], [ -97.525871844230679, 18.318457218821145, 1597.0 ], [ -97.525863390914566, 18.318452402937826, 1597.0 ], [ -97.525859022221979, 18.318443616271811, 1597.0 ], [ -97.525859018931172, 18.318429487312862, 1597.0 ], [ -97.525861103589321, 18.318424441256091, 1597.0 ], [ -97.525865504243598, 18.318418652572088, 1597.0 ], [ -97.525872900895195, 18.318414386382823, 1597.0 ], [ -97.52587924088229, 18.318413060394036, 1597.0 ], [ -97.525888750862919, 18.318414346102763, 1597.0 ], [ -97.525894181807743, 18.318418385987961, 1597.0 ], [ -97.52589843066464, 18.318427468890146, 1597.0 ], [ -97.525898382900507, 18.318437561003684, 1597.0 ], [ -97.525892810395462, 18.318450680751294, 1597.0 ], [ -97.525891920856466, 18.318459561811203, 1597.0 ], [ -97.525887694198403, 18.318464176019393, 1597.0 ] ] } },
{ "type": "Feature", "properties": { "FID": 356, "elev": 1605.0, "elevation": 1605.0, "ELEVATION": 1605.0, "is_master": true, "tipo": "Maestra (5m)" }, "geometry": { "type": "LineString", "coordinates": [ [ -97.523795084981487, 18.318463800498893, 1605.0 ], [ -97.523795254613248, 18.318459763653475, 1605.0 ], [ -97.523792328465362, 18.318458236557348, 1605.0 ], [ -97.523791148932887, 18.318460772864825, 1605.0 ], [ -97.523794441794394, 18.31846468355883, 1605.0 ], [ -97.523795084981487, 18.318463800498893, 1605.0 ] ] } },
{ "type": "Feature", "properties": { "FID": 357, "elev": 1605.0, "elevation": 1605.0, "ELEVATION": 1605.0, "is_master": true, "tipo": "Maestra (5m)" }, "geometry": { "type": "LineString", "coordinates": [ [ -97.523559613645148, 18.318461782076177, 1605.0 ], [ -97.523560568762903, 18.318458754442119, 1605.0 ], [ -97.523558805607578, 18.318457533621935, 1605.0 ], [ -97.523555758891561, 18.318460772864828, 1605.0 ], [ -97.523559613645148, 18.318461782076177, 1605.0 ] ] } },
{ "type": "Feature", "properties": { "FID": 358, "elev": 1605.0, "elevation": 1605.0, "ELEVATION": 1605.0, "is_master": true, "tipo": "Maestra (5m)" }, "geometry": { "type": "LineString", "coordinates": [ [ -97.523539574313403, 18.318459763653479, 1605.0 ], [ -97.523542142820986, 18.318458754442126, 1605.0 ], [ -97.52354607840816, 18.31844563469452, 1605.0 ], [ -97.523551429573814, 18.318435542580985, 1605.0 ], [ -97.523551225188228, 18.31843150573556, 1605.0 ], [ -97.523549295626935, 18.318430114247185, 1605.0 ], [ -97.523541898975338, 18.318430592639576, 1605.0 ], [ -97.523537672317275, 18.318433558176636, 1605.0 ], [ -97.523532252650895, 18.318442607060465, 1605.0 ], [ -97.523530602271066, 18.31845168996264, 1605.0 ], [ -97.523531860662445, 18.318457745230763, 1605.0 ], [ -97.523535558988243, 18.318460268259148, 1605.0 ], [ -97.523539574313403, 18.318459763653479, 1605.0 ] ] } },
{ "type": "Feature", "properties": { "FID": 359, "elev": 1590.0, "elevation": 1590.0, "ELEVATION": 1590.0, "is_master": true, "tipo": "Maestra (5m)" }, "geometry": { "type": "LineString", "coordinates": [ [ -97.52729305800321, 18.318458935304371, 1590.0 ], [ -97.527290078326047, 18.318457745230763, 1590.0 ], [ -97.527290944674192, 18.318455105754921, 1590.0 ], [ -97.527295171332241, 18.318455009736837, 1590.0 ], [ -97.527295355305085, 18.318457745230766, 1590.0 ], [ -97.52729305800321, 18.318458935304371, 1590.0 ] ] } },
{ "type": "Feature", "properties": { "FID": 360, "elev": 1604.0, "elevation": 1604.0, "ELEVATION": 1604.0, "is_master": false, "tipo": "Ordinaria (1m)" }, "geometry": { "type": "LineString", "coordinates": [ [ -97.52527457292075, 18.318457745230763, 1604.0 ], [ -97.525276942108789, 18.318457625216439, 1604.0 ], [ -97.525277100169419, 18.318453708385352, 1604.0 ], [ -97.525271658786224, 18.318449402034634, 1604.0 ], [ -97.525269287631048, 18.31845168996264, 1604.0 ], [ -97.52526945994677, 18.318454717596701, 1604.0 ], [ -97.52527457292075, 18.318457745230763, 1604.0 ] ] } },
{ "type": "Feature", "properties": { "FID": 361, "elev": 1611.0, "elevation": 1611.0, "ELEVATION": 1611.0, "is_master": false, "tipo": "Ordinaria (1m)" }, "geometry": { "type": "LineString", "coordinates": [ [ -97.524912537269998, 18.318452699173992, 1611.0 ], [ -97.524911336186634, 18.318450837376535, 1611.0 ], [ -97.524909424643653, 18.318452699173992, 1611.0 ], [ -97.524911336186634, 18.318453586419054, 1611.0 ], [ -97.524912537269998, 18.318452699173992, 1611.0 ] ] } },
{ "type": "Feature", "properties": { "FID": 362, "elev": 1605.0, "elevation": 1605.0, "ELEVATION": 1605.0, "is_master": true, "tipo": "Maestra (5m)" }, "geometry": { "type": "LineString", "coordinates": [ [ -97.523494030079107, 18.318452699173992, 1605.0 ], [ -97.523495396931139, 18.31845068075129, 1605.0 ], [ -97.52349329240765, 18.318449835830155, 1605.0 ], [ -97.523491653730062, 18.318451689962647, 1605.0 ], [ -97.523494030079107, 18.318452699173992, 1605.0 ] ] } },
{ "type": "Feature", "properties": { "FID": 363, "elev": 1606.0, "elevation": 1606.0, "ELEVATION": 1606.0, "is_master": false, "tipo": "Ordinaria (1m)" }, "geometry": { "type": "LineString", "coordinates": [ [ -97.525145769760812, 18.318449671539934, 1606.0 ], [ -97.525145915708947, 18.318447199703431, 1606.0 ], [ -97.52514267790805, 18.318446643905872, 1606.0 ], [ -97.525142745715399, 18.318450246967458, 1606.0 ], [ -97.525145769760812, 18.318449671539934, 1606.0 ] ] } },
{ "type": "Feature", "properties": { "FID": 364, "elev": 1605.0, "elevation": 1605.0, "ELEVATION": 1605.0, "is_master": true, "tipo": "Maestra (5m)" }, "geometry": { "type": "LineString", "coordinates": [ [ -97.523572072617597, 18.318447653117229, 1605.0 ], [ -97.523573086117707, 18.318446643905869, 1605.0 ], [ -97.523571485581755, 18.318445348953958, 1605.0 ], [ -97.52356934369422, 18.318447653117225, 1605.0 ], [ -97.523570428917239, 18.31844819292796, 1605.0 ], [ -97.523572072617597, 18.318447653117229, 1605.0 ] ] } },
{ "type": "Feature", "properties": { "FID": 365, "elev": 1609.0, "elevation": 1609.0, "ELEVATION": 1609.0, "is_master": false, "tipo": "Ordinaria (1m)" }, "geometry": { "type": "LineString", "coordinates": [ [ -97.524967204512592, 18.318445634694523, 1609.0 ], [ -97.524975792722046, 18.318442710673914, 1609.0 ], [ -97.524982132709141, 18.318436643055524, 1609.0 ], [ -97.524983931589716, 18.318430496524211, 1609.0 ], [ -97.524983090167154, 18.318424441256095, 1609.0 ], [ -97.52497473605753, 18.318414139087604, 1609.0 ], [ -97.524965226076901, 18.318407547935589, 1609.0 ], [ -97.524952546102725, 18.318404393485753, 1609.0 ], [ -97.524945149451113, 18.318405530187945, 1609.0 ], [ -97.524940903924048, 18.318409303085769, 1609.0 ], [ -97.524937611387159, 18.318417376776608, 1609.0 ], [ -97.524936319840805, 18.31843352415828, 1609.0 ], [ -97.524937601847441, 18.318441597849105, 1609.0 ], [ -97.524948319444661, 18.318445888795239, 1609.0 ], [ -97.524967204512592, 18.318445634694523, 1609.0 ] ] } },
{ "type": "Feature", "properties": { "FID": 366, "elev": 1606.0, "elevation": 1606.0, "ELEVATION": 1606.0, "is_master": false, "tipo": "Ordinaria (1m)" }, "geometry": { "type": "LineString", "coordinates": [ [ -97.524439699012149, 18.318441597849109, 1606.0 ], [ -97.524440063813003, 18.318439536050551, 1606.0 ], [ -97.524436824776032, 18.318439579426396, 1606.0 ], [ -97.524437950483971, 18.318442300619765, 1606.0 ], [ -97.524439699012149, 18.318441597849109, 1606.0 ] ] } },
{ "type": "Feature", "properties": { "FID": 367, "elev": 1602.0, "elevation": 1602.0, "ELEVATION": 1602.0, "is_master": false, "tipo": "Ordinaria (1m)" }, "geometry": { "type": "LineString", "coordinates": [ [ -97.525397401863486, 18.318437619836637, 1602.0 ], [ -97.525394372135153, 18.318436551792338, 1602.0 ], [ -97.525399269456585, 18.318435542580982, 1602.0 ], [ -97.525397401863486, 18.318437619836637, 1602.0 ] ] } },
{ "type": "Feature", "properties": { "FID": 368, "elev": 1610.0, "elevation": 1610.0, "ELEVATION": 1610.0, "is_master": true, "tipo": "Maestra (5m)" }, "geometry": { "type": "LineString", "coordinates": [ [ -97.524974091055853, 18.318435542580978, 1610.0 ], [ -97.524979945433046, 18.31843150573556, 1610.0 ], [ -97.524978962715593, 18.318426822640774, 1610.0 ], [ -97.524973679393014, 18.318424642179846, 1610.0 ], [ -97.524965056488767, 18.318425450467441, 1610.0 ], [ -97.524962861363974, 18.318428478101506, 1610.0 ], [ -97.524963112747869, 18.318431602918878, 1610.0 ], [ -97.524967339405933, 18.31843553117746, 1610.0 ], [ -97.524974091055853, 18.318435542580978, 1610.0 ] ] } },
{ "type": "Feature", "properties": { "FID": 369, "elev": 1605.0, "elevation": 1605.0, "ELEVATION": 1605.0, "is_master": true, "tipo": "Maestra (5m)" }, "geometry": { "type": "LineString", "coordinates": [ [ -97.524076571219879, 18.318434655698269, 1605.0 ], [ -97.5240712878973, 18.318434533373114, 1605.0 ], [ -97.52406902626447, 18.318431505735557, 1605.0 ], [ -97.524070818268626, 18.3184264596788, 1605.0 ], [ -97.524073401226332, 18.318425025536349, 1605.0 ], [ -97.524077627884381, 18.318425531204351, 1605.0 ], [ -97.524079267536223, 18.31842746889015, 1605.0 ], [ -97.52407955474321, 18.31843352415828, 1605.0 ], [ -97.524076571219879, 18.318434655698269, 1605.0 ] ] } },
{ "type": "Feature", "properties": { "FID": 370, "elev": 1606.0, "elevation": 1606.0, "ELEVATION": 1606.0, "is_master": false, "tipo": "Ordinaria (1m)" }, "geometry": { "type": "LineString", "coordinates": [ [ -97.525162392597238, 18.318429487312855, 1606.0 ], [ -97.525167048999251, 18.318426736315406, 1606.0 ], [ -97.525166619729291, 18.318423432044735, 1606.0 ], [ -97.525162822341187, 18.318421188426104, 1606.0 ], [ -97.525159652347639, 18.31842158708022, 1606.0 ], [ -97.525157401690365, 18.318424441256088, 1606.0 ], [ -97.525160709012155, 18.318430390291432, 1606.0 ], [ -97.525162392597238, 18.318429487312855, 1606.0 ] ] } },
{ "type": "Feature", "properties": { "FID": 371, "elev": 1592.0, "elevation": 1592.0, "ELEVATION": 1592.0, "is_master": false, "tipo": "Ordinaria (1m)" }, "geometry": { "type": "LineString", "coordinates": [ [ -97.527367259333602, 18.318423432044732, 1592.0 ], [ -97.527370610433948, 18.318418385987957, 1592.0 ], [ -97.527366196921875, 18.318412330719841, 1592.0 ], [ -97.527359627867654, 18.318409298836471, 1592.0 ], [ -97.527349021096001, 18.318409303085769, 1592.0 ], [ -97.527347895783706, 18.318412330719845, 1592.0 ], [ -97.527354344545074, 18.318420254102602, 1592.0 ], [ -97.527360684532169, 18.318423637806273, 1592.0 ], [ -97.527367259333602, 18.318423432044732, 1592.0 ] ] } },
{ "type": "Feature", "properties": { "FID": 372, "elev": 1605.0, "elevation": 1605.0, "ELEVATION": 1605.0, "is_master": true, "tipo": "Maestra (5m)" }, "geometry": { "type": "LineString", "coordinates": [ [ -97.523954365671628, 18.318423432044735, 1605.0 ], [ -97.523957581607107, 18.31842141362203, 1605.0 ], [ -97.523956351616206, 18.318419395199321, 1605.0 ], [ -97.523949650716432, 18.31842040441067, 1605.0 ], [ -97.523948969870517, 18.318422422833379, 1605.0 ], [ -97.523950828142603, 18.318424354752263, 1605.0 ], [ -97.523954365671628, 18.318423432044735, 1605.0 ] ] } },
{ "type": "Feature", "properties": { "FID": 373, "elev": 1606.0, "elevation": 1606.0, "ELEVATION": 1606.0, "is_master": false, "tipo": "Ordinaria (1m)" }, "geometry": { "type": "LineString", "coordinates": [ [ -97.524507822801326, 18.318415358353903, 1606.0 ], [ -97.524510693256062, 18.318411321508496, 1606.0 ], [ -97.524506633677433, 18.318408633684825, 1606.0 ], [ -97.524502820269362, 18.318413339931194, 1606.0 ], [ -97.524503463683885, 18.318414957434324, 1606.0 ], [ -97.524507822801326, 18.318415358353903, 1606.0 ] ] } },
{ "type": "Feature", "properties": { "FID": 374, "elev": 1597.0, "elevation": 1597.0, "ELEVATION": 1597.0, "is_master": false, "tipo": "Ordinaria (1m)" }, "geometry": { "type": "LineString", "coordinates": [ [ -97.526268529066158, 18.318412330719841, 1597.0 ], [ -97.526276546739879, 18.318409102845433, 1597.0 ], [ -97.526283857715995, 18.318403247817656, 1597.0 ], [ -97.526288247602906, 18.318395174126827, 1597.0 ], [ -97.526288985030163, 18.318384072801919, 1597.0 ], [ -97.52628720981069, 18.318373980688389, 1597.0 ], [ -97.526281823018024, 18.318362879363494, 1597.0 ], [ -97.526273376746346, 18.318352874063837, 1597.0 ], [ -97.526262810101187, 18.318345526449729, 1597.0 ], [ -97.526242733475414, 18.318340388367609, 1597.0 ], [ -97.526232166830255, 18.318340385640933, 1597.0 ], [ -97.52620997687545, 18.318343524458136, 1597.0 ], [ -97.526200466894807, 18.318346534779618, 1597.0 ], [ -97.526188843585146, 18.318352736472029, 1597.0 ], [ -97.526181497250903, 18.31835884251808, 1597.0 ], [ -97.526176119119839, 18.31836590699756, 1597.0 ], [ -97.526174546267328, 18.318374989899745, 1597.0 ], [ -97.526176067550566, 18.318379026745156, 1597.0 ], [ -97.526181446933549, 18.318383103638649, 1597.0 ], [ -97.526214203533513, 18.318393920897201, 1597.0 ], [ -97.52623850681735, 18.318406381088785, 1597.0 ], [ -97.526246960133463, 18.318407157676216, 1597.0 ], [ -97.526257526778622, 18.318412586833901, 1597.0 ], [ -97.526268529066158, 18.318412330719841, 1597.0 ] ] } },
{ "type": "Feature", "properties": { "FID": 375, "elev": 1605.0, "elevation": 1605.0, "ELEVATION": 1605.0, "is_master": true, "tipo": "Maestra (5m)" }, "geometry": { "type": "LineString", "coordinates": [ [ -97.52540740763979, 18.318404257029005, 1605.0 ], [ -97.525417478489274, 18.318400270994573, 1605.0 ], [ -97.52542280557212, 18.318393155704115, 1605.0 ], [ -97.525425147149278, 18.318385082013283, 1605.0 ], [ -97.525424047638154, 18.318367925420269, 1605.0 ], [ -97.52541853515379, 18.318361017308717, 1605.0 ], [ -97.525412195166695, 18.318358739706152, 1605.0 ], [ -97.525403741850582, 18.318357523705036, 1605.0 ], [ -97.525387891882858, 18.318358645859067, 1605.0 ], [ -97.525382769436547, 18.318361870152138, 1605.0 ], [ -97.525380247797344, 18.318366916208909, 1605.0 ], [ -97.525380244630412, 18.318374989899748, 1605.0 ], [ -97.525384761555557, 18.318391137281413, 1605.0 ], [ -97.525387891882858, 18.318396403951972, 1605.0 ], [ -97.525394231869953, 18.318402151079429, 1605.0 ], [ -97.52540740763979, 18.318404257029005, 1605.0 ] ] } },
{ "type": "Feature", "properties": { "FID": 376, "elev": 1606.0, "elevation": 1606.0, "ELEVATION": 1606.0, "is_master": false, "tipo": "Ordinaria (1m)" }, "geometry": { "type": "LineString", "coordinates": [ [ -97.525408425939162, 18.318397192549529, 1606.0 ], [ -97.525413320744121, 18.318395174126827, 1606.0 ], [ -97.525419396139696, 18.318388109647337, 1606.0 ], [ -97.525421062616232, 18.318378017533799, 1606.0 ], [ -97.525419663321912, 18.318368934631618, 1606.0 ], [ -97.525412195166695, 18.318362754451282, 1606.0 ], [ -97.525399515192518, 18.318361661920083, 1606.0 ], [ -97.525394231869953, 18.318362806890661, 1606.0 ], [ -97.525387877629868, 18.318368934631618, 1606.0 ], [ -97.525387155979715, 18.318375999111097, 1606.0 ], [ -97.525389063363207, 18.318387100435995, 1606.0 ], [ -97.525395288534469, 18.318395243821858, 1606.0 ], [ -97.525400571857034, 18.318397463721176, 1606.0 ], [ -97.525408425939162, 18.318397192549529, 1606.0 ] ] } },
{ "type": "Feature", "properties": { "FID": 377, "elev": 1606.0, "elevation": 1606.0, "ELEVATION": 1606.0, "is_master": false, "tipo": "Ordinaria (1m)" }, "geometry": { "type": "LineString", "coordinates": [ [ -97.524758119831986, 18.318397710318827, 1606.0 ], [ -97.524753893173923, 18.31839731562409, 1606.0 ], [ -97.524748609851343, 18.318393393165611, 1606.0 ], [ -97.524748340294067, 18.318390128070057, 1606.0 ], [ -97.524750723180375, 18.318387440272467, 1606.0 ], [ -97.524752836509407, 18.318387350335946, 1606.0 ], [ -97.524760341228969, 18.318393155704115, 1606.0 ], [ -97.524760849548642, 18.31839517412682, 1606.0 ], [ -97.524758119831986, 18.318397710318827, 1606.0 ] ] } },
{ "type": "Feature", "properties": { "FID": 378, "elev": 1606.0, "elevation": 1606.0, "ELEVATION": 1606.0, "is_master": false, "tipo": "Ordinaria (1m)" }, "geometry": { "type": "LineString", "coordinates": [ [ -97.524637660077289, 18.318396183370066, 1606.0 ], [ -97.52463660339329, 18.31839517412682, 1606.0 ], [ -97.524637660077289, 18.318396183300976, 1606.0 ], [ -97.524637660077289, 18.318396183370066, 1606.0 ] ] } },
{ "type": "Feature", "properties": { "FID": 379, "elev": 1607.0, "elevation": 1607.0, "ELEVATION": 1607.0, "is_master": false, "tipo": "Ordinaria (1m)" }, "geometry": { "type": "LineString", "coordinates": [ [ -97.52540605207362, 18.318391137281409, 1607.0 ], [ -97.525409290449232, 18.318390128070053, 1607.0 ], [ -97.525414165962516, 18.318385082013279, 1607.0 ], [ -97.525416034565509, 18.31837700832245, 1607.0 ], [ -97.525415332930834, 18.318371962265676, 1607.0 ], [ -97.525409025173161, 18.318366787215947, 1607.0 ], [ -97.525400571857034, 18.318366762457355, 1607.0 ], [ -97.525394200500216, 18.318370953054334, 1607.0 ], [ -97.52539300419113, 18.318381045167872, 1607.0 ], [ -97.525397401863486, 18.318390204850349, 1607.0 ], [ -97.525402685186066, 18.318391980801344, 1607.0 ], [ -97.52540605207362, 18.318391137281409, 1607.0 ] ] } },
{ "type": "Feature", "properties": { "FID": 380, "elev": 1589.0, "elevation": 1589.0, "ELEVATION": 1589.0, "is_master": false, "tipo": "Ordinaria (1m)" }, "geometry": { "type": "LineString", "coordinates": [ [ -97.527001418597109, 18.318389311089437, 1589.0 ], [ -97.527000890264844, 18.318389118858704, 1589.0 ], [ -97.527001418597109, 18.318388782454907, 1589.0 ], [ -97.527001418597109, 18.318389311089437, 1589.0 ] ] } },
{ "type": "Feature", "properties": { "FID": 381, "elev": 1609.0, "elevation": 1609.0, "ELEVATION": 1609.0, "is_master": false, "tipo": "Ordinaria (1m)" }, "geometry": { "type": "LineString", "coordinates": [ [ -97.524938217731901, 18.318389118858693, 1609.0 ], [ -97.524944092786598, 18.318384127849825, 1609.0 ], [ -97.524948203835848, 18.318375999111094, 1609.0 ], [ -97.524948599060579, 18.318362879363498, 1609.0 ], [ -97.524945149451113, 18.318355690890716, 1609.0 ], [ -97.524937752799516, 18.318349963973336, 1609.0 ], [ -97.524920846167277, 18.318346610309781, 1609.0 ], [ -97.524910279522132, 18.318342496464791, 1609.0 ], [ -97.524900769541489, 18.318342675533739, 1609.0 ], [ -97.524896864352925, 18.318344713559132, 1609.0 ], [ -97.524889163794114, 18.318355814884011, 1609.0 ], [ -97.524889129130784, 18.318366916208909, 1609.0 ], [ -97.524892164293092, 18.318371962265676, 1609.0 ], [ -97.524898656212457, 18.318377082326915, 1609.0 ], [ -97.524906052864068, 18.318380277302364, 1609.0 ], [ -97.524928242818874, 18.318388226155363, 1609.0 ], [ -97.524938217731901, 18.318389118858693, 1609.0 ] ] } },
{ "type": "Feature", "properties": { "FID": 382, "elev": 1606.0, "elevation": 1606.0, "ELEVATION": 1606.0, "is_master": false, "tipo": "Ordinaria (1m)" }, "geometry": { "type": "LineString", "coordinates": [ [ -97.524599321411898, 18.318388109647341, 1606.0 ], [ -97.524605912727395, 18.318384072801923, 1606.0 ], [ -97.524601733483777, 18.318380485605136, 1606.0 ], [ -97.524594264125895, 18.318381045167868, 1606.0 ], [ -97.524593386901444, 18.318385082013279, 1606.0 ], [ -97.524597506825714, 18.318389071644138, 1606.0 ], [ -97.524599321411898, 18.318388109647341, 1606.0 ] ] } },
{ "type": "Feature", "properties": { "FID": 383, "elev": 1606.0, "elevation": 1606.0, "ELEVATION": 1606.0, "is_master": false, "tipo": "Ordinaria (1m)" }, "geometry": { "type": "LineString", "coordinates": [ [ -97.524633631322942, 18.318385082013283, 1606.0 ], [ -97.524635848189362, 18.318382054379217, 1606.0 ], [ -97.524635657657697, 18.318379026745159, 1606.0 ], [ -97.524631320090194, 18.318375454029031, 1606.0 ], [ -97.524628150096646, 18.318375995266475, 1606.0 ], [ -97.524625865059633, 18.318381045167868, 1606.0 ], [ -97.524629206761162, 18.318384124503329, 1606.0 ], [ -97.524633631322942, 18.318385082013283, 1606.0 ] ] } },
{ "type": "Feature", "properties": { "FID": 384, "elev": 1607.0, "elevation": 1607.0, "ELEVATION": 1607.0, "is_master": false, "tipo": "Ordinaria (1m)" }, "geometry": { "type": "LineString", "coordinates": [ [ -97.525062689685285, 18.31838407280193, 1607.0 ], [ -97.525065372758974, 18.318382054379217, 1607.0 ], [ -97.525065011203367, 18.318380035956515, 1607.0 ], [ -97.525060325883246, 18.318382288448408, 1607.0 ], [ -97.525062689685285, 18.31838407280193, 1607.0 ] ] } },
{ "type": "Feature", "properties": { "FID": 385, "elev": 1593.0, "elevation": 1593.0, "ELEVATION": 1593.0, "is_master": false, "tipo": "Ordinaria (1m)" }, "geometry": { "type": "LineString", "coordinates": [ [ -97.526616699154843, 18.317386971984249, 1593.0 ], [ -97.526640207578623, 18.317412202268088, 1593.0 ], [ -97.526656890351333, 18.317438441763287, 1593.0 ], [ -97.526665450082547, 18.317457616779013, 1593.0 ], [ -97.526670907861885, 18.317474773372034, 1593.0 ], [ -97.526675227086869, 18.317496976021818, 1593.0 ], [ -97.526677925304426, 18.317524224728377, 1593.0 ], [ -97.526688458049222, 18.317556519491699, 1593.0 ], [ -97.526702363226988, 18.317581749775545, 1593.0 ], [ -97.526738268361271, 18.317633219554601, 1593.0 ], [ -97.526766733653517, 18.317680652488232, 1593.0 ], [ -97.526782877358968, 18.31771395646291, 1593.0 ], [ -97.526803612903819, 18.31776946308738, 1593.0 ], [ -97.526812266228447, 18.317785610469041, 1593.0 ], [ -97.526827009607487, 18.31780579469612, 1593.0 ], [ -97.526867199761284, 18.317849190784351, 1593.0 ], [ -97.52690951410743, 18.317890568449851, 1593.0 ], [ -97.526944322136458, 18.317928918481297, 1593.0 ], [ -97.526982398635838, 18.317966269343312, 1593.0 ], [ -97.527009871913222, 18.317991520779056, 1593.0 ], [ -97.527051081829299, 18.31802382865542, 1593.0 ], [ -97.527063870290604, 18.318036904096171, 1593.0 ], [ -97.527081709210549, 18.318062134380021, 1593.0 ], [ -97.527096729195861, 18.318091401509285, 1593.0 ], [ -97.527099603863832, 18.318105530468245, 1593.0 ], [ -97.527098784073672, 18.318113604159073, 1593.0 ], [ -97.527096343191218, 18.31811865021584, 1593.0 ], [ -97.527097541164281, 18.318128742329382, 1593.0 ], [ -97.527104971719567, 18.318135850403294, 1593.0 ], [ -97.527111311706648, 18.318135898037006, 1593.0 ], [ -97.527120821687291, 18.318130046121347, 1593.0 ], [ -97.527127161674372, 18.318130739430721, 1593.0 ], [ -97.52714195497758, 18.318141802904975, 1593.0 ], [ -97.52715879923727, 18.318166083149478, 1593.0 ], [ -97.527197803253287, 18.318236727944257, 1593.0 ], [ -97.527214852287102, 18.318258930594041, 1593.0 ], [ -97.527230548904114, 18.318274068764349, 1593.0 ], [ -97.527270868048404, 18.318300330258715, 1593.0 ], [ -97.527302567983853, 18.318314623185543, 1593.0 ], [ -97.52732687126769, 18.318321613610536, 1593.0 ], [ -97.527378647828925, 18.318331464701334, 1593.0 ], [ -97.52740612110631, 18.31833869820332, 1593.0 ] ] } },
{ "type": "Feature", "properties": { "FID": 386, "elev": 1606.0, "elevation": 1606.0, "ELEVATION": 1606.0, "is_master": false, "tipo": "Ordinaria (1m)" }, "geometry": { "type": "LineString", "coordinates": [ [ -97.524766573148099, 18.31837713274577, 1606.0 ], [ -97.52476352507739, 18.318374989899745, 1606.0 ], [ -97.524764459819067, 18.318373160704162, 1606.0 ], [ -97.524766573148099, 18.318372867726328, 1606.0 ], [ -97.5247693108698, 18.318374989899748, 1606.0 ], [ -97.524766573148099, 18.31837713274577, 1606.0 ] ] } },
{ "type": "Feature", "properties": { "FID": 387, "elev": 1610.0, "elevation": 1610.0, "ELEVATION": 1610.0, "is_master": true, "tipo": "Maestra (5m)" }, "geometry": { "type": "LineString", "coordinates": [ [ -97.524929752047072, 18.318375999111094, 1610.0 ], [ -97.524935785319954, 18.31837095305433, 1610.0 ], [ -97.524936461320664, 18.31836590699756, 1610.0 ], [ -97.524933521345702, 18.318359851729436, 1610.0 ], [ -97.524913449515665, 18.318346882735398, 1610.0 ], [ -97.524902882870521, 18.318344184096382, 1610.0 ], [ -97.524899528183823, 18.318345722770484, 1610.0 ], [ -97.52489696765555, 18.318361870152142, 1610.0 ], [ -97.52489747052708, 18.318365906997556, 1610.0 ], [ -97.524900769541489, 18.318370725981769, 1610.0 ], [ -97.524912392851149, 18.318376123784699, 1610.0 ], [ -97.524929752047072, 18.318375999111094, 1610.0 ] ] } },
{ "type": "Feature", "properties": { "FID": 388, "elev": 1606.0, "elevation": 1606.0, "ELEVATION": 1606.0, "is_master": false, "tipo": "Ordinaria (1m)" }, "geometry": { "type": "LineString", "coordinates": [ [ -97.524465814810426, 18.31837196226568, 1606.0 ], [ -97.524467189244305, 18.318370953054337, 1606.0 ], [ -97.524466480425872, 18.318368867125841, 1606.0 ], [ -97.524464406926768, 18.318369943842971, 1606.0 ], [ -97.524465814810426, 18.31837196226568, 1606.0 ] ] } },
{ "type": "Feature", "properties": { "FID": 389, "elev": 1605.0, "elevation": 1605.0, "ELEVATION": 1605.0, "is_master": true, "tipo": "Maestra (5m)" }, "geometry": { "type": "LineString", "coordinates": [ [ -97.524221334258414, 18.318369989128094, 1605.0 ], [ -97.524218305153468, 18.318368934631625, 1605.0 ], [ -97.524221334258414, 18.318366060573201, 1605.0 ], [ -97.524222399178115, 18.318367925420269, 1605.0 ], [ -97.524221334258414, 18.318369989128094, 1605.0 ] ] } },
{ "type": "Feature", "properties": { "FID": 390, "elev": 1611.0, "elevation": 1611.0, "ELEVATION": 1611.0, "is_master": false, "tipo": "Ordinaria (1m)" }, "geometry": { "type": "LineString", "coordinates": [ [ -97.524919224963114, 18.318367925420272, 1611.0 ], [ -97.524920912872062, 18.318366916208902, 1611.0 ], [ -97.524920952665738, 18.318363888574844, 1611.0 ], [ -97.524909222857616, 18.318352120002778, 1611.0 ], [ -97.524906873099894, 18.318356824095375, 1611.0 ], [ -97.524907161325856, 18.318363888574851, 1611.0 ], [ -97.524912392851149, 18.318367945626946, 1611.0 ], [ -97.524919224963114, 18.318367925420272, 1611.0 ] ] } },
{ "type": "Feature", "properties": { "FID": 391, "elev": 1606.0, "elevation": 1606.0, "ELEVATION": 1606.0, "is_master": false, "tipo": "Ordinaria (1m)" }, "geometry": { "type": "LineString", "coordinates": [ [ -97.52460014060145, 18.318361870152142, 1606.0 ], [ -97.524605960141841, 18.318357170451932, 1606.0 ], [ -97.524608073470858, 18.318352350070036, 1606.0 ], [ -97.524613014397858, 18.318348750404542, 1606.0 ], [ -97.524613082669831, 18.318346731981833, 1606.0 ], [ -97.524611243464406, 18.318343658070006, 1606.0 ], [ -97.524602790148293, 18.31834218034604, 1606.0 ], [ -97.524599620154746, 18.318338715416168, 1606.0 ], [ -97.524596450161198, 18.318338108246895, 1606.0 ], [ -97.524594336832166, 18.318339390463944, 1606.0 ], [ -97.524592319080838, 18.318344713559124, 1606.0 ], [ -97.524588204805653, 18.31834673198183, 1606.0 ], [ -97.524589009218275, 18.318348750404542, 1606.0 ], [ -97.524587472119194, 18.3183517780386, 1606.0 ], [ -97.524591166838633, 18.318359941561873, 1606.0 ], [ -97.524596450161198, 18.318362137327021, 1606.0 ], [ -97.52460014060145, 18.318361870152142, 1606.0 ] ] } },
{ "type": "Feature", "properties": { "FID": 392, "elev": 1588.0, "elevation": 1588.0, "ELEVATION": 1588.0, "is_master": false, "tipo": "Ordinaria (1m)" }, "geometry": { "type": "LineString", "coordinates": [ [ -97.5265463730682, 18.317398073309132, 1588.0 ], [ -97.526554698314939, 18.317413211479444, 1588.0 ], [ -97.526558906164894, 18.317425322015687, 1588.0 ], [ -97.526559634860988, 18.317456607567653, 1588.0 ], [ -97.526562483512109, 18.317461653624431, 1588.0 ], [ -97.52656924281051, 18.317463504866414, 1588.0 ], [ -97.526570778555978, 18.317466699681198, 1588.0 ], [ -97.526566295272659, 18.317471745737965, 1588.0 ], [ -97.526563008126757, 18.317487893119637, 1588.0 ], [ -97.526552254896387, 18.317490920753691, 1588.0 ], [ -97.52653542954603, 18.317505529501663, 1588.0 ], [ -97.526527820550371, 18.317516151037548, 1588.0 ], [ -97.526522499966063, 18.317530279996504, 1588.0 ], [ -97.526518213925257, 18.317556519491696, 1588.0 ], [ -97.526518191825588, 18.317581749775545, 1588.0 ], [ -97.526521477109654, 18.3176089984821, 1588.0 ], [ -97.526527805510923, 18.317631201131892, 1588.0 ], [ -97.52654366749104, 18.317661477472512, 1588.0 ], [ -97.526558676165365, 18.317676724746747, 1588.0 ], [ -97.526577696126637, 18.317684754182572, 1588.0 ], [ -97.526608339397569, 18.317691502874087, 1588.0 ], [ -97.526633699345922, 18.31769962941496, 1588.0 ], [ -97.526657584608643, 18.317712947251561, 1588.0 ], [ -97.526665308524912, 18.317724048576455, 1588.0 ], [ -97.526668816159145, 18.317734140689989, 1588.0 ], [ -97.526668940535416, 18.317739186746763, 1588.0 ], [ -97.526671739268451, 18.317740212639297, 1588.0 ], [ -97.526674998140322, 18.317739186746763, 1588.0 ], [ -97.526685611120143, 18.317749278860301, 1588.0 ], [ -97.526684322078083, 18.317765426241966, 1588.0 ], [ -97.526690519874776, 18.317775518355504, 1588.0 ], [ -97.526694985887787, 18.317777410626793, 1588.0 ], [ -97.526694608988336, 18.317783592046339, 1588.0 ], [ -97.52669921254585, 18.317787527970623, 1588.0 ], [ -97.526705800094334, 18.317800748639353, 1588.0 ], [ -97.526702546587757, 18.317820932866425, 1588.0 ], [ -97.526692975647975, 18.317840107882159, 1588.0 ], [ -97.526691158414096, 18.317849190784351, 1588.0 ], [ -97.526702649888236, 18.317903688197454, 1588.0 ], [ -97.526698155884105, 18.317915798733704, 1588.0 ], [ -97.526688521587218, 18.317914789522348, 1588.0 ], [ -97.526686396714794, 18.317916807945057, 1588.0 ], [ -97.526682329395044, 18.317928918481297, 1588.0 ], [ -97.526676890507972, 18.317933964538074, 1588.0 ], [ -97.526678758539873, 18.31794102901755, 1588.0 ], [ -97.526675904341772, 18.317948093497026, 1588.0 ], [ -97.526676551895022, 18.317957176399219, 1588.0 ], [ -97.526679882556266, 18.317969286935455, 1588.0 ], [ -97.526686069651973, 18.317979379049, 1588.0 ], [ -97.526698155881334, 18.317980521051325, 1588.0 ], [ -97.52670763768424, 18.317991489585253, 1588.0 ], [ -97.526707706115843, 18.317995526430664, 1588.0 ], [ -97.526702853754642, 18.318003600121497, 1588.0 ], [ -97.526707934831109, 18.318014701446391, 1588.0 ], [ -97.526707665861963, 18.318019731976829, 1588.0 ], [ -97.526704127524098, 18.318024793559932, 1588.0 ], [ -97.526704502641905, 18.318027821193986, 1588.0 ], [ -97.526708840662877, 18.318031858039404, 1588.0 ], [ -97.526710338601617, 18.318037913307531, 1588.0 ], [ -97.526719289171623, 18.318041850002199, 1588.0 ], [ -97.526723310367146, 18.318035894884819, 1588.0 ], [ -97.526722148381495, 18.318031858039404, 1588.0 ], [ -97.526724704577262, 18.318026811982637, 1588.0 ], [ -97.526728799152266, 18.318022637962862, 1588.0 ], [ -97.526734082474832, 18.318021150937692, 1588.0 ], [ -97.526740559206743, 18.318024793559932, 1588.0 ], [ -97.526741716875961, 18.318032867250761, 1588.0 ], [ -97.526737252468379, 18.318038670216044, 1588.0 ], [ -97.526728048364319, 18.318041950152942, 1588.0 ], [ -97.526717175842592, 18.318054998542166, 1588.0 ], [ -97.526706671354191, 18.318061125168668, 1588.0 ], [ -97.526697257716492, 18.318074244916268, 1588.0 ], [ -97.526688676091112, 18.3180823186071, 1588.0 ], [ -97.526677022591031, 18.318086163221786, 1588.0 ], [ -97.526662229287822, 18.318085570510355, 1588.0 ], [ -97.526645322655583, 18.318079193307426, 1588.0 ], [ -97.526631414665886, 18.318068189648148, 1588.0 ], [ -97.526596716087894, 18.318035894905115, 1588.0 ], [ -97.526578752791153, 18.318024553271506, 1588.0 ], [ -97.52653542954603, 18.318019467166678, 1588.0 ], [ -97.52650267294608, 18.318019579301271, 1588.0 ], [ -97.526495276294469, 18.318016719900985, 1588.0 ], [ -97.526487879642872, 18.318007636994814, 1588.0 ], [ -97.526467924939908, 18.317975342203585, 1588.0 ], [ -97.526452052111651, 18.31795515797651, 1588.0 ], [ -97.526379952420783, 18.317879467124961, 1588.0 ], [ -97.526327266631171, 18.317797721005292, 1588.0 ], [ -97.526306177994101, 18.317769463087387, 1588.0 ], [ -97.526280773397943, 18.317745097841836, 1588.0 ], [ -97.526264923430219, 18.317732999123052, 1588.0 ], [ -97.526246803590581, 18.317723039365102, 1588.0 ], [ -97.52623865090797, 18.317714965674263, 1588.0 ], [ -97.526226728873851, 18.317685698545006, 1588.0 ], [ -97.526216316862531, 18.317670330203686, 1588.0 ], [ -97.526203636888354, 18.317659396752806, 1588.0 ], [ -97.526190956914178, 18.317653287013421, 1588.0 ], [ -97.526133897030377, 18.31764048587636, 1588.0 ], [ -97.526111707075557, 18.317632407951059, 1588.0 ], [ -97.526091630449784, 18.31762224130426, 1588.0 ], [ -97.526078759929547, 18.317611016904817, 1588.0 ], [ -97.526069424955779, 18.317594869523148, 1588.0 ], [ -97.526070250416069, 18.317579731352847, 1588.0 ], [ -97.526073911435688, 18.317568630027949, 1588.0 ], [ -97.526071553823996, 18.317559303289464, 1588.0 ], [ -97.526054535963908, 18.317553491857641, 1588.0 ], [ -97.526050277167158, 18.317548445800863, 1588.0 ], [ -97.526050063132459, 18.317541381321384, 1588.0 ], [ -97.526048307204675, 18.317540244932996, 1588.0 ], [ -97.526040910553064, 18.317543479120275, 1588.0 ], [ -97.526036683895001, 18.317543548469985, 1588.0 ], [ -97.526032457236951, 18.317540061583468, 1588.0 ], [ -97.526029239213202, 18.317544408955456, 1588.0 ], [ -97.526027173914372, 18.317544120609352, 1588.0 ], [ -97.526028802938825, 18.317538353687329, 1588.0 ], [ -97.526032457236951, 18.317537691731495, 1588.0 ], [ -97.526034985684177, 18.317534316841915, 1588.0 ], [ -97.526033513901453, 18.317526852314693, 1588.0 ], [ -97.52602870906847, 18.317521197094312, 1588.0 ], [ -97.526022947256308, 18.317518390525592, 1588.0 ], [ -97.52601343727568, 18.317520170254816, 1588.0 ], [ -97.526010446377811, 18.317523215517021, 1588.0 ], [ -97.526007097288584, 18.317524045619194, 1588.0 ], [ -97.525999700636987, 18.317521073323107, 1588.0 ], [ -97.525988077327312, 18.317522247497969, 1588.0 ], [ -97.525979908497803, 18.317514132614839, 1588.0 ], [ -97.52597434068862, 18.317493948462161, 1588.0 ], [ -97.525970114030571, 18.317493909571937, 1588.0 ], [ -97.525961660714444, 18.317500102922573, 1588.0 ], [ -97.525955320727363, 18.317500205498153, 1588.0 ], [ -97.525946867411236, 18.317495078196689, 1588.0 ], [ -97.52594587434227, 18.317490920753691, 1588.0 ] ] } },
{ "type": "Feature", "properties": { "FID": 393, "elev": 1588.0, "elevation": 1588.0, "ELEVATION": 1588.0, "is_master": false, "tipo": "Ordinaria (1m)" }, "geometry": { "type": "LineString", "coordinates": [ [ -97.525823754592395, 18.317509086558069, 1588.0 ], [ -97.525813916454666, 18.317526243151082, 1588.0 ], [ -97.525786428900034, 18.317555510280343, 1588.0 ], [ -97.525784141075945, 18.317561087500991, 1588.0 ], [ -97.525775687759818, 18.317565822164841, 1588.0 ], [ -97.525754554469529, 18.317570886261873, 1588.0 ], [ -97.525743987824384, 18.317570884561842, 1588.0 ], [ -97.525736591172773, 18.317568606960258, 1588.0 ], [ -97.525732284607741, 18.317564593182531, 1588.0 ], [ -97.525721797869565, 18.317548696930203, 1588.0 ], [ -97.525708061230873, 18.317538451254595, 1588.0 ], [ -97.525699607914746, 18.317537396776753, 1588.0 ], [ -97.525690097934117, 18.31753955300481, 1588.0 ], [ -97.525680587953488, 18.317539518752959, 1588.0 ], [ -97.525675304630909, 18.317537351115522, 1588.0 ], [ -97.525671271425992, 18.317533307630566, 1588.0 ] ] } },
{ "type": "Feature", "properties": { "FID": 394, "elev": 1600.0, "elevation": 1600.0, "ELEVATION": 1600.0, "is_master": true, "tipo": "Maestra (5m)" }, "geometry": { "type": "LineString", "coordinates": [ [ -97.525611904760012, 18.318360278481666, 1600.0 ], [ -97.525609285318311, 18.318357833306724, 1600.0 ], [ -97.525611904760012, 18.318354329756943, 1600.0 ], [ -97.525614233003864, 18.318355814884015, 1600.0 ], [ -97.525614257333842, 18.31835884251808, 1600.0 ], [ -97.525611904760012, 18.318360278481666, 1600.0 ] ] } },
{ "type": "Feature", "properties": { "FID": 395, "elev": 1605.0, "elevation": 1605.0, "ELEVATION": 1605.0, "is_master": true, "tipo": "Maestra (5m)" }, "geometry": { "type": "LineString", "coordinates": [ [ -97.524165763310975, 18.318359851729436, 1605.0 ], [ -97.524167771785329, 18.318358842518077, 1605.0 ], [ -97.524167032825133, 18.318356824095368, 1605.0 ], [ -97.524161579880101, 18.318350768827255, 1605.0 ], [ -97.524157934387517, 18.318351069443395, 1605.0 ], [ -97.524154915346045, 18.318353796461317, 1605.0 ], [ -97.524154737977355, 18.318357833306724, 1605.0 ], [ -97.524156877723001, 18.318359521794957, 1605.0 ], [ -97.524165763310975, 18.318359851729436, 1605.0 ] ] } },
{ "type": "Feature", "properties": { "FID": 396, "elev": 1606.0, "elevation": 1606.0, "ELEVATION": 1606.0, "is_master": false, "tipo": "Ordinaria (1m)" }, "geometry": { "type": "LineString", "coordinates": [ [ -97.52473055377429, 18.318357833306724, 1606.0 ], [ -97.524729589890072, 18.318352607527387, 1606.0 ], [ -97.524726419896538, 18.318353199172957, 1606.0 ], [ -97.524726419896538, 18.318356972919165, 1606.0 ], [ -97.52473055377429, 18.318357833306724, 1606.0 ] ] } },
{ "type": "Feature", "properties": { "FID": 397, "elev": 1605.0, "elevation": 1605.0, "ELEVATION": 1605.0, "is_master": true, "tipo": "Maestra (5m)" }, "geometry": { "type": "LineString", "coordinates": [ [ -97.524245637542251, 18.318357144479926, 1605.0 ], [ -97.524245637542251, 18.318355189172976, 1605.0 ], [ -97.524246365466695, 18.318355814884015, 1605.0 ], [ -97.524245637542251, 18.318357144479926, 1605.0 ] ] } },
{ "type": "Feature", "properties": { "FID": 398, "elev": 1605.0, "elevation": 1605.0, "ELEVATION": 1605.0, "is_master": true, "tipo": "Maestra (5m)" }, "geometry": { "type": "LineString", "coordinates": [ [ -97.524226617580993, 18.318354030742508, 1605.0 ], [ -97.524223447587445, 18.318353771231017, 1605.0 ], [ -97.52422239092293, 18.318348986602945, 1605.0 ], [ -97.524228223711049, 18.318351778038604, 1605.0 ], [ -97.524226617580993, 18.318354030742508, 1605.0 ] ] } },
{ "type": "Feature", "properties": { "FID": 399, "elev": 1606.0, "elevation": 1606.0, "ELEVATION": 1606.0, "is_master": false, "tipo": "Ordinaria (1m)" }, "geometry": { "type": "LineString", "coordinates": [ [ -97.524705382087973, 18.318351778038597, 1606.0 ], [ -97.524707100221718, 18.318347741193183, 1606.0 ], [ -97.524706547786465, 18.318340676713706, 1606.0 ], [ -97.524702116612687, 18.318334799541713, 1606.0 ], [ -97.524697889954638, 18.318334657488847, 1606.0 ], [ -97.524694950887763, 18.318339667502357, 1606.0 ], [ -97.524695639297363, 18.318345722770481, 1606.0 ], [ -97.524698946619139, 18.318349609597988, 1606.0 ], [ -97.524705382087973, 18.318351778038597, 1606.0 ] ] } },
{ "type": "Feature", "properties": { "FID": 400, "elev": 1606.0, "elevation": 1606.0, "ELEVATION": 1606.0, "is_master": false, "tipo": "Ordinaria (1m)" }, "geometry": { "type": "LineString", "coordinates": [ [ -97.52475228646486, 18.318350768827255, 1606.0 ], [ -97.524755712985026, 18.318347741193186, 1606.0 ], [ -97.524754949838439, 18.318344901168931, 1606.0 ], [ -97.524749542423592, 18.318349759615895, 1606.0 ], [ -97.524750723180375, 18.318351586718912, 1606.0 ], [ -97.52475228646486, 18.318350768827255, 1606.0 ] ] } },
{ "type": "Feature", "properties": { "FID": 401, "elev": 1606.0, "elevation": 1606.0, "ELEVATION": 1606.0, "is_master": false, "tipo": "Ordinaria (1m)" }, "geometry": { "type": "LineString", "coordinates": [ [ -97.524763725526782, 18.318347741193186, 1606.0 ], [ -97.524768745650348, 18.31834673198183, 1606.0 ], [ -97.524768686477131, 18.318342506602431, 1606.0 ], [ -97.524766573148099, 18.318338557771941, 1606.0 ], [ -97.524764459819067, 18.318337979195512, 1606.0 ], [ -97.524762124388587, 18.318344713559128, 1606.0 ], [ -97.524763725526782, 18.318347741193186, 1606.0 ] ] } },
{ "type": "Feature", "properties": { "FID": 402, "elev": 1606.0, "elevation": 1606.0, "ELEVATION": 1606.0, "is_master": false, "tipo": "Ordinaria (1m)" }, "geometry": { "type": "LineString", "coordinates": [ [ -97.524829973018996, 18.31834372841243, 1606.0 ], [ -97.524827723555276, 18.318343704347768, 1606.0 ], [ -97.524826803025448, 18.318341195945639, 1606.0 ], [ -97.524830063160991, 18.318340676713706, 1606.0 ], [ -97.524829973018996, 18.31834372841243, 1606.0 ] ] } },
{ "type": "Feature", "properties": { "FID": 403, "elev": 1606.0, "elevation": 1606.0, "ELEVATION": 1606.0, "is_master": false, "tipo": "Ordinaria (1m)" }, "geometry": { "type": "LineString", "coordinates": [ [ -97.524715135763131, 18.318342695136423, 1606.0 ], [ -97.524714796586863, 18.318341520781384, 1606.0 ], [ -97.524713910352119, 18.318342695136426, 1606.0 ], [ -97.524715135763131, 18.318342695136423, 1606.0 ] ] } },
{ "type": "Feature", "properties": { "FID": 404, "elev": 1606.0, "elevation": 1606.0, "ELEVATION": 1606.0, "is_master": false, "tipo": "Ordinaria (1m)" }, "geometry": { "type": "LineString", "coordinates": [ [ -97.52475954403198, 18.31834067671371, 1606.0 ], [ -97.524759176496488, 18.318339869344626, 1606.0 ], [ -97.524758792254858, 18.318340676713714, 1606.0 ], [ -97.52475954403198, 18.31834067671371, 1606.0 ] ] } },
{ "type": "Feature", "properties": { "FID": 405, "elev": 1594.0, "elevation": 1594.0, "ELEVATION": 1594.0, "is_master": false, "tipo": "Ordinaria (1m)" }, "geometry": { "type": "LineString", "coordinates": [ [ -97.52663525934274, 18.31738394435018, 1594.0 ], [ -97.526663435212129, 18.317413211479444, 1594.0 ], [ -97.526683595363821, 18.31744550624277, 1594.0 ], [ -97.526697260651673, 18.317480828640161, 1594.0 ], [ -97.526705405497069, 18.317525233939723, 1594.0 ], [ -97.526716977717996, 18.317557528703055, 1594.0 ], [ -97.526772324768146, 18.317661477472509, 1594.0 ], [ -97.526792394654095, 18.317704873560732, 1594.0 ], [ -97.526818453307854, 18.31776845387602, 1594.0 ], [ -97.526829187617864, 18.31778661968039, 1594.0 ], [ -97.526845951642798, 18.317808822330186, 1594.0 ], [ -97.526868278868221, 18.317832231431332, 1594.0 ], [ -97.526904235296968, 18.317862310531947, 1594.0 ], [ -97.52692850874557, 18.317885344893597, 1594.0 ], [ -97.526963223583493, 18.3179289184813, 1594.0 ], [ -97.52698750796219, 18.31795414876515, 1594.0 ], [ -97.52701304190677, 18.317975347758885, 1594.0 ], [ -97.527056365151878, 18.318007594473794, 1594.0 ], [ -97.527085897846845, 18.318035894884819, 1594.0 ], [ -97.527119961473076, 18.318076263338984, 1594.0 ], [ -97.527147386777614, 18.31811360415907, 1594.0 ], [ -97.52716725037088, 18.318143880499694, 1594.0 ], [ -97.527203204524625, 18.318207460814989, 1594.0 ], [ -97.527221043722648, 18.31823168188749, 1594.0 ], [ -97.52723811144844, 18.31824981822583, 1594.0 ], [ -97.527276151370984, 18.318279037189477, 1594.0 ], [ -97.527314191293513, 18.318298430137947, 1594.0 ], [ -97.527349061222509, 18.318307651473596, 1594.0 ], [ -97.527399781119215, 18.318314035827626, 1594.0 ] ] } },
{ "type": "Feature", "properties": { "FID": 406, "elev": 1606.0, "elevation": 1606.0, "ELEVATION": 1606.0, "is_master": false, "tipo": "Ordinaria (1m)" }, "geometry": { "type": "LineString", "coordinates": [ [ -97.524773613003887, 18.318334621445594, 1606.0 ], [ -97.524775485016747, 18.318332603022871, 1606.0 ], [ -97.524775161670249, 18.318329575388816, 1606.0 ], [ -97.524770837998858, 18.318324529332052, 1606.0 ], [ -97.524761233843293, 18.318325538543409, 1606.0 ], [ -97.524761197941658, 18.318327556966107, 1606.0 ], [ -97.524766573148099, 18.318332555530581, 1606.0 ], [ -97.524771856470679, 18.318335441816775, 1606.0 ], [ -97.524773613003887, 18.318334621445594, 1606.0 ] ] } },
{ "type": "Feature", "properties": { "FID": 407, "elev": 1606.0, "elevation": 1606.0, "ELEVATION": 1606.0, "is_master": false, "tipo": "Ordinaria (1m)" }, "geometry": { "type": "LineString", "coordinates": [ [ -97.524795937298833, 18.318327556966107, 1606.0 ], [ -97.524797216419032, 18.318323813117534, 1606.0 ], [ -97.524792896525867, 18.318324529332049, 1606.0 ], [ -97.524793173528707, 18.318326547754747, 1606.0 ], [ -97.524795937298833, 18.318327556966107, 1606.0 ] ] } },
{ "type": "Feature", "properties": { "FID": 408, "elev": 1603.0, "elevation": 1603.0, "ELEVATION": 1603.0, "is_master": false, "tipo": "Ordinaria (1m)" }, "geometry": { "type": "LineString", "coordinates": [ [ -97.525421377581338, 18.318325538543409, 1603.0 ], [ -97.525423846242731, 18.318323520120686, 1603.0 ], [ -97.525423984125098, 18.318320492486631, 1603.0 ], [ -97.525420648482822, 18.318317919133694, 1603.0 ], [ -97.52541325183546, 18.31832251090934, 1603.0 ], [ -97.525417478489274, 18.318325971472134, 1603.0 ], [ -97.525421377581338, 18.318325538543409, 1603.0 ] ] } },
{ "type": "Feature", "properties": { "FID": 409, "elev": 1606.0, "elevation": 1606.0, "ELEVATION": 1606.0, "is_master": false, "tipo": "Ordinaria (1m)" }, "geometry": { "type": "LineString", "coordinates": [ [ -97.524762915005311, 18.318320492486635, 1606.0 ], [ -97.524764507250396, 18.318317464852569, 1606.0 ], [ -97.524760418349629, 18.318317464852566, 1606.0 ], [ -97.524760233161004, 18.31831969783202, 1606.0 ], [ -97.524762915005311, 18.318320492486635, 1606.0 ] ] } },
{ "type": "Feature", "properties": { "FID": 410, "elev": 1606.0, "elevation": 1606.0, "ELEVATION": 1606.0, "is_master": false, "tipo": "Ordinaria (1m)" }, "geometry": { "type": "LineString", "coordinates": [ [ -97.52481940635586, 18.318315446429864, 1606.0 ], [ -97.524818464858669, 18.318310400373097, 1606.0 ], [ -97.524820004357622, 18.318306363527675, 1606.0 ], [ -97.524816236380303, 18.318300417167254, 1606.0 ], [ -97.52481200972224, 18.318305932053253, 1606.0 ], [ -97.524808839728692, 18.31830456937416, 1606.0 ], [ -97.524807923037926, 18.318306363527672, 1606.0 ], [ -97.524810953057724, 18.318312254399377, 1606.0 ], [ -97.524814123051272, 18.318311420839592, 1606.0 ], [ -97.52481940635586, 18.318315446429864, 1606.0 ] ] } },
{ "type": "Feature", "properties": { "FID": 411, "elev": 1595.0, "elevation": 1595.0, "ELEVATION": 1595.0, "is_master": true, "tipo": "Maestra (5m)" }, "geometry": { "type": "LineString", "coordinates": [ [ -97.526657764678589, 18.317380916716115, 1595.0 ], [ -97.526679223038684, 18.317401100943194, 1595.0 ], [ -97.526698108068459, 18.317424312804331, 1595.0 ], [ -97.526706747398805, 18.31743844176329, 1595.0 ], [ -97.526723598435382, 18.317472754949325, 1595.0 ], [ -97.52673008123854, 18.3174929391764, 1595.0 ], [ -97.526734966942172, 18.317528261573791, 1595.0 ], [ -97.526745560462345, 18.317560556337121, 1595.0 ], [ -97.526823731653394, 18.317746251226239, 1595.0 ], [ -97.5268386627735, 18.3177755183555, 1595.0 ], [ -97.526856585592668, 18.31780074863935, 1595.0 ], [ -97.526879902177896, 18.31782604577948, 1595.0 ], [ -97.526922168758489, 18.317854267117458, 1595.0 ], [ -97.526944358713294, 18.317874285375911, 1595.0 ], [ -97.526953938268548, 18.317886531604433, 1595.0 ], [ -97.526971798828612, 18.317918826367759, 1595.0 ], [ -97.526986625293901, 18.317936117292668, 1595.0 ], [ -97.527011985242254, 18.317956213465632, 1595.0 ], [ -97.527060591809942, 18.317988414234339, 1595.0 ], [ -97.52712925768104, 18.318055069900542, 1595.0 ], [ -97.527151477766282, 18.318084337029813, 1595.0 ], [ -97.527196838659805, 18.31816204630406, 1595.0 ], [ -97.52721892615871, 18.318195350278739, 1595.0 ], [ -97.527237054783924, 18.318217726106813, 1595.0 ], [ -97.527277055233512, 18.318256912171336, 1595.0 ], [ -97.527300454654821, 18.318275160562557, 1595.0 ], [ -97.527327927932205, 18.318288284297811, 1595.0 ], [ -97.527357514538622, 18.318294541659704, 1595.0 ], [ -97.527395554461165, 18.318296466957037, 1595.0 ] ] } },
{ "type": "Feature", "properties": { "FID": 412, "elev": 1606.0, "elevation": 1606.0, "ELEVATION": 1606.0, "is_master": false, "tipo": "Ordinaria (1m)" }, "geometry": { "type": "LineString", "coordinates": [ [ -97.524802261620025, 18.318313428007151, 1606.0 ], [ -97.524801443077095, 18.318311446962639, 1606.0 ], [ -97.524800818167975, 18.318313428007155, 1606.0 ], [ -97.524802261620025, 18.318313428007151, 1606.0 ] ] } },
{ "type": "Feature", "properties": { "FID": 413, "elev": 1606.0, "elevation": 1606.0, "ELEVATION": 1606.0, "is_master": false, "tipo": "Ordinaria (1m)" }, "geometry": { "type": "LineString", "coordinates": [ [ -97.5248025411057, 18.318311409584449, 1606.0 ], [ -97.524801816017515, 18.318311409584446, 1606.0 ], [ -97.524802499741611, 18.318311627257483, 1606.0 ], [ -97.5248025411057, 18.318311409584449, 1606.0 ] ] } },
{ "type": "Feature", "properties": { "FID": 414, "elev": 1606.0, "elevation": 1606.0, "ELEVATION": 1606.0, "is_master": false, "tipo": "Ordinaria (1m)" }, "geometry": { "type": "LineString", "coordinates": [ [ -97.524825796233003, 18.318309391161737, 1606.0 ], [ -97.524831716804144, 18.318301317470912, 1606.0 ], [ -97.524830827156137, 18.318297280625487, 1606.0 ], [ -97.52482891635448, 18.318295870317314, 1606.0 ], [ -97.524826723638739, 18.318297280625487, 1606.0 ], [ -97.52482647642006, 18.31830434510497, 1606.0 ], [ -97.524821072982917, 18.318307372739028, 1606.0 ], [ -97.5248236330319, 18.318309604217465, 1606.0 ], [ -97.524825796233003, 18.318309391161737, 1606.0 ] ] } },
{ "type": "Feature", "properties": { "FID": 415, "elev": 1606.0, "elevation": 1606.0, "ELEVATION": 1606.0, "is_master": false, "tipo": "Ordinaria (1m)" }, "geometry": { "type": "LineString", "coordinates": [ [ -97.524875409359467, 18.318307372739028, 1606.0 ], [ -97.524874325121658, 18.318307372739024, 1606.0 ], [ -97.52487435292862, 18.318308381727221, 1606.0 ], [ -97.524875409359467, 18.318307372739028, 1606.0 ] ] } },
{ "type": "Feature", "properties": { "FID": 416, "elev": 1606.0, "elevation": 1606.0, "ELEVATION": 1606.0, "is_master": false, "tipo": "Ordinaria (1m)" }, "geometry": { "type": "LineString", "coordinates": [ [ -97.524752148838843, 18.318305354316326, 1606.0 ], [ -97.524754045159909, 18.318302326682261, 1606.0 ], [ -97.524750723180375, 18.318300369326483, 1606.0 ], [ -97.524749854863913, 18.318303335893614, 1606.0 ], [ -97.524752148838843, 18.318305354316326, 1606.0 ] ] } },
{ "type": "Feature", "properties": { "FID": 417, "elev": 1607.0, "elevation": 1607.0, "ELEVATION": 1607.0, "is_master": false, "tipo": "Ordinaria (1m)" }, "geometry": { "type": "LineString", "coordinates": [ [ -97.52489972576997, 18.318303335893614, 1607.0 ], [ -97.524899219409278, 18.318303335893614, 1607.0 ], [ -97.524899712876973, 18.318303827149929, 1607.0 ], [ -97.52489972576997, 18.318303335893614, 1607.0 ] ] } },
{ "type": "Feature", "properties": { "FID": 418, "elev": 1603.0, "elevation": 1603.0, "ELEVATION": 1603.0, "is_master": false, "tipo": "Ordinaria (1m)" }, "geometry": { "type": "LineString", "coordinates": [ [ -97.525506468018207, 18.318302326682261, 1603.0 ], [ -97.525512703040732, 18.318296271414138, 1603.0 ], [ -97.525513911949858, 18.318289206934661, 1603.0 ], [ -97.525512644714524, 18.318284160877894, 1603.0 ], [ -97.525509408302071, 18.31828183747373, 1603.0 ], [ -97.525504124979491, 18.318281967233176, 1603.0 ], [ -97.525498841656926, 18.3182708721775, 1603.0 ], [ -97.525492501669831, 18.318270047239029, 1603.0 ], [ -97.525489168767621, 18.318273059553, 1603.0 ], [ -97.525487984947006, 18.318281133243829, 1603.0 ], [ -97.525490265692227, 18.318294252991425, 1603.0 ], [ -97.52549383867391, 18.318299299048196, 1603.0 ], [ -97.525498408153538, 18.318302326682264, 1603.0 ], [ -97.525506468018207, 18.318302326682261, 1603.0 ] ] } },
{ "type": "Feature", "properties": { "FID": 419, "elev": 1606.0, "elevation": 1606.0, "ELEVATION": 1606.0, "is_master": false, "tipo": "Ordinaria (1m)" }, "geometry": { "type": "LineString", "coordinates": [ [ -97.524572994739898, 18.318301317470908, 1606.0 ], [ -97.524577430199926, 18.318299441351904, 1606.0 ], [ -97.52458129784668, 18.318294252991425, 1606.0 ], [ -97.524581674208804, 18.318290216146014, 1606.0 ], [ -97.524579543528958, 18.318288702328974, 1606.0 ], [ -97.524576839710946, 18.318294252991429, 1606.0 ], [ -97.524570467741384, 18.318295262202788, 1606.0 ], [ -97.524566645066713, 18.318299299048192, 1606.0 ], [ -97.524568976883813, 18.318301879141266, 1606.0 ], [ -97.524572994739898, 18.318301317470908, 1606.0 ] ] } },
{ "type": "Feature", "properties": { "FID": 420, "elev": 1606.0, "elevation": 1606.0, "ELEVATION": 1606.0, "is_master": false, "tipo": "Ordinaria (1m)" }, "geometry": { "type": "LineString", "coordinates": [ [ -97.524903939535037, 18.318300043466472, 1606.0 ], [ -97.524900943388616, 18.318297280625487, 1606.0 ], [ -97.524902882870521, 18.31829529080391, 1606.0 ], [ -97.524904876294357, 18.318297280625487, 1606.0 ], [ -97.524903939535037, 18.318300043466472, 1606.0 ] ] } },
{ "type": "Feature", "properties": { "FID": 421, "elev": 1596.0, "elevation": 1596.0, "ELEVATION": 1596.0, "is_master": false, "tipo": "Ordinaria (1m)" }, "geometry": { "type": "LineString", "coordinates": [ [ -97.526683094081406, 18.317376879870704, 1596.0 ], [ -97.526715062513574, 18.317405303090467, 1596.0 ], [ -97.526736195803863, 18.317427476462541, 1596.0 ], [ -97.526754159100619, 18.31743847087516, 1596.0 ], [ -97.526763759284322, 18.317449543088181, 1596.0 ], [ -97.526766673411288, 18.317464681258489, 1596.0 ], [ -97.526763342368824, 18.317490920753688, 1596.0 ], [ -97.526764494436122, 18.317526243151082, 1596.0 ], [ -97.526770871892836, 18.317556519491696, 1596.0 ], [ -97.526782643191197, 18.317595878734512, 1596.0 ], [ -97.526801649889691, 18.317649366936266, 1596.0 ], [ -97.526838477961675, 18.317741205169472, 1596.0 ], [ -97.526853394934918, 18.317769463087387, 1596.0 ], [ -97.526879886305252, 18.317804785484775, 1596.0 ], [ -97.526898922139154, 18.317822926674229, 1596.0 ], [ -97.526933792068149, 18.317839966384483, 1596.0 ], [ -97.526950861009354, 18.317851209207053, 1596.0 ], [ -97.526960319601613, 18.317860292109234, 1596.0 ], [ -97.52696651911107, 18.317869375011426, 1596.0 ], [ -97.526972993981886, 18.317883503970378, 1596.0 ], [ -97.526979074282266, 18.317904697408803, 1596.0 ], [ -97.526989914909834, 18.317920844790471, 1596.0 ], [ -97.527010928577738, 18.317936037677065, 1596.0 ], [ -97.527035231861575, 18.317950088808026, 1596.0 ], [ -97.527055308487363, 18.317959250179499, 1596.0 ], [ -97.527067988461539, 18.317968277723462, 1596.0 ], [ -97.527110255042132, 18.318014551728222, 1596.0 ], [ -97.527146264596908, 18.318048005421069, 1596.0 ], [ -97.527164046922934, 18.318072226493562, 1596.0 ], [ -97.527193655245355, 18.318123696272618, 1596.0 ], [ -97.527223289778405, 18.318168101572187, 1596.0 ], [ -97.527243394772412, 18.318193331856037, 1596.0 ], [ -97.527301373753573, 18.318257921382688, 1596.0 ], [ -97.527318417951577, 18.318271013854311, 1596.0 ], [ -97.527339551241866, 18.318279225071105, 1596.0 ], [ -97.527358571203138, 18.318282419378885, 1596.0 ], [ -97.527392384467618, 18.318282034325396, 1596.0 ] ] } },
{ "type": "Feature", "properties": { "FID": 422, "elev": 1606.0, "elevation": 1606.0, "ELEVATION": 1606.0, "is_master": false, "tipo": "Ordinaria (1m)" }, "geometry": { "type": "LineString", "coordinates": [ [ -97.52510470579287, 18.318295374337371, 1606.0 ], [ -97.525096252476743, 18.318294397164475, 1606.0 ], [ -97.525092669005787, 18.318290216146018, 1606.0 ], [ -97.525092931531134, 18.318288197723309, 1606.0 ], [ -97.525097454888098, 18.318285170089251, 1606.0 ], [ -97.525098365805775, 18.318279922190207, 1606.0 ], [ -97.525108932450919, 18.318283070929617, 1606.0 ], [ -97.525111099967873, 18.318286179300607, 1606.0 ], [ -97.525109989120025, 18.31829223456872, 1606.0 ], [ -97.52510470579287, 18.318295374337371, 1606.0 ] ] } },
{ "type": "Feature", "properties": { "FID": 423, "elev": 1606.0, "elevation": 1606.0, "ELEVATION": 1606.0, "is_master": false, "tipo": "Ordinaria (1m)" }, "geometry": { "type": "LineString", "coordinates": [ [ -97.52515436902506, 18.318294986963323, 1606.0 ], [ -97.52515436902506, 18.318294180255478, 1606.0 ], [ -97.525154591480756, 18.318294252991425, 1606.0 ], [ -97.52515436902506, 18.318294986963323, 1606.0 ] ] } },
{ "type": "Feature", "properties": { "FID": 424, "elev": 1605.0, "elevation": 1605.0, "ELEVATION": 1605.0, "is_master": true, "tipo": "Maestra (5m)" }, "geometry": { "type": "LineString", "coordinates": [ [ -97.524189928679505, 18.318294252991425, 1605.0 ], [ -97.524190905176241, 18.318292234568723, 1605.0 ], [ -97.524187713114756, 18.318285170089247, 1605.0 ], [ -97.52418329433587, 18.31828407528403, 1605.0 ], [ -97.524182008075115, 18.318290216146011, 1605.0 ], [ -97.524185407664902, 18.31829372996949, 1605.0 ], [ -97.524189928679505, 18.318294252991425, 1605.0 ] ] } },
{ "type": "Feature", "properties": { "FID": 425, "elev": 1589.0, "elevation": 1589.0, "ELEVATION": 1589.0, "is_master": false, "tipo": "Ordinaria (1m)" }, "geometry": { "type": "LineString", "coordinates": [ [ -97.526954925358453, 18.318293896799187, 1589.0 ], [ -97.526954925358453, 18.318292805569889, 1589.0 ], [ -97.526955239501959, 18.318293243780083, 1589.0 ], [ -97.526954925358453, 18.318293896799187, 1589.0 ] ] } },
{ "type": "Feature", "properties": { "FID": 426, "elev": 1606.0, "elevation": 1606.0, "ELEVATION": 1606.0, "is_master": false, "tipo": "Ordinaria (1m)" }, "geometry": { "type": "LineString", "coordinates": [ [ -97.524850667693826, 18.318293243780076, 1606.0 ], [ -97.524853219638317, 18.318290051855794, 1606.0 ], [ -97.524854276302833, 18.318283295839588, 1606.0 ], [ -97.524845895969548, 18.318279114821117, 1606.0 ], [ -97.524844766322204, 18.318275982691059, 1606.0 ], [ -97.524839817803581, 18.318272050341644, 1606.0 ], [ -97.524839453023333, 18.318267004284866, 1606.0 ], [ -97.524842652993172, 18.3182654600175, 1606.0 ], [ -97.524846879651236, 18.318265835477309, 1606.0 ], [ -97.524849167704318, 18.31826801349623, 1606.0 ], [ -97.524850086081486, 18.318275077975706, 1606.0 ], [ -97.524854276302833, 18.318278077181272, 1606.0 ], [ -97.524860616289928, 18.318276257159496, 1606.0 ], [ -97.524869069606041, 18.318271077828875, 1606.0 ], [ -97.524876466257652, 18.318270193752383, 1606.0 ], [ -97.524878366472109, 18.318265995073517, 1606.0 ], [ -97.524876466257652, 18.318262984914977, 1606.0 ], [ -97.524873651833715, 18.318261958228106, 1606.0 ], [ -97.524874415545781, 18.318258930594045, 1606.0 ], [ -97.524878579586684, 18.318255956076364, 1606.0 ], [ -97.524884919573765, 18.318259416663178, 1606.0 ], [ -97.524886290381787, 18.318257921382692, 1606.0 ], [ -97.524884919573765, 18.318254857050039, 1606.0 ], [ -97.524878602557649, 18.318249847691856, 1606.0 ], [ -97.524866654372872, 18.318250856903209, 1606.0 ], [ -97.524863744275407, 18.31825388453727, 1606.0 ], [ -97.524863568955311, 18.318261958228099, 1606.0 ], [ -97.524860616289928, 18.318263093061571, 1606.0 ], [ -97.524855332967348, 18.31825997964269, 1606.0 ], [ -97.524847936315751, 18.318259209381708, 1606.0 ], [ -97.524843709657688, 18.318263873056267, 1606.0 ], [ -97.524835256341561, 18.318261790026213, 1606.0 ], [ -97.524829969577084, 18.318263976650808, 1606.0 ], [ -97.524826803025448, 18.318267590964968, 1606.0 ], [ -97.524822747298415, 18.318261958228103, 1606.0 ], [ -97.524823857518314, 18.318258930594041, 1606.0 ], [ -97.524822576367384, 18.318253464833507, 1606.0 ], [ -97.524807783064176, 18.318259776464835, 1606.0 ], [ -97.524808115158748, 18.318263976650815, 1606.0 ], [ -97.524812019073252, 18.318271041130288, 1606.0 ], [ -97.524819406373851, 18.318271874590291, 1606.0 ], [ -97.524826999263141, 18.318275077975702, 1606.0 ], [ -97.524829166291525, 18.318279114821113, 1606.0 ], [ -97.524829248255514, 18.318284160877891, 1606.0 ], [ -97.524833143012543, 18.318291421020792, 1606.0 ], [ -97.524836313006077, 18.318293056889079, 1606.0 ], [ -97.524843709657688, 18.318291393559257, 1606.0 ], [ -97.524850667693826, 18.318293243780076, 1606.0 ] ] } },
{ "type": "Feature", "properties": { "FID": 427, "elev": 1601.0, "elevation": 1601.0, "ELEVATION": 1601.0, "is_master": false, "tipo": "Ordinaria (1m)" }, "geometry": { "type": "LineString", "coordinates": [ [ -97.525606017629144, 18.31829122535736, 1601.0 ], [ -97.525606269215942, 18.318289206934661, 1601.0 ], [ -97.525604508108415, 18.318288627878967, 1601.0 ], [ -97.525602420551692, 18.318290216146018, 1601.0 ], [ -97.525604508108415, 18.318291888553397, 1601.0 ], [ -97.525606017629144, 18.31829122535736, 1601.0 ] ] } },
{ "type": "Feature", "properties": { "FID": 428, "elev": 1606.0, "elevation": 1606.0, "ELEVATION": 1606.0, "is_master": false, "tipo": "Ordinaria (1m)" }, "geometry": { "type": "LineString", "coordinates": [ [ -97.524920846167277, 18.318291902533815, 1606.0 ], [ -97.524917916148823, 18.318289206934665, 1606.0 ], [ -97.524918732838245, 18.318285016791314, 1606.0 ], [ -97.524920846167277, 18.318285170088121, 1606.0 ], [ -97.524922752376014, 18.318288197723312, 1606.0 ], [ -97.524920846167277, 18.318291902533815, 1606.0 ] ] } },
{ "type": "Feature", "properties": { "FID": 429, "elev": 1607.0, "elevation": 1607.0, "ELEVATION": 1607.0, "is_master": false, "tipo": "Ordinaria (1m)" }, "geometry": { "type": "LineString", "coordinates": [ [ -97.524936944073673, 18.318284160877894, 1607.0 ], [ -97.524937752799516, 18.318281955247169, 1607.0 ], [ -97.524935618037119, 18.318283151666531, 1607.0 ], [ -97.524936944073673, 18.318284160877894, 1607.0 ] ] } },
{ "type": "Feature", "properties": { "FID": 430, "elev": 1600.0, "elevation": 1600.0, "ELEVATION": 1600.0, "is_master": true, "tipo": "Maestra (5m)" }, "geometry": { "type": "LineString", "coordinates": [ [ -97.52584744771174, 18.318283151666538, 1600.0 ], [ -97.525853880933923, 18.318281113140017, 1600.0 ], [ -97.525860461212076, 18.318273059553, 1600.0 ], [ -97.525862602439005, 18.318263976650805, 1600.0 ], [ -97.525861358952, 18.318251866114565, 1600.0 ], [ -97.525855994262955, 18.318243991283115, 1600.0 ], [ -97.525847540946842, 18.318238487170607, 1600.0 ], [ -97.525832747643634, 18.31823752136312, 1600.0 ], [ -97.525824294327506, 18.318242872920056, 1600.0 ], [ -97.525817817820453, 18.318250856903209, 1600.0 ], [ -97.525815514304171, 18.318259939805404, 1600.0 ], [ -97.525816877124896, 18.318270031918935, 1600.0 ], [ -97.525819930270345, 18.318275077975706, 1600.0 ], [ -97.525826407656538, 18.318279096322343, 1600.0 ], [ -97.525839087630715, 18.318283355993866, 1600.0 ], [ -97.52584744771174, 18.318283151666538, 1600.0 ] ] } },
{ "type": "Feature", "properties": { "FID": 431, "elev": 1597.0, "elevation": 1597.0, "ELEVATION": 1597.0, "is_master": false, "tipo": "Ordinaria (1m)" }, "geometry": { "type": "LineString", "coordinates": [ [ -97.526707292704216, 18.317372843025286, 1597.0 ], [ -97.526718232507108, 18.31738096161747, 1597.0 ], [ -97.526754159100619, 18.31739691640831, 1597.0 ], [ -97.526775292390923, 18.317409238373696, 1597.0 ], [ -97.526786847528683, 18.317419266747574, 1597.0 ], [ -97.526795548547085, 18.317433395706516, 1597.0 ], [ -97.52679980618214, 18.317447524665475, 1597.0 ], [ -97.526801495536205, 18.317467708892554, 1597.0 ], [ -97.526800938301292, 18.317489911542335, 1597.0 ], [ -97.526797157689387, 18.31751716024889, 1597.0 ], [ -97.526797169048976, 18.317536335264627, 1597.0 ], [ -97.526799383279879, 18.317557528703052, 1597.0 ], [ -97.526804728403818, 18.317584777409614, 1597.0 ], [ -97.526817516984849, 18.317630191920539, 1597.0 ], [ -97.526844942666557, 18.317708910406143, 1597.0 ], [ -97.526857554995104, 18.317738177535411, 1597.0 ], [ -97.526868087259729, 18.317755334128424, 1597.0 ], [ -97.526878762785188, 18.317765426241962, 1597.0 ], [ -97.526897004488745, 18.317778545989569, 1597.0 ], [ -97.526908424931605, 18.317789647314456, 1597.0 ], [ -97.526910760782457, 18.317794693371223, 1597.0 ], [ -97.526911443045563, 18.317804785484775, 1597.0 ], [ -97.526916812201733, 18.317811849964247, 1597.0 ], [ -97.526926395416552, 18.317816926112187, 1597.0 ], [ -97.526961265345534, 18.317830154200269, 1597.0 ], [ -97.52697394531971, 18.317838089458693, 1597.0 ], [ -97.526982398635838, 18.317845976259289, 1597.0 ], [ -97.526985549647378, 18.317851209207049, 1597.0 ], [ -97.526985819492182, 18.31785625526382, 1597.0 ], [ -97.526979392890667, 18.317865338166001, 1597.0 ], [ -97.526986296332296, 18.317869375011426, 1597.0 ], [ -97.526994036689658, 18.317878457913611, 1597.0 ], [ -97.526997415234192, 18.317886531604433, 1597.0 ], [ -97.526998053052012, 18.317896623717974, 1597.0 ], [ -97.527004588590643, 18.317906555275162, 1597.0 ], [ -97.527011985242254, 18.31791087347057, 1597.0 ], [ -97.527057421816394, 18.31792711093858, 1597.0 ], [ -97.527070101790571, 18.317934902927576, 1597.0 ], [ -97.527082816409489, 18.317946075074321, 1597.0 ], [ -97.527092310502738, 18.317958185610564, 1597.0 ], [ -97.527106085117751, 18.317982406683061, 1597.0 ], [ -97.527120793238623, 18.318002590910144, 1597.0 ], [ -97.527133364827208, 18.318016719869092, 1597.0 ], [ -97.52716521364357, 18.318046996209716, 1597.0 ], [ -97.527194776902107, 18.318094429143347, 1597.0 ], [ -97.527217000882118, 18.31812672390668, 1597.0 ], [ -97.527244434882036, 18.318162046304064, 1597.0 ], [ -97.527282648264162, 18.318206451603633, 1597.0 ], [ -97.527302611584091, 18.318238746366955, 1597.0 ], [ -97.527315247958029, 18.318253447477229, 1597.0 ], [ -97.527328984596721, 18.318263115318757, 1597.0 ], [ -97.527348004557993, 18.318269280629046, 1597.0 ], [ -97.527370194512798, 18.318270787646622, 1597.0 ], [ -97.52738921447407, 18.31826800055762, 1597.0 ] ] } },
{ "type": "Feature", "properties": { "FID": 432, "elev": 1589.0, "elevation": 1589.0, "ELEVATION": 1589.0, "is_master": false, "tipo": "Ordinaria (1m)" }, "geometry": { "type": "LineString", "coordinates": [ [ -97.526939750963123, 18.318280124032473, 1589.0 ], [ -97.526942480946417, 18.318271041130288, 1589.0 ], [ -97.526940132055245, 18.318268932036247, 1589.0 ], [ -97.526933792068149, 18.318267816041836, 1589.0 ], [ -97.526930845599793, 18.318259939805401, 1589.0 ], [ -97.526924282087521, 18.318255741486162, 1589.0 ], [ -97.526922168758489, 18.318255061950524, 1589.0 ], [ -97.526918998764941, 18.318256646589397, 1589.0 ], [ -97.526910716527837, 18.318265995073514, 1589.0 ], [ -97.526910397413701, 18.318272050341648, 1589.0 ], [ -97.526921112093973, 18.318278160909024, 1589.0 ], [ -97.526929565410086, 18.318278265520014, 1589.0 ], [ -97.526938018726213, 18.31828113052358, 1589.0 ], [ -97.526939750963123, 18.318280124032473, 1589.0 ] ] } },
{ "type": "Feature", "properties": { "FID": 433, "elev": 1589.0, "elevation": 1589.0, "ELEVATION": 1589.0, "is_master": false, "tipo": "Ordinaria (1m)" }, "geometry": { "type": "LineString", "coordinates": [ [ -97.527042628513186, 18.318277225089791, 1589.0 ], [ -97.527038401855123, 18.31827759445077, 1589.0 ], [ -97.527034141111116, 18.318275077975706, 1589.0 ], [ -97.527032551541836, 18.318271041130291, 1589.0 ], [ -97.527034081961958, 18.31826700428487, 1589.0 ], [ -97.527040515184154, 18.318265880203938, 1589.0 ], [ -97.527043685177702, 18.318267885342408, 1589.0 ], [ -97.527044686711889, 18.318275077975702, 1589.0 ], [ -97.527042628513186, 18.318277225089791, 1589.0 ] ] } },
{ "type": "Feature", "properties": { "FID": 434, "elev": 1593.0, "elevation": 1593.0, "ELEVATION": 1593.0, "is_master": false, "tipo": "Ordinaria (1m)" }, "geometry": { "type": "LineString", "coordinates": [ [ -97.526127557043282, 18.31827654410473, 1593.0 ], [ -97.526122273720716, 18.318276258726289, 1593.0 ], [ -97.526114771510365, 18.318272050341648, 1593.0 ], [ -97.52611159830127, 18.318264985862164, 1593.0 ], [ -97.526112763740073, 18.318260756582383, 1593.0 ], [ -97.526123330385232, 18.318258589014814, 1593.0 ], [ -97.526131783701345, 18.318262944172336, 1593.0 ], [ -97.526133130518161, 18.31826700428487, 1593.0 ], [ -97.526131892601811, 18.318273059552997, 1593.0 ], [ -97.526127557043282, 18.31827654410473, 1593.0 ] ] } },
{ "type": "Feature", "properties": { "FID": 435, "elev": 1601.0, "elevation": 1601.0, "ELEVATION": 1601.0, "is_master": false, "tipo": "Ordinaria (1m)" }, "geometry": { "type": "LineString", "coordinates": [ [ -97.525844531517365, 18.318276087187062, 1601.0 ], [ -97.525849567596353, 18.318271041130291, 1601.0 ], [ -97.525850710940389, 18.318262306864757, 1601.0 ], [ -97.52584542761781, 18.318255151077409, 1601.0 ], [ -97.525835917637181, 18.318254714617609, 1601.0 ], [ -97.525827341945657, 18.318261958228103, 1601.0 ], [ -97.525826199508415, 18.318270031918935, 1601.0 ], [ -97.525832747643634, 18.318276073622396, 1601.0 ], [ -97.525844531517365, 18.318276087187062, 1601.0 ] ] } },
{ "type": "Feature", "properties": { "FID": 436, "elev": 1588.0, "elevation": 1588.0, "ELEVATION": 1588.0, "is_master": false, "tipo": "Ordinaria (1m)" }, "geometry": { "type": "LineString", "coordinates": [ [ -97.526802765668307, 18.318273367018818, 1588.0 ], [ -97.526796425681212, 18.318273059553768, 1588.0 ], [ -97.526794002397267, 18.318271041130288, 1588.0 ], [ -97.526787972365099, 18.318261765457397, 1588.0 ], [ -97.52677920049571, 18.318254893748623, 1588.0 ], [ -97.526778017812191, 18.318251866114565, 1588.0 ], [ -97.526779519048972, 18.318248525463076, 1588.0 ], [ -97.52678268904252, 18.318247299917356, 1588.0 ], [ -97.526789029029615, 18.318249987263638, 1588.0 ], [ -97.526796425681212, 18.318259894447586, 1588.0 ], [ -97.526802765668307, 18.31826204955944, 1588.0 ], [ -97.526805935661855, 18.318264866591733, 1588.0 ], [ -97.526806324653734, 18.318270031918935, 1588.0 ], [ -97.526802765668307, 18.318273367018818, 1588.0 ] ] } },
{ "type": "Feature", "properties": { "FID": 437, "elev": 1606.0, "elevation": 1606.0, "ELEVATION": 1606.0, "is_master": false, "tipo": "Ordinaria (1m)" }, "geometry": { "type": "LineString", "coordinates": [ [ -97.525096252476743, 18.318272584630005, 1606.0 ], [ -97.525093338644297, 18.318271041130291, 1606.0 ], [ -97.52509238085797, 18.318267004284873, 1606.0 ], [ -97.525096968281744, 18.318256912171339, 1606.0 ], [ -97.525099422470291, 18.318255833835913, 1606.0 ], [ -97.525101089867505, 18.318256912171339, 1606.0 ], [ -97.525098270824699, 18.31826094901675, 1606.0 ], [ -97.525098671064413, 18.318270031918939, 1606.0 ], [ -97.525096252476743, 18.318272584630005, 1606.0 ] ] } },
{ "type": "Feature", "properties": { "FID": 438, "elev": 1598.0, "elevation": 1598.0, "ELEVATION": 1598.0, "is_master": false, "tipo": "Ordinaria (1m)" }, "geometry": { "type": "LineString", "coordinates": [ [ -97.526836979736558, 18.317352658798203, 1598.0 ], [ -97.526846989676613, 18.317368806179871, 1598.0 ], [ -97.526853561041051, 18.317384953561525, 1598.0 ], [ -97.526856913581298, 18.31740211015455, 1598.0 ], [ -97.526857608940077, 18.317422294381632, 1598.0 ], [ -97.526856912030539, 18.317441469397352, 1598.0 ], [ -97.526852596000936, 18.31746972731526, 1598.0 ], [ -97.52683954621925, 18.317514132614836, 1598.0 ], [ -97.526836329388388, 18.3175302799965, 1598.0 ], [ -97.526835087468513, 18.317553491857637, 1598.0 ], [ -97.5268363123282, 18.317578722141484, 1598.0 ], [ -97.526846952594298, 18.317629182709187, 1598.0 ], [ -97.526879943213402, 18.317729094633222, 1598.0 ], [ -97.526901953256797, 18.317748269648945, 1598.0 ], [ -97.526919159561714, 18.317760380185192, 1598.0 ], [ -97.526938190077217, 18.317782582834976, 1598.0 ], [ -97.526946472042326, 18.317789672294946, 1598.0 ], [ -97.526980285306806, 18.317808750243653, 1598.0 ], [ -97.527023608551914, 18.317839141686367, 1598.0 ], [ -97.527043685177702, 18.31784803477861, 1598.0 ], [ -97.52707040210575, 18.317863319743299, 1598.0 ], [ -97.527075509775813, 18.317870384222768, 1598.0 ], [ -97.527084809127857, 18.317891577661204, 1598.0 ], [ -97.527102990473594, 18.317914789522344, 1598.0 ], [ -97.527115781946463, 18.317935982960787, 1598.0 ], [ -97.527118984811182, 18.317946075074321, 1598.0 ], [ -97.527116378893311, 18.317958185610564, 1598.0 ], [ -97.527117603663541, 18.317967268512753, 1598.0 ], [ -97.527128334901406, 18.317981397471712, 1598.0 ], [ -97.527140934031308, 18.318003600121493, 1598.0 ], [ -97.527150948061731, 18.318015710657747, 1598.0 ], [ -97.527173854218859, 18.318035894884812, 1598.0 ], [ -97.527187235260513, 18.318056079111901, 1598.0 ], [ -97.527220085854012, 18.318099475200121, 1598.0 ], [ -97.527289023952363, 18.31818021210843, 1598.0 ], [ -97.527300650004562, 18.31819938712416, 1598.0 ], [ -97.527309882224657, 18.318227645042064, 1598.0 ], [ -97.527318402286738, 18.318240764789664, 1598.0 ], [ -97.527330041261237, 18.318249944731399, 1598.0 ], [ -97.527348004557993, 18.318256177757284, 1598.0 ], [ -97.527365967854749, 18.318257106632597, 1598.0 ], [ -97.527386044480522, 18.318252615181855, 1598.0 ] ] } },
{ "type": "Feature", "properties": { "FID": 439, "elev": 1602.0, "elevation": 1602.0, "ELEVATION": 1602.0, "is_master": false, "tipo": "Ordinaria (1m)" }, "geometry": { "type": "LineString", "coordinates": [ [ -97.525835969135258, 18.318269022707582, 1602.0 ], [ -97.525836647816618, 18.318264985862164, 1602.0 ], [ -97.525833804308149, 18.318263713764583, 1602.0 ], [ -97.525832046960986, 18.318267004284866, 1602.0 ], [ -97.525835969135258, 18.318269022707582, 1602.0 ] ] } },
{ "type": "Feature", "properties": { "FID": 440, "elev": 1606.0, "elevation": 1606.0, "ELEVATION": 1606.0, "is_master": false, "tipo": "Ordinaria (1m)" }, "geometry": { "type": "LineString", "coordinates": [ [ -97.524890226119737, 18.318267004284873, 1606.0 ], [ -97.524891795334412, 18.318261958228106, 1606.0 ], [ -97.524890202896344, 18.318259795632347, 1606.0 ], [ -97.524887447823417, 18.318260949016754, 1606.0 ], [ -97.52488676212279, 18.318263976650815, 1606.0 ], [ -97.524887032902797, 18.318267149495139, 1606.0 ], [ -97.524890226119737, 18.318267004284873, 1606.0 ] ] } },
{ "type": "Feature", "properties": { "FID": 441, "elev": 1607.0, "elevation": 1607.0, "ELEVATION": 1607.0, "is_master": false, "tipo": "Ordinaria (1m)" }, "geometry": { "type": "LineString", "coordinates": [ [ -97.524854282329443, 18.318265995073517, 1607.0 ], [ -97.524854276302833, 18.318265989456386, 1607.0 ], [ -97.524854276302833, 18.318265995938063, 1607.0 ], [ -97.524854282329443, 18.318265995073517, 1607.0 ] ] } },
{ "type": "Feature", "properties": { "FID": 442, "elev": 1606.0, "elevation": 1606.0, "ELEVATION": 1606.0, "is_master": false, "tipo": "Ordinaria (1m)" }, "geometry": { "type": "LineString", "coordinates": [ [ -97.525002209334914, 18.318264105486307, 1606.0 ], [ -97.524999550630653, 18.318262967439459, 1606.0 ], [ -97.525001152670413, 18.318261234228657, 1606.0 ], [ -97.525002139314978, 18.31826296743947, 1606.0 ], [ -97.525002209334914, 18.318264105486307, 1606.0 ] ] } },
{ "type": "Feature", "properties": { "FID": 443, "elev": 1606.0, "elevation": 1606.0, "ELEVATION": 1606.0, "is_master": false, "tipo": "Ordinaria (1m)" }, "geometry": { "type": "LineString", "coordinates": [ [ -97.525081459173535, 18.318263351900928, 1606.0 ], [ -97.525080779889208, 18.318261958228099, 1606.0 ], [ -97.525082515838051, 18.318261150859019, 1606.0 ], [ -97.525083405660808, 18.318261958228103, 1606.0 ], [ -97.525081459173535, 18.318263351900928, 1606.0 ] ] } },
{ "type": "Feature", "properties": { "FID": 444, "elev": 1589.0, "elevation": 1589.0, "ELEVATION": 1589.0, "is_master": false, "tipo": "Ordinaria (1m)" }, "geometry": { "type": "LineString", "coordinates": [ [ -97.526942980096322, 18.318261958228099, 1589.0 ], [ -97.526941188719761, 18.318260676256923, 1589.0 ], [ -97.526942245384276, 18.318262676786588, 1589.0 ], [ -97.526942980096322, 18.318261958228099, 1589.0 ] ] } },
{ "type": "Feature", "properties": { "FID": 445, "elev": 1606.0, "elevation": 1606.0, "ELEVATION": 1606.0, "is_master": false, "tipo": "Ordinaria (1m)" }, "geometry": { "type": "LineString", "coordinates": [ [ -97.524988472696222, 18.318261080653013, 1606.0 ], [ -97.524987416031706, 18.318259132436314, 1606.0 ], [ -97.524989173651889, 18.318259939805401, 1606.0 ], [ -97.524988472696222, 18.318261080653013, 1606.0 ] ] } },
{ "type": "Feature", "properties": { "FID": 446, "elev": 1588.0, "elevation": 1588.0, "ELEVATION": 1588.0, "is_master": false, "tipo": "Ordinaria (1m)" }, "geometry": { "type": "LineString", "coordinates": [ [ -97.52645195304936, 18.318260423209153, 1588.0 ], [ -97.526441985798698, 18.318257921382688, 1588.0 ], [ -97.526438439518714, 18.318248838480503, 1588.0 ], [ -97.526432898879534, 18.318243792423729, 1588.0 ], [ -97.52643291604511, 18.318229663464777, 1588.0 ], [ -97.52643504641712, 18.318226852090284, 1588.0 ], [ -97.526442443068731, 18.318226482646839, 1588.0 ], [ -97.526449775680049, 18.318231681887482, 1588.0 ], [ -97.526452237142919, 18.3182488384805, 1588.0 ], [ -97.52645195304936, 18.318260423209153, 1588.0 ] ] } },
{ "type": "Feature", "properties": { "FID": 447, "elev": 1606.0, "elevation": 1606.0, "ELEVATION": 1606.0, "is_master": false, "tipo": "Ordinaria (1m)" }, "geometry": { "type": "LineString", "coordinates": [ [ -97.524984246038173, 18.318259043565458, 1606.0 ], [ -97.524981076044625, 18.318259085857324, 1606.0 ], [ -97.524978093902547, 18.318256912171339, 1606.0 ], [ -97.524981076044625, 18.318255193586786, 1606.0 ], [ -97.524984431825331, 18.318256912171339, 1606.0 ], [ -97.524984246038173, 18.318259043565458, 1606.0 ] ] } },
{ "type": "Feature", "properties": { "FID": 448, "elev": 1599.0, "elevation": 1599.0, "ELEVATION": 1599.0, "is_master": false, "tipo": "Ordinaria (1m)" }, "geometry": { "type": "LineString", "coordinates": [ [ -97.526927601844534, 18.317338529839251, 1599.0 ], [ -97.526927771074128, 18.317360732489039, 1599.0 ], [ -97.526914460139267, 18.317447524665475, 1599.0 ], [ -97.526913195915654, 18.317477801006092, 1599.0 ], [ -97.526915673664675, 18.317501012867236, 1599.0 ], [ -97.526929745816233, 18.317533307630562, 1599.0 ], [ -97.526930745181147, 18.317547436589518, 1599.0 ], [ -97.526926520491116, 18.317563583971179, 1599.0 ], [ -97.526924282087521, 18.317566364451434, 1599.0 ], [ -97.526918998764941, 18.317567328374668, 1599.0 ], [ -97.526907375455281, 18.317562574763745, 1599.0 ], [ -97.526898922139154, 18.317562574765407, 1599.0 ], [ -97.526893638816588, 18.317567400051608, 1599.0 ], [ -97.526890271235374, 18.31757367608472, 1599.0 ], [ -97.526888453333314, 18.317584777409614, 1599.0 ], [ -97.526889325309384, 18.317595878734505, 1599.0 ], [ -97.526898983395071, 18.317612026116173, 1599.0 ], [ -97.526897597786302, 18.317624136652416, 1599.0 ], [ -97.526900867743663, 18.317634228765957, 1599.0 ], [ -97.526909488784312, 18.317645174827561, 1599.0 ], [ -97.526930622074602, 18.317656257957545, 1599.0 ], [ -97.526938018726213, 18.317662363823352, 1599.0 ], [ -97.526944409842216, 18.317674597220101, 1599.0 ], [ -97.526949587693124, 18.3176967998699, 1599.0 ], [ -97.526952812029421, 18.317698362916751, 1599.0 ], [ -97.526960208681018, 18.317695447722645, 1599.0 ], [ -97.526964435339082, 18.317697762739911, 1599.0 ], [ -97.526967709510814, 18.31770285513802, 1599.0 ], [ -97.526968559265867, 18.317711938040212, 1599.0 ], [ -97.526970775326177, 18.317714798586298, 1599.0 ], [ -97.526980285306806, 18.317723169585921, 1599.0 ], [ -97.526994021945498, 18.3177301152481, 1599.0 ], [ -97.527000490943948, 18.317735149901349, 1599.0 ], [ -97.527004745133539, 18.317741205169469, 1599.0 ], [ -97.527006430374612, 18.317753315705719, 1599.0 ], [ -97.527008896530589, 18.31775836176249, 1599.0 ], [ -97.527016211900317, 18.317760206072052, 1599.0 ], [ -97.527027835209978, 18.317758687314541, 1599.0 ], [ -97.527035429164087, 18.317771481510086, 1599.0 ], [ -97.527036348594876, 18.317778545989572, 1599.0 ], [ -97.527027835209978, 18.317789184759256, 1599.0 ], [ -97.527023608551914, 18.317791445780852, 1599.0 ], [ -97.527019381893851, 18.317790359074046, 1599.0 ], [ -97.527018308047801, 18.317792674948521, 1599.0 ], [ -97.527023608551914, 18.317794578032789, 1599.0 ], [ -97.527026556374977, 18.317802767062062, 1599.0 ], [ -97.527041515241649, 18.317817905232371, 1599.0 ], [ -97.527064818467991, 18.31782710465097, 1599.0 ], [ -97.527073271784118, 18.317828062709342, 1599.0 ], [ -97.527081725100231, 18.317836082703931, 1599.0 ], [ -97.527129275003404, 18.317864352424685, 1599.0 ], [ -97.52714195497758, 18.317868573884883, 1599.0 ], [ -97.527153578287255, 18.317870171537734, 1599.0 ], [ -97.527160974938852, 18.317873459914523, 1599.0 ], [ -97.527170484919495, 18.317884256452523, 1599.0 ], [ -97.527181051564639, 18.317889613790459, 1599.0 ], [ -97.527186334887205, 18.317894424029152, 1599.0 ], [ -97.527200071525911, 18.317909599292534, 1599.0 ], [ -97.527213808164603, 18.317915907336491, 1599.0 ], [ -97.527218034822653, 18.317915005528985, 1599.0 ], [ -97.527220148151684, 18.317911247880016, 1599.0 ], [ -97.527222261480716, 18.31791162250871, 1599.0 ], [ -97.527226259791789, 18.31791781715641, 1599.0 ], [ -97.527233941907383, 18.317922863213173, 1599.0 ], [ -97.527237111207754, 18.317927909269947, 1599.0 ], [ -97.527237302290928, 18.317939010594838, 1599.0 ], [ -97.527232837314259, 18.317952130342444, 1599.0 ], [ -97.527228681383605, 18.317957176399219, 1599.0 ], [ -97.527222261480716, 18.317961204313551, 1599.0 ], [ -97.527195844867848, 18.317967742681894, 1599.0 ], [ -97.52717576824206, 18.317962928903931, 1599.0 ], [ -97.527165201596915, 18.317964068363931, 1599.0 ], [ -97.52715886160982, 18.317971994338997, 1599.0 ], [ -97.52715651225607, 18.317980388260352, 1599.0 ], [ -97.527157619853298, 18.317997544853377, 1599.0 ], [ -97.527162031603368, 18.318004686281512, 1599.0 ], [ -97.527187366786151, 18.31802782119399, 1599.0 ], [ -97.527199982156276, 18.31804598699836, 1599.0 ], [ -97.52721718949104, 18.318063143591367, 1599.0 ], [ -97.527234941456499, 18.318085346241158, 1599.0 ], [ -97.527269912339094, 18.318120668638553, 1599.0 ], [ -97.527304778477429, 18.318162046304057, 1599.0 ], [ -97.527311102167147, 18.318172138417605, 1599.0 ], [ -97.527315335336056, 18.318183239742496, 1599.0 ], [ -97.527317248600809, 18.318219571351239, 1599.0 ], [ -97.527322608484354, 18.318229663464777, 1599.0 ], [ -97.527331097925753, 18.318235589677744, 1599.0 ], [ -97.527343777899929, 18.318240025786519, 1599.0 ], [ -97.527363854525717, 18.31823888230155, 1599.0 ], [ -97.527380761157957, 18.318232716329124, 1599.0 ] ] } },
{ "type": "Feature", "properties": { "FID": 449, "elev": 1606.0, "elevation": 1606.0, "ELEVATION": 1606.0, "is_master": false, "tipo": "Ordinaria (1m)" }, "geometry": { "type": "LineString", "coordinates": [ [ -97.525242072179807, 18.318256951555192, 1606.0 ], [ -97.525239568235449, 18.318254893748623, 1606.0 ], [ -97.525241015515292, 18.318252992335928, 1606.0 ], [ -97.525242806778763, 18.318254893748627, 1606.0 ], [ -97.525242072179807, 18.318256951555192, 1606.0 ] ] } },
{ "type": "Feature", "properties": { "FID": 450, "elev": 1606.0, "elevation": 1606.0, "ELEVATION": 1606.0, "is_master": false, "tipo": "Ordinaria (1m)" }, "geometry": { "type": "LineString", "coordinates": [ [ -97.524920251304295, 18.318256912171336, 1606.0 ], [ -97.524921959103864, 18.318249847691856, 1606.0 ], [ -97.524931201479518, 18.318244801635078, 1606.0 ], [ -97.524930534237427, 18.318240764789671, 1606.0 ], [ -97.524928242818874, 18.318238664430993, 1606.0 ], [ -97.524917676173729, 18.318237643180456, 1606.0 ], [ -97.524916223260021, 18.318238746366958, 1606.0 ], [ -97.524917958807393, 18.318242783212384, 1606.0 ], [ -97.524916905430203, 18.318255902959979, 1606.0 ], [ -97.524918732838245, 18.318257798308132, 1606.0 ], [ -97.524920251304295, 18.318256912171336, 1606.0 ] ] } },
{ "type": "Feature", "properties": { "FID": 451, "elev": 1606.0, "elevation": 1606.0, "ELEVATION": 1606.0, "is_master": false, "tipo": "Ordinaria (1m)" }, "geometry": { "type": "LineString", "coordinates": [ [ -97.52490673393693, 18.318256912171339, 1606.0 ], [ -97.524910640576778, 18.31825388453727, 1606.0 ], [ -97.524909222857616, 18.318248863869467, 1606.0 ], [ -97.524901194916694, 18.318248838480503, 1606.0 ], [ -97.52490006981995, 18.318250856903209, 1606.0 ], [ -97.524901826206005, 18.318255367853215, 1606.0 ], [ -97.52490673393693, 18.318256912171339, 1606.0 ] ] } },
{ "type": "Feature", "properties": { "FID": 452, "elev": 1606.0, "elevation": 1606.0, "ELEVATION": 1606.0, "is_master": false, "tipo": "Ordinaria (1m)" }, "geometry": { "type": "LineString", "coordinates": [ [ -97.525086742496114, 18.318252036500898, 1606.0 ], [ -97.52508477419947, 18.318251866114565, 1606.0 ], [ -97.525084496420291, 18.3182488384805, 1606.0 ], [ -97.52508779916063, 18.318247962385989, 1606.0 ], [ -97.525088651815651, 18.318249847691852, 1606.0 ], [ -97.525086742496114, 18.318252036500898, 1606.0 ] ] } },
{ "type": "Feature", "properties": { "FID": 453, "elev": 1607.0, "elevation": 1607.0, "ELEVATION": 1607.0, "is_master": false, "tipo": "Ordinaria (1m)" }, "geometry": { "type": "LineString", "coordinates": [ [ -97.525043944529315, 18.3182488384805, 1607.0 ], [ -97.525049759238087, 18.318245772762992, 1607.0 ], [ -97.525055042560666, 18.318239880411081, 1607.0 ], [ -97.525066849638065, 18.318221589773945, 1607.0 ], [ -97.525083822876894, 18.31821149766041, 1607.0 ], [ -97.525088737762061, 18.31820544239228, 1607.0 ], [ -97.52508895172987, 18.318195350278746, 1607.0 ], [ -97.525085685831598, 18.318190292545147, 1607.0 ], [ -97.525075119186454, 18.318184150627435, 1607.0 ], [ -97.525060325883246, 18.318180099282859, 1607.0 ], [ -97.52505398589615, 18.318174202161746, 1607.0 ], [ -97.525051630624858, 18.318168101572191, 1607.0 ], [ -97.525047924096754, 18.318143880499697, 1607.0 ], [ -97.525048435988836, 18.318136816020218, 1607.0 ], [ -97.52505173679458, 18.318130760752087, 1607.0 ], [ -97.525078672809784, 18.318112594947724, 1607.0 ], [ -97.525084870261153, 18.318103512045532, 1607.0 ], [ -97.525085418385473, 18.318096447566056, 1607.0 ], [ -97.525083572502567, 18.318091267659451, 1607.0 ], [ -97.525070136840043, 18.318081309395744, 1607.0 ], [ -97.525062439212277, 18.318071137906035, 1607.0 ], [ -97.525055042560666, 18.318065271967075, 1607.0 ], [ -97.52503707926391, 18.318057035886216, 1607.0 ], [ -97.525015945973621, 18.318052795635193, 1607.0 ], [ -97.525007492657494, 18.318052767464803, 1607.0 ], [ -97.524995869347833, 18.318057089575376, 1607.0 ], [ -97.524983079371339, 18.318070208070857, 1607.0 ], [ -97.52497556258659, 18.318092410720642, 1607.0 ], [ -97.524975706855429, 18.318110576525012, 1607.0 ], [ -97.524981076045194, 18.318120668638556, 1607.0 ], [ -97.525000104539899, 18.318138834442923, 1607.0 ], [ -97.525000911364813, 18.318171129206252, 1607.0 ], [ -97.525005604628291, 18.318183239742496, 1607.0 ], [ -97.525008447266742, 18.318206451603636, 1607.0 ], [ -97.525013884129393, 18.318219571351239, 1607.0 ], [ -97.525016874740203, 18.318235718732897, 1607.0 ], [ -97.525021229296186, 18.318242364645457, 1607.0 ], [ -97.525028625947797, 18.318246650178079, 1607.0 ], [ -97.525036022599394, 18.318249020890178, 1607.0 ], [ -97.525043944529315, 18.3182488384805, 1607.0 ] ] } },
{ "type": "Feature", "properties": { "FID": 454, "elev": 1604.0, "elevation": 1604.0, "ELEVATION": 1604.0, "is_master": false, "tipo": "Ordinaria (1m)" }, "geometry": { "type": "LineString", "coordinates": [ [ -97.523435536671599, 18.318245810846445, 1604.0 ], [ -97.523435287621922, 18.318242783212384, 1604.0 ], [ -97.523432005865786, 18.318243012578591, 1604.0 ], [ -97.523432005865786, 18.31824520000799, 1604.0 ], [ -97.523435536671599, 18.318245810846445, 1604.0 ] ] } },
{ "type": "Feature", "properties": { "FID": 455, "elev": 1606.0, "elevation": 1606.0, "ELEVATION": 1606.0, "is_master": false, "tipo": "Ordinaria (1m)" }, "geometry": { "type": "LineString", "coordinates": [ [ -97.524897455457335, 18.318243792423726, 1606.0 ], [ -97.524897920966808, 18.318240764789664, 1606.0 ], [ -97.524896542883425, 18.318239416771654, 1606.0 ], [ -97.524894572204104, 18.318241774001027, 1606.0 ], [ -97.524896542883425, 18.318244684284924, 1606.0 ], [ -97.524897455457335, 18.318243792423726, 1606.0 ] ] } },
{ "type": "Feature", "properties": { "FID": 456, "elev": 1600.0, "elevation": 1600.0, "ELEVATION": 1600.0, "is_master": true, "tipo": "Maestra (5m)" }, "geometry": { "type": "LineString", "coordinates": [ [ -97.527324053495647, 18.317990480373894, 1600.0 ], [ -97.527315247958029, 18.317996522535374, 1600.0 ], [ -97.527286718016128, 18.318005449257139, 1600.0 ], [ -97.527262414732277, 18.318015622259676, 1600.0 ], [ -97.527253961416164, 18.318020932229533, 1600.0 ], [ -97.527248433256688, 18.318029839616703, 1600.0 ], [ -97.527249476931956, 18.318051033055134, 1600.0 ], [ -97.527253948040666, 18.318062134380021, 1600.0 ], [ -97.527262281083011, 18.318074244916271, 1600.0 ], [ -97.527296254087247, 18.318107548890953, 1600.0 ], [ -97.527323701274142, 18.318143059150184, 1600.0 ], [ -97.527355351484204, 18.31817415684031, 1600.0 ], [ -97.527361741196685, 18.31817744491601, 1600.0 ], [ -97.527368081183766, 18.318178166592801, 1600.0 ] ] } },
{ "type": "Feature", "properties": { "FID": 457, "elev": 1600.0, "elevation": 1600.0, "ELEVATION": 1600.0, "is_master": true, "tipo": "Maestra (5m)" }, "geometry": { "type": "LineString", "coordinates": [ [ -97.527073724640331, 18.317316327189463, 1600.0 ], [ -97.527059563703929, 18.317336511416546, 1600.0 ], [ -97.527030099491085, 18.317364769334457, 1600.0 ], [ -97.52699613527453, 18.317390129004377, 1600.0 ], [ -97.526987815901805, 18.317393027252358, 1600.0 ], [ -97.526977864584467, 18.317444497031406, 1600.0 ], [ -97.526979083281034, 18.317461653624427, 1600.0 ], [ -97.526981175466616, 18.317468718103914, 1600.0 ], [ -97.527006774170246, 18.317514132614836, 1600.0 ], [ -97.527014335409888, 18.317536335264627, 1600.0 ], [ -97.527013118755093, 18.317554501068997, 1600.0 ], [ -97.527002358931583, 18.31757468529608, 1600.0 ], [ -97.526999068429475, 18.317584777409614, 1600.0 ], [ -97.52700011442559, 18.31759789715721, 1600.0 ], [ -97.527004551514707, 18.317607989270744, 1600.0 ], [ -97.527016211900317, 18.317625225801301, 1600.0 ], [ -97.52702466521643, 18.317632413750182, 1600.0 ], [ -97.527040515184154, 18.31763752088299, 1600.0 ], [ -97.52707538511315, 18.317643213208495, 1600.0 ], [ -97.52709347649045, 18.317651385358971, 1600.0 ], [ -97.527104971719567, 18.317662457001177, 1600.0 ], [ -97.527111379153325, 18.31767156958605, 1600.0 ], [ -97.527118907728919, 18.317685698545009, 1600.0 ], [ -97.527126298054341, 18.317705882772085, 1600.0 ], [ -97.527126915119325, 18.317720011731044, 1600.0 ], [ -97.52712310544608, 18.317732122267287, 1600.0 ], [ -97.527116595029227, 18.317738220787326, 1600.0 ], [ -97.527104971719567, 18.317743039301412, 1600.0 ], [ -97.527095461738924, 18.317749107484786, 1600.0 ], [ -97.527069045126055, 18.317771369375489, 1600.0 ], [ -97.527063496753854, 18.317781573623627, 1600.0 ], [ -97.527063483535954, 18.317790656525812, 1600.0 ], [ -97.527067808177549, 18.317798730216648, 1600.0 ], [ -97.527076441777666, 18.317805825511737, 1600.0 ], [ -97.527112368371164, 18.317823155374104, 1600.0 ], [ -97.527130331667919, 18.317827271598301, 1600.0 ], [ -97.527139841648562, 18.317826217209216, 1600.0 ], [ -97.52714488112548, 18.317822951289145, 1600.0 ], [ -97.527146982705787, 18.317816896021025, 1600.0 ], [ -97.527146067822571, 18.317799739427997, 1600.0 ], [ -97.527149351629191, 18.317795499385664, 1600.0 ], [ -97.527153578287255, 18.317795676924668, 1600.0 ], [ -97.527164984474069, 18.317808822330186, 1600.0 ], [ -97.527173654913028, 18.317811017624987, 1600.0 ], [ -97.527177406072056, 18.317813868386956, 1600.0 ], [ -97.527186207769674, 18.317832034191326, 1600.0 ], [ -97.527204422497434, 18.317852218418402, 1600.0 ], [ -97.527213808164603, 18.317860359389993, 1600.0 ], [ -97.527250791422617, 18.317882554124395, 1600.0 ], [ -97.527280550753048, 18.317897632929327, 1600.0 ], [ -97.527284559075682, 18.317901669774741, 1600.0 ], [ -97.527295291407754, 18.317919835579115, 1600.0 ], [ -97.52730476584604, 18.317940019806194, 1600.0 ], [ -97.52730996463545, 18.317944098702089, 1600.0 ], [ -97.527313134628997, 18.317943870744262, 1600.0 ] ] } },
{ "type": "Feature", "properties": { "FID": 458, "elev": 1608.0, "elevation": 1608.0, "ELEVATION": 1608.0, "is_master": false, "tipo": "Ordinaria (1m)" }, "geometry": { "type": "LineString", "coordinates": [ [ -97.525041786224023, 18.318237737155609, 1608.0 ], [ -97.525047645909055, 18.318233888406937, 1608.0 ], [ -97.525059248043078, 18.318218562139883, 1608.0 ], [ -97.525072107128523, 18.318207460814989, 1608.0 ], [ -97.525074783676189, 18.3181983779128, 1608.0 ], [ -97.525074184051149, 18.318195350278742, 1608.0 ], [ -97.525069857346253, 18.318190304221975, 1608.0 ], [ -97.525052929231634, 18.318180161489682, 1608.0 ], [ -97.525046483627918, 18.318168101572184, 1608.0 ], [ -97.525040326624037, 18.31815094497917, 1608.0 ], [ -97.525034965934879, 18.318143929596459, 1608.0 ], [ -97.52502689920334, 18.31813782523157, 1608.0 ], [ -97.525026585264456, 18.318133788386145, 1608.0 ], [ -97.525030846900066, 18.318127733118029, 1608.0 ], [ -97.525038135928426, 18.318122687060807, 1608.0 ], [ -97.525074062521938, 18.318104551313578, 1608.0 ], [ -97.52507785105081, 18.318100484411474, 1608.0 ], [ -97.525078435006137, 18.318092410720631, 1608.0 ], [ -97.525075819495399, 18.318086355452522, 1608.0 ], [ -97.525067722534843, 18.318084140527272, 1608.0 ], [ -97.52506149543926, 18.318077272550337, 1608.0 ], [ -97.525055042560666, 18.318073302597892, 1608.0 ], [ -97.52504236258649, 18.318070094851787, 1608.0 ], [ -97.525015945973621, 18.318059002077433, 1608.0 ], [ -97.525004322663946, 18.31805893600654, 1608.0 ], [ -97.524997980330454, 18.31806314359137, 1608.0 ], [ -97.524988231573204, 18.318075254127624, 1608.0 ], [ -97.524983985366305, 18.318094429143347, 1608.0 ], [ -97.524984056033816, 18.318108558102303, 1608.0 ], [ -97.524987456158215, 18.318115622581782, 1608.0 ], [ -97.524999020789835, 18.318128742329382, 1608.0 ], [ -97.525011736877843, 18.318138834442923, 1608.0 ], [ -97.525010783107746, 18.318144889711046, 1608.0 ], [ -97.525004182640828, 18.318153972613235, 1608.0 ], [ -97.525004122867415, 18.318164064726769, 1608.0 ], [ -97.525013039210549, 18.318180212108434, 1608.0 ], [ -97.525014715445892, 18.318206451603636, 1608.0 ], [ -97.525023157097536, 18.318229663464777, 1608.0 ], [ -97.525025455954236, 18.318233949883325, 1608.0 ], [ -97.525030739276829, 18.318237925541734, 1608.0 ], [ -97.525041786224023, 18.318237737155609, 1608.0 ] ] } },
{ "type": "Feature", "properties": { "FID": 459, "elev": 1605.0, "elevation": 1605.0, "ELEVATION": 1605.0, "is_master": true, "tipo": "Maestra (5m)" }, "geometry": { "type": "LineString", "coordinates": [ [ -97.524344685937052, 18.318236727944257, 1605.0 ], [ -97.524346336223033, 18.318234709521544, 1605.0 ], [ -97.524344841532596, 18.318230672676133, 1605.0 ], [ -97.524345714969485, 18.318226635830719, 1605.0 ], [ -97.524342850677627, 18.318224253937249, 1605.0 ], [ -97.524340640975282, 18.318225626619366, 1605.0 ], [ -97.524338370331847, 18.318234709521548, 1605.0 ], [ -97.524341794013111, 18.31823715884348, 1605.0 ], [ -97.524344685937052, 18.318236727944257, 1605.0 ] ] } },
{ "type": "Feature", "properties": { "FID": 460, "elev": 1606.0, "elevation": 1606.0, "ELEVATION": 1606.0, "is_master": false, "tipo": "Ordinaria (1m)" }, "geometry": { "type": "LineString", "coordinates": [ [ -97.525270405532964, 18.318234709521544, 1606.0 ], [ -97.525277998773305, 18.31823146438504, 1606.0 ], [ -97.525280092946957, 18.318225626619359, 1606.0 ], [ -97.525277998773305, 18.318221283483034, 1606.0 ], [ -97.525262148805581, 18.318222581494638, 1606.0 ], [ -97.525259507144298, 18.318224617408003, 1606.0 ], [ -97.525258978812047, 18.318231874118219, 1606.0 ], [ -97.525265318799129, 18.318234856019973, 1606.0 ], [ -97.525270405532964, 18.318234709521544, 1606.0 ] ] } },
{ "type": "Feature", "properties": { "FID": 461, "elev": 1606.0, "elevation": 1606.0, "ELEVATION": 1606.0, "is_master": false, "tipo": "Ordinaria (1m)" }, "geometry": { "type": "LineString", "coordinates": [ [ -97.525252927006179, 18.318233700310191, 1606.0 ], [ -97.525254819396267, 18.318231681887486, 1606.0 ], [ -97.52525440600526, 18.318224617407999, 1606.0 ], [ -97.525249468831404, 18.318223173852527, 1606.0 ], [ -97.525245242173341, 18.318224497950343, 1606.0 ], [ -97.525243921342707, 18.318228654253421, 1606.0 ], [ -97.525245242173341, 18.318231737186743, 1606.0 ], [ -97.525249468831404, 18.31823405044474, 1606.0 ], [ -97.525252927006179, 18.318233700310191, 1606.0 ] ] } },
{ "type": "Feature", "properties": { "FID": 462, "elev": 1606.0, "elevation": 1606.0, "ELEVATION": 1606.0, "is_master": false, "tipo": "Ordinaria (1m)" }, "geometry": { "type": "LineString", "coordinates": [ [ -97.525127754824524, 18.318232691098835, 1606.0 ], [ -97.525126588577763, 18.318227645042064, 1606.0 ], [ -97.525127952412191, 18.318222443151182, 1606.0 ], [ -97.525123725754128, 18.318219426569865, 1606.0 ], [ -97.525119228156456, 18.318219571351239, 1606.0 ], [ -97.525118504588292, 18.318223608196654, 1606.0 ], [ -97.525125839083159, 18.318232816329441, 1606.0 ], [ -97.525127754824524, 18.318232691098835, 1606.0 ] ] } },
{ "type": "Feature", "properties": { "FID": 463, "elev": 1606.0, "elevation": 1606.0, "ELEVATION": 1606.0, "is_master": false, "tipo": "Ordinaria (1m)" }, "geometry": { "type": "LineString", "coordinates": [ [ -97.524992925782399, 18.318232691098835, 1606.0 ], [ -97.52499164268977, 18.318230717529968, 1606.0 ], [ -97.524990507489377, 18.318232691098839, 1606.0 ], [ -97.524992925782399, 18.318232691098835, 1606.0 ] ] } },
{ "type": "Feature", "properties": { "FID": 464, "elev": 1605.0, "elevation": 1605.0, "ELEVATION": 1605.0, "is_master": true, "tipo": "Maestra (5m)" }, "geometry": { "type": "LineString", "coordinates": [ [ -97.524354560245612, 18.318232691098839, 1605.0 ], [ -97.524357624043773, 18.318229663464777, 1605.0 ], [ -97.524358494227158, 18.318220580562592, 1605.0 ], [ -97.524356587316319, 18.318217335426084, 1605.0 ], [ -97.52435130399374, 18.318217126556288, 1605.0 ], [ -97.524349709835136, 18.318219571351236, 1605.0 ], [ -97.524350247329224, 18.318231522538323, 1605.0 ], [ -97.524352360658256, 18.318233568673932, 1605.0 ], [ -97.524354560245612, 18.318232691098839, 1605.0 ] ] } },
{ "type": "Feature", "properties": { "FID": 465, "elev": 1605.0, "elevation": 1605.0, "ELEVATION": 1605.0, "is_master": true, "tipo": "Maestra (5m)" }, "geometry": { "type": "LineString", "coordinates": [ [ -97.524188593312743, 18.318231681887482, 1605.0 ], [ -97.524187520993934, 18.318230122197207, 1605.0 ], [ -97.524186401026938, 18.31823168188749, 1605.0 ], [ -97.524186464329418, 18.318231733949972, 1605.0 ], [ -97.524188593312743, 18.318231681887482, 1605.0 ] ] } },
{ "type": "Feature", "properties": { "FID": 466, "elev": 1606.0, "elevation": 1606.0, "ELEVATION": 1606.0, "is_master": false, "tipo": "Ordinaria (1m)" }, "geometry": { "type": "LineString", "coordinates": [ [ -97.525141236194671, 18.318228654253421, 1606.0 ], [ -97.525142229556693, 18.318227645042072, 1606.0 ], [ -97.525140632386368, 18.318225941319678, 1606.0 ], [ -97.525137462392834, 18.318225239628543, 1606.0 ], [ -97.525138519057336, 18.318227871599721, 1606.0 ], [ -97.525141236194671, 18.318228654253421, 1606.0 ] ] } },
{ "type": "Feature", "properties": { "FID": 467, "elev": 1605.0, "elevation": 1605.0, "ELEVATION": 1605.0, "is_master": true, "tipo": "Maestra (5m)" }, "geometry": { "type": "LineString", "coordinates": [ [ -97.52427359776182, 18.318228654253421, 1605.0 ], [ -97.524280507471246, 18.318226799663734, 1605.0 ], [ -97.524282620800278, 18.318223995012534, 1605.0 ], [ -97.524282793388821, 18.31821755292853, 1605.0 ], [ -97.524280507471246, 18.318215357566167, 1605.0 ], [ -97.524275224148667, 18.318215623367202, 1605.0 ], [ -97.524273110819649, 18.318218254988601, 1605.0 ], [ -97.524270969150948, 18.318224617407999, 1605.0 ], [ -97.524271477792666, 18.318227645042064, 1605.0 ], [ -97.52427359776182, 18.318228654253421, 1605.0 ] ] } },
{ "type": "Feature", "properties": { "FID": 468, "elev": 1609.0, "elevation": 1609.0, "ELEVATION": 1609.0, "is_master": false, "tipo": "Ordinaria (1m)" }, "geometry": { "type": "LineString", "coordinates": [ [ -97.525041726163309, 18.318226635830715, 1609.0 ], [ -97.525048702573571, 18.318221817660383, 1609.0 ], [ -97.525053851389544, 18.31821250687176, 1609.0 ], [ -97.525060427611805, 18.318205442392284, 1609.0 ], [ -97.525062176230747, 18.318200396335509, 1609.0 ], [ -97.525061348926613, 18.318195350278739, 1609.0 ], [ -97.525056274423449, 18.318187276587917, 1609.0 ], [ -97.525050588626456, 18.318185258165201, 1609.0 ], [ -97.525047645909055, 18.318181619731238, 1609.0 ], [ -97.525041107627601, 18.318167092360834, 1609.0 ], [ -97.525033909270363, 18.318157955393755, 1609.0 ], [ -97.525027569283282, 18.318152804602576, 1609.0 ], [ -97.525018059302639, 18.31815173865348, 1609.0 ], [ -97.525010662651042, 18.318155884870482, 1609.0 ], [ -97.52500825669425, 18.318164064726766, 1609.0 ], [ -97.525009605986526, 18.318166668301476, 1609.0 ], [ -97.525015250604227, 18.318169110783533, 1609.0 ], [ -97.525019102303389, 18.31817415684031, 1609.0 ], [ -97.525018866388663, 18.318187276587913, 1609.0 ], [ -97.525021570981153, 18.318194341067393, 1609.0 ], [ -97.525017797465594, 18.318202414758218, 1609.0 ], [ -97.525029760031288, 18.318221589773945, 1609.0 ], [ -97.525034965934879, 18.318226462823056, 1609.0 ], [ -97.525041726163309, 18.318226635830715, 1609.0 ] ] } },
{ "type": "Feature", "properties": { "FID": 469, "elev": 1606.0, "elevation": 1606.0, "ELEVATION": 1606.0, "is_master": false, "tipo": "Ordinaria (1m)" }, "geometry": { "type": "LineString", "coordinates": [ [ -97.525212796357067, 18.318224617407999, 1606.0 ], [ -97.525214598902409, 18.318224520939275, 1606.0 ], [ -97.525217545370779, 18.318220580562596, 1606.0 ], [ -97.525216811170068, 18.31821755292853, 1606.0 ], [ -97.525213542237907, 18.31821600390645, 1606.0 ], [ -97.525209315579843, 18.318217722702403, 1606.0 ], [ -97.525207826023731, 18.318221589773945, 1606.0 ], [ -97.525208327087228, 18.318224617407999, 1606.0 ], [ -97.525212796357067, 18.318224617407999, 1606.0 ] ] } },
{ "type": "Feature", "properties": { "FID": 470, "elev": 1605.0, "elevation": 1605.0, "ELEVATION": 1605.0, "is_master": true, "tipo": "Maestra (5m)" }, "geometry": { "type": "LineString", "coordinates": [ [ -97.524254956002451, 18.318223608196657, 1605.0 ], [ -97.524254090858378, 18.318221793122497, 1605.0 ], [ -97.524253003931392, 18.318222598985297, 1605.0 ], [ -97.524254090858378, 18.318224513721905, 1605.0 ], [ -97.524254956002451, 18.318223608196657, 1605.0 ] ] } },
{ "type": "Feature", "properties": { "FID": 471, "elev": 1605.0, "elevation": 1605.0, "ELEVATION": 1605.0, "is_master": true, "tipo": "Maestra (5m)" }, "geometry": { "type": "LineString", "coordinates": [ [ -97.524329172742512, 18.318222598985301, 1605.0 ], [ -97.524330767038862, 18.318219571351239, 1605.0 ], [ -97.524329270581831, 18.318216543717178, 1605.0 ], [ -97.524323830716355, 18.318215021169941, 1605.0 ], [ -97.524321911813601, 18.318217552928534, 1605.0 ], [ -97.524322774051839, 18.31822088995585, 1605.0 ], [ -97.524325944045387, 18.318223199292046, 1605.0 ], [ -97.524329172742512, 18.318222598985301, 1605.0 ] ] } },
{ "type": "Feature", "properties": { "FID": 472, "elev": 1599.0, "elevation": 1599.0, "ELEVATION": 1599.0, "is_master": false, "tipo": "Ordinaria (1m)" }, "geometry": { "type": "LineString", "coordinates": [ [ -97.525892977517643, 18.318219571351239, 1599.0 ], [ -97.525891920856466, 18.318217758008913, 1599.0 ], [ -97.525890116042618, 18.318218562139883, 1599.0 ], [ -97.525891920856466, 18.318220307234515, 1599.0 ], [ -97.525892977517643, 18.318219571351239, 1599.0 ] ] } },
{ "type": "Feature", "properties": { "FID": 473, "elev": 1589.0, "elevation": 1589.0, "ELEVATION": 1589.0, "is_master": false, "tipo": "Ordinaria (1m)" }, "geometry": { "type": "LineString", "coordinates": [ [ -97.527028891874494, 18.3182177797176, 1589.0 ], [ -97.527014098571286, 18.318217492375847, 1589.0 ], [ -97.527009637098885, 18.318214525294472, 1589.0 ], [ -97.527007918080727, 18.318210488449054, 1589.0 ], [ -97.527008734655652, 18.318204433180931, 1589.0 ], [ -97.527012908783675, 18.318199387124157, 1589.0 ], [ -97.527027835209978, 18.318197954695147, 1589.0 ], [ -97.527035083557791, 18.318202414758218, 1589.0 ], [ -97.527038160171216, 18.318209479237694, 1589.0 ], [ -97.527037210297266, 18.318213516083109, 1589.0 ], [ -97.527028891874494, 18.3182177797176, 1589.0 ] ] } },
{ "type": "Feature", "properties": { "FID": 474, "elev": 1604.0, "elevation": 1604.0, "ELEVATION": 1604.0, "is_master": false, "tipo": "Ordinaria (1m)" }, "geometry": { "type": "LineString", "coordinates": [ [ -97.52344647404145, 18.318217552928534, 1604.0 ], [ -97.523445507690141, 18.31821755292853, 1604.0 ], [ -97.523445742504478, 18.318218120609917, 1604.0 ], [ -97.52344647404145, 18.318217552928534, 1604.0 ] ] } },
{ "type": "Feature", "properties": { "FID": 475, "elev": 1599.0, "elevation": 1599.0, "ELEVATION": 1599.0, "is_master": false, "tipo": "Ordinaria (1m)" }, "geometry": { "type": "LineString", "coordinates": [ [ -97.525885580858755, 18.318216543717178, 1599.0 ], [ -97.525883131328911, 18.318213516083105, 1599.0 ], [ -97.525883467540339, 18.318216118786079, 1599.0 ], [ -97.525885580858755, 18.318216543717178, 1599.0 ] ] } },
{ "type": "Feature", "properties": { "FID": 476, "elev": 1604.0, "elevation": 1604.0, "ELEVATION": 1604.0, "is_master": false, "tipo": "Ordinaria (1m)" }, "geometry": { "type": "LineString", "coordinates": [ [ -97.523414300445495, 18.318215534505828, 1604.0 ], [ -97.523421439220641, 18.318210578274154, 1604.0 ], [ -97.523422540986687, 18.318205442392276, 1604.0 ], [ -97.523419325891609, 18.318200386072345, 1604.0 ], [ -97.523414932622543, 18.318197368701451, 1604.0 ], [ -97.52341404256903, 18.318194320471239, 1604.0 ], [ -97.523409815910966, 18.318193244855053, 1604.0 ], [ -97.523406448518557, 18.318196359490095, 1604.0 ], [ -97.523406783743241, 18.318203423969575, 1604.0 ], [ -97.523408596170668, 18.318206451603633, 1604.0 ], [ -97.52340751799268, 18.31821250687176, 1604.0 ], [ -97.523410872575482, 18.318215687416632, 1604.0 ], [ -97.523414300445495, 18.318215534505828, 1604.0 ] ] } },
{ "type": "Feature", "properties": { "FID": 477, "elev": 1599.0, "elevation": 1599.0, "ELEVATION": 1599.0, "is_master": false, "tipo": "Ordinaria (1m)" }, "geometry": { "type": "LineString", "coordinates": [ [ -97.525874414495718, 18.318213516083109, 1599.0 ], [ -97.525875014224226, 18.318208339805526, 1599.0 ], [ -97.525869730901647, 18.318208862497432, 1599.0 ], [ -97.525869730901647, 18.318212669647789, 1599.0 ], [ -97.525871844230679, 18.318214256171444, 1599.0 ], [ -97.525874414495718, 18.318213516083109, 1599.0 ] ] } },
{ "type": "Feature", "properties": { "FID": 478, "elev": 1605.0, "elevation": 1605.0, "ELEVATION": 1605.0, "is_master": true, "tipo": "Maestra (5m)" }, "geometry": { "type": "LineString", "coordinates": [ [ -97.524502407019369, 18.318213603298911, 1605.0 ], [ -97.524502407019369, 18.31821174314425, 1605.0 ], [ -97.524503146684538, 18.31821250687176, 1605.0 ], [ -97.524502407019369, 18.318213603298911, 1605.0 ] ] } },
{ "type": "Feature", "properties": { "FID": 479, "elev": 1605.0, "elevation": 1605.0, "ELEVATION": 1605.0, "is_master": true, "tipo": "Maestra (5m)" }, "geometry": { "type": "LineString", "coordinates": [ [ -97.524500293690352, 18.318213620484293, 1605.0 ], [ -97.524498547896798, 18.318213516083109, 1605.0 ], [ -97.524500505023255, 18.318212506871763, 1605.0 ], [ -97.524500293690352, 18.318213620484293, 1605.0 ] ] } },
{ "type": "Feature", "properties": { "FID": 480, "elev": 1605.0, "elevation": 1605.0, "ELEVATION": 1605.0, "is_master": true, "tipo": "Maestra (5m)" }, "geometry": { "type": "LineString", "coordinates": [ [ -97.524487613716161, 18.318214143017435, 1605.0 ], [ -97.524485500387144, 18.318211743809513, 1605.0 ], [ -97.524488670380677, 18.318211803201454, 1605.0 ], [ -97.524487613716161, 18.318214143017435, 1605.0 ] ] } },
{ "type": "Feature", "properties": { "FID": 481, "elev": 1605.0, "elevation": 1605.0, "ELEVATION": 1605.0, "is_master": true, "tipo": "Maestra (5m)" }, "geometry": { "type": "LineString", "coordinates": [ [ -97.524537276948365, 18.318210842746655, 1605.0 ], [ -97.524534320369824, 18.318209479237698, 1605.0 ], [ -97.524533065944595, 18.31820544239228, 1605.0 ], [ -97.524537276948365, 18.318200703486795, 1605.0 ], [ -97.524538861945146, 18.318201405546873, 1605.0 ], [ -97.524539871241942, 18.318205442392276, 1605.0 ], [ -97.524539376730417, 18.318209479237698, 1605.0 ], [ -97.524537276948365, 18.318210842746655, 1605.0 ] ] } },
{ "type": "Feature", "properties": { "FID": 482, "elev": 1605.0, "elevation": 1605.0, "ELEVATION": 1605.0, "is_master": true, "tipo": "Maestra (5m)" }, "geometry": { "type": "LineString", "coordinates": [ [ -97.524319790528509, 18.318207460814989, 1605.0 ], [ -97.52432197727893, 18.318203423969575, 1605.0 ], [ -97.524319775249751, 18.318199387124153, 1605.0 ], [ -97.524312131930657, 18.318200396335509, 1605.0 ], [ -97.524314320735726, 18.31820670694627, 1605.0 ], [ -97.524316434064758, 18.31820811711194, 1605.0 ], [ -97.524319790528509, 18.318207460814989, 1605.0 ] ] } },
{ "type": "Feature", "properties": { "FID": 483, "elev": 1605.0, "elevation": 1605.0, "ELEVATION": 1605.0, "is_master": true, "tipo": "Maestra (5m)" }, "geometry": { "type": "LineString", "coordinates": [ [ -97.524548900258026, 18.318203501601225, 1605.0 ], [ -97.524548900258026, 18.318203344815743, 1605.0 ], [ -97.524549135072363, 18.318203423969575, 1605.0 ], [ -97.524548900258026, 18.318203501601225, 1605.0 ] ] } },
{ "type": "Feature", "properties": { "FID": 484, "elev": 1605.0, "elevation": 1605.0, "ELEVATION": 1605.0, "is_master": true, "tipo": "Maestra (5m)" }, "geometry": { "type": "LineString", "coordinates": [ [ -97.524524596974189, 18.318203253398636, 1605.0 ], [ -97.524521613450858, 18.318202414758222, 1605.0 ], [ -97.524521808553942, 18.318200396335506, 1605.0 ], [ -97.524525751933083, 18.318200396335509, 1605.0 ], [ -97.524524596974189, 18.318203253398636, 1605.0 ] ] } },
{ "type": "Feature", "properties": { "FID": 485, "elev": 1605.0, "elevation": 1605.0, "ELEVATION": 1605.0, "is_master": true, "tipo": "Maestra (5m)" }, "geometry": { "type": "LineString", "coordinates": [ [ -97.52449818036132, 18.318202749863154, 1605.0 ], [ -97.524495062092612, 18.318201405546873, 1605.0 ], [ -97.524495010367772, 18.31819824335129, 1605.0 ], [ -97.52449818036132, 18.318197657047548, 1605.0 ], [ -97.524500293690352, 18.318199158291357, 1605.0 ], [ -97.52449818036132, 18.318202749863154, 1605.0 ] ] } },
{ "type": "Feature", "properties": { "FID": 486, "elev": 1588.0, "elevation": 1588.0, "ELEVATION": 1588.0, "is_master": false, "tipo": "Ordinaria (1m)" }, "geometry": { "type": "LineString", "coordinates": [ [ -97.526411799797799, 18.318199538505862, 1588.0 ], [ -97.526408522433499, 18.318199387124153, 1588.0 ], [ -97.526406506103058, 18.318186267376554, 1588.0 ], [ -97.526409686468767, 18.31818305941319, 1588.0 ], [ -97.526414969791333, 18.318182094151222, 1588.0 ], [ -97.526417187913538, 18.318184248953852, 1588.0 ], [ -97.526417266888103, 18.318192322644684, 1588.0 ], [ -97.526411799797799, 18.318199538505862, 1588.0 ] ] } },
{ "type": "Feature", "properties": { "FID": 487, "elev": 1604.0, "elevation": 1604.0, "ELEVATION": 1604.0, "is_master": false, "tipo": "Ordinaria (1m)" }, "geometry": { "type": "LineString", "coordinates": [ [ -97.523936034839394, 18.318198427142629, 1604.0 ], [ -97.523934050371892, 18.318197368701455, 1604.0 ], [ -97.523936034839394, 18.31819595580555, 1604.0 ], [ -97.523937032800319, 18.318197368701455, 1604.0 ], [ -97.523936034839394, 18.318198427142629, 1604.0 ] ] } },
{ "type": "Feature", "properties": { "FID": 488, "elev": 1605.0, "elevation": 1605.0, "ELEVATION": 1605.0, "is_master": true, "tipo": "Maestra (5m)" }, "geometry": { "type": "LineString", "coordinates": [ [ -97.524388691270545, 18.318197368701455, 1605.0 ], [ -97.524389420846887, 18.318194341067393, 1605.0 ], [ -97.524386543242372, 18.318194341067393, 1605.0 ], [ -97.524386044253717, 18.318196359490099, 1605.0 ], [ -97.524388691270545, 18.318197368701455, 1605.0 ] ] } },
{ "type": "Feature", "properties": { "FID": 489, "elev": 1604.0, "elevation": 1604.0, "ELEVATION": 1604.0, "is_master": false, "tipo": "Ordinaria (1m)" }, "geometry": { "type": "LineString", "coordinates": [ [ -97.523552482942847, 18.318197368701451, 1604.0 ], [ -97.523551408955967, 18.318194584313208, 1604.0 ], [ -97.523549683070598, 18.318196359490095, 1604.0 ], [ -97.523551408955967, 18.318198159704938, 1604.0 ], [ -97.523552482942847, 18.318197368701451, 1604.0 ] ] } },
{ "type": "Feature", "properties": { "FID": 490, "elev": 1592.0, "elevation": 1592.0, "ELEVATION": 1592.0, "is_master": false, "tipo": "Ordinaria (1m)" }, "geometry": { "type": "LineString", "coordinates": [ [ -97.526124387049734, 18.318195452595102, 1592.0 ], [ -97.5261212170562, 18.318195932655186, 1592.0 ], [ -97.526118566440118, 18.318194341067393, 1592.0 ], [ -97.526117544803938, 18.318190304221975, 1592.0 ], [ -97.526120160391685, 18.318185672543375, 1592.0 ], [ -97.526124387049734, 18.31818523024236, 1592.0 ], [ -97.526126629905391, 18.318187276587917, 1592.0 ], [ -97.526126789875903, 18.318192322644677, 1592.0 ], [ -97.526124387049734, 18.318195452595102, 1592.0 ] ] } },
{ "type": "Feature", "properties": { "FID": 491, "elev": 1604.0, "elevation": 1604.0, "ELEVATION": 1604.0, "is_master": false, "tipo": "Ordinaria (1m)" }, "geometry": { "type": "LineString", "coordinates": [ [ -97.523641225438482, 18.31818626737655, 1604.0 ], [ -97.523641333577913, 18.318180212108434, 1604.0 ], [ -97.523636998781669, 18.318177488531639, 1604.0 ], [ -97.523635355081325, 18.318179202897085, 1604.0 ], [ -97.523636858496445, 18.318183239742496, 1604.0 ], [ -97.523640168775216, 18.318187179079569, 1604.0 ], [ -97.523641225438482, 18.31818626737655, 1604.0 ] ] } },
{ "type": "Feature", "properties": { "FID": 492, "elev": 1606.0, "elevation": 1606.0, "ELEVATION": 1606.0, "is_master": false, "tipo": "Ordinaria (1m)" }, "geometry": { "type": "LineString", "coordinates": [ [ -97.524911461553614, 18.318185258165204, 1606.0 ], [ -97.524928242818874, 18.318179354970024, 1606.0 ], [ -97.524937561700611, 18.3181701199949, 1606.0 ], [ -97.524943280546267, 18.318152963401882, 1606.0 ], [ -97.524943242636326, 18.318136816020214, 1606.0 ], [ -97.524940714436667, 18.318128742329385, 1606.0 ], [ -97.524934582805969, 18.318121615504797, 1606.0 ], [ -97.524919789502761, 18.318113351563881, 1606.0 ], [ -97.5249081661931, 18.318111752276181, 1606.0 ], [ -97.524900769541489, 18.318113608509115, 1606.0 ], [ -97.524896542883425, 18.318121526855371, 1606.0 ], [ -97.524889146231828, 18.318129941134345, 1606.0 ], [ -97.524871265810717, 18.318137825231563, 1606.0 ], [ -97.52486878031749, 18.31814388049969, 1606.0 ], [ -97.524868858273138, 18.318149935767813, 1606.0 ], [ -97.524872121483014, 18.318160027881355, 1606.0 ], [ -97.524875409593136, 18.318163407210285, 1606.0 ], [ -97.52488170507398, 18.318153972613235, 1606.0 ], [ -97.524884919573765, 18.318154003618183, 1606.0 ], [ -97.524887557689198, 18.318155991035937, 1606.0 ], [ -97.524889146231828, 18.318164573098159, 1606.0 ], [ -97.524885976238281, 18.318168023010823, 1606.0 ], [ -97.524878523480595, 18.318170119994893, 1606.0 ], [ -97.524880562784617, 18.318176175263019, 1606.0 ], [ -97.524885932210594, 18.318181221319794, 1606.0 ], [ -97.524898656212457, 18.318185528633851, 1606.0 ], [ -97.524911461553614, 18.318185258165204, 1606.0 ] ] } },
{ "type": "Feature", "properties": { "FID": 493, "elev": 1604.0, "elevation": 1604.0, "ELEVATION": 1604.0, "is_master": false, "tipo": "Ordinaria (1m)" }, "geometry": { "type": "LineString", "coordinates": [ [ -97.523544342512025, 18.318184248953852, 1604.0 ], [ -97.52355422672801, 18.318179202897085, 1604.0 ], [ -97.523554396765974, 18.318176175263016, 1604.0 ], [ -97.523542955639854, 18.318172458747487, 1604.0 ], [ -97.523534411231964, 18.318175166051667, 1604.0 ], [ -97.523533409152577, 18.318178193685725, 1604.0 ], [ -97.523536181864173, 18.318182230531143, 1604.0 ], [ -97.523540842310823, 18.318184960484153, 1604.0 ], [ -97.523544342512025, 18.318184248953852, 1604.0 ] ] } },
{ "type": "Feature", "properties": { "FID": 494, "elev": 1605.0, "elevation": 1605.0, "ELEVATION": 1605.0, "is_master": true, "tipo": "Maestra (5m)" }, "geometry": { "type": "LineString", "coordinates": [ [ -97.524575566921285, 18.318183239742492, 1605.0 ], [ -97.524577463220695, 18.318179202897085, 1605.0 ], [ -97.524575316870909, 18.318178918421395, 1605.0 ], [ -97.524572345655827, 18.318181221319794, 1605.0 ], [ -97.524573203541877, 18.318183016392439, 1605.0 ], [ -97.524575566921285, 18.318183239742492, 1605.0 ] ] } },
{ "type": "Feature", "properties": { "FID": 495, "elev": 1605.0, "elevation": 1605.0, "ELEVATION": 1605.0, "is_master": true, "tipo": "Maestra (5m)" }, "geometry": { "type": "LineString", "coordinates": [ [ -97.524567400548221, 18.318181221319794, 1605.0 ], [ -97.524569314010108, 18.318180212108434, 1605.0 ], [ -97.524569098514263, 18.318177184474369, 1605.0 ], [ -97.52456475022575, 18.318175420903021, 1605.0 ], [ -97.52456277900778, 18.318179202897085, 1605.0 ], [ -97.524563693561234, 18.318180786314894, 1605.0 ], [ -97.524567400548221, 18.318181221319794, 1605.0 ] ] } },
{ "type": "Feature", "properties": { "FID": 496, "elev": 1604.0, "elevation": 1604.0, "ELEVATION": 1604.0, "is_master": false, "tipo": "Ordinaria (1m)" }, "geometry": { "type": "LineString", "coordinates": [ [ -97.523629304478092, 18.318177184474369, 1604.0 ], [ -97.523630510792714, 18.31817516605166, 1604.0 ], [ -97.523627596623953, 18.318174156840307, 1604.0 ], [ -97.52362748880104, 18.318176542248974, 1604.0 ], [ -97.523629304478092, 18.318177184474369, 1604.0 ] ] } },
{ "type": "Feature", "properties": { "FID": 497, "elev": 1604.0, "elevation": 1604.0, "ELEVATION": 1604.0, "is_master": false, "tipo": "Ordinaria (1m)" }, "geometry": { "type": "LineString", "coordinates": [ [ -97.523508477298293, 18.318175166051663, 1604.0 ], [ -97.523514631160495, 18.318169110783536, 1604.0 ], [ -97.52351019903989, 18.31816242682638, 1604.0 ], [ -97.523507029046343, 18.318161447431393, 1604.0 ], [ -97.523503859052795, 18.318164511426879, 1604.0 ], [ -97.523502468704748, 18.318171129206249, 1604.0 ], [ -97.523504573015302, 18.318175166051663, 1604.0 ], [ -97.523508477298293, 18.318175166051663, 1604.0 ] ] } },
{ "type": "Feature", "properties": { "FID": 498, "elev": 1606.0, "elevation": 1606.0, "ELEVATION": 1606.0, "is_master": false, "tipo": "Ordinaria (1m)" }, "geometry": { "type": "LineString", "coordinates": [ [ -97.525107576259458, 18.318174156840307, 1606.0 ], [ -97.525111894260561, 18.318171129206252, 1606.0 ], [ -97.525109989115435, 18.318168499336515, 1606.0 ], [ -97.525105380386591, 18.318173147628958, 1606.0 ], [ -97.525107576259458, 18.318174156840307, 1606.0 ] ] } },
{ "type": "Feature", "properties": { "FID": 499, "elev": 1604.0, "elevation": 1604.0, "ELEVATION": 1604.0, "is_master": false, "tipo": "Ordinaria (1m)" }, "geometry": { "type": "LineString", "coordinates": [ [ -97.523695861210825, 18.31817415684031, 1604.0 ], [ -97.523696640515567, 18.318173147628961, 1604.0 ], [ -97.52369511533, 18.318172026283005, 1604.0 ], [ -97.523694001376441, 18.318174156840307, 1604.0 ], [ -97.523695861210825, 18.31817415684031, 1604.0 ] ] } },
{ "type": "Feature", "properties": { "FID": 500, "elev": 1605.0, "elevation": 1605.0, "ELEVATION": 1605.0, "is_master": true, "tipo": "Maestra (5m)" }, "geometry": { "type": "LineString", "coordinates": [ [ -97.524385960341618, 18.31816911078354, 1605.0 ], [ -97.52438948826935, 18.318167092360834, 1605.0 ], [ -97.524390755491012, 18.318164064726773, 1605.0 ], [ -97.524390400580799, 18.31816183646804, 1605.0 ], [ -97.52438511725822, 18.318158360731104, 1605.0 ], [ -97.524381136163043, 18.318161037092711, 1605.0 ], [ -97.524380662360628, 18.318164064726769, 1605.0 ], [ -97.524381959005396, 18.318168101572191, 1605.0 ], [ -97.524385960341618, 18.31816911078354, 1605.0 ] ] } },
{ "type": "Feature", "properties": { "FID": 501, "elev": 1604.0, "elevation": 1604.0, "ELEVATION": 1604.0, "is_master": false, "tipo": "Ordinaria (1m)" }, "geometry": { "type": "LineString", "coordinates": [ [ -97.523523615898526, 18.31816911078354, 1604.0 ], [ -97.523522879014067, 18.318167173913263, 1604.0 ], [ -97.523520164331245, 18.318168101572187, 1604.0 ], [ -97.523521822349551, 18.318170119993262, 1604.0 ], [ -97.523523615898526, 18.31816911078354, 1604.0 ] ] } },
{ "type": "Feature", "properties": { "FID": 502, "elev": 1588.0, "elevation": 1588.0, "ELEVATION": 1588.0, "is_master": false, "tipo": "Ordinaria (1m)" }, "geometry": { "type": "LineString", "coordinates": [ [ -97.526400176488124, 18.318163444222268, 1588.0 ], [ -97.526395949830075, 18.318162309267581, 1588.0 ], [ -97.526390666507496, 18.318156896158232, 1588.0 ], [ -97.526388413585664, 18.318153972613235, 1588.0 ], [ -97.526387177433634, 18.318146908133752, 1588.0 ], [ -97.526379099180062, 18.318138834442923, 1588.0 ], [ -97.526381156510169, 18.318121677849906, 1588.0 ], [ -97.526375873204287, 18.318117462908372, 1588.0 ], [ -97.526364249894627, 18.318113842897244, 1588.0 ], [ -97.526356853243016, 18.318109697212154, 1588.0 ], [ -97.526349220232248, 18.318100484411474, 1588.0 ], [ -97.526348145084285, 18.318089383086573, 1588.0 ], [ -97.526351147254644, 18.318078281761682, 1588.0 ], [ -97.526347275455038, 18.318068189648152, 1588.0 ], [ -97.526341892231613, 18.318037913307531, 1588.0 ], [ -97.526341913772967, 18.318034885673466, 1588.0 ], [ -97.526346286597871, 18.318029699448452, 1588.0 ], [ -97.52635156992045, 18.318028899215207, 1588.0 ], [ -97.526360023236563, 18.31803095619096, 1588.0 ], [ -97.52636427945167, 18.318033876462113, 1588.0 ], [ -97.526368552028714, 18.318039931730233, 1588.0 ], [ -97.52637022551464, 18.318051033055131, 1588.0 ], [ -97.526368313988911, 18.31807727255033, 1588.0 ], [ -97.526382213191368, 18.318101581380336, 1588.0 ], [ -97.526389710477702, 18.318111585736364, 1588.0 ], [ -97.526393744617167, 18.318122687061265, 1588.0 ], [ -97.526401382846785, 18.318134797597512, 1588.0 ], [ -97.526403642978579, 18.318158009458649, 1588.0 ], [ -97.526403346481672, 18.318161110937442, 1588.0 ], [ -97.526400176488124, 18.318163444222268, 1588.0 ] ] } },
{ "type": "Feature", "properties": { "FID": 503, "elev": 1607.0, "elevation": 1607.0, "ELEVATION": 1607.0, "is_master": false, "tipo": "Ordinaria (1m)" }, "geometry": { "type": "LineString", "coordinates": [ [ -97.524901282358584, 18.318160027881358, 1607.0 ], [ -97.524915562844697, 18.318154990696772, 1607.0 ], [ -97.524922112194218, 18.318144889711043, 1607.0 ], [ -97.524920907083626, 18.318126723906676, 1607.0 ], [ -97.524913449515665, 18.318118687161927, 1607.0 ], [ -97.524903632407629, 18.318118650215844, 1607.0 ], [ -97.524892118255437, 18.318131769963447, 1607.0 ], [ -97.524880609384923, 18.318140852865636, 1607.0 ], [ -97.524880531286215, 18.318145898922403, 1607.0 ], [ -97.524888089567312, 18.318152257030206, 1607.0 ], [ -97.524893372889892, 18.318160094214491, 1607.0 ], [ -97.524901282358584, 18.318160027881358, 1607.0 ] ] } },
{ "type": "Feature", "properties": { "FID": 504, "elev": 1605.0, "elevation": 1605.0, "ELEVATION": 1605.0, "is_master": true, "tipo": "Maestra (5m)" }, "geometry": { "type": "LineString", "coordinates": [ [ -97.525302302057156, 18.318157655579341, 1605.0 ], [ -97.525302302057156, 18.318155715443606, 1605.0 ], [ -97.525303134076452, 18.31815700024729, 1605.0 ], [ -97.525302302057156, 18.318157655579341, 1605.0 ] ] } },
{ "type": "Feature", "properties": { "FID": 505, "elev": 1606.0, "elevation": 1606.0, "ELEVATION": 1606.0, "is_master": false, "tipo": "Ordinaria (1m)" }, "geometry": { "type": "LineString", "coordinates": [ [ -97.525260560103817, 18.318154981824584, 1606.0 ], [ -97.525269846422574, 18.31815094497917, 1606.0 ], [ -97.525273664438842, 18.318145898922399, 1606.0 ], [ -97.525272826176192, 18.318137825231563, 1606.0 ], [ -97.525265656138032, 18.318130760752084, 1606.0 ], [ -97.525268192276357, 18.3181196594272, 1606.0 ], [ -97.525264287775258, 18.3180954383547, 1606.0 ], [ -97.525256865483016, 18.318090594051945, 1606.0 ], [ -97.525249468831404, 18.318092687126942, 1606.0 ], [ -97.52523890218626, 18.318087554233429, 1606.0 ], [ -97.525226222212083, 18.31808928426797, 1606.0 ], [ -97.52522199555402, 18.318091271679357, 1606.0 ], [ -97.525217608389951, 18.318097456777402, 1606.0 ], [ -97.525216894537053, 18.318109567313655, 1606.0 ], [ -97.525213319538025, 18.318123696272618, 1606.0 ], [ -97.525215725237118, 18.318133788386152, 1606.0 ], [ -97.52522199555402, 18.31814183086426, 1606.0 ], [ -97.52523361886368, 18.318146197044388, 1606.0 ], [ -97.525237845521744, 18.318149966555545, 1606.0 ], [ -97.525248412166889, 18.318151249226712, 1606.0 ], [ -97.525254752153984, 18.318154975228428, 1606.0 ], [ -97.525260560103817, 18.318154981824584, 1606.0 ] ] } },
{ "type": "Feature", "properties": { "FID": 506, "elev": 1608.0, "elevation": 1608.0, "ELEVATION": 1608.0, "is_master": false, "tipo": "Ordinaria (1m)" }, "geometry": { "type": "LineString", "coordinates": [ [ -97.524898683918153, 18.318154981824584, 1608.0 ], [ -97.524903939535037, 18.318151822223239, 1608.0 ], [ -97.524912392851149, 18.31815037729778, 1608.0 ], [ -97.524915421956095, 18.318146908133745, 1608.0 ], [ -97.524916672380201, 18.318128742329385, 1608.0 ], [ -97.524912392851149, 18.318123730962245, 1608.0 ], [ -97.524904996199552, 18.318123728762316, 1608.0 ], [ -97.524889045152179, 18.318140852865632, 1608.0 ], [ -97.524888331921559, 18.318144889711043, 1608.0 ], [ -97.524891675909643, 18.318152963401872, 1608.0 ], [ -97.524895486218924, 18.318155987208335, 1608.0 ], [ -97.524898683918153, 18.318154981824584, 1608.0 ] ] } },
{ "type": "Feature", "properties": { "FID": 507, "elev": 1604.0, "elevation": 1604.0, "ELEVATION": 1604.0, "is_master": false, "tipo": "Ordinaria (1m)" }, "geometry": { "type": "LineString", "coordinates": [ [ -97.523596461288463, 18.318154981824588, 1604.0 ], [ -97.523606355510751, 18.318151315023325, 1604.0 ], [ -97.523605691757581, 18.318143880499694, 1604.0 ], [ -97.523600015523655, 18.318140090664052, 1604.0 ], [ -97.523596845530108, 18.318140693516472, 1604.0 ], [ -97.523587965383996, 18.318147917345108, 1604.0 ], [ -97.523589448878511, 18.318152499164654, 1604.0 ], [ -97.523592618872044, 18.318155022383905, 1604.0 ], [ -97.523596461288463, 18.318154981824588, 1604.0 ] ] } },
{ "type": "Feature", "properties": { "FID": 508, "elev": 1604.0, "elevation": 1604.0, "ELEVATION": 1604.0, "is_master": false, "tipo": "Ordinaria (1m)" }, "geometry": { "type": "LineString", "coordinates": [ [ -97.523808284099545, 18.31815195419053, 1604.0 ], [ -97.523810916831266, 18.318149935767817, 1604.0 ], [ -97.52380712176857, 18.318148212345342, 1604.0 ], [ -97.523806109131741, 18.318148926556468, 1604.0 ], [ -97.523808284099545, 18.31815195419053, 1604.0 ] ] } },
{ "type": "Feature", "properties": { "FID": 509, "elev": 1605.0, "elevation": 1605.0, "ELEVATION": 1605.0, "is_master": true, "tipo": "Maestra (5m)" }, "geometry": { "type": "LineString", "coordinates": [ [ -97.525470517437313, 18.31815094497917, 1605.0 ], [ -97.525478765031139, 18.318149738136249, 1605.0 ], [ -97.525485105018234, 18.31814639972502, 1605.0 ], [ -97.52548465927886, 18.318139843654272, 1605.0 ], [ -97.525480031295032, 18.318131769963447, 1605.0 ], [ -97.525470311715026, 18.318124544127507, 1605.0 ], [ -97.525460801734383, 18.318121416141935, 1605.0 ], [ -97.525446008431175, 18.318125975136958, 1605.0 ], [ -97.525443895102143, 18.318125058707942, 1605.0 ], [ -97.525437817324402, 18.31810754889095, 1605.0 ], [ -97.525427907308611, 18.318093419931998, 1605.0 ], [ -97.52541853515379, 18.318086266266395, 1605.0 ], [ -97.52540162852155, 18.318079040137071, 1605.0 ], [ -97.525382608560278, 18.318075885488316, 1605.0 ], [ -97.525370985250618, 18.318078342776104, 1605.0 ], [ -97.525361475269989, 18.318086277719527, 1605.0 ], [ -97.525351985040089, 18.318090392297933, 1605.0 ], [ -97.525338538758717, 18.318111585736361, 1605.0 ], [ -97.525339632902188, 18.31811461337043, 1605.0 ], [ -97.525344191511692, 18.318116631793128, 1605.0 ], [ -97.525358305276441, 18.318118719978077, 1605.0 ], [ -97.52536372068208, 18.318127733118022, 1605.0 ], [ -97.525369967168672, 18.318130760752091, 1605.0 ], [ -97.525377150316899, 18.318139843654272, 1605.0 ], [ -97.525392118540921, 18.31814612897918, 1605.0 ], [ -97.525402685186066, 18.318146719747627, 1605.0 ], [ -97.525414308495726, 18.318144963857183, 1605.0 ], [ -97.525441781773111, 18.318127813854939, 1605.0 ], [ -97.525443895102143, 18.318127836626882, 1605.0 ], [ -97.525447880676552, 18.318139843654272, 1605.0 ], [ -97.525455384706106, 18.318148926556464, 1605.0 ], [ -97.525462915063414, 18.318151231264526, 1605.0 ], [ -97.525470517437313, 18.31815094497917, 1605.0 ] ] } },
{ "type": "Feature", "properties": { "FID": 510, "elev": 1605.0, "elevation": 1605.0, "ELEVATION": 1605.0, "is_master": true, "tipo": "Maestra (5m)" }, "geometry": { "type": "LineString", "coordinates": [ [ -97.52530547205069, 18.318150384306197, 1605.0 ], [ -97.52530547205069, 18.318149822053858, 1605.0 ], [ -97.525305941679363, 18.318149935767817, 1605.0 ], [ -97.52530547205069, 18.318150384306197, 1605.0 ] ] } },
{ "type": "Feature", "properties": { "FID": 511, "elev": 1607.0, "elevation": 1607.0, "ELEVATION": 1607.0, "is_master": false, "tipo": "Ordinaria (1m)" }, "geometry": { "type": "LineString", "coordinates": [ [ -97.525258957489214, 18.318148926556468, 1607.0 ], [ -97.525263205470097, 18.318147847511291, 1607.0 ], [ -97.525266539537114, 18.318144889711043, 1607.0 ], [ -97.52526732822281, 18.318141862076988, 1607.0 ], [ -97.525262697044866, 18.318130760752087, 1607.0 ], [ -97.525263337610127, 18.3181196594272, 1607.0 ], [ -97.525256916790866, 18.318111585736364, 1607.0 ], [ -97.525256795495153, 18.318105530468241, 1607.0 ], [ -97.525259859105674, 18.318099475200121, 1607.0 ], [ -97.525259516617609, 18.318093419931998, 1607.0 ], [ -97.5252558088185, 18.318091009575241, 1607.0 ], [ -97.525248412166889, 18.318094775275235, 1607.0 ], [ -97.52523890218626, 18.318093348687519, 1607.0 ], [ -97.525232413676576, 18.318098465988765, 1607.0 ], [ -97.525219903280302, 18.318117641004488, 1607.0 ], [ -97.525218647530664, 18.31812571469532, 1607.0 ], [ -97.525224289533966, 18.318136816020214, 1607.0 ], [ -97.525230287009236, 18.318141862076981, 1607.0 ], [ -97.525242072179807, 18.318147664400279, 1607.0 ], [ -97.525258957489214, 18.318148926556468, 1607.0 ] ] } },
{ "type": "Feature", "properties": { "FID": 512, "elev": 1609.0, "elevation": 1609.0, "ELEVATION": 1609.0, "is_master": false, "tipo": "Ordinaria (1m)" }, "geometry": { "type": "LineString", "coordinates": [ [ -97.52491028882784, 18.318147917345112, 1609.0 ], [ -97.524914790903139, 18.318134797597505, 1609.0 ], [ -97.524913449515665, 18.318127854870205, 1609.0 ], [ -97.524910279522132, 18.318127661648209, 1609.0 ], [ -97.524906242713953, 18.318130760752091, 1609.0 ], [ -97.52489946230763, 18.31814388049969, 1609.0 ], [ -97.524900769541489, 18.318146748557592, 1609.0 ], [ -97.52491028882784, 18.318147917345112, 1609.0 ] ] } },
{ "type": "Feature", "properties": { "FID": 513, "elev": 1604.0, "elevation": 1604.0, "ELEVATION": 1604.0, "is_master": false, "tipo": "Ordinaria (1m)" }, "geometry": { "type": "LineString", "coordinates": [ [ -97.523862772766364, 18.318145898922396, 1604.0 ], [ -97.523862511861537, 18.318141862076988, 1604.0 ], [ -97.523859162495938, 18.318140852865632, 1604.0 ], [ -97.523858818413999, 18.318144889711046, 1604.0 ], [ -97.523862772766364, 18.318145898922396, 1604.0 ] ] } },
{ "type": "Feature", "properties": { "FID": 514, "elev": 1606.0, "elevation": 1606.0, "ELEVATION": 1606.0, "is_master": false, "tipo": "Ordinaria (1m)" }, "geometry": { "type": "LineString", "coordinates": [ [ -97.525483844435996, 18.318144889711043, 1606.0 ], [ -97.525483077302894, 18.318139843654276, 1606.0 ], [ -97.525478765031139, 18.318136051348532, 1606.0 ], [ -97.525471368379542, 18.318136630566851, 1606.0 ], [ -97.525461858398899, 18.318132991582427, 1606.0 ], [ -97.525457105614564, 18.318136816020214, 1606.0 ], [ -97.525458108318105, 18.318141862076985, 1606.0 ], [ -97.525461858398899, 18.318144122652406, 1606.0 ], [ -97.525483844435996, 18.318144889711043, 1606.0 ] ] } },
{ "type": "Feature", "properties": { "FID": 515, "elev": 1604.0, "elevation": 1604.0, "ELEVATION": 1604.0, "is_master": false, "tipo": "Ordinaria (1m)" }, "geometry": { "type": "LineString", "coordinates": [ [ -97.523448912498026, 18.318143880501179, 1604.0 ], [ -97.523445742504478, 18.31814479204543, 1604.0 ], [ -97.523444507416315, 18.318142871288337, 1604.0 ], [ -97.523445742504478, 18.318136712567792, 1604.0 ], [ -97.523450068313366, 18.318139843654272, 1604.0 ], [ -97.523448912498026, 18.318143880501179, 1604.0 ] ] } },
{ "type": "Feature", "properties": { "FID": 516, "elev": 1608.0, "elevation": 1608.0, "ELEVATION": 1608.0, "is_master": false, "tipo": "Ordinaria (1m)" }, "geometry": { "type": "LineString", "coordinates": [ [ -97.525255971569123, 18.318142871288341, 1608.0 ], [ -97.525258978812047, 18.318141566544682, 1608.0 ], [ -97.525260642599449, 18.318137825231567, 1608.0 ], [ -97.525260518851155, 18.318120668638553, 1608.0 ], [ -97.525257922147532, 18.318118704858222, 1608.0 ], [ -97.525253695489468, 18.318118620252754, 1608.0 ], [ -97.525249617316945, 18.318114613370426, 1608.0 ], [ -97.525248183404472, 18.318106539679597, 1608.0 ], [ -97.525246298837857, 18.31810507016413, 1608.0 ], [ -97.525243128844323, 18.318105393471225, 1608.0 ], [ -97.525230448870133, 18.318116567069367, 1608.0 ], [ -97.525224173499225, 18.3181196594272, 1608.0 ], [ -97.52522347095865, 18.31812571469532, 1608.0 ], [ -97.525230448870133, 18.318138660955572, 1608.0 ], [ -97.525241015515292, 18.318140606890132, 1608.0 ], [ -97.525245242173341, 18.318142963245577, 1608.0 ], [ -97.525255971569123, 18.318142871288341, 1608.0 ] ] } },
{ "type": "Feature", "properties": { "FID": 517, "elev": 1602.0, "elevation": 1602.0, "ELEVATION": 1602.0, "is_master": false, "tipo": "Ordinaria (1m)" }, "geometry": { "type": "LineString", "coordinates": [ [ -97.525496728327894, 18.318142160593702, 1602.0 ], [ -97.525492042018541, 18.318139843654265, 1602.0 ], [ -97.525494614998863, 18.318136949114546, 1602.0 ], [ -97.52549977816561, 18.31813782523157, 1602.0 ], [ -97.525499951521567, 18.318140852865636, 1602.0 ], [ -97.525496728327894, 18.318142160593702, 1602.0 ] ] } },
{ "type": "Feature", "properties": { "FID": 518, "elev": 1605.0, "elevation": 1605.0, "ELEVATION": 1605.0, "is_master": true, "tipo": "Maestra (5m)" }, "geometry": { "type": "LineString", "coordinates": [ [ -97.524725845622342, 18.318140852865636, 1605.0 ], [ -97.524731532140095, 18.318130760752087, 1605.0 ], [ -97.524727476561054, 18.318127172445053, 1605.0 ], [ -97.524721136573959, 18.318126156566244, 1605.0 ], [ -97.524716648857606, 18.3181327791748, 1605.0 ], [ -97.524720079909443, 18.318138730317941, 1605.0 ], [ -97.524725845622342, 18.318140852865636, 1605.0 ] ] } },
{ "type": "Feature", "properties": { "FID": 519, "elev": 1604.0, "elevation": 1604.0, "ELEVATION": 1604.0, "is_master": false, "tipo": "Ordinaria (1m)" }, "geometry": { "type": "LineString", "coordinates": [ [ -97.523858129846516, 18.318137825231567, 1604.0 ], [ -97.523857719742466, 18.318137825231563, 1604.0 ], [ -97.52385784166529, 18.318137882356741, 1604.0 ], [ -97.523858129846516, 18.318137825231567, 1604.0 ] ] } },
{ "type": "Feature", "properties": { "FID": 520, "elev": 1606.0, "elevation": 1606.0, "ELEVATION": 1606.0, "is_master": false, "tipo": "Ordinaria (1m)" }, "geometry": { "type": "LineString", "coordinates": [ [ -97.525277613208971, 18.318135806808858, 1606.0 ], [ -97.525280646770725, 18.318132779174803, 1606.0 ], [ -97.525280112102337, 18.318130604650097, 1606.0 ], [ -97.525275288629089, 18.318134797597505, 1606.0 ], [ -97.525275885444273, 18.318136288177616, 1606.0 ], [ -97.525277613208971, 18.318135806808858, 1606.0 ] ] } },
{ "type": "Feature", "properties": { "FID": 521, "elev": 1607.0, "elevation": 1607.0, "ELEVATION": 1607.0, "is_master": false, "tipo": "Ordinaria (1m)" }, "geometry": { "type": "LineString", "coordinates": [ [ -97.52527745274449, 18.318134797597509, 1607.0 ], [ -97.525276621502414, 18.318134797597505, 1607.0 ], [ -97.525276942108789, 18.31813509041881, 1607.0 ], [ -97.52527745274449, 18.318134797597509, 1607.0 ] ] } },
{ "type": "Feature", "properties": { "FID": 522, "elev": 1601.0, "elevation": 1601.0, "ELEVATION": 1601.0, "is_master": false, "tipo": "Ordinaria (1m)" }, "geometry": { "type": "LineString", "coordinates": [ [ -97.525540051573003, 18.318134100324205, 1601.0 ], [ -97.525533711585908, 18.318133536083316, 1601.0 ], [ -97.52553291209901, 18.318130760752087, 1601.0 ], [ -97.525534233845391, 18.318128742329382, 1601.0 ], [ -97.525539321513889, 18.318127733118029, 1601.0 ], [ -97.525541565937118, 18.318130760752091, 1601.0 ], [ -97.525540051573003, 18.318134100324205, 1601.0 ] ] } },
{ "type": "Feature", "properties": { "FID": 523, "elev": 1607.0, "elevation": 1607.0, "ELEVATION": 1607.0, "is_master": false, "tipo": "Ordinaria (1m)" }, "geometry": { "type": "LineString", "coordinates": [ [ -97.525278515669797, 18.318133788386145, 1607.0 ], [ -97.525277476855962, 18.318133788386149, 1607.0 ], [ -97.525277998773305, 18.318134281476684, 1607.0 ], [ -97.525278515669797, 18.318133788386145, 1607.0 ] ] } },
{ "type": "Feature", "properties": { "FID": 524, "elev": 1605.0, "elevation": 1605.0, "ELEVATION": 1605.0, "is_master": true, "tipo": "Maestra (5m)" }, "geometry": { "type": "LineString", "coordinates": [ [ -97.524761289825506, 18.318133964998136, 1605.0 ], [ -97.524752583828757, 18.318127733118029, 1605.0 ], [ -97.524748734833167, 18.318121677849906, 1605.0 ], [ -97.52476128982552, 18.318115391660545, 1605.0 ], [ -97.524763001622034, 18.318116631793128, 1605.0 ], [ -97.524766072301333, 18.318128742329378, 1605.0 ], [ -97.524761289825506, 18.318133964998136, 1605.0 ] ] } },
{ "type": "Feature", "properties": { "FID": 525, "elev": 1607.0, "elevation": 1607.0, "ELEVATION": 1607.0, "is_master": false, "tipo": "Ordinaria (1m)" }, "geometry": { "type": "LineString", "coordinates": [ [ -97.525279511762179, 18.3181327791748, 1607.0 ], [ -97.525278518880612, 18.3181327791748, 1607.0 ], [ -97.525279055437821, 18.31813329470469, 1607.0 ], [ -97.525279511762179, 18.3181327791748, 1607.0 ] ] } },
{ "type": "Feature", "properties": { "FID": 526, "elev": 1607.0, "elevation": 1607.0, "ELEVATION": 1607.0, "is_master": false, "tipo": "Ordinaria (1m)" }, "geometry": { "type": "LineString", "coordinates": [ [ -97.525280198025158, 18.318131769963443, 1607.0 ], [ -97.52527973479512, 18.318131769963447, 1607.0 ], [ -97.525280112102337, 18.318132047709636, 1607.0 ], [ -97.525280198025158, 18.318131769963443, 1607.0 ] ] } },
{ "type": "Feature", "properties": { "FID": 527, "elev": 1591.0, "elevation": 1591.0, "ELEVATION": 1591.0, "is_master": false, "tipo": "Ordinaria (1m)" }, "geometry": { "type": "LineString", "coordinates": [ [ -97.52612544371425, 18.318130779034899, 1591.0 ], [ -97.526116990398137, 18.318130949053586, 1591.0 ], [ -97.526112613807953, 18.318127733118029, 1591.0 ], [ -97.526110678000194, 18.318112594947724, 1591.0 ], [ -97.526113820404589, 18.318108432189359, 1591.0 ], [ -97.526119103727169, 18.318106293092356, 1591.0 ], [ -97.526126924238554, 18.318106539679594, 1591.0 ], [ -97.526130727036829, 18.318109068377705, 1591.0 ], [ -97.526134134779895, 18.318114613370426, 1591.0 ], [ -97.52613298053565, 18.318123696272618, 1591.0 ], [ -97.52612544371425, 18.318130779034899, 1591.0 ] ] } },
{ "type": "Feature", "properties": { "FID": 528, "elev": 1606.0, "elevation": 1606.0, "ELEVATION": 1606.0, "is_master": false, "tipo": "Ordinaria (1m)" }, "geometry": { "type": "LineString", "coordinates": [ [ -97.525401092532306, 18.318127733118025, 1606.0 ], [ -97.52541325183121, 18.318123561110376, 1606.0 ], [ -97.525420796890756, 18.318114613370422, 1606.0 ], [ -97.525420924134437, 18.318105530468245, 1606.0 ], [ -97.52541449170252, 18.318094429143347, 1606.0 ], [ -97.525406911844129, 18.318088310374282, 1606.0 ], [ -97.525394231869953, 18.318083137261986, 1606.0 ], [ -97.525378381902229, 18.318083176859023, 1606.0 ], [ -97.525365545541703, 18.318089383086576, 1606.0 ], [ -97.525360409245252, 18.318094429143347, 1606.0 ], [ -97.525357100341068, 18.31810250283419, 1606.0 ], [ -97.525357181461786, 18.318109567313659, 1606.0 ], [ -97.525361610828924, 18.318115622581779, 1606.0 ], [ -97.525364661146583, 18.318123696272618, 1606.0 ], [ -97.525369928586102, 18.318126213131141, 1606.0 ], [ -97.525378381902229, 18.318125139861017, 1606.0 ], [ -97.525401092532306, 18.318127733118025, 1606.0 ] ] } },
{ "type": "Feature", "properties": { "FID": 529, "elev": 1609.0, "elevation": 1609.0, "ELEVATION": 1609.0, "is_master": false, "tipo": "Ordinaria (1m)" }, "geometry": { "type": "LineString", "coordinates": [ [ -97.525014090977393, 18.318125714695324, 1609.0 ], [ -97.525017009042159, 18.3181196594272, 1609.0 ], [ -97.525022285960702, 18.318114991824686, 1609.0 ], [ -97.525024399289734, 18.31810937424714, 1609.0 ], [ -97.525028625947797, 18.318106391701384, 1609.0 ], [ -97.525041428789933, 18.31810250283419, 1609.0 ], [ -97.525046337657756, 18.318098465988765, 1609.0 ], [ -97.525048544390259, 18.318093419931998, 1609.0 ], [ -97.525045532580037, 18.318088396811845, 1609.0 ], [ -97.525033291009223, 18.318083327818453, 1609.0 ], [ -97.52502974267793, 18.318073235704922, 1609.0 ], [ -97.525026512618766, 18.318070891611452, 1609.0 ], [ -97.525017002638137, 18.318074622344898, 1609.0 ], [ -97.525011710510014, 18.318080300184391, 1609.0 ], [ -97.525011723640233, 18.318083327818449, 1609.0 ], [ -97.525016809579483, 18.318087364663867, 1609.0 ], [ -97.525013876341234, 18.318099475200121, 1609.0 ], [ -97.525001152670413, 18.318101667624781, 1609.0 ], [ -97.524995869347833, 18.318098493055729, 1609.0 ], [ -97.524993058749345, 18.31810149362283, 1609.0 ], [ -97.524999279533134, 18.31812066863856, 1609.0 ], [ -97.525005379328462, 18.318125722170961, 1609.0 ], [ -97.525014090977393, 18.318125714695324, 1609.0 ] ] } },
{ "type": "Feature", "properties": { "FID": 530, "elev": 1606.0, "elevation": 1606.0, "ELEVATION": 1606.0, "is_master": false, "tipo": "Ordinaria (1m)" }, "geometry": { "type": "LineString", "coordinates": [ [ -97.525196932213248, 18.318123696272618, 1606.0 ], [ -97.525196418853966, 18.318123696272615, 1606.0 ], [ -97.525196635605667, 18.318124025811013, 1606.0 ], [ -97.525196932213248, 18.318123696272618, 1606.0 ] ] } },
{ "type": "Feature", "properties": { "FID": 531, "elev": 1607.0, "elevation": 1607.0, "ELEVATION": 1607.0, "is_master": false, "tipo": "Ordinaria (1m)" }, "geometry": { "type": "LineString", "coordinates": [ [ -97.525370132112513, 18.318122687061265, 1607.0 ], [ -97.525372246522778, 18.318120668638553, 1607.0 ], [ -97.525372096949738, 18.318116631793135, 1607.0 ], [ -97.525368871921586, 18.318116276389805, 1607.0 ], [ -97.52536642599668, 18.3181196594272, 1607.0 ], [ -97.525370132112513, 18.318122687061265, 1607.0 ] ] } },
{ "type": "Feature", "properties": { "FID": 532, "elev": 1605.0, "elevation": 1605.0, "ELEVATION": 1605.0, "is_master": true, "tipo": "Maestra (5m)" }, "geometry": { "type": "LineString", "coordinates": [ [ -97.525330538671113, 18.318121677849906, 1605.0 ], [ -97.525329775334541, 18.318117112819106, 1605.0 ], [ -97.525327662005509, 18.318115991361264, 1605.0 ], [ -97.525323435347445, 18.318116366156158, 1605.0 ], [ -97.525321134081722, 18.31811865021584, 1605.0 ], [ -97.52532237868293, 18.318122439610399, 1605.0 ], [ -97.525330538671113, 18.318121677849906, 1605.0 ] ] } },
{ "type": "Feature", "properties": { "FID": 533, "elev": 1604.0, "elevation": 1604.0, "ELEVATION": 1604.0, "is_master": false, "tipo": "Ordinaria (1m)" }, "geometry": { "type": "LineString", "coordinates": [ [ -97.52419306441854, 18.318121677849909, 1604.0 ], [ -97.524190153049176, 18.318120668638553, 1604.0 ], [ -97.524191747651997, 18.318122254542104, 1604.0 ], [ -97.52419306441854, 18.318121677849909, 1604.0 ] ] } },
{ "type": "Feature", "properties": { "FID": 534, "elev": 1607.0, "elevation": 1607.0, "ELEVATION": 1607.0, "is_master": false, "tipo": "Ordinaria (1m)" }, "geometry": { "type": "LineString", "coordinates": [ [ -97.525387869637285, 18.318116631793121, 1607.0 ], [ -97.525397401863486, 18.318113667333499, 1607.0 ], [ -97.525402685186066, 18.318109779375796, 1607.0 ], [ -97.525404740703664, 18.318106539679601, 1607.0 ], [ -97.525405056297458, 18.318099475200121, 1607.0 ], [ -97.52539634519897, 18.318088467694171, 1607.0 ], [ -97.525385778553826, 18.318086549551481, 1607.0 ], [ -97.525378381902229, 18.318088504597348, 1607.0 ], [ -97.525369928586102, 18.318095369320702, 1607.0 ], [ -97.525367622547378, 18.31810048441147, 1607.0 ], [ -97.525367556598653, 18.318105530468245, 1607.0 ], [ -97.525372241824641, 18.318114613370426, 1607.0 ], [ -97.525387869637285, 18.318116631793121, 1607.0 ] ] } },
{ "type": "Feature", "properties": { "FID": 535, "elev": 1589.0, "elevation": 1589.0, "ELEVATION": 1589.0, "is_master": false, "tipo": "Ordinaria (1m)" }, "geometry": { "type": "LineString", "coordinates": [ [ -97.526999305268077, 18.318114420823527, 1589.0 ], [ -97.52699574880927, 18.318111585736364, 1589.0 ], [ -97.526997191939046, 18.318105785543644, 1589.0 ], [ -97.527000295513673, 18.318110576525015, 1589.0 ], [ -97.526999305268077, 18.318114420823527, 1589.0 ] ] } },
{ "type": "Feature", "properties": { "FID": 536, "elev": 1600.0, "elevation": 1600.0, "ELEVATION": 1600.0, "is_master": true, "tipo": "Maestra (5m)" }, "geometry": { "type": "LineString", "coordinates": [ [ -97.525676728476142, 18.318108558102306, 1600.0 ], [ -97.525678449614645, 18.318107548890946, 1600.0 ], [ -97.525676361295424, 18.318105766265287, 1600.0 ], [ -97.525673617519502, 18.318107548890946, 1600.0 ], [ -97.525675304630909, 18.318109075987078, 1600.0 ], [ -97.525676728476142, 18.318108558102306, 1600.0 ] ] } },
{ "type": "Feature", "properties": { "FID": 537, "elev": 1605.0, "elevation": 1605.0, "ELEVATION": 1605.0, "is_master": true, "tipo": "Maestra (5m)" }, "geometry": { "type": "LineString", "coordinates": [ [ -97.524601713343131, 18.318108558102303, 1605.0 ], [ -97.52460016620438, 18.318108558102306, 1605.0 ], [ -97.524600676819261, 18.318109397267666, 1605.0 ], [ -97.524601713343131, 18.318108558102303, 1605.0 ] ] } },
{ "type": "Feature", "properties": { "FID": 538, "elev": 1600.0, "elevation": 1600.0, "ELEVATION": 1600.0, "is_master": true, "tipo": "Maestra (5m)" }, "geometry": { "type": "LineString", "coordinates": [ [ -97.525628811392252, 18.318104933469975, 1600.0 ], [ -97.525625554251121, 18.318104521256878, 1600.0 ], [ -97.52562513871365, 18.318102502834186, 1600.0 ], [ -97.525628074929102, 18.318101493622827, 1600.0 ], [ -97.525629949338651, 18.318103512045536, 1600.0 ], [ -97.525628811392252, 18.318104933469975, 1600.0 ] ] } },
{ "type": "Feature", "properties": { "FID": 539, "elev": 1608.0, "elevation": 1608.0, "ELEVATION": 1608.0, "is_master": false, "tipo": "Ordinaria (1m)" }, "geometry": { "type": "LineString", "coordinates": [ [ -97.525382118094839, 18.318104521256881, 1608.0 ], [ -97.525382608560278, 18.318101262211304, 1608.0 ], [ -97.525378381902229, 18.318100527356631, 1608.0 ], [ -97.525377821903362, 18.318103512045532, 1608.0 ], [ -97.525380495231261, 18.318105451906884, 1608.0 ], [ -97.525382118094839, 18.318104521256881, 1608.0 ] ] } },
{ "type": "Feature", "properties": { "FID": 540, "elev": 1607.0, "elevation": 1607.0, "ELEVATION": 1607.0, "is_master": false, "tipo": "Ordinaria (1m)" }, "geometry": { "type": "LineString", "coordinates": [ [ -97.524965279254801, 18.318103512045532, 1607.0 ], [ -97.524968669101213, 18.31810048441147, 1607.0 ], [ -97.524968396070449, 18.318097349949312, 1607.0 ], [ -97.524964169412385, 18.31809493204139, 1607.0 ], [ -97.524958886089806, 18.31809610807883, 1607.0 ], [ -97.52495760731621, 18.318098465988765, 1607.0 ], [ -97.524958478474417, 18.31810149362283, 1607.0 ], [ -97.524960999418838, 18.318103353583616, 1607.0 ], [ -97.524965279254801, 18.318103512045532, 1607.0 ] ] } },
{ "type": "Feature", "properties": { "FID": 541, "elev": 1609.0, "elevation": 1609.0, "ELEVATION": 1609.0, "is_master": false, "tipo": "Ordinaria (1m)" }, "geometry": { "type": "LineString", "coordinates": [ [ -97.525024399289734, 18.318102820696023, 1609.0 ], [ -97.525022285960688, 18.318103336020297, 1609.0 ], [ -97.525019097223662, 18.318101493622823, 1609.0 ], [ -97.525018911720366, 18.318099475200121, 1609.0 ], [ -97.525021229296186, 18.318097362786883, 1609.0 ], [ -97.525025293920862, 18.318098465988765, 1609.0 ], [ -97.525024399289734, 18.318102820696023, 1609.0 ] ] } },
{ "type": "Feature", "properties": { "FID": 542, "elev": 1608.0, "elevation": 1608.0, "ELEVATION": 1608.0, "is_master": false, "tipo": "Ordinaria (1m)" }, "geometry": { "type": "LineString", "coordinates": [ [ -97.52496405255539, 18.318100484411474, 1608.0 ], [ -97.524965204713112, 18.318099475200121, 1608.0 ], [ -97.524963112747869, 18.31809781579501, 1608.0 ], [ -97.524961645060998, 18.318099475200118, 1608.0 ], [ -97.52496405255539, 18.318100484411474, 1608.0 ] ] } },
{ "type": "Feature", "properties": { "FID": 543, "elev": 1608.0, "elevation": 1608.0, "ELEVATION": 1608.0, "is_master": false, "tipo": "Ordinaria (1m)" }, "geometry": { "type": "LineString", "coordinates": [ [ -97.525384862777912, 18.318096447566056, 1608.0 ], [ -97.525386644012386, 18.318095438354707, 1608.0 ], [ -97.525386889685592, 18.318092410720638, 1608.0 ], [ -97.525382608560278, 18.318091728091062, 1608.0 ], [ -97.525380995988755, 18.318094429143343, 1608.0 ], [ -97.525382608560278, 18.318096649408325, 1608.0 ], [ -97.525384862777912, 18.318096447566056, 1608.0 ] ] } },
{ "type": "Feature", "properties": { "FID": 544, "elev": 1606.0, "elevation": 1606.0, "ELEVATION": 1606.0, "is_master": false, "tipo": "Ordinaria (1m)" }, "geometry": { "type": "LineString", "coordinates": [ [ -97.524835493708238, 18.31809442914334, 1606.0 ], [ -97.524841596328656, 18.318092563118334, 1606.0 ], [ -97.52484582298672, 18.318088497360485, 1606.0 ], [ -97.524851077966844, 18.318079290973046, 1606.0 ], [ -97.524862189353115, 18.318067180436799, 1606.0 ], [ -97.524863903407734, 18.31806415280273, 1606.0 ], [ -97.524863958242562, 18.318057088323254, 1606.0 ], [ -97.524859559625412, 18.318052920110361, 1606.0 ], [ -97.524852162973801, 18.318051718722618, 1606.0 ], [ -97.524837369670593, 18.318053881232725, 1606.0 ], [ -97.5248236330319, 18.318053842284566, 1606.0 ], [ -97.524816236380303, 18.318057048590532, 1606.0 ], [ -97.524810852199622, 18.31806314359137, 1606.0 ], [ -97.524807591028519, 18.318070208070864, 1606.0 ], [ -97.524807074368226, 18.318076263338977, 1606.0 ], [ -97.524807841581989, 18.3180823186071, 1606.0 ], [ -97.524811054381715, 18.318087364663871, 1606.0 ], [ -97.524820463038353, 18.318093475890212, 1606.0 ], [ -97.524835493708238, 18.31809442914334, 1606.0 ] ] } },
{ "type": "Feature", "properties": { "FID": 545, "elev": 1609.0, "elevation": 1609.0, "ELEVATION": 1609.0, "is_master": false, "tipo": "Ordinaria (1m)" }, "geometry": { "type": "LineString", "coordinates": [ [ -97.525073056693515, 18.318092410720634, 1609.0 ], [ -97.525074633051673, 18.318088373875227, 1609.0 ], [ -97.525073005857422, 18.31808696175333, 1609.0 ], [ -97.525069297007065, 18.318092410720631, 1609.0 ], [ -97.525073056693515, 18.318092410720634, 1609.0 ] ] } },
{ "type": "Feature", "properties": { "FID": 546, "elev": 1606.0, "elevation": 1606.0, "ELEVATION": 1606.0, "is_master": false, "tipo": "Ordinaria (1m)" }, "geometry": { "type": "LineString", "coordinates": [ [ -97.524737255921622, 18.318090392297929, 1606.0 ], [ -97.524743326528778, 18.318087271300701, 1606.0 ], [ -97.524747700816519, 18.3180823186071, 1606.0 ], [ -97.524748726172419, 18.318070208070861, 1606.0 ], [ -97.524745439857796, 18.318063910659738, 1606.0 ], [ -97.524738043206199, 18.318058003044079, 1606.0 ], [ -97.524730646554588, 18.318056819817478, 1606.0 ], [ -97.524723249902991, 18.318057969833418, 1606.0 ], [ -97.524717775894985, 18.318062134380021, 1606.0 ], [ -97.524713521635164, 18.318069198859504, 1606.0 ], [ -97.524712466427843, 18.318076263338984, 1606.0 ], [ -97.524713532637435, 18.318083327818453, 1606.0 ], [ -97.524716909915895, 18.318087558162617, 1606.0 ], [ -97.524722193238475, 18.318090404549363, 1606.0 ], [ -97.524737255921622, 18.318090392297929, 1606.0 ] ] } },
{ "type": "Feature", "properties": { "FID": 547, "elev": 1607.0, "elevation": 1607.0, "ELEVATION": 1607.0, "is_master": false, "tipo": "Ordinaria (1m)" }, "geometry": { "type": "LineString", "coordinates": [ [ -97.524836786253829, 18.318087364663867, 1607.0 ], [ -97.524841660590212, 18.318084337029809, 1607.0 ], [ -97.524850035972591, 18.318072226493562, 1607.0 ], [ -97.524856563103356, 18.318066171225439, 1607.0 ], [ -97.524856756171317, 18.318062134380025, 1607.0 ], [ -97.524854322316216, 18.318059106745967, 1607.0 ], [ -97.524847936315751, 18.318059043065688, 1607.0 ], [ -97.52484053966414, 18.318062272862033, 1607.0 ], [ -97.524826803025448, 18.318063013823107, 1607.0 ], [ -97.524817105937402, 18.318069198859504, 1607.0 ], [ -97.524815024344619, 18.318073235704919, 1607.0 ], [ -97.524814898887612, 18.318078281761686, 1607.0 ], [ -97.524818209999708, 18.318084337029809, 1607.0 ], [ -97.5248236330319, 18.318087386025603, 1607.0 ], [ -97.524836786253829, 18.318087364663867, 1607.0 ] ] } },
{ "type": "Feature", "properties": { "FID": 548, "elev": 1587.0, "elevation": 1587.0, "ELEVATION": 1587.0, "is_master": false, "tipo": "Ordinaria (1m)" }, "geometry": { "type": "LineString", "coordinates": [ [ -97.526532848684894, 18.317400091731841, 1587.0 ], [ -97.526535513211556, 18.317406146999957, 1587.0 ], [ -97.526537190653556, 18.317419266747571, 1587.0 ], [ -97.52653669310989, 18.317429358861101, 1587.0 ], [ -97.526534391806848, 18.317435414129228, 1587.0 ], [ -97.526526083389356, 18.317446515454122, 1587.0 ], [ -97.526503630710948, 18.317469727315256, 1587.0 ], [ -97.526485753955185, 18.3174929391764, 1587.0 ], [ -97.526468774216085, 18.31751917867161, 1587.0 ], [ -97.526461227371001, 18.317539362898685, 1587.0 ], [ -97.526462448724502, 18.317554501068994, 1587.0 ], [ -97.526472268440685, 18.31757468529608, 1587.0 ], [ -97.526475475320296, 18.317590832677727, 1587.0 ], [ -97.526472060303092, 18.317640284034074, 1587.0 ], [ -97.526475012551018, 18.317669551163338, 1587.0 ], [ -97.526480472317886, 18.317682670910941, 1587.0 ], [ -97.526495349752437, 18.317700836715314, 1587.0 ], [ -97.526499391379261, 18.317716984096975, 1587.0 ], [ -97.526498698135512, 18.317730103844575, 1587.0 ], [ -97.526496366610715, 18.317738177535411, 1587.0 ], [ -97.526483817126859, 18.317768453876024, 1587.0 ], [ -97.526477312997713, 18.317776022961183, 1587.0 ], [ -97.526475547065246, 18.3177755183555, 1587.0 ], [ -97.526475385747972, 18.317772490721453, 1587.0 ], [ -97.526472448986453, 18.317769463087387, 1587.0 ], [ -97.5264688596816, 18.31777004581193, 1587.0 ], [ -97.526464633023537, 18.317767491971455, 1587.0 ], [ -97.526459349700957, 18.317769285409327, 1587.0 ], [ -97.52645723637194, 18.317768453877783, 1587.0 ], [ -97.526452871341135, 18.317760380185192, 1587.0 ], [ -97.526452017480125, 18.317753315705723, 1587.0 ], [ -97.526453265874963, 18.317750288071657, 1587.0 ], [ -97.526456179707424, 18.317748090499009, 1587.0 ], [ -97.526465037212148, 18.317748269648948, 1587.0 ], [ -97.526473334966596, 18.317740195958116, 1587.0 ], [ -97.526472953278201, 18.317738177535411, 1587.0 ], [ -97.526467508431821, 18.317734140689989, 1587.0 ], [ -97.526468397017751, 18.317722030153742, 1587.0 ], [ -97.526465689688052, 18.317714220780175, 1587.0 ], [ -97.526462519694505, 18.317713279228983, 1587.0 ], [ -97.526459349700957, 18.317715938187025, 1587.0 ], [ -97.52645195304936, 18.317716647693189, 1587.0 ], [ -97.526448783055812, 18.317714906308893, 1587.0 ], [ -97.526445533314003, 18.317708910406136, 1587.0 ], [ -97.526438028360204, 18.317683680122297, 1587.0 ], [ -97.526437885217305, 18.317656431415738, 1587.0 ], [ -97.52643406744852, 18.317642302456779, 1587.0 ], [ -97.526419196449396, 18.317626028923709, 1587.0 ], [ -97.526403346481672, 18.317614986469472, 1587.0 ], [ -97.526387496513948, 18.31759879055743, 1587.0 ], [ -97.526371646546224, 18.317588786221382, 1587.0 ], [ -97.526344173268839, 18.317575754758856, 1587.0 ], [ -97.526320896021559, 18.317557528703055, 1587.0 ], [ -97.526293297470801, 18.317505049712647, 1587.0 ], [ -97.526284108495318, 18.317464681258489, 1587.0 ], [ -97.526277759947291, 18.317447524665475, 1587.0 ], [ -97.52627763486835, 18.317439450974636, 1587.0 ] ] } },
{ "type": "Feature", "properties": { "FID": 549, "elev": 1587.0, "elevation": 1587.0, "ELEVATION": 1587.0, "is_master": false, "tipo": "Ordinaria (1m)" }, "geometry": { "type": "LineString", "coordinates": [ [ -97.526173292240003, 18.317455598356307, 1587.0 ], [ -97.526172171767243, 18.317486883908281, 1587.0 ], [ -97.526168890787233, 18.31750101286724, 1587.0 ], [ -97.526161370307761, 18.317514337878155, 1587.0 ], [ -97.526156086985182, 18.317519128211032, 1587.0 ], [ -97.526150803662617, 18.317521414992225, 1587.0 ], [ -97.526140237017458, 18.317521464730472, 1587.0 ], [ -97.526132818352011, 18.317519178671603, 1587.0 ], [ -97.526135537446621, 18.317510095769418, 1587.0 ], [ -97.526130595864686, 18.31750706813536, 1587.0 ], [ -97.526129670372313, 18.317502978451653, 1587.0 ], [ -97.526124244806439, 18.317501012867236, 1587.0 ], [ -97.526119152874358, 18.317489911542339, 1587.0 ], [ -97.526097288717821, 18.317466699681198, 1587.0 ] ] } },
{ "type": "Feature", "properties": { "FID": 550, "elev": 1588.0, "elevation": 1588.0, "ELEVATION": 1588.0, "is_master": false, "tipo": "Ordinaria (1m)" }, "geometry": { "type": "LineString", "coordinates": [ [ -97.525976957191233, 18.317485874696921, 1588.0 ], [ -97.5259796240112, 18.317488229523423, 1588.0 ], [ -97.525987020662811, 18.317488201489763, 1588.0 ], [ -97.52599124732086, 18.317487675446596, 1588.0 ], [ -97.525994417314408, 18.317484159037623, 1588.0 ], [ -97.525999522239076, 18.317490920753691, 1588.0 ], [ -97.526002870630535, 18.317491489047459, 1588.0 ], [ -97.526006000497574, 18.317488902330986, 1588.0 ], [ -97.526003834401465, 18.317482847062859, 1588.0 ], [ -97.5260081539531, 18.317483562685457, 1588.0 ], [ -97.526010305474827, 18.317480828640157, 1588.0 ] ] } },
{ "type": "Feature", "properties": { "FID": 551, "elev": 1605.0, "elevation": 1605.0, "ELEVATION": 1605.0, "is_master": true, "tipo": "Maestra (5m)" }, "geometry": { "type": "LineString", "coordinates": [ [ -97.524959942754322, 18.3180854742387, 1605.0 ], [ -97.524958418581363, 18.318084337029809, 1605.0 ], [ -97.524958133744676, 18.318079290973049, 1605.0 ], [ -97.524962056083353, 18.31807766070855, 1605.0 ], [ -97.524962945118375, 18.318080300184395, 1605.0 ], [ -97.524959942754322, 18.3180854742387, 1605.0 ] ] } },
{ "type": "Feature", "properties": { "FID": 552, "elev": 1607.0, "elevation": 1607.0, "ELEVATION": 1607.0, "is_master": false, "tipo": "Ordinaria (1m)" }, "geometry": { "type": "LineString", "coordinates": [ [ -97.524733048174511, 18.318085346241162, 1607.0 ], [ -97.52473924499202, 18.318081309395748, 1607.0 ], [ -97.524739184152281, 18.318073235704922, 1607.0 ], [ -97.524733816548135, 18.318068968842955, 1607.0 ], [ -97.524724306567506, 18.318069354122787, 1607.0 ], [ -97.52472010856475, 18.318073235704922, 1607.0 ], [ -97.524719210961834, 18.318078281761689, 1607.0 ], [ -97.524720535285354, 18.318082318607104, 1607.0 ], [ -97.524726419896538, 18.318085975695162, 1607.0 ], [ -97.524733048174511, 18.318085346241162, 1607.0 ] ] } },
{ "type": "Feature", "properties": { "FID": 553, "elev": 1606.0, "elevation": 1606.0, "ELEVATION": 1606.0, "is_master": false, "tipo": "Ordinaria (1m)" }, "geometry": { "type": "LineString", "coordinates": [ [ -97.524929373275683, 18.318084337029809, 1606.0 ], [ -97.524932128270365, 18.318079290973042, 1606.0 ], [ -97.524931496119549, 18.318075254127624, 1606.0 ], [ -97.524929299483389, 18.318074257918379, 1606.0 ], [ -97.524925183684672, 18.318076263338977, 1606.0 ], [ -97.524923200838472, 18.318080300184395, 1606.0 ], [ -97.52492507282534, 18.318083965215102, 1606.0 ], [ -97.524929373275683, 18.318084337029809, 1606.0 ] ] } },
{ "type": "Feature", "properties": { "FID": 554, "elev": 1608.0, "elevation": 1608.0, "ELEVATION": 1608.0, "is_master": false, "tipo": "Ordinaria (1m)" }, "geometry": { "type": "LineString", "coordinates": [ [ -97.524832548638742, 18.318084337029809, 1608.0 ], [ -97.524835345258538, 18.318083327818456, 1608.0 ], [ -97.524839668520883, 18.318077272550337, 1608.0 ], [ -97.524840146564785, 18.318074244916271, 1608.0 ], [ -97.524838426335108, 18.31807149348742, 1608.0 ], [ -97.524829973018996, 18.318071091983171, 1608.0 ], [ -97.524823629790603, 18.318076263338977, 1608.0 ], [ -97.524824689696416, 18.318081571219444, 1608.0 ], [ -97.524832548638742, 18.318084337029809, 1608.0 ] ] } },
{ "type": "Feature", "properties": { "FID": 555, "elev": 1604.0, "elevation": 1604.0, "ELEVATION": 1604.0, "is_master": false, "tipo": "Ordinaria (1m)" }, "geometry": { "type": "LineString", "coordinates": [ [ -97.523644848289507, 18.318081309395744, 1604.0 ], [ -97.523653586592729, 18.318070208070854, 1604.0 ], [ -97.523654396729256, 18.318066171225439, 1604.0 ], [ -97.523652848749393, 18.318063865088966, 1604.0 ], [ -97.523648314324973, 18.318066171225443, 1604.0 ], [ -97.523640001092943, 18.318074244916268, 1604.0 ], [ -97.523642282104248, 18.318081034156286, 1604.0 ], [ -97.523644848289507, 18.318081309395744, 1604.0 ] ] } },
{ "type": "Feature", "properties": { "FID": 556, "elev": 1604.0, "elevation": 1604.0, "ELEVATION": 1604.0, "is_master": false, "tipo": "Ordinaria (1m)" }, "geometry": { "type": "LineString", "coordinates": [ [ -97.523415077371524, 18.31808130939574, 1604.0 ], [ -97.52341404256903, 18.318079838830638, 1604.0 ], [ -97.523412029082323, 18.318080300184391, 1604.0 ], [ -97.523412985904514, 18.318082069760464, 1604.0 ], [ -97.523415077371524, 18.31808130939574, 1604.0 ] ] } },
{ "type": "Feature", "properties": { "FID": 557, "elev": 1605.0, "elevation": 1605.0, "ELEVATION": 1605.0, "is_master": true, "tipo": "Maestra (5m)" }, "geometry": { "type": "LineString", "coordinates": [ [ -97.525270023472089, 18.318080300184398, 1605.0 ], [ -97.525272698407761, 18.31807727255033, 1605.0 ], [ -97.525270602121708, 18.318075688864827, 1605.0 ], [ -97.525266776996162, 18.318078281761689, 1605.0 ], [ -97.52526743212816, 18.318080258992094, 1605.0 ], [ -97.525270023472089, 18.318080300184398, 1605.0 ] ] } },
{ "type": "Feature", "properties": { "FID": 558, "elev": 1604.0, "elevation": 1604.0, "ELEVATION": 1604.0, "is_master": false, "tipo": "Ordinaria (1m)" }, "geometry": { "type": "LineString", "coordinates": [ [ -97.523704873937575, 18.318080300184395, 1604.0 ], [ -97.523705309335, 18.318078281761682, 1604.0 ], [ -97.523703568646098, 18.318077727926184, 1604.0 ], [ -97.523702871579474, 18.318079290973046, 1604.0 ], [ -97.523704873937575, 18.318080300184395, 1604.0 ] ] } },
{ "type": "Feature", "properties": { "FID": 559, "elev": 1604.0, "elevation": 1604.0, "ELEVATION": 1604.0, "is_master": false, "tipo": "Ordinaria (1m)" }, "geometry": { "type": "LineString", "coordinates": [ [ -97.523549614073772, 18.318080300184398, 1604.0 ], [ -97.523556698116465, 18.318073235704919, 1604.0 ], [ -97.523557912404968, 18.318062134380018, 1604.0 ], [ -97.523556692278547, 18.318060046833253, 1604.0 ], [ -97.523550352291451, 18.318057255987764, 1604.0 ], [ -97.523546125633388, 18.318050975582953, 1604.0 ], [ -97.523537672317275, 18.318050964816646, 1604.0 ], [ -97.523530258893217, 18.318058097534607, 1604.0 ], [ -97.523530378495437, 18.318068189648148, 1604.0 ], [ -97.523537672317275, 18.318077306190713, 1604.0 ], [ -97.52354401230437, 18.318080447361041, 1604.0 ], [ -97.523549614073772, 18.318080300184398, 1604.0 ] ] } },
{ "type": "Feature", "properties": { "FID": 560, "elev": 1600.0, "elevation": 1600.0, "ELEVATION": 1600.0, "is_master": true, "tipo": "Maestra (5m)" }, "geometry": { "type": "LineString", "coordinates": [ [ -97.525750670513474, 18.318074244916268, 1600.0 ], [ -97.525755813158995, 18.318071217282203, 1600.0 ], [ -97.525760692447221, 18.318058097534607, 1600.0 ], [ -97.525755503676635, 18.318048005421073, 1600.0 ], [ -97.525751384475981, 18.318044886730341, 1600.0 ], [ -97.525747157817918, 18.318044030112933, 1600.0 ], [ -97.525736591172773, 18.318047102442485, 1600.0 ], [ -97.525732392818227, 18.318040940941593, 1600.0 ], [ -97.52572813785666, 18.318037896202245, 1600.0 ], [ -97.525721797869565, 18.318038678461239, 1600.0 ], [ -97.525717571211501, 18.31804305003562, 1600.0 ], [ -97.525715873720173, 18.318048005421069, 1600.0 ], [ -97.525715810659065, 18.318051033055134, 1600.0 ], [ -97.525720095184582, 18.318057088323251, 1600.0 ], [ -97.525719684540533, 18.318060143592916, 1600.0 ], [ -97.525724967863113, 18.318063722368006, 1600.0 ], [ -97.525734477843741, 18.318059047380586, 1600.0 ], [ -97.525736360926814, 18.318067180436795, 1600.0 ], [ -97.525739761166321, 18.318072125572428, 1600.0 ], [ -97.5257450444889, 18.318074549419702, 1600.0 ], [ -97.525750670513474, 18.318074244916268, 1600.0 ] ] } },
{ "type": "Feature", "properties": { "FID": 561, "elev": 1609.0, "elevation": 1609.0, "ELEVATION": 1609.0, "is_master": false, "tipo": "Ordinaria (1m)" }, "geometry": { "type": "LineString", "coordinates": [ [ -97.525006097449975, 18.318074244916268, 1609.0 ], [ -97.525009942553737, 18.318069198859501, 1609.0 ], [ -97.525009733583744, 18.318067180436795, 1609.0 ], [ -97.525002209334914, 18.318066407210189, 1609.0 ], [ -97.525000096005897, 18.318068889451084, 1609.0 ], [ -97.525000096005897, 18.318072718378087, 1609.0 ], [ -97.525006097449975, 18.318074244916268, 1609.0 ] ] } },
{ "type": "Feature", "properties": { "FID": 562, "elev": 1605.0, "elevation": 1605.0, "ELEVATION": 1605.0, "is_master": true, "tipo": "Maestra (5m)" }, "geometry": { "type": "LineString", "coordinates": [ [ -97.525310179491115, 18.31807121728221, 1605.0 ], [ -97.52531489397596, 18.318067180436792, 1605.0 ], [ -97.52531504073491, 18.318062134380025, 1605.0 ], [ -97.525311820843328, 18.318059106745967, 1605.0 ], [ -97.525307585379721, 18.318059058154308, 1605.0 ], [ -97.525297793878991, 18.31806314359137, 1605.0 ], [ -97.525299132063608, 18.318068297891635, 1605.0 ], [ -97.52530547205069, 18.318071407357888, 1605.0 ], [ -97.525310179491115, 18.31807121728221, 1605.0 ] ] } },
{ "type": "Feature", "properties": { "FID": 563, "elev": 1603.0, "elevation": 1603.0, "ELEVATION": 1603.0, "is_master": false, "tipo": "Ordinaria (1m)" }, "geometry": { "type": "LineString", "coordinates": [ [ -97.525450692351413, 18.318070208070861, 1603.0 ], [ -97.52545300649416, 18.318067180436795, 1603.0 ], [ -97.525450235089238, 18.318064564002114, 1603.0 ], [ -97.525448121760206, 18.318065013817606, 1603.0 ], [ -97.52544706509569, 18.318069845502333, 1603.0 ], [ -97.525450692351413, 18.318070208070861, 1603.0 ] ] } },
{ "type": "Feature", "properties": { "FID": 564, "elev": 1601.0, "elevation": 1601.0, "ELEVATION": 1601.0, "is_master": false, "tipo": "Ordinaria (1m)" }, "geometry": { "type": "LineString", "coordinates": [ [ -97.525571338497443, 18.318066171225443, 1601.0 ], [ -97.525573329078057, 18.31806314359137, 1601.0 ], [ -97.525570694843935, 18.318061441906316, 1601.0 ], [ -97.525568254319666, 18.31806415280273, 1601.0 ], [ -97.525569211017171, 18.318066171225443, 1601.0 ], [ -97.525571338497443, 18.318066171225443, 1601.0 ] ] } },
{ "type": "Feature", "properties": { "FID": 565, "elev": 1605.0, "elevation": 1605.0, "ELEVATION": 1605.0, "is_master": true, "tipo": "Maestra (5m)" }, "geometry": { "type": "LineString", "coordinates": [ [ -97.524925332753497, 18.318065162014086, 1605.0 ], [ -97.524930170768172, 18.318062134380021, 1605.0 ], [ -97.524936696135001, 18.318060716028938, 1605.0 ], [ -97.524939764614928, 18.318058097534607, 1605.0 ], [ -97.524938809464032, 18.31805530972284, 1605.0 ], [ -97.524926129489842, 18.318056919774556, 1605.0 ], [ -97.524922001606953, 18.31806314359137, 1605.0 ], [ -97.524925332753497, 18.318065162014086, 1605.0 ] ] } },
{ "type": "Feature", "properties": { "FID": 566, "elev": 1605.0, "elevation": 1605.0, "ELEVATION": 1605.0, "is_master": true, "tipo": "Maestra (5m)" }, "geometry": { "type": "LineString", "coordinates": [ [ -97.524894643562405, 18.318061125168665, 1605.0 ], [ -97.524896363531383, 18.318059106745959, 1605.0 ], [ -97.524895681774069, 18.318055069900545, 1605.0 ], [ -97.524892316225376, 18.318051895089827, 1605.0 ], [ -97.524890355090818, 18.318054060689192, 1605.0 ], [ -97.524890978603509, 18.318058097534607, 1605.0 ], [ -97.524892316225376, 18.318061271806215, 1605.0 ], [ -97.524894643562405, 18.318061125168665, 1605.0 ] ] } },
{ "type": "Feature", "properties": { "FID": 567, "elev": 1605.0, "elevation": 1605.0, "ELEVATION": 1605.0, "is_master": true, "tipo": "Maestra (5m)" }, "geometry": { "type": "LineString", "coordinates": [ [ -97.525267719466754, 18.31805910674597, 1605.0 ], [ -97.525270190249785, 18.318057088323254, 1605.0 ], [ -97.525268507550038, 18.318054060689189, 1605.0 ], [ -97.525266375463644, 18.318053964573828, 1605.0 ], [ -97.525265098473341, 18.318057088323251, 1605.0 ], [ -97.525267719466754, 18.31805910674597, 1605.0 ] ] } },
{ "type": "Feature", "properties": { "FID": 568, "elev": 1601.0, "elevation": 1601.0, "ELEVATION": 1601.0, "is_master": false, "tipo": "Ordinaria (1m)" }, "geometry": { "type": "LineString", "coordinates": [ [ -97.525722601283903, 18.318055069900545, 1601.0 ], [ -97.525724001340592, 18.318050023843774, 1601.0 ], [ -97.525720741205049, 18.318049390393679, 1601.0 ], [ -97.525719684540533, 18.318047600323172, 1601.0 ], [ -97.525716514546986, 18.318047988138389, 1601.0 ], [ -97.52571633534059, 18.318051033055127, 1601.0 ], [ -97.525719684540533, 18.318055358924319, 1601.0 ], [ -97.525722601283903, 18.318055069900545, 1601.0 ] ] } },
{ "type": "Feature", "properties": { "FID": 569, "elev": 1605.0, "elevation": 1605.0, "ELEVATION": 1605.0, "is_master": true, "tipo": "Maestra (5m)" }, "geometry": { "type": "LineString", "coordinates": [ [ -97.525078449011602, 18.318055069900542, 1605.0 ], [ -97.525078231890959, 18.318055069900538, 1605.0 ], [ -97.525078289179987, 18.318056079099499, 1605.0 ], [ -97.525078449011602, 18.318055069900542, 1605.0 ] ] } },
{ "type": "Feature", "properties": { "FID": 570, "elev": 1602.0, "elevation": 1602.0, "ELEVATION": 1602.0, "is_master": false, "tipo": "Ordinaria (1m)" }, "geometry": { "type": "LineString", "coordinates": [ [ -97.525721281001424, 18.318054060689185, 1602.0 ], [ -97.525721123611135, 18.318051033055131, 1602.0 ], [ -97.525717571211501, 18.318048502933692, 1602.0 ], [ -97.525716514546986, 18.318050188418034, 1602.0 ], [ -97.525719684540533, 18.318054223617473, 1602.0 ], [ -97.525721281001424, 18.318054060689185, 1602.0 ] ] } },
{ "type": "Feature", "properties": { "FID": 571, "elev": 1600.0, "elevation": 1600.0, "ELEVATION": 1600.0, "is_master": true, "tipo": "Maestra (5m)" }, "geometry": { "type": "LineString", "coordinates": [ [ -97.52571397546447, 18.318053051477836, 1600.0 ], [ -97.525711643276622, 18.31805305147784, 1600.0 ], [ -97.525712287888936, 18.318053693103945, 1600.0 ], [ -97.52571397546447, 18.318053051477836, 1600.0 ] ] } },
{ "type": "Feature", "properties": { "FID": 572, "elev": 1605.0, "elevation": 1605.0, "ELEVATION": 1605.0, "is_master": true, "tipo": "Maestra (5m)" }, "geometry": { "type": "LineString", "coordinates": [ [ -97.525215266908717, 18.318052042266487, 1605.0 ], [ -97.525214598902409, 18.318050429556884, 1605.0 ], [ -97.525213109685168, 18.31805204226648, 1605.0 ], [ -97.525214598902409, 18.31805293037247, 1605.0 ], [ -97.525215266908717, 18.318052042266487, 1605.0 ] ] } },
{ "type": "Feature", "properties": { "FID": 573, "elev": 1605.0, "elevation": 1605.0, "ELEVATION": 1605.0, "is_master": true, "tipo": "Maestra (5m)" }, "geometry": { "type": "LineString", "coordinates": [ [ -97.525147945785619, 18.318052042266483, 1605.0 ], [ -97.525150562675947, 18.318050023843774, 1605.0 ], [ -97.52514971573251, 18.31804598699836, 1605.0 ], [ -97.525143802379915, 18.318044024507849, 1605.0 ], [ -97.525142155521451, 18.31804598699836, 1605.0 ], [ -97.525142745715399, 18.318050855160241, 1605.0 ], [ -97.525144859044431, 18.318052600243913, 1605.0 ], [ -97.525147945785619, 18.318052042266483, 1605.0 ] ] } },
{ "type": "Feature", "properties": { "FID": 574, "elev": 1600.0, "elevation": 1600.0, "ELEVATION": 1600.0, "is_master": true, "tipo": "Maestra (5m)" }, "geometry": { "type": "LineString", "coordinates": [ [ -97.525721797869565, 18.31804904174929, 1600.0 ], [ -97.525721797869565, 18.318048885071509, 1600.0 ], [ -97.525721875180281, 18.318049014632425, 1600.0 ], [ -97.525721797869565, 18.31804904174929, 1600.0 ] ] } },
{ "type": "Feature", "properties": { "FID": 575, "elev": 1605.0, "elevation": 1605.0, "ELEVATION": 1605.0, "is_master": true, "tipo": "Maestra (5m)" }, "geometry": { "type": "LineString", "coordinates": [ [ -97.525287570910677, 18.318049014632418, 1605.0 ], [ -97.525285395424916, 18.31804618370905, 1605.0 ], [ -97.525284666837692, 18.318048005421069, 1605.0 ], [ -97.525287570910677, 18.318049014632418, 1605.0 ] ] } },
{ "type": "Feature", "properties": { "FID": 576, "elev": 1604.0, "elevation": 1604.0, "ELEVATION": 1604.0, "is_master": false, "tipo": "Ordinaria (1m)" }, "geometry": { "type": "LineString", "coordinates": [ [ -97.524361465958862, 18.318044977787004, 1604.0 ], [ -97.524361538544326, 18.318042959364288, 1604.0 ], [ -97.524358700645351, 18.318040982133887, 1604.0 ], [ -97.524358137856638, 18.318043968575658, 1604.0 ], [ -97.524361465958862, 18.318044977787004, 1604.0 ] ] } },
{ "type": "Feature", "properties": { "FID": 577, "elev": 1605.0, "elevation": 1605.0, "ELEVATION": 1605.0, "is_master": true, "tipo": "Maestra (5m)" }, "geometry": { "type": "LineString", "coordinates": [ [ -97.525332178728334, 18.318043968575655, 1605.0 ], [ -97.525334181850383, 18.318042959364291, 1605.0 ], [ -97.525330831999057, 18.318036892428996, 1605.0 ], [ -97.525328568268876, 18.318037913307531, 1605.0 ], [ -97.525327654348516, 18.318041950152942, 1605.0 ], [ -97.525332178728334, 18.318043968575655, 1605.0 ] ] } },
{ "type": "Feature", "properties": { "FID": 578, "elev": 1604.0, "elevation": 1604.0, "ELEVATION": 1604.0, "is_master": false, "tipo": "Ordinaria (1m)" }, "geometry": { "type": "LineString", "coordinates": [ [ -97.52438101346813, 18.318043968575655, 1604.0 ], [ -97.524380890600156, 18.318043815664847, 1604.0 ], [ -97.524380890600156, 18.31804399237781, 1604.0 ], [ -97.52438101346813, 18.318043968575655, 1604.0 ] ] } },
{ "type": "Feature", "properties": { "FID": 579, "elev": 1589.0, "elevation": 1589.0, "ELEVATION": 1589.0, "is_master": false, "tipo": "Ordinaria (1m)" }, "geometry": { "type": "LineString", "coordinates": [ [ -97.526935924609262, 18.318042959364295, 1589.0 ], [ -97.526934848732665, 18.318040152795586, 1589.0 ], [ -97.526932914499312, 18.318041950152942, 1589.0 ], [ -97.526934848732665, 18.318043495791951, 1589.0 ], [ -97.526935924609262, 18.318042959364295, 1589.0 ] ] } },
{ "type": "Feature", "properties": { "FID": 580, "elev": 1604.0, "elevation": 1604.0, "ELEVATION": 1604.0, "is_master": false, "tipo": "Ordinaria (1m)" }, "geometry": { "type": "LineString", "coordinates": [ [ -97.524382332636435, 18.318042959364295, 1604.0 ], [ -97.524381219340228, 18.318042959364291, 1604.0 ], [ -97.524381947264672, 18.318043585075333, 1604.0 ], [ -97.524382332636435, 18.318042959364295, 1604.0 ] ] } },
{ "type": "Feature", "properties": { "FID": 581, "elev": 1604.0, "elevation": 1604.0, "ELEVATION": 1604.0, "is_master": false, "tipo": "Ordinaria (1m)" }, "geometry": { "type": "LineString", "coordinates": [ [ -97.524565806890266, 18.318042874008114, 1604.0 ], [ -97.52455827941354, 18.318029839616699, 1604.0 ], [ -97.524561580232216, 18.318026015236835, 1604.0 ], [ -97.524568931190217, 18.318030848828048, 1604.0 ], [ -97.524565806890266, 18.318042874008114, 1604.0 ] ] } },
{ "type": "Feature", "properties": { "FID": 582, "elev": 1604.0, "elevation": 1604.0, "ELEVATION": 1604.0, "is_master": false, "tipo": "Ordinaria (1m)" }, "geometry": { "type": "LineString", "coordinates": [ [ -97.524381442309959, 18.318041950152939, 1604.0 ], [ -97.524381848083166, 18.318037913307531, 1604.0 ], [ -97.524378777271139, 18.318031866520176, 1604.0 ], [ -97.524375814016295, 18.31803387646211, 1604.0 ], [ -97.524375979858718, 18.318037913307528, 1604.0 ], [ -97.524381442309959, 18.318041950152939, 1604.0 ] ] } },
{ "type": "Feature", "properties": { "FID": 583, "elev": 1605.0, "elevation": 1605.0, "ELEVATION": 1605.0, "is_master": true, "tipo": "Maestra (5m)" }, "geometry": { "type": "LineString", "coordinates": [ [ -97.525254055716005, 18.31803993173024, 1605.0 ], [ -97.525252638824952, 18.318038340738212, 1605.0 ], [ -97.52525120284497, 18.31803892251888, 1605.0 ], [ -97.525252638824952, 18.318040226876946, 1605.0 ], [ -97.525254055716005, 18.31803993173024, 1605.0 ] ] } },
{ "type": "Feature", "properties": { "FID": 584, "elev": 1604.0, "elevation": 1604.0, "ELEVATION": 1604.0, "is_master": false, "tipo": "Ordinaria (1m)" }, "geometry": { "type": "LineString", "coordinates": [ [ -97.525241015515292, 18.318040299064037, 1604.0 ], [ -97.525239960224852, 18.318039931730233, 1604.0 ], [ -97.525241015515292, 18.318039547649803, 1604.0 ], [ -97.525241015515292, 18.318040299064037, 1604.0 ] ] } },
{ "type": "Feature", "properties": { "FID": 585, "elev": 1590.0, "elevation": 1590.0, "ELEVATION": 1590.0, "is_master": true, "tipo": "Maestra (5m)" }, "geometry": { "type": "LineString", "coordinates": [ [ -97.526316165136578, 18.318037913307531, 1590.0 ], [ -97.526315643326939, 18.318035105067242, 1590.0 ], [ -97.52631458666535, 18.318037913307528, 1590.0 ], [ -97.526316165136578, 18.318037913307531, 1590.0 ] ] } },
{ "type": "Feature", "properties": { "FID": 586, "elev": 1605.0, "elevation": 1605.0, "ELEVATION": 1605.0, "is_master": true, "tipo": "Maestra (5m)" }, "geometry": { "type": "LineString", "coordinates": [ [ -97.5252453478398, 18.318035894884822, 1605.0 ], [ -97.525242436779706, 18.318034885673459, 1605.0 ], [ -97.525243128844323, 18.318036011053035, 1605.0 ], [ -97.5252453478398, 18.318035894884822, 1605.0 ] ] } },
{ "type": "Feature", "properties": { "FID": 587, "elev": 1605.0, "elevation": 1605.0, "ELEVATION": 1605.0, "is_master": true, "tipo": "Maestra (5m)" }, "geometry": { "type": "LineString", "coordinates": [ [ -97.524699847891824, 18.318034885673462, 1605.0 ], [ -97.524698946619139, 18.318031275680021, 1605.0 ], [ -97.524697471933507, 18.318033876462113, 1605.0 ], [ -97.524699847891824, 18.318034885673462, 1605.0 ] ] } },
{ "type": "Feature", "properties": { "FID": 588, "elev": 1604.0, "elevation": 1604.0, "ELEVATION": 1604.0, "is_master": false, "tipo": "Ordinaria (1m)" }, "geometry": { "type": "LineString", "coordinates": [ [ -97.525248412166889, 18.318034451698022, 1604.0 ], [ -97.525242933702245, 18.318026811982637, 1604.0 ], [ -97.525246298837857, 18.318023528449523, 1604.0 ], [ -97.52525062451204, 18.318024793559932, 1604.0 ], [ -97.525248412166889, 18.318034451698022, 1604.0 ] ] } },
{ "type": "Feature", "properties": { "FID": 589, "elev": 1604.0, "elevation": 1604.0, "ELEVATION": 1604.0, "is_master": false, "tipo": "Ordinaria (1m)" }, "geometry": { "type": "LineString", "coordinates": [ [ -97.524545730264492, 18.318031858059697, 1604.0 ], [ -97.524545730261806, 18.318031858039401, 1604.0 ], [ -97.524545730279087, 18.318031858039404, 1604.0 ], [ -97.524545730264492, 18.318031858059697, 1604.0 ] ] } },
{ "type": "Feature", "properties": { "FID": 590, "elev": 1600.0, "elevation": 1600.0, "ELEVATION": 1600.0, "is_master": true, "tipo": "Maestra (5m)" }, "geometry": { "type": "LineString", "coordinates": [ [ -97.525809501024298, 18.31802977869318, 1600.0 ], [ -97.525807674968135, 18.318028830405346, 1600.0 ], [ -97.525808213814798, 18.318026811982637, 1600.0 ], [ -97.525810531373423, 18.318027821193986, 1600.0 ], [ -97.525809501024298, 18.31802977869318, 1600.0 ] ] } },
{ "type": "Feature", "properties": { "FID": 591, "elev": 1605.0, "elevation": 1605.0, "ELEVATION": 1605.0, "is_master": true, "tipo": "Maestra (5m)" }, "geometry": { "type": "LineString", "coordinates": [ [ -97.525193493177284, 18.318027821193986, 1605.0 ], [ -97.525194326524044, 18.318025802771274, 1605.0 ], [ -97.525192408947603, 18.318025023481063, 1605.0 ], [ -97.525191265135504, 18.318027821193986, 1605.0 ], [ -97.525193493177284, 18.318027821193986, 1605.0 ] ] } },
{ "type": "Feature", "properties": { "FID": 592, "elev": 1603.0, "elevation": 1603.0, "ELEVATION": 1603.0, "is_master": false, "tipo": "Ordinaria (1m)" }, "geometry": { "type": "LineString", "coordinates": [ [ -97.523993094723195, 18.318020327601026, 1603.0 ], [ -97.52399203805868, 18.318020745087654, 1603.0 ], [ -97.523989802276589, 18.318016719869092, 1603.0 ], [ -97.523990981394164, 18.318014115012762, 1603.0 ], [ -97.523994295361462, 18.31801571065774, 1603.0 ], [ -97.523993094723195, 18.318020327601026, 1603.0 ] ] } },
{ "type": "Feature", "properties": { "FID": 593, "elev": 1604.0, "elevation": 1604.0, "ELEVATION": 1604.0, "is_master": false, "tipo": "Ordinaria (1m)" }, "geometry": { "type": "LineString", "coordinates": [ [ -97.524167648062516, 18.318018738291808, 1604.0 ], [ -97.524180124342337, 18.318015833204836, 1604.0 ], [ -97.524190690987481, 18.318008545257126, 1604.0 ], [ -97.524195974310061, 18.318008554431778, 1604.0 ], [ -97.524201257632626, 18.318012196208588, 1604.0 ], [ -97.524203104895051, 18.318011673812332, 1604.0 ], [ -97.524203127761098, 18.318007636966911, 1604.0 ], [ -97.5241996479986, 18.318000572487435, 1604.0 ], [ -97.524204622081797, 18.317988461951192, 1604.0 ], [ -97.524205445335312, 18.317978369837647, 1604.0 ], [ -97.524204502819529, 18.317971305358164, 1604.0 ], [ -97.524201355091975, 18.317965250090051, 1604.0 ], [ -97.524193860981029, 18.317959208646737, 1604.0 ], [ -97.524181181006853, 18.317955889931987, 1604.0 ], [ -97.52416744436816, 18.317955872834549, 1604.0 ], [ -97.524151594400436, 18.317958126935491, 1604.0 ], [ -97.524146311077857, 18.317957259481989, 1604.0 ], [ -97.52413785776173, 18.317952993162702, 1604.0 ], [ -97.524125177787553, 18.317954127788468, 1604.0 ], [ -97.524119947692483, 18.317959194821928, 1604.0 ], [ -97.52411959540899, 18.317964240878684, 1604.0 ], [ -97.524123064458522, 18.317971639417671, 1604.0 ], [ -97.52413363110368, 18.317974213807538, 1604.0 ], [ -97.524137997820361, 18.317977360626291, 1604.0 ], [ -97.524139689097481, 18.318001581698791, 1604.0 ], [ -97.524142946435589, 18.318011673812329, 1604.0 ], [ -97.524149481071404, 18.318016712686099, 1604.0 ], [ -97.524160047716549, 18.318018987957331, 1604.0 ], [ -97.524167648062516, 18.318018738291808, 1604.0 ] ] } },
{ "type": "Feature", "properties": { "FID": 594, "elev": 1604.0, "elevation": 1604.0, "ELEVATION": 1604.0, "is_master": false, "tipo": "Ordinaria (1m)" }, "geometry": { "type": "LineString", "coordinates": [ [ -97.524671473341755, 18.318017950277461, 1604.0 ], [ -97.52466755487751, 18.318014701446391, 1604.0 ], [ -97.524669360012723, 18.318011790259792, 1604.0 ], [ -97.524675926427932, 18.318014701446391, 1604.0 ], [ -97.524671473341755, 18.318017950277461, 1604.0 ] ] } },
{ "type": "Feature", "properties": { "FID": 595, "elev": 1605.0, "elevation": 1605.0, "ELEVATION": 1605.0, "is_master": true, "tipo": "Maestra (5m)" }, "geometry": { "type": "LineString", "coordinates": [ [ -97.525187139150333, 18.318014701446391, 1605.0 ], [ -97.525188423912908, 18.318010664600976, 1605.0 ], [ -97.525187055068727, 18.31800259091014, 1605.0 ], [ -97.525182898966975, 18.31800038693736, 1605.0 ], [ -97.525178672308911, 18.318002923677131, 1605.0 ], [ -97.525178672308911, 18.318007800430724, 1605.0 ], [ -97.525180785637943, 18.318012364325359, 1605.0 ], [ -97.525187139150333, 18.318014701446391, 1605.0 ] ] } },
{ "type": "Feature", "properties": { "FID": 596, "elev": 1600.0, "elevation": 1600.0, "ELEVATION": 1600.0, "is_master": true, "tipo": "Maestra (5m)" }, "geometry": { "type": "LineString", "coordinates": [ [ -97.525561184863307, 18.318013141756111, 1600.0 ], [ -97.525558054851658, 18.318011673812325, 1600.0 ], [ -97.525560128198791, 18.318010696138828, 1600.0 ], [ -97.525561184863307, 18.318013141756111, 1600.0 ] ] } },
{ "type": "Feature", "properties": { "FID": 597, "elev": 1600.0, "elevation": 1600.0, "ELEVATION": 1600.0, "is_master": true, "tipo": "Maestra (5m)" }, "geometry": { "type": "LineString", "coordinates": [ [ -97.527222052311629, 18.318010664600976, 1600.0 ], [ -97.527220465780005, 18.31801066460098, 1600.0 ], [ -97.5272212048162, 18.318011378952377, 1600.0 ], [ -97.527222052311629, 18.318010664600976, 1600.0 ] ] } },
{ "type": "Feature", "properties": { "FID": 598, "elev": 1588.0, "elevation": 1588.0, "ELEVATION": 1588.0, "is_master": false, "tipo": "Ordinaria (1m)" }, "geometry": { "type": "LineString", "coordinates": [ [ -97.526728799152266, 18.318009830641895, 1588.0 ], [ -97.526723515829687, 18.318004705448217, 1588.0 ], [ -97.526718258279416, 18.31800259091014, 1588.0 ], [ -97.52671916485815, 18.31799754485337, 1588.0 ], [ -97.526714815958513, 18.317988461951192, 1588.0 ], [ -97.526719289171623, 18.317979336555887, 1588.0 ], [ -97.526726538692728, 18.317972314569523, 1588.0 ], [ -97.526728799152266, 18.317972114945302, 1588.0 ], [ -97.526735264017887, 18.317975342203585, 1588.0 ], [ -97.526738103955324, 18.317986443528476, 1588.0 ], [ -97.526736335363324, 18.318000572487435, 1588.0 ], [ -97.526732572954103, 18.318008646178264, 1588.0 ], [ -97.526728799152266, 18.318009830641895, 1588.0 ] ] } },
{ "type": "Feature", "properties": { "FID": 599, "elev": 1600.0, "elevation": 1600.0, "ELEVATION": 1600.0, "is_master": true, "tipo": "Maestra (5m)" }, "geometry": { "type": "LineString", "coordinates": [ [ -97.525565411521356, 18.318010033843876, 1600.0 ], [ -97.525565310886648, 18.318009655389623, 1600.0 ], [ -97.525565864377583, 18.318009655389623, 1600.0 ], [ -97.525565411521356, 18.318010033843876, 1600.0 ] ] } },
{ "type": "Feature", "properties": { "FID": 600, "elev": 1605.0, "elevation": 1605.0, "ELEVATION": 1605.0, "is_master": true, "tipo": "Maestra (5m)" }, "geometry": { "type": "LineString", "coordinates": [ [ -97.525091175942279, 18.318006627755555, 1605.0 ], [ -97.525094376411033, 18.318005618544209, 1605.0 ], [ -97.525102561889057, 18.317996535642013, 1605.0 ], [ -97.525102470031939, 18.317983415894417, 1605.0 ], [ -97.525098365805775, 18.317979739185382, 1605.0 ], [ -97.525094139147711, 18.317981415639331, 1605.0 ], [ -97.525092746668079, 18.317991489585253, 1605.0 ], [ -97.525086742496114, 18.31799688953598, 1605.0 ], [ -97.525084173137699, 18.318001581698788, 1605.0 ], [ -97.525084518848644, 18.318004609332846, 1605.0 ], [ -97.525086742496114, 18.318006616692344, 1605.0 ], [ -97.525091175942279, 18.318006627755555, 1605.0 ] ] } },
{ "type": "Feature", "properties": { "FID": 601, "elev": 1601.0, "elevation": 1601.0, "ELEVATION": 1601.0, "is_master": false, "tipo": "Ordinaria (1m)" }, "geometry": { "type": "LineString", "coordinates": [ [ -97.525530168651954, 18.318005618544206, 1601.0 ], [ -97.525529484927858, 18.318003897921567, 1601.0 ], [ -97.525527729000061, 18.318005618544206, 1601.0 ], [ -97.525528428263343, 18.318006451837977, 1601.0 ], [ -97.525530168651954, 18.318005618544206, 1601.0 ] ] } },
{ "type": "Feature", "properties": { "FID": 602, "elev": 1600.0, "elevation": 1600.0, "ELEVATION": 1600.0, "is_master": true, "tipo": "Maestra (5m)" }, "geometry": { "type": "LineString", "coordinates": [ [ -97.525555901540727, 18.318004808192228, 1600.0 ], [ -97.525547486765561, 18.318000572487435, 1600.0 ], [ -97.525546391560098, 18.317993241423821, 1600.0 ], [ -97.525542164902035, 18.317988753124208, 1600.0 ], [ -97.52553159825689, 18.317986531285989, 1600.0 ], [ -97.525524176546043, 18.317982406683058, 1600.0 ], [ -97.525521925142073, 18.317979379049003, 1600.0 ], [ -97.525522088276247, 18.31797607500674, 1600.0 ], [ -97.52553159825689, 18.317972079597688, 1600.0 ], [ -97.525542164902035, 18.317972775296447, 1600.0 ], [ -97.525542068108336, 18.317971305358167, 1600.0 ], [ -97.525546391560098, 18.317968659480758, 1600.0 ], [ -97.525549202542322, 18.317970296146811, 1600.0 ], [ -97.525547863961464, 18.317972314569527, 1600.0 ], [ -97.525542460059725, 18.317973323780869, 1600.0 ], [ -97.525544278231067, 18.317975300153108, 1600.0 ], [ -97.525546391560098, 18.317975137105798, 1600.0 ], [ -97.525549530475274, 18.317979379049003, 1600.0 ], [ -97.525548786208901, 18.317987452739828, 1600.0 ], [ -97.52555505906497, 18.317991489585246, 1600.0 ], [ -97.52555428810193, 18.317997544853373, 1600.0 ], [ -97.525557618620567, 18.318003600121497, 1600.0 ], [ -97.525555901540727, 18.318004808192228, 1600.0 ] ] } },
{ "type": "Feature", "properties": { "FID": 603, "elev": 1605.0, "elevation": 1605.0, "ELEVATION": 1605.0, "is_master": true, "tipo": "Maestra (5m)" }, "geometry": { "type": "LineString", "coordinates": [ [ -97.52497356289598, 18.318003600121493, 1605.0 ], [ -97.524975159408001, 18.318001581698791, 1605.0 ], [ -97.524973787245656, 18.317999563276079, 1605.0 ], [ -97.524969622006466, 18.318000572487438, 1605.0 ], [ -97.524969763224064, 18.318003600121497, 1605.0 ], [ -97.52497356289598, 18.318003600121493, 1605.0 ] ] } },
{ "type": "Feature", "properties": { "FID": 604, "elev": 1604.0, "elevation": 1604.0, "ELEVATION": 1604.0, "is_master": false, "tipo": "Ordinaria (1m)" }, "geometry": { "type": "LineString", "coordinates": [ [ -97.524682039986914, 18.318004041651463, 1604.0 ], [ -97.524676756664334, 18.318002364967302, 1604.0 ], [ -97.52467200167402, 18.317998554064729, 1604.0 ], [ -97.524679926657882, 18.317995692734112, 1604.0 ], [ -97.524686266644963, 18.317997131242159, 1604.0 ], [ -97.524684928203243, 18.31800259091014, 1604.0 ], [ -97.524682039986914, 18.318004041651463, 1604.0 ] ] } },
{ "type": "Feature", "properties": { "FID": 605, "elev": 1606.0, "elevation": 1606.0, "ELEVATION": 1606.0, "is_master": false, "tipo": "Ordinaria (1m)" }, "geometry": { "type": "LineString", "coordinates": [ [ -97.52508982395311, 18.318001581698791, 1606.0 ], [ -97.525092325307597, 18.317999563276075, 1606.0 ], [ -97.525088855825146, 18.317996892326779, 1606.0 ], [ -97.525086189182801, 18.317999563276079, 1606.0 ], [ -97.52508982395311, 18.318001581698791, 1606.0 ] ] } },
{ "type": "Feature", "properties": { "FID": 606, "elev": 1588.0, "elevation": 1588.0, "ELEVATION": 1588.0, "is_master": false, "tipo": "Ordinaria (1m)" }, "geometry": { "type": "LineString", "coordinates": [ [ -97.526350513255935, 18.318000036775924, 1588.0 ], [ -97.526344173268839, 18.317999578475042, 1588.0 ], [ -97.526333456387036, 18.31799148958525, 1588.0 ], [ -97.526335620579886, 18.317983415894414, 1588.0 ], [ -97.526342059939807, 18.317978141540326, 1588.0 ], [ -97.5263557965785, 18.317978219426337, 1588.0 ], [ -97.526363947990475, 18.317982406683054, 1588.0 ], [ -97.526364419393715, 18.317986443528483, 1588.0 ], [ -97.52636293817315, 18.317988461951192, 1588.0 ], [ -97.526350513255935, 18.318000036775924, 1588.0 ] ] } },
{ "type": "Feature", "properties": { "FID": 607, "elev": 1604.0, "elevation": 1604.0, "ELEVATION": 1604.0, "is_master": false, "tipo": "Ordinaria (1m)" }, "geometry": { "type": "LineString", "coordinates": [ [ -97.525332945328088, 18.317999569230125, 1604.0 ], [ -97.525328718670025, 18.318000459534343, 1604.0 ], [ -97.525326625726805, 18.317998554064726, 1604.0 ], [ -97.525328718670025, 18.317996354326077, 1604.0 ], [ -97.525331888663572, 18.317996437286673, 1604.0 ], [ -97.525332945328088, 18.317999569230125, 1604.0 ] ] } },
{ "type": "Feature", "properties": { "FID": 608, "elev": 1605.0, "elevation": 1605.0, "ELEVATION": 1605.0, "is_master": true, "tipo": "Maestra (5m)" }, "geometry": { "type": "LineString", "coordinates": [ [ -97.524833354968848, 18.317997544853373, 1605.0 ], [ -97.524834057909274, 18.317994517219319, 1605.0 ], [ -97.524829973018996, 18.317991418123981, 1605.0 ], [ -97.524826803025448, 18.31799096972378, 1605.0 ], [ -97.524824137120348, 18.317992498796606, 1605.0 ], [ -97.524826803025448, 18.317997956190698, 1605.0 ], [ -97.524833354968848, 18.317997544853373, 1605.0 ] ] } },
{ "type": "Feature", "properties": { "FID": 609, "elev": 1604.0, "elevation": 1604.0, "ELEVATION": 1604.0, "is_master": false, "tipo": "Ordinaria (1m)" }, "geometry": { "type": "LineString", "coordinates": [ [ -97.524604077357793, 18.317996535642017, 1604.0 ], [ -97.524617443892041, 18.317993508007955, 1604.0 ], [ -97.524617612401215, 18.317987452739828, 1604.0 ], [ -97.524612300128922, 18.317982776945666, 1604.0 ], [ -97.524604081627146, 18.317985434317123, 1604.0 ], [ -97.524603836350778, 18.317992498796599, 1604.0 ], [ -97.524600219608658, 18.317994517219319, 1604.0 ], [ -97.524601733483777, 18.317997438620598, 1604.0 ], [ -97.524604077357793, 18.317996535642017, 1604.0 ] ] } },
{ "type": "Feature", "properties": { "FID": 610, "elev": 1606.0, "elevation": 1606.0, "ELEVATION": 1606.0, "is_master": false, "tipo": "Ordinaria (1m)" }, "geometry": { "type": "LineString", "coordinates": [ [ -97.525099257301122, 18.317994517219315, 1606.0 ], [ -97.525100650460232, 18.317986443528479, 1606.0 ], [ -97.525097309141259, 18.317983527598056, 1606.0 ], [ -97.525095005850076, 18.317986443528479, 1606.0 ], [ -97.525095245561033, 18.317990480373897, 1606.0 ], [ -97.525097309141259, 18.317995426863298, 1606.0 ], [ -97.525099257301122, 18.317994517219315, 1606.0 ] ] } },
{ "type": "Feature", "properties": { "FID": 611, "elev": 1604.0, "elevation": 1604.0, "ELEVATION": 1604.0, "is_master": false, "tipo": "Ordinaria (1m)" }, "geometry": { "type": "LineString", "coordinates": [ [ -97.524684153315931, 18.317989490886532, 1604.0 ], [ -97.524680400908878, 18.317985434317123, 1604.0 ], [ -97.524680983322398, 18.317982300450286, 1604.0 ], [ -97.524684153315931, 18.317982858568747, 1604.0 ], [ -97.52468642876336, 18.317986443528479, 1604.0 ], [ -97.524684153315931, 18.317989490886532, 1604.0 ] ] } },
{ "type": "Feature", "properties": { "FID": 612, "elev": 1605.0, "elevation": 1605.0, "ELEVATION": 1605.0, "is_master": true, "tipo": "Maestra (5m)" }, "geometry": { "type": "LineString", "coordinates": [ [ -97.524951133303134, 18.317988461951192, 1605.0 ], [ -97.524950432773693, 18.317983437397501, 1605.0 ], [ -97.524947262780145, 18.31798330478858, 1605.0 ], [ -97.524944104240959, 18.317985434317119, 1605.0 ], [ -97.524945149451113, 18.317988331930088, 1605.0 ], [ -97.524951133303134, 18.317988461951192, 1605.0 ] ] } },
{ "type": "Feature", "properties": { "FID": 613, "elev": 1604.0, "elevation": 1604.0, "ELEVATION": 1604.0, "is_master": false, "tipo": "Ordinaria (1m)" }, "geometry": { "type": "LineString", "coordinates": [ [ -97.525063085827867, 18.317984425105777, 1604.0 ], [ -97.525063495876779, 18.317976983295047, 1604.0 ], [ -97.52505926921873, 18.317974803691598, 1604.0 ], [ -97.525056099225182, 18.31797582998907, 1604.0 ], [ -97.525056303398756, 18.317981397471712, 1604.0 ], [ -97.525060325883246, 18.317984605818548, 1604.0 ], [ -97.525063085827867, 18.317984425105777, 1604.0 ] ] } },
{ "type": "Feature", "properties": { "FID": 614, "elev": 1604.0, "elevation": 1604.0, "ELEVATION": 1604.0, "is_master": false, "tipo": "Ordinaria (1m)" }, "geometry": { "type": "LineString", "coordinates": [ [ -97.524598792322038, 18.317982406683054, 1604.0 ], [ -97.524600311050776, 18.317980388260352, 1604.0 ], [ -97.524597506825714, 18.317977438927176, 1604.0 ], [ -97.524594550840177, 18.317981397471712, 1604.0 ], [ -97.524598792322038, 18.317982406683054, 1604.0 ] ] } },
{ "type": "Feature", "properties": { "FID": 615, "elev": 1603.0, "elevation": 1603.0, "ELEVATION": 1603.0, "is_master": false, "tipo": "Ordinaria (1m)" }, "geometry": { "type": "LineString", "coordinates": [ [ -97.525636826176068, 18.317980388260352, 1603.0 ], [ -97.525649944682556, 18.317975497163449, 1603.0 ], [ -97.525654171340605, 18.317971849923413, 1603.0 ], [ -97.5256679795243, 18.317967268512756, 1603.0 ], [ -97.52567334596209, 18.317961213244629, 1603.0 ], [ -97.525681526520202, 18.317944056651609, 1603.0 ], [ -97.525695447298219, 18.317933964538071, 1603.0 ], [ -97.525699242647988, 18.317927909269947, 1603.0 ], [ -97.525686927940569, 18.317915779325791, 1603.0 ], [ -97.525673191301877, 18.317912782972705, 1603.0 ], [ -97.525646774689008, 18.317897587628067, 1603.0 ], [ -97.525628811392252, 18.317889611059361, 1603.0 ], [ -97.525616935078418, 18.317882494759019, 1603.0 ], [ -97.525608734766465, 18.317874463265181, 1603.0 ], [ -97.525605385638812, 18.317866347377358, 1603.0 ], [ -97.525605838175636, 18.317847172361631, 1603.0 ], [ -97.52560419625614, 18.317834052614035, 1603.0 ], [ -97.525606621437447, 18.317828649641061, 1603.0 ], [ -97.525612961424528, 18.31782720675465, 1603.0 ], [ -97.525615690875171, 18.31782496971185, 1603.0 ], [ -97.525611904760012, 18.317815728057308, 1603.0 ], [ -97.525599224785836, 18.317817186673885, 1603.0 ], [ -97.525580204824564, 18.317815016799869, 1603.0 ], [ -97.525561184863307, 18.317807853487285, 1603.0 ], [ -97.525544278231067, 18.317793698786137, 1603.0 ], [ -97.525528428263343, 18.317783755935363, 1603.0 ], [ -97.525525070707204, 18.317777536778213, 1603.0 ], [ -97.525524265398772, 18.317766435453326, 1603.0 ], [ -97.525518766103374, 18.317759370973842, 1603.0 ], [ -97.525515543891188, 18.317751297283007, 1603.0 ], [ -97.525511521631103, 18.317749611127972, 1603.0 ], [ -97.525507294973039, 18.317750730774033, 1603.0 ], [ -97.525500771564936, 18.317759370973842, 1603.0 ], [ -97.525504175010965, 18.31776441703062, 1603.0 ], [ -97.525504685709492, 18.317768453876024, 1603.0 ], [ -97.525504247944397, 18.31777652756686, 1603.0 ], [ -97.525502532843106, 18.317779555200918, 1603.0 ], [ -97.525498841656926, 18.317782764130435, 1603.0 ], [ -97.525489350888364, 18.317784601257685, 1603.0 ], [ -97.525484898042706, 18.31778762889175, 1603.0 ], [ -97.525485371984701, 18.317808822330186, 1603.0 ], [ -97.525482953438896, 18.317815886809662, 1603.0 ], [ -97.525474538373075, 18.317823048817971, 1603.0 ], [ -97.525454461747302, 18.317832992395616, 1603.0 ], [ -97.525442671444324, 18.31784313551622, 1603.0 ], [ -97.525431312367033, 18.317859282897885, 1603.0 ], [ -97.525428896707936, 18.317866347377361, 1603.0 ], [ -97.525428608688827, 18.31787442106819, 1603.0 ], [ -97.525430955596335, 18.317877448702252, 1603.0 ], [ -97.525443895102143, 18.317882653616369, 1603.0 ], [ -97.52545232229194, 18.317890568449855, 1603.0 ], [ -97.525455720159755, 18.317899651352036, 1603.0 ], [ -97.525456417335647, 18.317915798733708, 1603.0 ], [ -97.525460801734383, 18.317924279777682, 1603.0 ], [ -97.525465028392446, 18.317924578534953, 1603.0 ], [ -97.525484048353718, 18.317915592348989, 1603.0 ], [ -97.525494614998863, 18.317907523910488, 1603.0 ], [ -97.525506238308523, 18.317907476396599, 1603.0 ], [ -97.525512578295618, 18.317909876268118, 1603.0 ], [ -97.525527371598827, 18.317910374222674, 1603.0 ], [ -97.525529350254928, 18.317911761888279, 1603.0 ], [ -97.525528438963747, 18.317915798733708, 1603.0 ], [ -97.525522893642332, 18.317923872424533, 1603.0 ], [ -97.525522565629075, 18.3179289184813, 1603.0 ], [ -97.525524201605279, 18.317934014309504, 1603.0 ], [ -97.525532654921406, 18.317942870250484, 1603.0 ], [ -97.525540051573003, 18.317946291166123, 1603.0 ], [ -97.525550618218148, 18.317946314433115, 1603.0 ], [ -97.525569638179419, 18.317939867152383, 1603.0 ], [ -97.525583374818112, 18.317938370561908, 1603.0 ], [ -97.52561507475356, 18.317943011161425, 1603.0 ], [ -97.525625302361973, 18.317949102708383, 1603.0 ], [ -97.525626478496577, 18.317971305358171, 1603.0 ], [ -97.525632425298724, 18.317979379049003, 1603.0 ], [ -97.525636826176068, 18.317980388260352, 1603.0 ] ] } },
{ "type": "Feature", "properties": { "FID": 616, "elev": 1604.0, "elevation": 1604.0, "ELEVATION": 1604.0, "is_master": false, "tipo": "Ordinaria (1m)" }, "geometry": { "type": "LineString", "coordinates": [ [ -97.524962056083353, 18.317980435701912, 1604.0 ], [ -97.524956913768378, 18.317979379049003, 1604.0 ], [ -97.524952642163129, 18.317975342203582, 1604.0 ], [ -97.524953602767241, 18.317973858069244, 1604.0 ], [ -97.524958886089806, 18.317971493620835, 1604.0 ], [ -97.524963112747869, 18.317972594276036, 1604.0 ], [ -97.52496498802374, 18.317975342203582, 1604.0 ], [ -97.524962056083353, 18.317980435701912, 1604.0 ] ] } },
{ "type": "Feature", "properties": { "FID": 617, "elev": 1604.0, "elevation": 1604.0, "ELEVATION": 1604.0, "is_master": false, "tipo": "Ordinaria (1m)" }, "geometry": { "type": "LineString", "coordinates": [ [ -97.524671473341755, 18.317979057469788, 1604.0 ], [ -97.524669701759251, 18.317977360626291, 1604.0 ], [ -97.524671473341755, 18.317976052389351, 1604.0 ], [ -97.524673485068433, 18.317977360626294, 1604.0 ], [ -97.524671473341755, 18.317979057469788, 1604.0 ] ] } },
{ "type": "Feature", "properties": { "FID": 618, "elev": 1604.0, "elevation": 1604.0, "ELEVATION": 1604.0, "is_master": false, "tipo": "Ordinaria (1m)" }, "geometry": { "type": "LineString", "coordinates": [ [ -97.524580819141974, 18.317976351414941, 1604.0 ], [ -97.524582216890181, 18.317974332992229, 1604.0 ], [ -97.524580835007811, 18.31797231456952, 1604.0 ], [ -97.524577430199926, 18.317972236937869, 1604.0 ], [ -97.52457729116513, 18.317976351414945, 1604.0 ], [ -97.524580819141974, 18.317976351414941, 1604.0 ] ] } },
{ "type": "Feature", "properties": { "FID": 619, "elev": 1605.0, "elevation": 1605.0, "ELEVATION": 1605.0, "is_master": true, "tipo": "Maestra (5m)" }, "geometry": { "type": "LineString", "coordinates": [ [ -97.525210486241363, 18.317974332992232, 1605.0 ], [ -97.525212604299739, 18.317972314569527, 1605.0 ], [ -97.525211428908875, 18.317970571150422, 1605.0 ], [ -97.525209965441306, 18.317971305358164, 1605.0 ], [ -97.525210486241363, 18.317974332992232, 1605.0 ] ] } },
{ "type": "Feature", "properties": { "FID": 620, "elev": 1604.0, "elevation": 1604.0, "ELEVATION": 1604.0, "is_master": false, "tipo": "Ordinaria (1m)" }, "geometry": { "type": "LineString", "coordinates": [ [ -97.52489125956086, 18.317974691099483, 1604.0 ], [ -97.524889146231828, 18.31797444283837, 1604.0 ], [ -97.524888016693893, 18.317970296146814, 1604.0 ], [ -97.524890074383094, 18.317971305358164, 1604.0 ], [ -97.52489125956086, 18.317974691099483, 1604.0 ] ] } },
{ "type": "Feature", "properties": { "FID": 621, "elev": 1603.0, "elevation": 1603.0, "ELEVATION": 1603.0, "is_master": false, "tipo": "Ordinaria (1m)" }, "geometry": { "type": "LineString", "coordinates": [ [ -97.523506265899755, 18.317972314569523, 1603.0 ], [ -97.523515559915822, 18.317965250090047, 1603.0 ], [ -97.523519497687616, 18.317956167187862, 1603.0 ], [ -97.523531151187697, 18.317953139553794, 1603.0 ], [ -97.523530429762573, 18.3179420382289, 1603.0 ], [ -97.52352710567213, 18.317937355488226, 1603.0 ], [ -97.523520765685035, 18.317933551678884, 1603.0 ], [ -97.523517822119601, 18.317934973749423, 1603.0 ], [ -97.523519210878675, 18.317939010594841, 1603.0 ], [ -97.523515602780066, 18.317945065862972, 1603.0 ], [ -97.523512312368922, 18.317947215173156, 1603.0 ], [ -97.523507029046343, 18.317947926505219, 1603.0 ], [ -97.523501745723763, 18.317941209771824, 1603.0 ], [ -97.523495405736682, 18.317939154767892, 1603.0 ], [ -97.523491179078619, 18.317939737436173, 1603.0 ], [ -97.523489238113299, 18.317942038228903, 1603.0 ], [ -97.523490122414103, 18.317945070338414, 1603.0 ], [ -97.523495405736682, 18.317946886181222, 1603.0 ], [ -97.523499632394746, 18.317952308438567, 1603.0 ], [ -97.523504915717311, 18.317950541769022, 1603.0 ], [ -97.52350641491654, 18.317952130342444, 1603.0 ], [ -97.523506033815806, 18.317954148765153, 1603.0 ], [ -97.523502762514156, 18.31795515797651, 1603.0 ], [ -97.52350063968241, 18.317958185610564, 1603.0 ], [ -97.523498135453337, 18.317968277724113, 1603.0 ], [ -97.523500689059247, 18.317972789492519, 1603.0 ], [ -97.523506265899755, 18.317972314569523, 1603.0 ] ] } },
{ "type": "Feature", "properties": { "FID": 622, "elev": 1604.0, "elevation": 1604.0, "ELEVATION": 1604.0, "is_master": false, "tipo": "Ordinaria (1m)" }, "geometry": { "type": "LineString", "coordinates": [ [ -97.524618308021445, 18.317971305358171, 1604.0 ], [ -97.524618821907765, 18.317967268512753, 1604.0 ], [ -97.524616526786986, 18.317966592126421, 1604.0 ], [ -97.524615013911756, 18.317969286935458, 1604.0 ], [ -97.524616020468571, 18.317971305358167, 1604.0 ], [ -97.524618308021445, 18.317971305358171, 1604.0 ] ] } },
{ "type": "Feature", "properties": { "FID": 623, "elev": 1604.0, "elevation": 1604.0, "ELEVATION": 1604.0, "is_master": false, "tipo": "Ordinaria (1m)" }, "geometry": { "type": "LineString", "coordinates": [ [ -97.524477348975168, 18.317970296146811, 1604.0 ], [ -97.524481062396177, 18.317968277724116, 1604.0 ], [ -97.524481865461212, 18.317965250090047, 1604.0 ], [ -97.524479913600999, 18.31796020403328, 1604.0 ], [ -97.524482935140938, 18.31795414876515, 1604.0 ], [ -97.524478540077737, 18.317945065862972, 1604.0 ], [ -97.524468593754904, 18.317932858287168, 1604.0 ], [ -97.524461197103292, 18.317931661161566, 1604.0 ], [ -97.524453800451695, 18.317932997087194, 1604.0 ], [ -97.524447705488257, 18.317939010594838, 1604.0 ], [ -97.524446408929521, 18.317945065862965, 1604.0 ], [ -97.5244474604646, 18.317951240741337, 1604.0 ], [ -97.524452520713552, 18.317955157976506, 1604.0 ], [ -97.524458027109745, 18.317956246862437, 1604.0 ], [ -97.52446436709684, 18.317963868767247, 1604.0 ], [ -97.524469184451547, 18.317965250090051, 1604.0 ], [ -97.524471763748437, 18.317969480188697, 1604.0 ], [ -97.524477348975168, 18.317970296146811, 1604.0 ] ] } },
{ "type": "Feature", "properties": { "FID": 624, "elev": 1589.0, "elevation": 1589.0, "ELEVATION": 1589.0, "is_master": false, "tipo": "Ordinaria (1m)" }, "geometry": { "type": "LineString", "coordinates": [ [ -97.526356125001257, 18.317968277724109, 1589.0 ], [ -97.526358318311608, 18.317967268512756, 1589.0 ], [ -97.526359209213524, 18.317964240878688, 1589.0 ], [ -97.526352626584952, 18.317957144156043, 1589.0 ], [ -97.526342059939807, 18.317955712747668, 1589.0 ], [ -97.526337833281744, 18.317956228976307, 1589.0 ], [ -97.526334052973354, 18.31795919482192, 1589.0 ], [ -97.52633383678824, 18.317963231667335, 1589.0 ], [ -97.526336776617228, 18.317965379086981, 1589.0 ], [ -97.526356125001257, 18.317968277724109, 1589.0 ] ] } },
{ "type": "Feature", "properties": { "FID": 625, "elev": 1604.0, "elevation": 1604.0, "ELEVATION": 1604.0, "is_master": false, "tipo": "Ordinaria (1m)" }, "geometry": { "type": "LineString", "coordinates": [ [ -97.524756217835858, 18.317968277724113, 1604.0 ], [ -97.524759176496488, 18.317967210128618, 1604.0 ], [ -97.524760597528086, 18.31796424087868, 1604.0 ], [ -97.524760223768439, 18.317957176399219, 1604.0 ], [ -97.524754949838439, 18.317952969357414, 1604.0 ], [ -97.524746496522312, 18.317953139554106, 1604.0 ], [ -97.524742844933598, 18.317958185610564, 1604.0 ], [ -97.524746473990504, 18.3179662593014, 1604.0 ], [ -97.524751779844891, 18.31796890127255, 1604.0 ], [ -97.524756217835858, 18.317968277724113, 1604.0 ] ] } },
{ "type": "Feature", "properties": { "FID": 626, "elev": 1600.0, "elevation": 1600.0, "ELEVATION": 1600.0, "is_master": true, "tipo": "Maestra (5m)" }, "geometry": { "type": "LineString", "coordinates": [ [ -97.52570524345883, 18.317965250090047, 1600.0 ], [ -97.525704847775543, 18.317965250090051, 1600.0 ], [ -97.525704891237325, 18.317965258823072, 1600.0 ], [ -97.52570524345883, 18.317965250090047, 1600.0 ] ] } },
{ "type": "Feature", "properties": { "FID": 627, "elev": 1605.0, "elevation": 1605.0, "ELEVATION": 1605.0, "is_master": true, "tipo": "Maestra (5m)" }, "geometry": { "type": "LineString", "coordinates": [ [ -97.524135311398481, 18.317965250090051, 1605.0 ], [ -97.524136583938102, 18.317962222455986, 1605.0 ], [ -97.524134687768196, 18.317960112429137, 1605.0 ], [ -97.524132396605211, 18.317960204033277, 1605.0 ], [ -97.524130756164794, 18.317963231667331, 1605.0 ], [ -97.524135311398481, 18.317965250090051, 1605.0 ] ] } },
{ "type": "Feature", "properties": { "FID": 628, "elev": 1600.0, "elevation": 1600.0, "ELEVATION": 1600.0, "is_master": true, "tipo": "Maestra (5m)" }, "geometry": { "type": "LineString", "coordinates": [ [ -97.525513634960134, 18.317962244043393, 1600.0 ], [ -97.525509408302071, 18.317961298874685, 1600.0 ], [ -97.525499898321442, 18.31795301096702, 1600.0 ], [ -97.525495297329314, 18.317952130342444, 1600.0 ], [ -97.525490388340799, 18.317945065855266, 1600.0 ], [ -97.525503068314976, 18.317943638385316, 1600.0 ], [ -97.525511521631103, 18.3179449092409, 1600.0 ], [ -97.525518764102728, 18.317951121131088, 1600.0 ], [ -97.525519014245091, 18.317953139553797, 1600.0 ], [ -97.5255189182827, 18.317956175165815, 1600.0 ], [ -97.525513634960134, 18.317962244043393, 1600.0 ] ] } },
{ "type": "Feature", "properties": { "FID": 629, "elev": 1605.0, "elevation": 1605.0, "ELEVATION": 1605.0, "is_master": true, "tipo": "Maestra (5m)" }, "geometry": { "type": "LineString", "coordinates": [ [ -97.524749287077242, 18.317961213244633, 1605.0 ], [ -97.524750758111438, 18.31795919482192, 1605.0 ], [ -97.524748609851343, 18.317957820988372, 1605.0 ], [ -97.524746704322979, 18.317960204033277, 1605.0 ], [ -97.524749287077242, 18.317961213244633, 1605.0 ] ] } },
{ "type": "Feature", "properties": { "FID": 630, "elev": 1588.0, "elevation": 1588.0, "ELEVATION": 1588.0, "is_master": false, "tipo": "Ordinaria (1m)" }, "geometry": { "type": "LineString", "coordinates": [ [ -97.526722459165171, 18.31795821953364, 1588.0 ], [ -97.526717175842592, 18.317957983768302, 1588.0 ], [ -97.526715045470596, 18.317955157976506, 1588.0 ], [ -97.526714131897862, 18.317949102708386, 1588.0 ], [ -97.526711836271716, 18.317946075074321, 1588.0 ], [ -97.526710942186526, 18.317936992172136, 1588.0 ], [ -97.526707532388556, 18.31793497374942, 1588.0 ], [ -97.526703868947848, 18.317927909269944, 1588.0 ], [ -97.526705552532931, 18.317925256020747, 1588.0 ], [ -97.526707665861963, 18.317925938904924, 1588.0 ], [ -97.526709779190995, 18.317930684601173, 1588.0 ], [ -97.526712949184542, 18.317928876430827, 1588.0 ], [ -97.526719289171623, 18.317928730721047, 1588.0 ], [ -97.526725759983847, 18.317933964538071, 1588.0 ], [ -97.526728014080234, 18.31794102901755, 1588.0 ], [ -97.526728069773213, 18.317950111919732, 1588.0 ], [ -97.52672666510432, 18.317954148765157, 1588.0 ], [ -97.526722459165171, 18.31795821953364, 1588.0 ] ] } },
{ "type": "Feature", "properties": { "FID": 631, "elev": 1604.0, "elevation": 1604.0, "ELEVATION": 1604.0, "is_master": false, "tipo": "Ordinaria (1m)" }, "geometry": { "type": "LineString", "coordinates": [ [ -97.524551273350426, 18.317952130342444, 1604.0 ], [ -97.524558580099139, 18.317946075074325, 1604.0 ], [ -97.524563808104816, 18.317938001383485, 1604.0 ], [ -97.524564581907512, 18.317932955326729, 1604.0 ], [ -97.524563893470742, 18.31792992769266, 1604.0 ], [ -97.524560550895231, 18.317926900058591, 1604.0 ], [ -97.52454784359351, 18.317923604437478, 1604.0 ], [ -97.524540398799488, 18.317927909269951, 1604.0 ], [ -97.52453878467206, 18.317945065862972, 1604.0 ], [ -97.524541503606429, 18.31794923726989, 1604.0 ], [ -97.52454784359351, 18.317952201633318, 1604.0 ], [ -97.524551273350426, 18.317952130342444, 1604.0 ] ] } },
{ "type": "Feature", "properties": { "FID": 632, "elev": 1604.0, "elevation": 1604.0, "ELEVATION": 1604.0, "is_master": false, "tipo": "Ordinaria (1m)" }, "geometry": { "type": "LineString", "coordinates": [ [ -97.525241015515292, 18.317951816842744, 1604.0 ], [ -97.525237429369625, 18.317950111919732, 1604.0 ], [ -97.52523890218626, 18.317947966144164, 1604.0 ], [ -97.52524205437085, 18.317949102708383, 1604.0 ], [ -97.525241015515292, 18.317951816842744, 1604.0 ] ] } },
{ "type": "Feature", "properties": { "FID": 633, "elev": 1601.0, "elevation": 1601.0, "ELEVATION": 1601.0, "is_master": false, "tipo": "Ordinaria (1m)" }, "geometry": { "type": "LineString", "coordinates": [ [ -97.527170484919495, 18.31733522912447, 1601.0 ], [ -97.527139983588569, 18.317375870659351, 1601.0 ], [ -97.527094109208349, 18.317427340438403, 1601.0 ], [ -97.52708828816094, 18.317431377283821, 1601.0 ], [ -97.527078555106698, 18.317432236924063, 1601.0 ], [ -97.527074397254694, 18.317435414129228, 1601.0 ], [ -97.527075318656259, 18.317450552299537, 1601.0 ], [ -97.527080668435715, 18.317457742105919, 1601.0 ], [ -97.527093486782633, 18.317467708892558, 1601.0 ], [ -97.52710285839413, 18.317488902330986, 1601.0 ], [ -97.527126313467491, 18.317529270785148, 1601.0 ], [ -97.52715120920503, 18.31759184188909, 1601.0 ], [ -97.527186149970916, 18.317660468261156, 1601.0 ], [ -97.527205263326351, 18.317692763024475, 1601.0 ], [ -97.527237201542889, 18.317738177535411, 1601.0 ], [ -97.527237054783924, 18.317746488687735, 1601.0 ], [ -97.527222261480716, 18.31775915589601, 1601.0 ], [ -97.527216881258781, 18.317767444664682, 1601.0 ], [ -97.527217831245096, 18.31778157362363, 1601.0 ], [ -97.527224196497613, 18.317787628891754, 1601.0 ], [ -97.527232828125861, 18.31779087508114, 1601.0 ], [ -97.527244451435536, 18.317789794286984, 1601.0 ], [ -97.527249605896586, 18.317785610469041, 1601.0 ], [ -97.527255303424681, 18.317777536778216, 1601.0 ], [ -97.527260536217597, 18.317760380185188, 1601.0 ], [ -97.527264528061309, 18.317758153983686, 1601.0 ], [ -97.527269811383889, 18.317758528230339, 1601.0 ] ] } },
{ "type": "Feature", "properties": { "FID": 634, "elev": 1600.0, "elevation": 1600.0, "ELEVATION": 1600.0, "is_master": true, "tipo": "Maestra (5m)" }, "geometry": { "type": "LineString", "coordinates": [ [ -97.525490388340799, 18.317942389258938, 1600.0 ], [ -97.52548616168275, 18.317942700523854, 1600.0 ], [ -97.525484647493386, 18.31794102901755, 1600.0 ], [ -97.525481181932292, 18.3179289184813, 1600.0 ], [ -97.525484860316979, 18.317922863213177, 1600.0 ], [ -97.525490388340799, 18.317921908553789, 1600.0 ], [ -97.525494576466912, 18.317923872424537, 1600.0 ], [ -97.525495970378401, 18.317927909269944, 1600.0 ], [ -97.525495442185729, 18.317929927692663, 1600.0 ], [ -97.52549099023831, 18.317932955326725, 1600.0 ], [ -97.525490388340799, 18.317942389258938, 1600.0 ] ] } },
{ "type": "Feature", "properties": { "FID": 635, "elev": 1604.0, "elevation": 1604.0, "ELEVATION": 1604.0, "is_master": false, "tipo": "Ordinaria (1m)" }, "geometry": { "type": "LineString", "coordinates": [ [ -97.525196635605667, 18.317941122175526, 1604.0 ], [ -97.525194522276635, 18.317940728981739, 1604.0 ], [ -97.525195578941151, 18.317938411004565, 1604.0 ], [ -97.525196694876982, 18.317939010594838, 1604.0 ], [ -97.525196635605667, 18.317941122175526, 1604.0 ] ] } },
{ "type": "Feature", "properties": { "FID": 636, "elev": 1604.0, "elevation": 1604.0, "ELEVATION": 1604.0, "is_master": false, "tipo": "Ordinaria (1m)" }, "geometry": { "type": "LineString", "coordinates": [ [ -97.524879274760707, 18.317940019806191, 1604.0 ], [ -97.52487976284425, 18.317936992172136, 1604.0 ], [ -97.524876466257652, 18.31793603378437, 1604.0 ], [ -97.524876386580971, 18.317940019806198, 1604.0 ], [ -97.524879274760707, 18.317940019806191, 1604.0 ] ] } },
{ "type": "Feature", "properties": { "FID": 637, "elev": 1604.0, "elevation": 1604.0, "ELEVATION": 1604.0, "is_master": false, "tipo": "Ordinaria (1m)" }, "geometry": { "type": "LineString", "coordinates": [ [ -97.524848992980267, 18.317937339088534, 1604.0 ], [ -97.524848162743851, 18.31793699217214, 1604.0 ], [ -97.524848992980267, 18.317936535953304, 1604.0 ], [ -97.524848992980267, 18.317937339088534, 1604.0 ] ] } },
{ "type": "Feature", "properties": { "FID": 638, "elev": 1603.0, "elevation": 1603.0, "ELEVATION": 1603.0, "is_master": false, "tipo": "Ordinaria (1m)" }, "geometry": { "type": "LineString", "coordinates": [ [ -97.52349349367708, 18.317935982960783, 1603.0 ], [ -97.523495183683991, 18.317932955326725, 1603.0 ], [ -97.523491179078619, 18.317927294637471, 1603.0 ], [ -97.523489274702015, 18.317932955326725, 1603.0 ], [ -97.523491179078619, 18.317936002994752, 1603.0 ], [ -97.52349349367708, 18.317935982960783, 1603.0 ] ] } },
{ "type": "Feature", "properties": { "FID": 639, "elev": 1604.0, "elevation": 1604.0, "ELEVATION": 1604.0, "is_master": false, "tipo": "Ordinaria (1m)" }, "geometry": { "type": "LineString", "coordinates": [ [ -97.525539001769943, 18.317932955326725, 1604.0 ], [ -97.525540008443841, 18.31792992769266, 1604.0 ], [ -97.525532782911753, 18.317924881635886, 1604.0 ], [ -97.525529484927858, 18.317924454142826, 1604.0 ], [ -97.525527550552411, 18.317925890847238, 1604.0 ], [ -97.525529484927858, 18.317931341422614, 1604.0 ], [ -97.525533711585908, 18.317933182023719, 1604.0 ], [ -97.525539001769943, 18.317932955326725, 1604.0 ] ] } },
{ "type": "Feature", "properties": { "FID": 640, "elev": 1604.0, "elevation": 1604.0, "ELEVATION": 1604.0, "is_master": false, "tipo": "Ordinaria (1m)" }, "geometry": { "type": "LineString", "coordinates": [ [ -97.525158152565751, 18.317932955326729, 1604.0 ], [ -97.525157539018608, 18.317931087814113, 1604.0 ], [ -97.525157228488638, 18.317932955326725, 1604.0 ], [ -97.525158152565751, 18.317932955326729, 1604.0 ] ] } },
{ "type": "Feature", "properties": { "FID": 641, "elev": 1603.0, "elevation": 1603.0, "ELEVATION": 1603.0, "is_master": false, "tipo": "Ordinaria (1m)" }, "geometry": { "type": "LineString", "coordinates": [ [ -97.52352669103162, 18.317932955326725, 1603.0 ], [ -97.523528136138353, 18.317930936904009, 1603.0 ], [ -97.52352710567213, 18.317928582077517, 1603.0 ], [ -97.523522879014067, 18.317928218544402, 1603.0 ], [ -97.523522482764875, 18.317931946115362, 1603.0 ], [ -97.52352669103162, 18.317932955326725, 1603.0 ] ] } },
{ "type": "Feature", "properties": { "FID": 642, "elev": 1603.0, "elevation": 1603.0, "ELEVATION": 1603.0, "is_master": false, "tipo": "Ordinaria (1m)" }, "geometry": { "type": "LineString", "coordinates": [ [ -97.525038135928426, 18.317929291386378, 1603.0 ], [ -97.525036170040963, 18.317927909269947, 1603.0 ], [ -97.52503707926391, 18.317926163746236, 1603.0 ], [ -97.525040194286476, 18.31792790926994, 1603.0 ], [ -97.525038135928426, 18.317929291386378, 1603.0 ] ] } },
{ "type": "Feature", "properties": { "FID": 643, "elev": 1603.0, "elevation": 1603.0, "ELEVATION": 1603.0, "is_master": false, "tipo": "Ordinaria (1m)" }, "geometry": { "type": "LineString", "coordinates": [ [ -97.523845181818047, 18.317926900058595, 1603.0 ], [ -97.523844999127334, 18.317926900058595, 1603.0 ], [ -97.523845161691114, 18.317926967339353, 1603.0 ], [ -97.523845181818047, 18.317926900058595, 1603.0 ] ] } },
{ "type": "Feature", "properties": { "FID": 644, "elev": 1603.0, "elevation": 1603.0, "ELEVATION": 1603.0, "is_master": false, "tipo": "Ordinaria (1m)" }, "geometry": { "type": "LineString", "coordinates": [ [ -97.523453861278171, 18.317926900058595, 1603.0 ], [ -97.523454195820605, 18.317925210216323, 1603.0 ], [ -97.523451081077482, 18.317925890847238, 1603.0 ], [ -97.523453139156089, 18.317927641263616, 1603.0 ], [ -97.523453861278171, 18.317926900058595, 1603.0 ] ] } },
{ "type": "Feature", "properties": { "FID": 645, "elev": 1604.0, "elevation": 1604.0, "ELEVATION": 1604.0, "is_master": false, "tipo": "Ordinaria (1m)" }, "geometry": { "type": "LineString", "coordinates": [ [ -97.524847936315751, 18.317925930475965, 1604.0 ], [ -97.524846828419015, 18.317922863213173, 1604.0 ], [ -97.524852162973801, 18.317920663396276, 1604.0 ], [ -97.524854222391383, 18.317921854001831, 1604.0 ], [ -97.524851106309285, 18.31792583842067, 1604.0 ], [ -97.524847936315751, 18.317925930475965, 1604.0 ] ] } },
{ "type": "Feature", "properties": { "FID": 646, "elev": 1604.0, "elevation": 1604.0, "ELEVATION": 1604.0, "is_master": false, "tipo": "Ordinaria (1m)" }, "geometry": { "type": "LineString", "coordinates": [ [ -97.524870016771644, 18.317924881635893, 1604.0 ], [ -97.524873186322125, 18.317921854001828, 1604.0 ], [ -97.524873854664051, 18.317918826367759, 1604.0 ], [ -97.524871182935073, 18.317915408700333, 1604.0 ], [ -97.524864842947991, 18.317914742703266, 1604.0 ], [ -97.524862104833673, 18.317917817156406, 1604.0 ], [ -97.524863786283476, 18.317922882621087, 1604.0 ], [ -97.524866956277009, 18.317925491681553, 1604.0 ], [ -97.524870016771644, 18.317924881635893, 1604.0 ] ] } },
{ "type": "Feature", "properties": { "FID": 647, "elev": 1604.0, "elevation": 1604.0, "ELEVATION": 1604.0, "is_master": false, "tipo": "Ordinaria (1m)" }, "geometry": { "type": "LineString", "coordinates": [ [ -97.525401364819686, 18.317923872424533, 1604.0 ], [ -97.525408162542163, 18.317920844790475, 1604.0 ], [ -97.525412373974987, 18.317913780310999, 1604.0 ], [ -97.525412377203125, 18.317899651352036, 1604.0 ], [ -97.525408184644562, 18.317894605295265, 1604.0 ], [ -97.525402685186066, 18.31789241968028, 1604.0 ], [ -97.525392118540921, 18.3178923263626, 1604.0 ], [ -97.525381551895762, 18.317895839056145, 1604.0 ], [ -97.525373133414746, 18.317901669774745, 1604.0 ], [ -97.525369742869316, 18.317909743465581, 1604.0 ], [ -97.525376268573197, 18.317914609236048, 1604.0 ], [ -97.525381338961864, 18.317921854001828, 1604.0 ], [ -97.525387891882858, 18.317924270664776, 1604.0 ], [ -97.525401364819686, 18.317923872424533, 1604.0 ] ] } },
{ "type": "Feature", "properties": { "FID": 648, "elev": 1604.0, "elevation": 1604.0, "ELEVATION": 1604.0, "is_master": false, "tipo": "Ordinaria (1m)" }, "geometry": { "type": "LineString", "coordinates": [ [ -97.525631341825701, 18.317922863213177, 1604.0 ], [ -97.525636208043863, 18.317919993542635, 1604.0 ], [ -97.52563706770313, 18.317916807945057, 1604.0 ], [ -97.525636235489685, 18.317912771099643, 1604.0 ], [ -97.525630924721284, 18.317907725043938, 1604.0 ], [ -97.525611904760012, 18.317894590583727, 1604.0 ], [ -97.52558126148908, 18.317881285772042, 1604.0 ], [ -97.525571751508451, 18.317881510313583, 1604.0 ], [ -97.5255645208251, 18.317896623717974, 1604.0 ], [ -97.525559378382269, 18.317902678986098, 1604.0 ], [ -97.525564146787772, 18.317908734254228, 1604.0 ], [ -97.525571751508451, 18.317913876978754, 1604.0 ], [ -97.525582318153596, 18.317917961329464, 1604.0 ], [ -97.525621414740655, 18.317921621793907, 1604.0 ], [ -97.525627754727736, 18.317923546183998, 1604.0 ], [ -97.525631341825701, 18.317922863213177, 1604.0 ] ] } },
{ "type": "Feature", "properties": { "FID": 649, "elev": 1604.0, "elevation": 1604.0, "ELEVATION": 1604.0, "is_master": false, "tipo": "Ordinaria (1m)" }, "geometry": { "type": "LineString", "coordinates": [ [ -97.525464760033202, 18.31792286321318, 1604.0 ], [ -97.525471368379542, 18.317917093570916, 1604.0 ], [ -97.525474538373075, 18.317917203989186, 1604.0 ], [ -97.525477708366623, 18.317913776836942, 1604.0 ], [ -97.525483026408182, 18.317912771099639, 1604.0 ], [ -97.525494883358107, 18.317901669774745, 1604.0 ], [ -97.525494382137239, 18.317893596083909, 1604.0 ], [ -97.525496591493635, 18.317888550027146, 1604.0 ], [ -97.525495539580319, 18.31788552239308, 1604.0 ], [ -97.525487431712207, 18.317882494759019, 1604.0 ], [ -97.525486304475251, 18.317878457913608, 1604.0 ], [ -97.525481773193178, 18.317873411856826, 1604.0 ], [ -97.52548021966021, 18.317868365800063, 1604.0 ], [ -97.525482191704327, 18.317852218418405, 1604.0 ], [ -97.525477734138931, 18.317845153938926, 1604.0 ], [ -97.525471368379542, 18.317841851828138, 1604.0 ], [ -97.525458688405351, 18.317844475258969, 1604.0 ], [ -97.525457225331408, 18.317846163150286, 1604.0 ], [ -97.525460801734383, 18.317859511398566, 1604.0 ], [ -97.52547369043242, 18.317871393434128, 1604.0 ], [ -97.525473759306863, 18.317877448702248, 1604.0 ], [ -97.525468212617156, 18.31789258687256, 1604.0 ], [ -97.525466745836141, 18.317902678986098, 1604.0 ], [ -97.525461202255343, 18.31791075267693, 1604.0 ], [ -97.525460439857383, 18.317921854001828, 1604.0 ], [ -97.525461858398884, 18.317923375474933, 1604.0 ], [ -97.525464760033202, 18.31792286321318, 1604.0 ] ] } },
{ "type": "Feature", "properties": { "FID": 650, "elev": 1603.0, "elevation": 1603.0, "ELEVATION": 1603.0, "is_master": false, "tipo": "Ordinaria (1m)" }, "geometry": { "type": "LineString", "coordinates": [ [ -97.523512346942809, 18.317922863213177, 1603.0 ], [ -97.523515738007106, 18.31791680794506, 1603.0 ], [ -97.523515536550391, 18.317912771099639, 1603.0 ], [ -97.523513369033438, 18.317911996910109, 1603.0 ], [ -97.523510123563852, 18.317912771099635, 1603.0 ], [ -97.523505002736741, 18.317917817156403, 1603.0 ], [ -97.523508085710858, 18.317922812752609, 1603.0 ], [ -97.523512346942809, 18.317922863213177, 1603.0 ] ] } },
{ "type": "Feature", "properties": { "FID": 651, "elev": 1605.0, "elevation": 1605.0, "ELEVATION": 1605.0, "is_master": true, "tipo": "Maestra (5m)" }, "geometry": { "type": "LineString", "coordinates": [ [ -97.525387233552408, 18.317920844790475, 1605.0 ], [ -97.525398458528002, 18.317916979767734, 1605.0 ], [ -97.52540162852155, 18.317913944508085, 1605.0 ], [ -97.525401395922444, 18.317908734254228, 1605.0 ], [ -97.525399563799084, 18.317906715831526, 1605.0 ], [ -97.525387891882858, 18.317905444487341, 1605.0 ], [ -97.525381544425244, 18.317908734254225, 1605.0 ], [ -97.525379743125541, 18.317912771099639, 1605.0 ], [ -97.525380077841319, 18.317917817156406, 1605.0 ], [ -97.525382608560278, 18.317920412651723, 1605.0 ], [ -97.525387233552408, 18.317920844790475, 1605.0 ] ] } },
{ "type": "Feature", "properties": { "FID": 652, "elev": 1604.0, "elevation": 1604.0, "ELEVATION": 1604.0, "is_master": false, "tipo": "Ordinaria (1m)" }, "geometry": { "type": "LineString", "coordinates": [ [ -97.525227348546778, 18.317917817156406, 1604.0 ], [ -97.525227433220849, 18.317912771099639, 1604.0 ], [ -97.52522532047206, 18.31791075267693, 1604.0 ], [ -97.52522199555402, 18.317910006043192, 1604.0 ], [ -97.525218015451017, 18.317912771099639, 1604.0 ], [ -97.525219882224988, 18.317916903832121, 1604.0 ], [ -97.525224108883052, 18.317918479644845, 1604.0 ], [ -97.525227348546778, 18.317917817156406, 1604.0 ] ] } },
{ "type": "Feature", "properties": { "FID": 653, "elev": 1603.0, "elevation": 1603.0, "ELEVATION": 1603.0, "is_master": false, "tipo": "Ordinaria (1m)" }, "geometry": { "type": "LineString", "coordinates": [ [ -97.525122669089626, 18.317915918532179, 1603.0 ], [ -97.525118442431562, 18.317916512141728, 1603.0 ], [ -97.52511618883733, 18.317914789522348, 1603.0 ], [ -97.52511645605162, 18.317912771099643, 1603.0 ], [ -97.525118442431562, 18.317911134805509, 1603.0 ], [ -97.525123725754128, 18.317912138459693, 1603.0 ], [ -97.525122669089626, 18.317915918532179, 1603.0 ] ] } },
{ "type": "Feature", "properties": { "FID": 654, "elev": 1603.0, "elevation": 1603.0, "ELEVATION": 1603.0, "is_master": false, "tipo": "Ordinaria (1m)" }, "geometry": { "type": "LineString", "coordinates": [ [ -97.525130065741223, 18.31791383154, 1603.0 ], [ -97.525127107080579, 18.317912771099643, 1603.0 ], [ -97.525129009076707, 18.317908882766929, 1603.0 ], [ -97.525131143407762, 18.317909743465581, 1603.0 ], [ -97.525130065741223, 18.31791383154, 1603.0 ] ] } },
{ "type": "Feature", "properties": { "FID": 655, "elev": 1604.0, "elevation": 1604.0, "ELEVATION": 1604.0, "is_master": false, "tipo": "Ordinaria (1m)" }, "geometry": { "type": "LineString", "coordinates": [ [ -97.524899773692198, 18.317913780310992, 1604.0 ], [ -97.524901388389964, 18.317911761888286, 1604.0 ], [ -97.524899712876973, 18.317910629816421, 1604.0 ], [ -97.524898770342489, 18.317911761888286, 1604.0 ], [ -97.524899773692198, 18.317913780310992, 1604.0 ] ] } },
{ "type": "Feature", "properties": { "FID": 656, "elev": 1604.0, "elevation": 1604.0, "ELEVATION": 1604.0, "is_master": false, "tipo": "Ordinaria (1m)" }, "geometry": { "type": "LineString", "coordinates": [ [ -97.524542565634718, 18.317911761888283, 1604.0 ], [ -97.52454361693546, 18.317908679643221, 1604.0 ], [ -97.524540485950155, 18.317909743465577, 1604.0 ], [ -97.524542565634718, 18.317911761888283, 1604.0 ] ] } },
{ "type": "Feature", "properties": { "FID": 657, "elev": 1604.0, "elevation": 1604.0, "ELEVATION": 1604.0, "is_master": false, "tipo": "Ordinaria (1m)" }, "geometry": { "type": "LineString", "coordinates": [ [ -97.524199887051864, 18.317909743465584, 1604.0 ], [ -97.524199144303594, 18.317907096969847, 1604.0 ], [ -97.524197323127296, 18.317908734254232, 1604.0 ], [ -97.524199887051864, 18.317909743465584, 1604.0 ] ] } },
{ "type": "Feature", "properties": { "FID": 658, "elev": 1599.0, "elevation": 1599.0, "ELEVATION": 1599.0, "is_master": false, "tipo": "Ordinaria (1m)" }, "geometry": { "type": "LineString", "coordinates": [ [ -97.527220148151684, 18.317908470981692, 1599.0 ], [ -97.527218034822653, 18.317908509985028, 1599.0 ], [ -97.527218242691092, 18.317906715831523, 1599.0 ], [ -97.527219091487169, 18.317906256530989, 1599.0 ], [ -97.527220148151684, 18.317908470981692, 1599.0 ] ] } },
{ "type": "Feature", "properties": { "FID": 659, "elev": 1604.0, "elevation": 1604.0, "ELEVATION": 1604.0, "is_master": false, "tipo": "Ordinaria (1m)" }, "geometry": { "type": "LineString", "coordinates": [ [ -97.524844102133073, 18.317903688197458, 1604.0 ], [ -97.52484582298672, 18.31790309239798, 1604.0 ], [ -97.524845719052507, 18.317900660563392, 1604.0 ], [ -97.524834199677059, 18.317895013006595, 1604.0 ], [ -97.524830973431918, 18.317895614506625, 1604.0 ], [ -97.524836313006077, 18.317903279629629, 1604.0 ], [ -97.524844102133073, 18.317903688197458, 1604.0 ] ] } },
{ "type": "Feature", "properties": { "FID": 660, "elev": 1603.0, "elevation": 1603.0, "ELEVATION": 1603.0, "is_master": false, "tipo": "Ordinaria (1m)" }, "geometry": { "type": "LineString", "coordinates": [ [ -97.524938809464032, 18.317901693614381, 1603.0 ], [ -97.524938809464032, 18.317900128232129, 1603.0 ], [ -97.524939601962416, 18.317901669774738, 1603.0 ], [ -97.524938809464032, 18.317901693614381, 1603.0 ] ] } },
{ "type": "Feature", "properties": { "FID": 661, "elev": 1603.0, "elevation": 1603.0, "ELEVATION": 1603.0, "is_master": false, "tipo": "Ordinaria (1m)" }, "geometry": { "type": "LineString", "coordinates": [ [ -97.525534768250424, 18.317900925481371, 1603.0 ], [ -97.52553159825689, 18.317898733887173, 1603.0 ], [ -97.525524302240001, 18.317887540815789, 1603.0 ], [ -97.525521361449066, 18.317878457913604, 1603.0 ], [ -97.525522088276247, 18.317875213272956, 1603.0 ], [ -97.525532431847779, 18.317865338166001, 1603.0 ], [ -97.525540051573003, 18.317864176620862, 1603.0 ], [ -97.525545252710558, 18.317869375011423, 1603.0 ], [ -97.525545445831483, 18.317886531604433, 1603.0 ], [ -97.525539904131449, 18.317897632929323, 1603.0 ], [ -97.525534768250424, 18.317900925481371, 1603.0 ] ] } },
{ "type": "Feature", "properties": { "FID": 662, "elev": 1604.0, "elevation": 1604.0, "ELEVATION": 1604.0, "is_master": false, "tipo": "Ordinaria (1m)" }, "geometry": { "type": "LineString", "coordinates": [ [ -97.525059722074943, 18.317895614506625, 1604.0 ], [ -97.525067716485239, 18.317890568449855, 1604.0 ], [ -97.525069563209442, 18.317885522393077, 1604.0 ], [ -97.52506902268874, 18.317880476336313, 1604.0 ], [ -97.525056061585531, 18.317864328954659, 1604.0 ], [ -97.525052988738082, 18.317848181572995, 1604.0 ], [ -97.525050815902603, 18.31784401625751, 1604.0 ], [ -97.525039226916149, 18.317835061825388, 1604.0 ], [ -97.525033723715197, 18.31781992365508, 1604.0 ], [ -97.525029682612313, 18.317816903851945, 1604.0 ], [ -97.525022285960702, 18.317816875424867, 1604.0 ], [ -97.525015025046642, 18.31782396050049, 1604.0 ], [ -97.525009417180669, 18.317826988134552, 1604.0 ], [ -97.525007043951689, 18.31783102497997, 1604.0 ], [ -97.525007358325567, 18.317833043402683, 1604.0 ], [ -97.525010662651042, 18.317834840929546, 1604.0 ], [ -97.525022285960702, 18.31783639322628, 1604.0 ], [ -97.525024960567421, 18.317841117093515, 1604.0 ], [ -97.52502017263167, 18.317846445767206, 1604.0 ], [ -97.525011719315557, 18.317848225625866, 1604.0 ], [ -97.525009207746137, 18.317850199995696, 1604.0 ], [ -97.525015871977502, 18.31786130132059, 1604.0 ], [ -97.52501653610237, 18.317865338165998, 1604.0 ], [ -97.525014059294463, 18.317881485547673, 1604.0 ], [ -97.525014871986727, 18.317887540815789, 1604.0 ], [ -97.525019052515489, 18.317891577661204, 1604.0 ], [ -97.525024399289734, 18.317893719050932, 1604.0 ], [ -97.525046589244553, 18.317895948502464, 1604.0 ], [ -97.525059722074943, 18.317895614506625, 1604.0 ] ] } },
{ "type": "Feature", "properties": { "FID": 663, "elev": 1603.0, "elevation": 1603.0, "ELEVATION": 1603.0, "is_master": false, "tipo": "Ordinaria (1m)" }, "geometry": { "type": "LineString", "coordinates": [ [ -97.524507690341949, 18.317895671790737, 1603.0 ], [ -97.524504743182419, 18.317894605295265, 1603.0 ], [ -97.524505577012917, 18.317889153575109, 1603.0 ], [ -97.524508874918482, 18.31789258687256, 1603.0 ], [ -97.524507690341949, 18.317895671790737, 1603.0 ] ] } },
{ "type": "Feature", "properties": { "FID": 664, "elev": 1604.0, "elevation": 1604.0, "ELEVATION": 1604.0, "is_master": false, "tipo": "Ordinaria (1m)" }, "geometry": { "type": "LineString", "coordinates": [ [ -97.524688037271986, 18.317893596083909, 1604.0 ], [ -97.524694642719524, 18.317885522393073, 1604.0 ], [ -97.524692390144693, 18.317877448702259, 1604.0 ], [ -97.524684153315931, 18.317870480012321, 1604.0 ], [ -97.524684920978189, 18.31787442106819, 1604.0 ], [ -97.524687274486695, 18.317876439490895, 1604.0 ], [ -97.524682728658803, 18.317884513181731, 1604.0 ], [ -97.524682731384672, 18.317887540815793, 1604.0 ], [ -97.524684480733114, 18.317889559238505, 1604.0 ], [ -97.524684153315931, 18.317893606033891, 1604.0 ], [ -97.524688037271986, 18.317893596083909, 1604.0 ] ] } },
{ "type": "Feature", "properties": { "FID": 665, "elev": 1605.0, "elevation": 1605.0, "ELEVATION": 1605.0, "is_master": true, "tipo": "Maestra (5m)" }, "geometry": { "type": "LineString", "coordinates": [ [ -97.525051183234211, 18.317892586872563, 1605.0 ], [ -97.525059760589471, 18.317889559238502, 1605.0 ], [ -97.525062300947667, 18.317883503970375, 1605.0 ], [ -97.52505926921873, 18.31787755158302, 1605.0 ], [ -97.525049719157707, 18.317871393434128, 1605.0 ], [ -97.525046006257227, 18.317866347377358, 1605.0 ], [ -97.525049872183232, 18.31785625526382, 1605.0 ], [ -97.525049688842174, 18.317848181572987, 1605.0 ], [ -97.525043419251006, 18.317844529415193, 1605.0 ], [ -97.525032852605847, 18.317845476384051, 1605.0 ], [ -97.525027435658387, 18.317852218418405, 1605.0 ], [ -97.525026607245437, 18.31786836580007, 1605.0 ], [ -97.525022275020262, 18.317877448702255, 1605.0 ], [ -97.525022065789386, 18.317883503970382, 1605.0 ], [ -97.525026512618766, 18.317889114182563, 1605.0 ], [ -97.525039192592942, 18.317889413843645, 1605.0 ], [ -97.525051183234211, 18.317892586872563, 1605.0 ] ] } },
{ "type": "Feature", "properties": { "FID": 666, "elev": 1603.0, "elevation": 1603.0, "ELEVATION": 1603.0, "is_master": false, "tipo": "Ordinaria (1m)" }, "geometry": { "type": "LineString", "coordinates": [ [ -97.524964841835256, 18.317892586872563, 1603.0 ], [ -97.524967984916941, 18.317886531604437, 1603.0 ], [ -97.524967339405933, 18.31788452007055, 1603.0 ], [ -97.524963112747869, 18.317884474735582, 1603.0 ], [ -97.524954831446905, 18.317888550027146, 1603.0 ], [ -97.524955716096272, 18.317890373689757, 1603.0 ], [ -97.524959942754322, 18.317889868729985, 1603.0 ], [ -97.524963112747869, 18.317892875218661, 1603.0 ], [ -97.524964841835256, 18.317892586872563, 1603.0 ] ] } },
{ "type": "Feature", "properties": { "FID": 667, "elev": 1604.0, "elevation": 1604.0, "ELEVATION": 1604.0, "is_master": false, "tipo": "Ordinaria (1m)" }, "geometry": { "type": "LineString", "coordinates": [ [ -97.524851157853902, 18.317891577661207, 1604.0 ], [ -97.524850049644783, 18.317889932362412, 1604.0 ], [ -97.52484798346913, 18.317890568449858, 1604.0 ], [ -97.524847936315751, 18.317891601608597, 1604.0 ], [ -97.524851157853902, 18.317891577661207, 1604.0 ] ] } },
{ "type": "Feature", "properties": { "FID": 668, "elev": 1604.0, "elevation": 1604.0, "ELEVATION": 1604.0, "is_master": false, "tipo": "Ordinaria (1m)" }, "geometry": { "type": "LineString", "coordinates": [ [ -97.524676069276254, 18.317891577661207, 1604.0 ], [ -97.52468090647406, 18.317886531604437, 1604.0 ], [ -97.524678869993366, 18.317884429468343, 1604.0 ], [ -97.524672530006271, 18.317884343464502, 1604.0 ], [ -97.52466967394929, 18.317889559238502, 1604.0 ], [ -97.524676069276254, 18.317891577661207, 1604.0 ] ] } },
{ "type": "Feature", "properties": { "FID": 669, "elev": 1606.0, "elevation": 1606.0, "ELEVATION": 1606.0, "is_master": false, "tipo": "Ordinaria (1m)" }, "geometry": { "type": "LineString", "coordinates": [ [ -97.525049864351317, 18.317889559238502, 1606.0 ], [ -97.525053078304637, 18.317885522393077, 1606.0 ], [ -97.525050815902603, 18.317883724526499, 1606.0 ], [ -97.52504693826404, 18.31788552239308, 1606.0 ], [ -97.525047671030364, 18.317888550027142, 1606.0 ], [ -97.525049864351317, 18.317889559238502, 1606.0 ] ] } },
{ "type": "Feature", "properties": { "FID": 670, "elev": 1604.0, "elevation": 1604.0, "ELEVATION": 1604.0, "is_master": false, "tipo": "Ordinaria (1m)" }, "geometry": { "type": "LineString", "coordinates": [ [ -97.524894414923665, 18.317887540815793, 1604.0 ], [ -97.524891782742102, 18.317886531604433, 1604.0 ], [ -97.524892316225376, 18.317888357199013, 1604.0 ], [ -97.524894414923665, 18.317887540815793, 1604.0 ] ] } },
{ "type": "Feature", "properties": { "FID": 671, "elev": 1604.0, "elevation": 1604.0, "ELEVATION": 1604.0, "is_master": false, "tipo": "Ordinaria (1m)" }, "geometry": { "type": "LineString", "coordinates": [ [ -97.524473219991975, 18.317887540815793, 1604.0 ], [ -97.524478258024118, 18.317885522393077, 1604.0 ], [ -97.524476132323485, 18.31788047633631, 1604.0 ], [ -97.524472820412953, 18.317878371214533, 1604.0 ], [ -97.524465325290819, 18.317878457913611, 1604.0 ], [ -97.52446384873312, 18.317880476336313, 1604.0 ], [ -97.524468593754904, 18.317887480921947, 1604.0 ], [ -97.524473219991975, 18.317887540815793, 1604.0 ] ] } },
{ "type": "Feature", "properties": { "FID": 672, "elev": 1603.0, "elevation": 1603.0, "ELEVATION": 1603.0, "is_master": false, "tipo": "Ordinaria (1m)" }, "geometry": { "type": "LineString", "coordinates": [ [ -97.523646425066104, 18.317886531604433, 1603.0 ], [ -97.523646508762312, 18.317884693398042, 1603.0 ], [ -97.523643414244802, 18.317885522393073, 1603.0 ], [ -97.523645452097796, 18.317886985018237, 1603.0 ], [ -97.523646425066104, 18.317886531604433, 1603.0 ] ] } },
{ "type": "Feature", "properties": { "FID": 673, "elev": 1600.0, "elevation": 1600.0, "ELEVATION": 1600.0, "is_master": true, "tipo": "Maestra (5m)" }, "geometry": { "type": "LineString", "coordinates": [ [ -97.525882410875823, 18.317883627044932, 1600.0 ], [ -97.525875014224226, 18.317883189993506, 1600.0 ], [ -97.525873800369951, 18.317879467124957, 1600.0 ], [ -97.525876070888742, 18.317877384962586, 1600.0 ], [ -97.525882314815419, 18.317876439490899, 1600.0 ], [ -97.525882847324212, 18.317873411856837, 1600.0 ], [ -97.525885580869371, 18.317872367130711, 1600.0 ], [ -97.5258859217289, 18.317879467124957, 1600.0 ], [ -97.525882410875823, 18.317883627044932, 1600.0 ] ] } },
{ "type": "Feature", "properties": { "FID": 674, "elev": 1603.0, "elevation": 1603.0, "ELEVATION": 1603.0, "is_master": false, "tipo": "Ordinaria (1m)" }, "geometry": { "type": "LineString", "coordinates": [ [ -97.524431610496876, 18.317883364398586, 1603.0 ], [ -97.524427603299912, 18.317881485547673, 1603.0 ], [ -97.524428440503328, 18.317878417812498, 1603.0 ], [ -97.524432026039108, 18.317879467124957, 1603.0 ], [ -97.524433256180458, 18.317881485547669, 1603.0 ], [ -97.524431610496876, 18.317883364398586, 1603.0 ] ] } },
{ "type": "Feature", "properties": { "FID": 675, "elev": 1603.0, "elevation": 1603.0, "ELEVATION": 1603.0, "is_master": false, "tipo": "Ordinaria (1m)" }, "geometry": { "type": "LineString", "coordinates": [ [ -97.525148193980726, 18.317875430279546, 1603.0 ], [ -97.525148029037979, 18.317873402483357, 1603.0 ], [ -97.525145915708947, 18.317873262344047, 1603.0 ], [ -97.525145779588414, 18.317875430279546, 1603.0 ], [ -97.525148193980726, 18.317875430279546, 1603.0 ] ] } },
{ "type": "Feature", "properties": { "FID": 676, "elev": 1604.0, "elevation": 1604.0, "ELEVATION": 1604.0, "is_master": false, "tipo": "Ordinaria (1m)" }, "geometry": { "type": "LineString", "coordinates": [ [ -97.524799911436645, 18.317875430279546, 1604.0 ], [ -97.524799033744316, 18.317871393434125, 1604.0 ], [ -97.524796159754516, 18.317869401132182, 1604.0 ], [ -97.524794425229743, 18.317871393434125, 1604.0 ], [ -97.52479523155985, 18.31787442106819, 1604.0 ], [ -97.524797216419032, 18.31787635774792, 1604.0 ], [ -97.524799911436645, 18.317875430279546, 1604.0 ] ] } },
{ "type": "Feature", "properties": { "FID": 677, "elev": 1603.0, "elevation": 1603.0, "ELEVATION": 1603.0, "is_master": false, "tipo": "Ordinaria (1m)" }, "geometry": { "type": "LineString", "coordinates": [ [ -97.524286847458342, 18.317875436233599, 1603.0 ], [ -97.524282620800278, 18.317875421308777, 1603.0 ], [ -97.524277238156756, 18.317871393434128, 1603.0 ], [ -97.524277501847735, 18.317866347377365, 1603.0 ], [ -97.524282620800278, 18.317863255050263, 1603.0 ], [ -97.524286847458342, 18.317863511974036, 1603.0 ], [ -97.524289091658659, 18.317866347377358, 1603.0 ], [ -97.524288884217469, 18.31787341185683, 1603.0 ], [ -97.524286847458342, 18.317875436233599, 1603.0 ] ] } },
{ "type": "Feature", "properties": { "FID": 678, "elev": 1603.0, "elevation": 1603.0, "ELEVATION": 1603.0, "is_master": false, "tipo": "Ordinaria (1m)" }, "geometry": { "type": "LineString", "coordinates": [ [ -97.524034727305079, 18.31787442106819, 1603.0 ], [ -97.524034304639272, 18.317873406250104, 1603.0 ], [ -97.524032594511183, 18.31787442106819, 1603.0 ], [ -97.524033247974756, 18.317874985745974, 1603.0 ], [ -97.524034727305079, 18.31787442106819, 1603.0 ] ] } },
{ "type": "Feature", "properties": { "FID": 679, "elev": 1604.0, "elevation": 1604.0, "ELEVATION": 1604.0, "is_master": false, "tipo": "Ordinaria (1m)" }, "geometry": { "type": "LineString", "coordinates": [ [ -97.524843977503011, 18.317873411856837, 1604.0 ], [ -97.524846213548116, 18.317871393434121, 1604.0 ], [ -97.524844766322204, 18.317868600137071, 1604.0 ], [ -97.524842230327366, 18.317871393434121, 1604.0 ], [ -97.524843977503011, 18.317873411856837, 1604.0 ] ] } },
{ "type": "Feature", "properties": { "FID": 680, "elev": 1603.0, "elevation": 1603.0, "ELEVATION": 1603.0, "is_master": false, "tipo": "Ordinaria (1m)" }, "geometry": { "type": "LineString", "coordinates": [ [ -97.52495994275354, 18.317865338166005, 1603.0 ], [ -97.524958886089806, 18.317861355090049, 1603.0 ], [ -97.52495690271347, 18.317864328954652, 1603.0 ], [ -97.52495994275354, 18.317865338166005, 1603.0 ] ] } },
{ "type": "Feature", "properties": { "FID": 681, "elev": 1603.0, "elevation": 1603.0, "ELEVATION": 1603.0, "is_master": false, "tipo": "Ordinaria (1m)" }, "geometry": { "type": "LineString", "coordinates": [ [ -97.525193206764769, 18.317860292109234, 1603.0 ], [ -97.525194400760213, 18.317858273686529, 1603.0 ], [ -97.525192408947603, 18.31785508988062, 1603.0 ], [ -97.525189238954056, 18.317855174214237, 1603.0 ], [ -97.525187327098593, 18.317857264475183, 1603.0 ], [ -97.525189238954056, 18.317860501503429, 1603.0 ], [ -97.525193206764769, 18.317860292109234, 1603.0 ] ] } },
{ "type": "Feature", "properties": { "FID": 682, "elev": 1603.0, "elevation": 1603.0, "ELEVATION": 1603.0, "is_master": false, "tipo": "Ordinaria (1m)" }, "geometry": { "type": "LineString", "coordinates": [ [ -97.524678869993366, 18.317860292110829, 1603.0 ], [ -97.524673586670787, 18.317860323945553, 1603.0 ], [ -97.524672603385753, 18.31785726447518, 1603.0 ], [ -97.524676756664334, 18.31785671399626, 1603.0 ], [ -97.524678869993366, 18.317860292110829, 1603.0 ] ] } },
{ "type": "Feature", "properties": { "FID": 683, "elev": 1603.0, "elevation": 1603.0, "ELEVATION": 1603.0, "is_master": false, "tipo": "Ordinaria (1m)" }, "geometry": { "type": "LineString", "coordinates": [ [ -97.525252772840943, 18.317859282897881, 1603.0 ], [ -97.525254150326688, 18.31785625526382, 1603.0 ], [ -97.525252638824952, 18.317854652585414, 1603.0 ], [ -97.525250449681423, 18.317858273686525, 1603.0 ], [ -97.525252772840943, 18.317859282897881, 1603.0 ] ] } },
{ "type": "Feature", "properties": { "FID": 684, "elev": 1604.0, "elevation": 1604.0, "ELEVATION": 1604.0, "is_master": false, "tipo": "Ordinaria (1m)" }, "geometry": { "type": "LineString", "coordinates": [ [ -97.524899473699534, 18.317855246052467, 1604.0 ], [ -97.524898324117899, 18.317854236841118, 1604.0 ], [ -97.524898656212457, 18.317855889811241, 1604.0 ], [ -97.524899473699534, 18.317855246052467, 1604.0 ] ] } },
{ "type": "Feature", "properties": { "FID": 685, "elev": 1603.0, "elevation": 1603.0, "ELEVATION": 1603.0, "is_master": false, "tipo": "Ordinaria (1m)" }, "geometry": { "type": "LineString", "coordinates": [ [ -97.524008844056198, 18.317853227629758, 1603.0 ], [ -97.524007888026404, 18.317850678856185, 1603.0 ], [ -97.524006660647288, 18.317852218418402, 1603.0 ], [ -97.524007888026404, 18.317854054139065, 1603.0 ], [ -97.524008844056198, 18.317853227629758, 1603.0 ] ] } },
{ "type": "Feature", "properties": { "FID": 686, "elev": 1603.0, "elevation": 1603.0, "ELEVATION": 1603.0, "is_master": false, "tipo": "Ordinaria (1m)" }, "geometry": { "type": "LineString", "coordinates": [ [ -97.524714796586863, 18.317851943803063, 1603.0 ], [ -97.524714263537362, 18.317850199995693, 1603.0 ], [ -97.524715853251379, 18.317849549615044, 1603.0 ], [ -97.524716299512605, 18.317850199995696, 1603.0 ], [ -97.524714796586863, 18.317851943803063, 1603.0 ] ] } },
{ "type": "Feature", "properties": { "FID": 687, "elev": 1602.0, "elevation": 1602.0, "ELEVATION": 1602.0, "is_master": false, "tipo": "Ordinaria (1m)" }, "geometry": { "type": "LineString", "coordinates": [ [ -97.525176558979879, 18.317850285848749, 1602.0 ], [ -97.52517175804762, 18.317849190784354, 1602.0 ], [ -97.525173388986332, 18.31784708103029, 1602.0 ], [ -97.525178672308911, 18.317846391572605, 1602.0 ], [ -97.525178672308911, 18.317850020942078, 1602.0 ], [ -97.525176558979879, 18.317850285848749, 1602.0 ] ] } },
{ "type": "Feature", "properties": { "FID": 688, "elev": 1603.0, "elevation": 1603.0, "ELEVATION": 1603.0, "is_master": false, "tipo": "Ordinaria (1m)" }, "geometry": { "type": "LineString", "coordinates": [ [ -97.524512973664528, 18.317849921592561, 1603.0 ], [ -97.524510608748699, 18.317847172361635, 1603.0 ], [ -97.524512973664528, 18.317845128453797, 1603.0 ], [ -97.524514924429781, 18.317847172361631, 1603.0 ], [ -97.524512973664528, 18.317849921592561, 1603.0 ] ] } },
{ "type": "Feature", "properties": { "FID": 689, "elev": 1603.0, "elevation": 1603.0, "ELEVATION": 1603.0, "is_master": false, "tipo": "Ordinaria (1m)" }, "geometry": { "type": "LineString", "coordinates": [ [ -97.524935232147769, 18.317846163150289, 1603.0 ], [ -97.524935639470485, 18.317843988017735, 1603.0 ], [ -97.524932372683239, 18.317844144727569, 1603.0 ], [ -97.524933526141453, 18.317846150792594, 1603.0 ], [ -97.524935232147769, 18.317846163150289, 1603.0 ] ] } },
{ "type": "Feature", "properties": { "FID": 690, "elev": 1603.0, "elevation": 1603.0, "ELEVATION": 1603.0, "is_master": false, "tipo": "Ordinaria (1m)" }, "geometry": { "type": "LineString", "coordinates": [ [ -97.525017002638137, 18.317844600553702, 1603.0 ], [ -97.525010662651042, 18.317842169880485, 1603.0 ], [ -97.525010662651042, 18.31783878581528, 1603.0 ], [ -97.52502017263167, 18.317838341482268, 1603.0 ], [ -97.52502142687996, 18.317841117093508, 1603.0 ], [ -97.525017002638137, 18.317844600553702, 1603.0 ] ] } },
{ "type": "Feature", "properties": { "FID": 691, "elev": 1603.0, "elevation": 1603.0, "ELEVATION": 1603.0, "is_master": false, "tipo": "Ordinaria (1m)" }, "geometry": { "type": "LineString", "coordinates": [ [ -97.524348134000206, 18.317843102961014, 1603.0 ], [ -97.524346020671175, 18.317842291749347, 1603.0 ], [ -97.524344878906163, 18.317839098670799, 1603.0 ], [ -97.52434707733569, 18.317832034190399, 1603.0 ], [ -97.52435130399374, 18.317830940070358, 1603.0 ], [ -97.524359812082977, 18.317834052614035, 1603.0 ], [ -97.524357643980835, 18.317838305719025, 1603.0 ], [ -97.524354473987287, 18.317840705441508, 1603.0 ], [ -97.524350247329224, 18.31784037271067, 1603.0 ], [ -97.524348134000206, 18.317843102961014, 1603.0 ] ] } },
{ "type": "Feature", "properties": { "FID": 692, "elev": 1603.0, "elevation": 1603.0, "ELEVATION": 1603.0, "is_master": false, "tipo": "Ordinaria (1m)" }, "geometry": { "type": "LineString", "coordinates": [ [ -97.524211371421558, 18.317842126304864, 1603.0 ], [ -97.524210767613269, 18.317841924462595, 1603.0 ], [ -97.524210767613269, 18.31784257484324, 1603.0 ], [ -97.524211371421558, 18.317842126304864, 1603.0 ] ] } },
{ "type": "Feature", "properties": { "FID": 693, "elev": 1603.0, "elevation": 1603.0, "ELEVATION": 1603.0, "is_master": false, "tipo": "Ordinaria (1m)" }, "geometry": { "type": "LineString", "coordinates": [ [ -97.525215947719659, 18.317841117093511, 1603.0 ], [ -97.525217419054329, 18.31783808945945, 1603.0 ], [ -97.525214598902409, 18.317836779170722, 1603.0 ], [ -97.525213636678401, 18.317839098670799, 1603.0 ], [ -97.525215947719659, 18.317841117093511, 1603.0 ] ] } },
{ "type": "Feature", "properties": { "FID": 694, "elev": 1602.0, "elevation": 1602.0, "ELEVATION": 1602.0, "is_master": false, "tipo": "Ordinaria (1m)" }, "geometry": { "type": "LineString", "coordinates": [ [ -97.525202975592748, 18.317840733154412, 1602.0 ], [ -97.52519988819563, 18.317839098670806, 1602.0 ], [ -97.52520508892178, 18.317833992635062, 1602.0 ], [ -97.525205736974655, 18.31783808945945, 1602.0 ], [ -97.525202975592748, 18.317840733154412, 1602.0 ] ] } },
{ "type": "Feature", "properties": { "FID": 695, "elev": 1604.0, "elevation": 1604.0, "ELEVATION": 1604.0, "is_master": false, "tipo": "Ordinaria (1m)" }, "geometry": { "type": "LineString", "coordinates": [ [ -97.524996541770705, 18.317840107882162, 1604.0 ], [ -97.524996914526866, 18.31783808945945, 1604.0 ], [ -97.524990641894874, 18.317831024979977, 1604.0 ], [ -97.524986359367205, 18.317827210205028, 1604.0 ], [ -97.524985054889697, 18.317827997345915, 1604.0 ], [ -97.524984171236753, 18.317831024979977, 1604.0 ], [ -97.524988472696222, 18.317836672380295, 1604.0 ], [ -97.524993756018802, 18.317840161706769, 1604.0 ], [ -97.524996541770705, 18.317840107882162, 1604.0 ] ] } },
{ "type": "Feature", "properties": { "FID": 696, "elev": 1604.0, "elevation": 1604.0, "ELEVATION": 1604.0, "is_master": false, "tipo": "Ordinaria (1m)" }, "geometry": { "type": "LineString", "coordinates": [ [ -97.524911786764335, 18.31783708024809, 1604.0 ], [ -97.524909222857616, 18.317833535936455, 1604.0 ], [ -97.52490685557882, 18.317835061825392, 1604.0 ], [ -97.524910279522132, 18.317837354583016, 1604.0 ], [ -97.524911786764335, 18.31783708024809, 1604.0 ] ] } },
{ "type": "Feature", "properties": { "FID": 697, "elev": 1605.0, "elevation": 1605.0, "ELEVATION": 1605.0, "is_master": true, "tipo": "Maestra (5m)" }, "geometry": { "type": "LineString", "coordinates": [ [ -97.525029737332432, 18.317836071036748, 1605.0 ], [ -97.525032990978588, 18.317827997345912, 1605.0 ], [ -97.525029682612313, 18.317824274928157, 1605.0 ], [ -97.525013796207872, 18.317831024979977, 1605.0 ], [ -97.525015945973621, 18.317834506972961, 1605.0 ], [ -97.525023342625218, 18.31783212104968, 1605.0 ], [ -97.525027569283282, 18.317836718706445, 1605.0 ], [ -97.525029737332432, 18.317836071036748, 1605.0 ] ] } },
{ "type": "Feature", "properties": { "FID": 698, "elev": 1603.0, "elevation": 1603.0, "ELEVATION": 1603.0, "is_master": false, "tipo": "Ordinaria (1m)" }, "geometry": { "type": "LineString", "coordinates": [ [ -97.524196781217498, 18.317836071036748, 1603.0 ], [ -97.524198914950063, 18.317835061825388, 1603.0 ], [ -97.524198314067192, 18.317832034191333, 1603.0 ], [ -97.524195974310061, 18.317831954207207, 1603.0 ], [ -97.524193951416279, 18.317834052614032, 1603.0 ], [ -97.524194128491033, 18.317836071036748, 1603.0 ], [ -97.524196781217498, 18.317836071036748, 1603.0 ] ] } },
{ "type": "Feature", "properties": { "FID": 699, "elev": 1602.0, "elevation": 1602.0, "ELEVATION": 1602.0, "is_master": false, "tipo": "Ordinaria (1m)" }, "geometry": { "type": "LineString", "coordinates": [ [ -97.525399312852514, 18.317834052614035, 1602.0 ], [ -97.525402775274699, 18.317831024979977, 1602.0 ], [ -97.525402759422533, 18.317817905232374, 1602.0 ], [ -97.525396425637112, 18.317809831541542, 1602.0 ], [ -97.525390005211889, 18.317810245037858, 1602.0 ], [ -97.525385548153295, 18.317814877598313, 1602.0 ], [ -97.525385626621542, 18.31782496971185, 1602.0 ], [ -97.525391061876405, 18.317832360700887, 1602.0 ], [ -97.525394231869953, 18.317834295212919, 1602.0 ], [ -97.525399312852514, 18.317834052614035, 1602.0 ] ] } },
{ "type": "Feature", "properties": { "FID": 700, "elev": 1601.0, "elevation": 1601.0, "ELEVATION": 1601.0, "is_master": false, "tipo": "Ordinaria (1m)" }, "geometry": { "type": "LineString", "coordinates": [ [ -97.52523361886368, 18.317834218000211, 1601.0 ], [ -97.525232107749787, 18.317833043402683, 1601.0 ], [ -97.52523361886368, 18.317830869050322, 1601.0 ], [ -97.525235439199875, 18.31783203419133, 1601.0 ], [ -97.52523361886368, 18.317834218000211, 1601.0 ] ] } },
{ "type": "Feature", "properties": { "FID": 701, "elev": 1601.0, "elevation": 1601.0, "ELEVATION": 1601.0, "is_master": false, "tipo": "Ordinaria (1m)" }, "geometry": { "type": "LineString", "coordinates": [ [ -97.525711417443389, 18.317831024979977, 1601.0 ], [ -97.52571123122442, 18.317829856938971, 1601.0 ], [ -97.525710035665199, 18.317831024979977, 1601.0 ], [ -97.52571123122442, 18.317831192515822, 1601.0 ], [ -97.525711417443389, 18.317831024979977, 1601.0 ] ] } },
{ "type": "Feature", "properties": { "FID": 702, "elev": 1603.0, "elevation": 1603.0, "ELEVATION": 1603.0, "is_master": false, "tipo": "Ordinaria (1m)" }, "geometry": { "type": "LineString", "coordinates": [ [ -97.524769743141647, 18.317831781888483, 1603.0 ], [ -97.524764748000294, 18.317827997345912, 1603.0 ], [ -97.524765193014858, 18.317823960500487, 1603.0 ], [ -97.524770930079868, 18.317826988134552, 1603.0 ], [ -97.524769743141647, 18.317831781888483, 1603.0 ] ] } },
{ "type": "Feature", "properties": { "FID": 703, "elev": 1603.0, "elevation": 1603.0, "ELEVATION": 1603.0, "is_master": false, "tipo": "Ordinaria (1m)" }, "geometry": { "type": "LineString", "coordinates": [ [ -97.525394371460038, 18.317820932866432, 1603.0 ], [ -97.525396902800907, 18.317815886809662, 1603.0 ], [ -97.525394231869953, 18.317812289075384, 1603.0 ], [ -97.525388942287506, 18.317816896021025, 1603.0 ], [ -97.525391061876405, 18.317820609665304, 1603.0 ], [ -97.525394371460038, 18.317820932866432, 1603.0 ] ] } },
{ "type": "Feature", "properties": { "FID": 704, "elev": 1603.0, "elevation": 1603.0, "ELEVATION": 1603.0, "is_master": false, "tipo": "Ordinaria (1m)" }, "geometry": { "type": "LineString", "coordinates": [ [ -97.525183085876961, 18.317820932866432, 1603.0 ], [ -97.52518611154342, 18.317817905232371, 1603.0 ], [ -97.525186648508651, 18.317813868386956, 1603.0 ], [ -97.525186205699981, 18.317790656525816, 1603.0 ], [ -97.525183041876517, 18.317784601257692, 1603.0 ], [ -97.525177615644395, 18.317779562185084, 1603.0 ], [ -97.525170218992784, 18.317777834321557, 1603.0 ], [ -97.525165819818071, 18.317779555200921, 1603.0 ], [ -97.525161521261282, 18.317785610469045, 1603.0 ], [ -97.525160472267174, 18.317796711793942, 1603.0 ], [ -97.525161729016887, 18.317801757850706, 1603.0 ], [ -97.525165907768724, 18.317810840752898, 1603.0 ], [ -97.52517002028786, 18.317814877598313, 1603.0 ], [ -97.525178672308911, 18.317820829561342, 1603.0 ], [ -97.525183085876961, 18.317820932866432, 1603.0 ] ] } },
{ "type": "Feature", "properties": { "FID": 705, "elev": 1602.0, "elevation": 1602.0, "ELEVATION": 1602.0, "is_master": false, "tipo": "Ordinaria (1m)" }, "geometry": { "type": "LineString", "coordinates": [ [ -97.524977906051078, 18.317821694806629, 1602.0 ], [ -97.524976115394765, 18.317820932866429, 1602.0 ], [ -97.524980019380109, 18.317818792851995, 1602.0 ], [ -97.524979652782221, 18.317819923655083, 1602.0 ], [ -97.524977906051078, 18.317821694806629, 1602.0 ] ] } },
{ "type": "Feature", "properties": { "FID": 706, "elev": 1604.0, "elevation": 1604.0, "ELEVATION": 1604.0, "is_master": false, "tipo": "Ordinaria (1m)" }, "geometry": { "type": "LineString", "coordinates": [ [ -97.524724176516486, 18.317817905232371, 1604.0 ], [ -97.524738275476111, 18.317811849964244, 1604.0 ], [ -97.524743468081937, 18.31780579469612, 1604.0 ], [ -97.524745552453197, 18.317798730216648, 1604.0 ], [ -97.524744532090764, 18.317773499932795, 1604.0 ], [ -97.524741213199746, 18.317768605865691, 1604.0 ], [ -97.524735929877167, 18.317766307543135, 1604.0 ], [ -97.524723249902991, 18.31776616653023, 1604.0 ], [ -97.524717966580411, 18.317767692092097, 1604.0 ], [ -97.524694043896119, 18.317781573623627, 1604.0 ], [ -97.524689149946596, 18.317790656525816, 1604.0 ], [ -97.524692540711698, 18.317802767062066, 1604.0 ], [ -97.524703119639412, 18.317814877598313, 1604.0 ], [ -97.52471162659333, 18.317818114370148, 1604.0 ], [ -97.524724176516486, 18.317817905232371, 1604.0 ] ] } },
{ "type": "Feature", "properties": { "FID": 707, "elev": 1603.0, "elevation": 1603.0, "ELEVATION": 1603.0, "is_master": false, "tipo": "Ordinaria (1m)" }, "geometry": { "type": "LineString", "coordinates": [ [ -97.524505400902171, 18.317816896021021, 1603.0 ], [ -97.524507551762994, 18.317815886809662, 1603.0 ], [ -97.524508945344792, 18.31780579469612, 1603.0 ], [ -97.524508747006465, 18.317802532598815, 1603.0 ], [ -97.524505577012917, 18.317798655945683, 1603.0 ], [ -97.524497123696804, 18.317796842262325, 1603.0 ], [ -97.524487613716161, 18.317797643124035, 1603.0 ], [ -97.524481640326968, 18.317801757850706, 1603.0 ], [ -97.52448211137586, 18.317809831541542, 1603.0 ], [ -97.524484443722628, 18.317812232768553, 1603.0 ], [ -97.524491840374225, 18.317815059111144, 1603.0 ], [ -97.524505400902171, 18.317816896021021, 1603.0 ] ] } },
{ "type": "Feature", "properties": { "FID": 708, "elev": 1600.0, "elevation": 1600.0, "ELEVATION": 1600.0, "is_master": true, "tipo": "Maestra (5m)" }, "geometry": { "type": "LineString", "coordinates": [ [ -97.525679118529396, 18.317815886809662, 1600.0 ], [ -97.52568270128252, 18.317814820473142, 1600.0 ], [ -97.525683435077312, 18.3178128591756, 1600.0 ], [ -97.525678474624456, 18.317811609204675, 1600.0 ], [ -97.525675304630909, 18.317812765493532, 1600.0 ], [ -97.525675304630909, 18.317816265263918, 1600.0 ], [ -97.525679118529396, 18.317815886809662, 1600.0 ] ] } },
{ "type": "Feature", "properties": { "FID": 709, "elev": 1601.0, "elevation": 1601.0, "ELEVATION": 1601.0, "is_master": false, "tipo": "Ordinaria (1m)" }, "geometry": { "type": "LineString", "coordinates": [ [ -97.525058212554214, 18.317815585718986, 1601.0 ], [ -97.525056669824025, 18.317813868386956, 1601.0 ], [ -97.525058212554214, 18.317812471017383, 1601.0 ], [ -97.525059786213376, 18.317813868386956, 1601.0 ], [ -97.525058212554214, 18.317815585718986, 1601.0 ] ] } },
{ "type": "Feature", "properties": { "FID": 710, "elev": 1604.0, "elevation": 1604.0, "ELEVATION": 1604.0, "is_master": false, "tipo": "Ordinaria (1m)" }, "geometry": { "type": "LineString", "coordinates": [ [ -97.525180877282736, 18.317813868386953, 1604.0 ], [ -97.525178361159163, 18.31780579469612, 1604.0 ], [ -97.525181283833604, 18.317794693371226, 1604.0 ], [ -97.525179728973427, 18.317791779482537, 1604.0 ], [ -97.525177615644395, 18.317791204076659, 1604.0 ], [ -97.525174499152854, 18.317793684159881, 1604.0 ], [ -97.525171270090055, 18.317802767062062, 1604.0 ], [ -97.525171262034391, 18.317808822330186, 1604.0 ], [ -97.525178672308911, 18.317814597671074, 1604.0 ], [ -97.525180877282736, 18.317813868386953, 1604.0 ] ] } },
{ "type": "Feature", "properties": { "FID": 711, "elev": 1604.0, "elevation": 1604.0, "ELEVATION": 1604.0, "is_master": false, "tipo": "Ordinaria (1m)" }, "geometry": { "type": "LineString", "coordinates": [ [ -97.524851213403664, 18.317811849964247, 1604.0 ], [ -97.524854962207868, 18.317808822330182, 1604.0 ], [ -97.524855332967348, 18.31780347007307, 1604.0 ], [ -97.52484582298672, 18.317796521991962, 1604.0 ], [ -97.524839476104589, 18.317797721005288, 1604.0 ], [ -97.524836398860074, 18.317803776273411, 1604.0 ], [ -97.524838240255832, 18.317809831541542, 1604.0 ], [ -97.524844766322204, 18.317812613691757, 1604.0 ], [ -97.524851213403664, 18.317811849964247, 1604.0 ] ] } },
{ "type": "Feature", "properties": { "FID": 712, "elev": 1603.0, "elevation": 1603.0, "ELEVATION": 1603.0, "is_master": false, "tipo": "Ordinaria (1m)" }, "geometry": { "type": "LineString", "coordinates": [ [ -97.524014029888903, 18.317809831541542, 1603.0 ], [ -97.524014311434371, 18.317807813118836, 1603.0 ], [ -97.524012114684467, 18.317806951453004, 1603.0 ], [ -97.524010947622159, 18.317809831541542, 1603.0 ], [ -97.524014029888903, 18.317809831541542, 1603.0 ] ] } },
{ "type": "Feature", "properties": { "FID": 713, "elev": 1603.0, "elevation": 1603.0, "ELEVATION": 1603.0, "is_master": false, "tipo": "Ordinaria (1m)" }, "geometry": { "type": "LineString", "coordinates": [ [ -97.524472324100842, 18.317806803907484, 1603.0 ], [ -97.524472820412953, 18.31780430944168, 1603.0 ], [ -97.52446832158374, 18.317804785484775, 1603.0 ], [ -97.524468495820145, 18.317806803907477, 1603.0 ], [ -97.524472324100842, 18.317806803907484, 1603.0 ] ] } },
{ "type": "Feature", "properties": { "FID": 714, "elev": 1601.0, "elevation": 1601.0, "ELEVATION": 1601.0, "is_master": false, "tipo": "Ordinaria (1m)" }, "geometry": { "type": "LineString", "coordinates": [ [ -97.525275579692774, 18.317803776273408, 1601.0 ], [ -97.525275892681705, 18.317800748639353, 1601.0 ], [ -97.525273647133432, 18.31780074863935, 1601.0 ], [ -97.525272868655819, 18.317802767062062, 1601.0 ], [ -97.525274828779771, 18.317804675457968, 1601.0 ], [ -97.525275579692774, 18.317803776273408, 1601.0 ] ] } },
{ "type": "Feature", "properties": { "FID": 715, "elev": 1605.0, "elevation": 1605.0, "ELEVATION": 1605.0, "is_master": true, "tipo": "Maestra (5m)" }, "geometry": { "type": "LineString", "coordinates": [ [ -97.524723972003542, 18.317799739427997, 1605.0 ], [ -97.524732759883619, 18.317795301866308, 1605.0 ], [ -97.524736134674001, 18.317790656525816, 1605.0 ], [ -97.52473603422429, 18.317779555200918, 1605.0 ], [ -97.524732759883619, 18.317775353933435, 1605.0 ], [ -97.524727476561054, 18.317773700245962, 1605.0 ], [ -97.524720079909443, 18.317774359372152, 1605.0 ], [ -97.524705286606235, 18.317778690323284, 1605.0 ], [ -97.524699909623337, 18.317783592046339, 1605.0 ], [ -97.524697608359688, 18.317790656525816, 1605.0 ], [ -97.524702116612687, 18.317796906003515, 1605.0 ], [ -97.524709513264298, 18.317799866330319, 1605.0 ], [ -97.524723972003542, 18.317799739427997, 1605.0 ] ] } },
{ "type": "Feature", "properties": { "FID": 716, "elev": 1606.0, "elevation": 1606.0, "ELEVATION": 1606.0, "is_master": false, "tipo": "Ordinaria (1m)" }, "geometry": { "type": "LineString", "coordinates": [ [ -97.524719907792957, 18.317793684159877, 1606.0 ], [ -97.524722186923739, 18.317791665737172, 1606.0 ], [ -97.524722824808066, 18.31778762889175, 1606.0 ], [ -97.524721136573959, 18.31778330881605, 1606.0 ], [ -97.524716909915895, 18.31778055962172, 1606.0 ], [ -97.524705286606235, 18.317780815836006, 1606.0 ], [ -97.524704228820795, 18.317783592046339, 1606.0 ], [ -97.52470647694517, 18.317791665737165, 1606.0 ], [ -97.52471162659333, 18.31779389668338, 1606.0 ], [ -97.524719907792957, 18.317793684159877, 1606.0 ] ] } },
{ "type": "Feature", "properties": { "FID": 717, "elev": 1603.0, "elevation": 1603.0, "ELEVATION": 1603.0, "is_master": false, "tipo": "Ordinaria (1m)" }, "geometry": { "type": "LineString", "coordinates": [ [ -97.524766573148099, 18.317792905311983, 1603.0 ], [ -97.524762346490036, 18.317792947095406, 1603.0 ], [ -97.524754393825901, 18.317787628891754, 1603.0 ], [ -97.524753716670944, 18.317775518355504, 1603.0 ], [ -97.524757063167471, 18.317772275841513, 1603.0 ], [ -97.524760233161004, 18.317772459018464, 1603.0 ], [ -97.524768686477131, 18.317781972130859, 1603.0 ], [ -97.524772913135195, 18.317783032693704, 1603.0 ], [ -97.524776083128728, 18.317780913104784, 1603.0 ], [ -97.524777799039697, 18.31778258283498, 1603.0 ], [ -97.524777139793244, 18.317784671687047, 1603.0 ], [ -97.524769743141647, 18.317788673466307, 1603.0 ], [ -97.524766573148099, 18.317792905311983, 1603.0 ] ] } },
{ "type": "Feature", "properties": { "FID": 718, "elev": 1603.0, "elevation": 1603.0, "ELEVATION": 1603.0, "is_master": false, "tipo": "Ordinaria (1m)" }, "geometry": { "type": "LineString", "coordinates": [ [ -97.524059721594583, 18.317792674948517, 1603.0 ], [ -97.524060652552592, 18.317788638103103, 1603.0 ], [ -97.524055568921042, 18.317788638103107, 1603.0 ], [ -97.524056206412851, 18.317792674948521, 1603.0 ], [ -97.524059721594583, 18.317792674948517, 1603.0 ] ] } },
{ "type": "Feature", "properties": { "FID": 719, "elev": 1602.0, "elevation": 1602.0, "ELEVATION": 1602.0, "is_master": false, "tipo": "Ordinaria (1m)" }, "geometry": { "type": "LineString", "coordinates": [ [ -97.525108934085367, 18.317791665737172, 1602.0 ], [ -97.525108932450919, 18.317791649844079, 1602.0 ], [ -97.525108929935058, 18.317791665737172, 1602.0 ], [ -97.525108934085367, 18.317791665737172, 1602.0 ] ] } },
{ "type": "Feature", "properties": { "FID": 720, "elev": 1602.0, "elevation": 1602.0, "ELEVATION": 1602.0, "is_master": false, "tipo": "Ordinaria (1m)" }, "geometry": { "type": "LineString", "coordinates": [ [ -97.525048387306455, 18.317791665737165, 1602.0 ], [ -97.525047645909055, 18.317790403491053, 1602.0 ], [ -97.525045799023459, 18.317791665737168, 1602.0 ], [ -97.525046589244553, 18.31779257533805, 1602.0 ], [ -97.525048387306455, 18.317791665737165, 1602.0 ] ] } },
{ "type": "Feature", "properties": { "FID": 721, "elev": 1602.0, "elevation": 1602.0, "ELEVATION": 1602.0, "is_master": false, "tipo": "Ordinaria (1m)" }, "geometry": { "type": "LineString", "coordinates": [ [ -97.527185278222703, 18.317397257035246, 1602.0 ], [ -97.527178648248736, 18.317412202268091, 1602.0 ], [ -97.527172302217991, 18.317438441763287, 1602.0 ], [ -97.527169107111831, 18.317472754949325, 1602.0 ], [ -97.527170432414422, 18.317484865485572, 1602.0 ], [ -97.527209370173637, 18.317580740564196, 1602.0 ], [ -97.527222210760826, 18.317602943213981, 1602.0 ], [ -97.527237054783924, 18.317619401122212, 1602.0 ] ] } },
{ "type": "Feature", "properties": { "FID": 722, "elev": 1589.0, "elevation": 1589.0, "ELEVATION": 1589.0, "is_master": false, "tipo": "Ordinaria (1m)" }, "geometry": { "type": "LineString", "coordinates": [ [ -97.526170754921424, 18.317790656525816, 1589.0 ], [ -97.526171030842164, 18.317788638103107, 1589.0 ], [ -97.526168766959373, 18.317787166336547, 1589.0 ], [ -97.526167306088851, 18.317788638103107, 1589.0 ], [ -97.526167954140504, 18.317790656525816, 1589.0 ], [ -97.526170754921424, 18.317790656525816, 1589.0 ] ] } },
{ "type": "Feature", "properties": { "FID": 723, "elev": 1601.0, "elevation": 1601.0, "ELEVATION": 1601.0, "is_master": false, "tipo": "Ordinaria (1m)" }, "geometry": { "type": "LineString", "coordinates": [ [ -97.525036022599394, 18.317789081171505, 1601.0 ], [ -97.525036022599394, 18.317785500008096, 1601.0 ], [ -97.525037951196865, 18.31778661968039, 1601.0 ], [ -97.525036022599394, 18.317789081171505, 1601.0 ] ] } },
{ "type": "Feature", "properties": { "FID": 724, "elev": 1600.0, "elevation": 1600.0, "ELEVATION": 1600.0, "is_master": true, "tipo": "Maestra (5m)" }, "geometry": { "type": "LineString", "coordinates": [ [ -97.525326932988904, 18.317784601257685, 1600.0 ], [ -97.52532643352562, 18.317784601257689, 1600.0 ], [ -97.525326605340993, 18.317784860029825, 1600.0 ], [ -97.525326932988904, 18.317784601257685, 1600.0 ] ] } },
{ "type": "Feature", "properties": { "FID": 725, "elev": 1589.0, "elevation": 1589.0, "ELEVATION": 1589.0, "is_master": false, "tipo": "Ordinaria (1m)" }, "geometry": { "type": "LineString", "coordinates": [ [ -97.526054647191756, 18.317783299906207, 1589.0 ], [ -97.526049363869177, 18.317781664452653, 1589.0 ], [ -97.526044080546612, 18.317775005197188, 1589.0 ], [ -97.526037740559516, 18.317773321085216, 1589.0 ], [ -97.526032587905291, 18.317764417030617, 1589.0 ], [ -97.526037740559516, 18.317762123851573, 1589.0 ], [ -97.526047250540159, 18.317762143966526, 1589.0 ], [ -97.526059930514336, 18.317767027059972, 1589.0 ], [ -97.526062043844945, 18.317769463087387, 1589.0 ], [ -97.526062229960402, 18.317774509144147, 1589.0 ], [ -97.526054647191756, 18.317783299906207, 1589.0 ] ] } },
{ "type": "Feature", "properties": { "FID": 726, "elev": 1603.0, "elevation": 1603.0, "ELEVATION": 1603.0, "is_master": false, "tipo": "Ordinaria (1m)" }, "geometry": { "type": "LineString", "coordinates": [ [ -97.525485503759555, 18.317782582834976, 1603.0 ], [ -97.525487623970093, 18.317777536778209, 1603.0 ], [ -97.525486940748948, 18.317775518355507, 1603.0 ], [ -97.525484048353718, 18.317774341194433, 1603.0 ], [ -97.525481602371045, 18.3177755183555, 1603.0 ], [ -97.525480381106277, 18.317779555200921, 1603.0 ], [ -97.525482991689202, 18.317782770595233, 1603.0 ], [ -97.525485503759555, 18.317782582834976, 1603.0 ] ] } },
{ "type": "Feature", "properties": { "FID": 727, "elev": 1589.0, "elevation": 1589.0, "ELEVATION": 1589.0, "is_master": false, "tipo": "Ordinaria (1m)" }, "geometry": { "type": "LineString", "coordinates": [ [ -97.526163918620725, 18.317780564412274, 1589.0 ], [ -97.526165720632676, 18.317779555200918, 1589.0 ], [ -97.526164540301309, 18.317776834147615, 1589.0 ], [ -97.526161696416295, 18.317778545989569, 1589.0 ], [ -97.526161383272978, 18.317780564412278, 1589.0 ], [ -97.526163918620725, 18.317780564412274, 1589.0 ] ] } },
{ "type": "Feature", "properties": { "FID": 728, "elev": 1600.0, "elevation": 1600.0, "ELEVATION": 1600.0, "is_master": true, "tipo": "Maestra (5m)" }, "geometry": { "type": "LineString", "coordinates": [ [ -97.525790494785952, 18.317779555200914, 1600.0 ], [ -97.525791537725652, 18.31777652756686, 1600.0 ], [ -97.525790143276836, 18.317772490721453, 1600.0 ], [ -97.525785087042266, 18.317770472298736, 1600.0 ], [ -97.525784008271117, 18.317773499932798, 1600.0 ], [ -97.525785184076696, 18.317775518355504, 1600.0 ], [ -97.525787971484817, 18.317779555200914, 1600.0 ], [ -97.525790494785952, 18.317779555200914, 1600.0 ] ] } },
{ "type": "Feature", "properties": { "FID": 729, "elev": 1602.0, "elevation": 1602.0, "ELEVATION": 1602.0, "is_master": false, "tipo": "Ordinaria (1m)" }, "geometry": { "type": "LineString", "coordinates": [ [ -97.524994516721264, 18.317779555200918, 1602.0 ], [ -97.524995391134837, 18.317777536778213, 1602.0 ], [ -97.524991842128856, 18.317771481510089, 1602.0 ], [ -97.524988472696222, 18.317766590716605, 1602.0 ], [ -97.524986359367205, 18.317766575109204, 1602.0 ], [ -97.5249842440886, 18.317768453876024, 1602.0 ], [ -97.524984077792553, 18.317772490721449, 1602.0 ], [ -97.524990586025254, 18.317779493078024, 1602.0 ], [ -97.524994516721264, 18.317779555200918, 1602.0 ] ] } },
{ "type": "Feature", "properties": { "FID": 730, "elev": 1603.0, "elevation": 1603.0, "ELEVATION": 1603.0, "is_master": false, "tipo": "Ordinaria (1m)" }, "geometry": { "type": "LineString", "coordinates": [ [ -97.524814446266305, 18.317779555200918, 1603.0 ], [ -97.52481782137707, 18.317777536778213, 1603.0 ], [ -97.524814123051272, 18.317772806814055, 1603.0 ], [ -97.524807759318904, 18.317775518355504, 1603.0 ], [ -97.524809896393208, 18.317779284876451, 1603.0 ], [ -97.524814446266305, 18.317779555200918, 1603.0 ] ] } },
{ "type": "Feature", "properties": { "FID": 731, "elev": 1603.0, "elevation": 1603.0, "ELEVATION": 1603.0, "is_master": false, "tipo": "Ordinaria (1m)" }, "geometry": { "type": "LineString", "coordinates": [ [ -97.524845612149903, 18.317777536778216, 1603.0 ], [ -97.524845620646701, 18.317774509144154, 1603.0 ], [ -97.52484228780034, 18.317773499932795, 1603.0 ], [ -97.524841335384068, 18.31777652756686, 1603.0 ], [ -97.524842652993172, 18.317778339806601, 1603.0 ], [ -97.524845612149903, 18.317777536778216, 1603.0 ] ] } },
{ "type": "Feature", "properties": { "FID": 732, "elev": 1586.0, "elevation": 1586.0, "ELEVATION": 1586.0, "is_master": false, "tipo": "Ordinaria (1m)" }, "geometry": { "type": "LineString", "coordinates": [ [ -97.526506519204901, 18.317404128577252, 1586.0 ], [ -97.526508017592931, 18.317412202268095, 1586.0 ], [ -97.526499502952532, 18.317420200503864, 1586.0 ], [ -97.526469916346116, 18.317434495398896, 1586.0 ], [ -97.526448783055812, 18.317439724791679, 1586.0 ], [ -97.52643504641712, 18.31743858893995, 1586.0 ], [ -97.526422366442944, 18.317434596320027, 1586.0 ], [ -97.526411799797799, 18.317428349658329, 1586.0 ], [ -97.526404890837497, 18.317419266747571, 1586.0 ] ] } },
{ "type": "Feature", "properties": { "FID": 733, "elev": 1603.0, "elevation": 1603.0, "ELEVATION": 1603.0, "is_master": false, "tipo": "Ordinaria (1m)" }, "geometry": { "type": "LineString", "coordinates": [ [ -97.524918866255476, 18.317775518355504, 1603.0 ], [ -97.524926371979902, 18.317772490721453, 1603.0 ], [ -97.52493048354718, 18.317766435453322, 1603.0 ], [ -97.524927186154358, 18.317756136121979, 1603.0 ], [ -97.524917191869164, 18.317759370973846, 1603.0 ], [ -97.524915471884839, 18.317761389396548, 1603.0 ], [ -97.524913159311268, 18.317768453876024, 1603.0 ], [ -97.524913448266659, 18.317773499932795, 1603.0 ], [ -97.524918866255476, 18.317775518355504, 1603.0 ] ] } },
{ "type": "Feature", "properties": { "FID": 734, "elev": 1600.0, "elevation": 1600.0, "ELEVATION": 1600.0, "is_master": true, "tipo": "Maestra (5m)" }, "geometry": { "type": "LineString", "coordinates": [ [ -97.525236788857228, 18.317774725403723, 1600.0 ], [ -97.525235732191518, 18.317774509144147, 1600.0 ], [ -97.525236788857228, 18.317774210118564, 1600.0 ], [ -97.525236788857228, 18.317774725403723, 1600.0 ] ] } },
{ "type": "Feature", "properties": { "FID": 735, "elev": 1603.0, "elevation": 1603.0, "ELEVATION": 1603.0, "is_master": false, "tipo": "Ordinaria (1m)" }, "geometry": { "type": "LineString", "coordinates": [ [ -97.524888351747236, 18.317774509144154, 1603.0 ], [ -97.524889194876224, 18.31777047229874, 1603.0 ], [ -97.524885976238281, 18.317769528278674, 1603.0 ], [ -97.524884666530426, 18.317772490721449, 1603.0 ], [ -97.524885976238281, 18.317774619586149, 1603.0 ], [ -97.524888351747236, 18.317774509144154, 1603.0 ] ] } },
{ "type": "Feature", "properties": { "FID": 736, "elev": 1604.0, "elevation": 1604.0, "ELEVATION": 1604.0, "is_master": false, "tipo": "Ordinaria (1m)" }, "geometry": { "type": "LineString", "coordinates": [ [ -97.524776337772465, 18.317773499932795, 1604.0 ], [ -97.524780975823447, 18.317772490721442, 1604.0 ], [ -97.524782423115823, 18.317763987475647, 1604.0 ], [ -97.524780451097214, 18.317764417030617, 1604.0 ], [ -97.524780434784248, 18.317767444664678, 1604.0 ], [ -97.52477819645776, 18.317769101475335, 1604.0 ], [ -97.52477396979971, 18.317766889923984, 1604.0 ], [ -97.524770948273186, 18.317768453876024, 1604.0 ], [ -97.524770218409969, 18.317771481510093, 1604.0 ], [ -97.524771856470679, 18.317774087337543, 1604.0 ], [ -97.524776337772465, 18.317773499932795, 1604.0 ] ] } },
{ "type": "Feature", "properties": { "FID": 737, "elev": 1605.0, "elevation": 1605.0, "ELEVATION": 1605.0, "is_master": true, "tipo": "Maestra (5m)" }, "geometry": { "type": "LineString", "coordinates": [ [ -97.524777529412788, 18.317772490721449, 1605.0 ], [ -97.524778630080192, 18.317771481510086, 1605.0 ], [ -97.524777139793244, 18.317770387154663, 1605.0 ], [ -97.524774007992391, 18.317771481510082, 1605.0 ], [ -97.524774849907615, 18.317772490721449, 1605.0 ], [ -97.524777529412788, 18.317772490721449, 1605.0 ] ] } },
{ "type": "Feature", "properties": { "FID": 738, "elev": 1602.0, "elevation": 1602.0, "ELEVATION": 1602.0, "is_master": false, "tipo": "Ordinaria (1m)" }, "geometry": { "type": "LineString", "coordinates": [ [ -97.525004363304888, 18.31777047229874, 1602.0 ], [ -97.525010898990146, 18.317762398607904, 1602.0 ], [ -97.525009669641008, 18.31775836176249, 1602.0 ], [ -97.525006435992978, 18.317756998391371, 1602.0 ], [ -97.525002586360756, 18.317759370973842, 1602.0 ], [ -97.525000291049437, 18.31776340781925, 1602.0 ], [ -97.525000096005897, 18.317770976904413, 1602.0 ], [ -97.525004363304888, 18.31777047229874, 1602.0 ] ] } },
{ "type": "Feature", "properties": { "FID": 739, "elev": 1601.0, "elevation": 1601.0, "ELEVATION": 1601.0, "is_master": false, "tipo": "Ordinaria (1m)" }, "geometry": { "type": "LineString", "coordinates": [ [ -97.525091584541173, 18.317769463087387, 1601.0 ], [ -97.525096584871207, 18.317760380185192, 1601.0 ], [ -97.525094139147711, 18.317756309699401, 1601.0 ], [ -97.525089912489662, 18.317756375548655, 1601.0 ], [ -97.525085497469661, 18.317761389396551, 1601.0 ], [ -97.525085685831598, 18.31776660808158, 1601.0 ], [ -97.525091584541173, 18.317769463087387, 1601.0 ] ] } },
{ "type": "Feature", "properties": { "FID": 740, "elev": 1601.0, "elevation": 1601.0, "ELEVATION": 1601.0, "is_master": false, "tipo": "Ordinaria (1m)" }, "geometry": { "type": "LineString", "coordinates": [ [ -97.52555273154718, 18.31776381420973, 1601.0 ], [ -97.525544164304975, 18.317761389396544, 1601.0 ], [ -97.525536956270926, 18.317754324917072, 1601.0 ], [ -97.525535683335718, 18.31774524201488, 1601.0 ], [ -97.525538994908487, 18.317741045933559, 1601.0 ], [ -97.525550618218148, 18.317740100348615, 1601.0 ], [ -97.525555931559609, 18.317743223592178, 1601.0 ], [ -97.525558083516174, 18.317747260437592, 1601.0 ], [ -97.525559003269322, 18.317756343339781, 1601.0 ], [ -97.525558005244264, 18.317760380185192, 1601.0 ], [ -97.52555273154718, 18.31776381420973, 1601.0 ] ] } },
{ "type": "Feature", "properties": { "FID": 741, "elev": 1600.0, "elevation": 1600.0, "ELEVATION": 1600.0, "is_master": true, "tipo": "Maestra (5m)" }, "geometry": { "type": "LineString", "coordinates": [ [ -97.525550618218148, 18.317760962026441, 1600.0 ], [ -97.525549463159777, 18.31775836176249, 1600.0 ], [ -97.525550618218148, 18.317756387066442, 1600.0 ], [ -97.525552098962066, 18.31775836176249, 1600.0 ], [ -97.525550618218148, 18.317760962026441, 1600.0 ] ] } },
{ "type": "Feature", "properties": { "FID": 742, "elev": 1602.0, "elevation": 1602.0, "ELEVATION": 1602.0, "is_master": false, "tipo": "Ordinaria (1m)" }, "geometry": { "type": "LineString", "coordinates": [ [ -97.525020425983982, 18.317759370973839, 1602.0 ], [ -97.52502545595425, 18.317756547737016, 1602.0 ], [ -97.525025791561532, 18.317753315705719, 1602.0 ], [ -97.52502348079571, 18.317749278860305, 1602.0 ], [ -97.525018059302639, 18.317746552114947, 1602.0 ], [ -97.525016409079669, 18.317756343339774, 1602.0 ], [ -97.525017903481142, 18.317759370973842, 1602.0 ], [ -97.525020425983982, 18.317759370973839, 1602.0 ] ] } },
{ "type": "Feature", "properties": { "FID": 743, "elev": 1600.0, "elevation": 1600.0, "ELEVATION": 1600.0, "is_master": true, "tipo": "Maestra (5m)" }, "geometry": { "type": "LineString", "coordinates": [ [ -97.525195578941151, 18.317758590058055, 1600.0 ], [ -97.525193623419653, 18.317757352551137, 1600.0 ], [ -97.525194455390121, 18.317755334128424, 1600.0 ], [ -97.525197692270183, 18.317755269993896, 1600.0 ], [ -97.525197692270183, 18.317757950281464, 1600.0 ], [ -97.525195578941151, 18.317758590058055, 1600.0 ] ] } },
{ "type": "Feature", "properties": { "FID": 744, "elev": 1603.0, "elevation": 1603.0, "ELEVATION": 1603.0, "is_master": false, "tipo": "Ordinaria (1m)" }, "geometry": { "type": "LineString", "coordinates": [ [ -97.524916570376305, 18.317754324917072, 1603.0 ], [ -97.524919039136194, 18.317751297283007, 1603.0 ], [ -97.524917676173729, 18.317748277294488, 1603.0 ], [ -97.524911816274397, 18.317752306494366, 1603.0 ], [ -97.524913449515665, 18.317755012433111, 1603.0 ], [ -97.524916570376305, 18.317754324917072, 1603.0 ] ] } },
{ "type": "Feature", "properties": { "FID": 745, "elev": 1600.0, "elevation": 1600.0, "ELEVATION": 1600.0, "is_master": true, "tipo": "Maestra (5m)" }, "geometry": { "type": "LineString", "coordinates": [ [ -97.525705147894854, 18.317749278860301, 1600.0 ], [ -97.52570828958666, 18.31774423280353, 1600.0 ], [ -97.525699607914746, 18.317740662986772, 1600.0 ], [ -97.525698551250244, 18.317737216611683, 1600.0 ], [ -97.52569432459218, 18.317737064829533, 1600.0 ], [ -97.525690502183508, 18.317743223592174, 1600.0 ], [ -97.525691276029832, 18.317748269648945, 1600.0 ], [ -97.525698551250244, 18.317750098936877, 1600.0 ], [ -97.525705147894854, 18.317749278860301, 1600.0 ] ] } },
{ "type": "Feature", "properties": { "FID": 746, "elev": 1600.0, "elevation": 1600.0, "ELEVATION": 1600.0, "is_master": true, "tipo": "Maestra (5m)" }, "geometry": { "type": "LineString", "coordinates": [ [ -97.525237845521744, 18.317749908368377, 1600.0 ], [ -97.525235732192712, 18.317750066874648, 1600.0 ], [ -97.525234793320308, 18.317748269648952, 1600.0 ], [ -97.525237942686303, 18.317747260437592, 1600.0 ], [ -97.525237845521744, 18.317749908368377, 1600.0 ] ] } },
{ "type": "Feature", "properties": { "FID": 747, "elev": 1599.0, "elevation": 1599.0, "ELEVATION": 1599.0, "is_master": false, "tipo": "Ordinaria (1m)" }, "geometry": { "type": "LineString", "coordinates": [ [ -97.525383575676955, 18.317747260437596, 1599.0 ], [ -97.525385862862166, 18.317745242014883, 1599.0 ], [ -97.525385129724739, 18.317743223592178, 1599.0 ], [ -97.525382608560278, 18.317743125813919, 1599.0 ], [ -97.525380745082956, 18.317745242014887, 1599.0 ], [ -97.525383575676955, 18.317747260437596, 1599.0 ] ] } },
{ "type": "Feature", "properties": { "FID": 748, "elev": 1588.0, "elevation": 1588.0, "ELEVATION": 1588.0, "is_master": false, "tipo": "Ordinaria (1m)" }, "geometry": { "type": "LineString", "coordinates": [ [ -97.526216316862531, 18.317746409533903, 1588.0 ], [ -97.526206806881902, 18.317746158068267, 1588.0 ], [ -97.52619941022752, 18.317742214380825, 1588.0 ], [ -97.526194234975691, 18.317737168324051, 1588.0 ], [ -97.526194161742822, 18.317732122267284, 1588.0 ], [ -97.526197296901273, 18.317729071696601, 1588.0 ], [ -97.526202580223838, 18.317728582818898, 1588.0 ], [ -97.526213146868997, 18.317728406178968, 1588.0 ], [ -97.526220543520594, 18.317730213541459, 1588.0 ], [ -97.526224081049619, 18.317734140689986, 1588.0 ], [ -97.526224459394982, 18.317737168324054, 1588.0 ], [ -97.526220568094189, 18.31774423280353, 1588.0 ], [ -97.526216316862531, 18.317746409533903, 1588.0 ] ] } },
{ "type": "Feature", "properties": { "FID": 749, "elev": 1603.0, "elevation": 1603.0, "ELEVATION": 1603.0, "is_master": false, "tipo": "Ordinaria (1m)" }, "geometry": { "type": "LineString", "coordinates": [ [ -97.524833249076735, 18.317745242014883, 1603.0 ], [ -97.524836977574964, 18.317741205169476, 1603.0 ], [ -97.524835256341561, 18.317737117689635, 1603.0 ], [ -97.524832105105375, 18.317739186746763, 1603.0 ], [ -97.524830439395586, 18.317743223592178, 1603.0 ], [ -97.524832086348027, 18.317745990784605, 1603.0 ], [ -97.524833249076735, 18.317745242014883, 1603.0 ] ] } },
{ "type": "Feature", "properties": { "FID": 750, "elev": 1601.0, "elevation": 1601.0, "ELEVATION": 1601.0, "is_master": false, "tipo": "Ordinaria (1m)" }, "geometry": { "type": "LineString", "coordinates": [ [ -97.525694959685879, 18.317744232803527, 1601.0 ], [ -97.525698184323915, 18.317740195958116, 1601.0 ], [ -97.525697494585728, 18.317738714293096, 1601.0 ], [ -97.525692362354476, 18.317743223592178, 1601.0 ], [ -97.525693267927664, 18.317744691535967, 1601.0 ], [ -97.525694959685879, 18.317744232803527, 1601.0 ] ] } },
{ "type": "Feature", "properties": { "FID": 751, "elev": 1602.0, "elevation": 1602.0, "ELEVATION": 1602.0, "is_master": false, "tipo": "Ordinaria (1m)" }, "geometry": { "type": "LineString", "coordinates": [ [ -97.525015955697526, 18.317742214380822, 1602.0 ], [ -97.525014889309105, 18.317739332656835, 1602.0 ], [ -97.525011719315557, 18.317739298881357, 1602.0 ], [ -97.525011719315557, 18.317742246239476, 1602.0 ], [ -97.525015955697526, 18.317742214380822, 1602.0 ] ] } },
{ "type": "Feature", "properties": { "FID": 752, "elev": 1587.0, "elevation": 1587.0, "ELEVATION": 1587.0, "is_master": false, "tipo": "Ordinaria (1m)" }, "geometry": { "type": "LineString", "coordinates": [ [ -97.52661467938465, 18.317741414732481, 1587.0 ], [ -97.526604112739506, 18.317740273589759, 1587.0 ], [ -97.526597914995719, 18.317735149901349, 1587.0 ], [ -97.526596532320156, 18.317732122267287, 1587.0 ], [ -97.526597646250323, 18.317724048576455, 1587.0 ], [ -97.526604958071118, 18.317715974885619, 1587.0 ], [ -97.526610452726587, 18.31771289745495, 1587.0 ], [ -97.526622076036261, 18.317710655220441, 1587.0 ], [ -97.526630529352374, 18.317711881078584, 1587.0 ], [ -97.526636827799834, 18.317719002519684, 1587.0 ], [ -97.52663584895528, 18.317731113055935, 1587.0 ], [ -97.526628416023343, 18.317737326254075, 1587.0 ], [ -97.52661467938465, 18.317741414732481, 1587.0 ] ] } },
{ "type": "Feature", "properties": { "FID": 753, "elev": 1600.0, "elevation": 1600.0, "ELEVATION": 1600.0, "is_master": true, "tipo": "Maestra (5m)" }, "geometry": { "type": "LineString", "coordinates": [ [ -97.525140632386368, 18.317741484643385, 1600.0 ], [ -97.525140632386368, 18.317740880780107, 1600.0 ], [ -97.525141034216546, 18.317741205169472, 1600.0 ], [ -97.525140632386368, 18.317741484643385, 1600.0 ] ] } },
{ "type": "Feature", "properties": { "FID": 754, "elev": 1603.0, "elevation": 1603.0, "ELEVATION": 1603.0, "is_master": false, "tipo": "Ordinaria (1m)" }, "geometry": { "type": "LineString", "coordinates": [ [ -97.524771894434664, 18.317740195958113, 1603.0 ], [ -97.524774151658875, 18.317735149901349, 1603.0 ], [ -97.524772926454489, 18.317732122267287, 1603.0 ], [ -97.524769743141647, 18.317730870498693, 1603.0 ], [ -97.524766357502287, 18.317735149901353, 1603.0 ], [ -97.524766281888006, 18.317738177535411, 1603.0 ], [ -97.524768686477131, 18.317741168247103, 1603.0 ], [ -97.524771894434664, 18.317740195958113, 1603.0 ] ] } },
{ "type": "Feature", "properties": { "FID": 755, "elev": 1598.0, "elevation": 1598.0, "ELEVATION": 1598.0, "is_master": false, "tipo": "Ordinaria (1m)" }, "geometry": { "type": "LineString", "coordinates": [ [ -97.525442838437627, 18.317738190350784, 1598.0 ], [ -97.525426988469903, 18.317736073890405, 1598.0 ], [ -97.525424558141523, 18.317729094633222, 1598.0 ], [ -97.525419591818306, 18.317724048582832, 1598.0 ], [ -97.525412195166695, 18.317721008521328, 1598.0 ], [ -97.525407968508645, 18.317720735148026, 1598.0 ], [ -97.525403741850582, 18.317722915426863, 1598.0 ], [ -97.525401484664471, 18.317719002519684, 1598.0 ], [ -97.525403946531355, 18.31771395646291, 1598.0 ], [ -97.525400571857034, 18.317707887417168, 1598.0 ], [ -97.525398458528002, 18.317706248270255, 1598.0 ], [ -97.525391061876405, 18.317706618277018, 1598.0 ], [ -97.525386954359035, 18.317703864349376, 1598.0 ], [ -97.525389392346469, 18.317693772235831, 1598.0 ], [ -97.525373098579649, 18.317693642612362, 1598.0 ], [ -97.5253666619043, 18.31769074460178, 1598.0 ], [ -97.525364788056038, 18.317683680122297, 1598.0 ], [ -97.525378528370567, 18.317679643276875, 1598.0 ], [ -97.525379438566745, 18.317669235784795, 1598.0 ], [ -97.525381551895762, 18.317667492372181, 1598.0 ], [ -97.525400571857034, 18.317667570350991, 1598.0 ], [ -97.525404798515098, 18.317661173888602, 1598.0 ], [ -97.525409025173161, 18.317659761199703, 1598.0 ], [ -97.52541621193113, 18.317663495895214, 1598.0 ], [ -97.525409075805001, 18.317668541951988, 1598.0 ], [ -97.525413147510818, 18.317673588008763, 1598.0 ], [ -97.525416421824758, 18.317674241732732, 1598.0 ], [ -97.525419729937042, 18.317672578797399, 1598.0 ], [ -97.5254204532296, 18.317668541951988, 1598.0 ], [ -97.525422719947173, 18.317666523529279, 1598.0 ], [ -97.525428045134419, 18.317665643524919, 1598.0 ], [ -97.525432271792482, 18.317662247884559, 1598.0 ], [ -97.525439668444093, 18.317664213584859, 1598.0 ], [ -97.525451291753754, 18.317662990489847, 1598.0 ], [ -97.525454461747302, 18.31765997789838, 1598.0 ], [ -97.525460801734383, 18.317662786522025, 1598.0 ], [ -97.52546397172793, 18.317661847516671, 1598.0 ], [ -97.525472425044043, 18.317650223236804, 1598.0 ], [ -97.525477708366623, 18.317648095329961, 1598.0 ], [ -97.525498841656926, 18.317658623061291, 1598.0 ], [ -97.525515748289166, 18.317662367741093, 1598.0 ], [ -97.525521488305714, 18.31766551431793, 1598.0 ], [ -97.525523343065359, 18.317672578797399, 1598.0 ], [ -97.525520672345806, 18.317677624854166, 1598.0 ], [ -97.525516804953682, 18.317679174290426, 1598.0 ], [ -97.525504124979491, 18.317678375895174, 1598.0 ], [ -97.525491220645051, 18.3176836801223, 1598.0 ], [ -97.525485319653214, 18.31768973539042, 1598.0 ], [ -97.52548532878248, 18.31769579065854, 1598.0 ], [ -97.525487941701485, 18.317700836715314, 1598.0 ], [ -97.52548620468653, 18.317704873560729, 1598.0 ], [ -97.525477708366623, 18.317711964648417, 1598.0 ], [ -97.525465028392446, 18.317718388730327, 1598.0 ], [ -97.525461858398899, 18.317724051946104, 1598.0 ], [ -97.525453905608074, 18.317732122267287, 1598.0 ], [ -97.525451291753754, 18.317733551069232, 1598.0 ], [ -97.52544706509569, 18.317732846620594, 1598.0 ], [ -97.525442838437627, 18.317738190350784, 1598.0 ] ] } },
{ "type": "Feature", "properties": { "FID": 756, "elev": 1602.0, "elevation": 1602.0, "ELEVATION": 1602.0, "is_master": false, "tipo": "Ordinaria (1m)" }, "geometry": { "type": "LineString", "coordinates": [ [ -97.525549881990202, 18.317731113055935, 1602.0 ], [ -97.525554772759648, 18.31772707621052, 1602.0 ], [ -97.525554844876211, 18.317718799483078, 1602.0 ], [ -97.525550618218148, 18.317714991441367, 1602.0 ], [ -97.525546391560098, 18.317714120351944, 1602.0 ], [ -97.525539405061167, 18.317715974885619, 1602.0 ], [ -97.525536687730934, 18.317719002519684, 1602.0 ], [ -97.52553679601958, 18.31772606699916, 1602.0 ], [ -97.525542164902035, 18.3177309496795, 1602.0 ], [ -97.525549881990202, 18.317731113055935, 1602.0 ] ] } },
{ "type": "Feature", "properties": { "FID": 757, "elev": 1587.0, "elevation": 1587.0, "ELEVATION": 1587.0, "is_master": false, "tipo": "Ordinaria (1m)" }, "geometry": { "type": "LineString", "coordinates": [ [ -97.526460406365473, 18.317730121550039, 1587.0 ], [ -97.526458096954372, 18.317730103844582, 1587.0 ], [ -97.526456708039674, 18.317728085421869, 1587.0 ], [ -97.526459349700957, 18.317727274280038, 1587.0 ], [ -97.526460406365473, 18.317730121550039, 1587.0 ] ] } },
{ "type": "Feature", "properties": { "FID": 758, "elev": 1598.0, "elevation": 1598.0, "ELEVATION": 1598.0, "is_master": false, "tipo": "Ordinaria (1m)" }, "geometry": { "type": "LineString", "coordinates": [ [ -97.525442360711907, 18.317725057787804, 1598.0 ], [ -97.525446008431175, 18.317723803622247, 1598.0 ], [ -97.525449599439483, 18.317719002519677, 1598.0 ], [ -97.525439690349273, 18.317709919617499, 1598.0 ], [ -97.525441624880173, 18.317704873560732, 1598.0 ], [ -97.525440835465204, 18.31770184592666, 1598.0 ], [ -97.525436498450546, 18.317699989660547, 1598.0 ], [ -97.525431215127966, 18.317700577575888, 1598.0 ], [ -97.525427505113399, 18.317703864349376, 1598.0 ], [ -97.525425931805401, 18.317718705692823, 1598.0 ], [ -97.525434385121514, 18.317725197567775, 1598.0 ], [ -97.525442360711907, 18.317725057787804, 1598.0 ] ] } },
{ "type": "Feature", "properties": { "FID": 759, "elev": 1588.0, "elevation": 1588.0, "ELEVATION": 1588.0, "is_master": false, "tipo": "Ordinaria (1m)" }, "geometry": { "type": "LineString", "coordinates": [ [ -97.526189900249662, 18.317722119403729, 1588.0 ], [ -97.526186436071114, 18.317721020942393, 1588.0 ], [ -97.526188843585132, 18.317719342661288, 1588.0 ], [ -97.526190673034165, 18.317721020942393, 1588.0 ], [ -97.526189900249662, 18.317722119403729, 1588.0 ] ] } },
{ "type": "Feature", "properties": { "FID": 760, "elev": 1600.0, "elevation": 1600.0, "ELEVATION": 1600.0, "is_master": true, "tipo": "Maestra (5m)" }, "geometry": { "type": "LineString", "coordinates": [ [ -97.525641199546556, 18.317722030153742, 1600.0 ], [ -97.525639911842035, 18.317722030153742, 1600.0 ], [ -97.525640434701913, 18.317722416277203, 1600.0 ], [ -97.525641199546556, 18.317722030153742, 1600.0 ] ] } },
{ "type": "Feature", "properties": { "FID": 761, "elev": 1601.0, "elevation": 1601.0, "ELEVATION": 1601.0, "is_master": false, "tipo": "Ordinaria (1m)" }, "geometry": { "type": "LineString", "coordinates": [ [ -97.525160052555734, 18.317721020942397, 1601.0 ], [ -97.525163879005703, 18.31771867737627, 1601.0 ], [ -97.525167087518909, 18.317713956462917, 1601.0 ], [ -97.525168977303565, 18.317697809081249, 1601.0 ], [ -97.525173388986332, 18.317690852076225, 1601.0 ], [ -97.525185423083613, 18.317687716967711, 1601.0 ], [ -97.5251998055992, 18.317678776078338, 1601.0 ], [ -97.525209315579843, 18.317670434342627, 1601.0 ], [ -97.525226222212083, 18.317666701953385, 1601.0 ], [ -97.525230225979968, 18.317663495895221, 1601.0 ], [ -97.525230610671898, 18.317656431415738, 1601.0 ], [ -97.525227375818289, 18.317650376147622, 1601.0 ], [ -97.525219996948564, 18.317646339302204, 1601.0 ], [ -97.525207202250797, 18.317633524691292, 1601.0 ], [ -97.525198541375588, 18.317630191920539, 1601.0 ], [ -97.525190295618572, 18.317621412354089, 1601.0 ], [ -97.525176558979879, 18.317626919019975, 1601.0 ], [ -97.525171346839798, 18.317634228765954, 1601.0 ], [ -97.525171052255573, 18.317646339302204, 1601.0 ], [ -97.525168105663766, 18.317653534256042, 1601.0 ], [ -97.525160709012155, 18.317660536865869, 1601.0 ], [ -97.525150142367011, 18.317666456248524, 1601.0 ], [ -97.525140632386368, 18.317674590412611, 1601.0 ], [ -97.525126644233922, 18.317690744601773, 1601.0 ], [ -97.525126889700957, 18.317695790658547, 1601.0 ], [ -97.525132077286287, 18.317709919617503, 1601.0 ], [ -97.525136367743642, 18.317714965674266, 1601.0 ], [ -97.525148029037979, 18.317721193882367, 1601.0 ], [ -97.525160052555734, 18.317721020942397, 1601.0 ] ] } },
{ "type": "Feature", "properties": { "FID": 762, "elev": 1598.0, "elevation": 1598.0, "ELEVATION": 1598.0, "is_master": false, "tipo": "Ordinaria (1m)" }, "geometry": { "type": "LineString", "coordinates": [ [ -97.52539634519897, 18.317719008473734, 1598.0 ], [ -97.525393175205437, 18.317718332946761, 1598.0 ], [ -97.525393550368563, 18.317716984096975, 1598.0 ], [ -97.52539634519897, 18.317716959671621, 1598.0 ], [ -97.52539634519897, 18.317719008473734, 1598.0 ] ] } },
{ "type": "Feature", "properties": { "FID": 763, "elev": 1599.0, "elevation": 1599.0, "ELEVATION": 1599.0, "is_master": false, "tipo": "Ordinaria (1m)" }, "geometry": { "type": "LineString", "coordinates": [ [ -97.525433773658676, 18.317717993308335, 1599.0 ], [ -97.525438571281683, 18.317713956462914, 1599.0 ], [ -97.525437518807863, 18.317710928828848, 1599.0 ], [ -97.525433328456998, 18.317707941155145, 1599.0 ], [ -97.525428041410962, 18.31771395646291, 1599.0 ], [ -97.52543015846345, 18.317717231615312, 1599.0 ], [ -97.525433773658676, 18.317717993308335, 1599.0 ] ] } },
{ "type": "Feature", "properties": { "FID": 764, "elev": 1599.0, "elevation": 1599.0, "ELEVATION": 1599.0, "is_master": false, "tipo": "Ordinaria (1m)" }, "geometry": { "type": "LineString", "coordinates": [ [ -97.525326605340993, 18.317716188960759, 1599.0 ], [ -97.525326605340993, 18.317715302078053, 1599.0 ], [ -97.525326678939521, 18.317715974885612, 1599.0 ], [ -97.525326605340993, 18.317716188960759, 1599.0 ] ] } },
{ "type": "Feature", "properties": { "FID": 765, "elev": 1600.0, "elevation": 1600.0, "ELEVATION": 1600.0, "is_master": true, "tipo": "Maestra (5m)" }, "geometry": { "type": "LineString", "coordinates": [ [ -97.527072405665663, 18.317711938040205, 1600.0 ], [ -97.527075475426358, 18.317708910406147, 1600.0 ], [ -97.527075605808903, 18.317704873560732, 1600.0 ], [ -97.527073580655284, 18.317701845926663, 1600.0 ], [ -97.527071158455087, 18.317699662202102, 1600.0 ], [ -97.52706376180349, 18.317699665490093, 1600.0 ], [ -97.527061097369256, 18.317703864349376, 1600.0 ], [ -97.527062705138974, 18.317708910402544, 1600.0 ], [ -97.527067988461539, 18.317712164465831, 1600.0 ], [ -97.527072405665663, 18.317711938040205, 1600.0 ] ] } },
{ "type": "Feature", "properties": { "FID": 766, "elev": 1602.0, "elevation": 1602.0, "ELEVATION": 1602.0, "is_master": false, "tipo": "Ordinaria (1m)" }, "geometry": { "type": "LineString", "coordinates": [ [ -97.525153225212961, 18.317711938040205, 1602.0 ], [ -97.525157539018608, 18.317710894751585, 1602.0 ], [ -97.525160709012155, 18.317707142114998, 1602.0 ], [ -97.525160715785645, 18.317698818292605, 1602.0 ], [ -97.525151199031527, 18.317686538152781, 1602.0 ], [ -97.525143802379915, 18.317685565343506, 1602.0 ], [ -97.525138519057336, 18.317689666384513, 1602.0 ], [ -97.525137243385302, 18.317692763024482, 1602.0 ], [ -97.525138302785962, 18.31770285513802, 1602.0 ], [ -97.525143802379915, 18.317710050814981, 1602.0 ], [ -97.525149085702495, 18.317712181117351, 1602.0 ], [ -97.525153225212961, 18.317711938040205, 1602.0 ] ] } },
{ "type": "Feature", "properties": { "FID": 767, "elev": 1598.0, "elevation": 1598.0, "ELEVATION": 1598.0, "is_master": false, "tipo": "Ordinaria (1m)" }, "geometry": { "type": "LineString", "coordinates": [ [ -97.525419510536423, 18.317709919617499, 1598.0 ], [ -97.525419591818306, 18.31770827239896, 1598.0 ], [ -97.525417535350144, 18.317708910406143, 1598.0 ], [ -97.525418192451781, 18.317709919617499, 1598.0 ], [ -97.525419510536423, 18.317709919617499, 1598.0 ] ] } },
{ "type": "Feature", "properties": { "FID": 768, "elev": 1602.0, "elevation": 1602.0, "ELEVATION": 1602.0, "is_master": false, "tipo": "Ordinaria (1m)" }, "geometry": { "type": "LineString", "coordinates": [ [ -97.524629206761162, 18.31770888938091, 1602.0 ], [ -97.524627915282309, 18.31770790119479, 1602.0 ], [ -97.524629206761162, 18.317706878345447, 1602.0 ], [ -97.524629995066434, 18.31770790119479, 1602.0 ], [ -97.524629206761162, 18.31770888938091, 1602.0 ] ] } },
{ "type": "Feature", "properties": { "FID": 769, "elev": 1599.0, "elevation": 1599.0, "ELEVATION": 1599.0, "is_master": false, "tipo": "Ordinaria (1m)" }, "geometry": { "type": "LineString", "coordinates": [ [ -97.525310596625545, 18.317705882772085, 1599.0 ], [ -97.525309698708753, 18.317704486069839, 1599.0 ], [ -97.525307762046026, 18.317705882772085, 1599.0 ], [ -97.525309698708753, 18.317706769506334, 1599.0 ], [ -97.525310596625545, 18.317705882772085, 1599.0 ] ] } },
{ "type": "Feature", "properties": { "FID": 770, "elev": 1599.0, "elevation": 1599.0, "ELEVATION": 1599.0, "is_master": false, "tipo": "Ordinaria (1m)" }, "geometry": { "type": "LineString", "coordinates": [ [ -97.525196635605667, 18.317704949441286, 1599.0 ], [ -97.525190295618572, 18.31770293587493, 1599.0 ], [ -97.525188394837002, 18.317698818292605, 1599.0 ], [ -97.525183955631476, 18.317697387511949, 1599.0 ], [ -97.525182771859093, 18.317694781447194, 1599.0 ], [ -97.525183955631476, 18.317693292365732, 1599.0 ], [ -97.525195578941151, 18.317690585142177, 1599.0 ], [ -97.525208258915328, 18.317691916214955, 1599.0 ], [ -97.52521036659374, 18.317697809081249, 1599.0 ], [ -97.525208258915328, 18.317701683304929, 1599.0 ], [ -97.525202975592748, 18.317699625122, 1599.0 ], [ -97.525196635605667, 18.317704949441286, 1599.0 ] ] } },
{ "type": "Feature", "properties": { "FID": 771, "elev": 1599.0, "elevation": 1599.0, "ELEVATION": 1599.0, "is_master": false, "tipo": "Ordinaria (1m)" }, "geometry": { "type": "LineString", "coordinates": [ [ -97.525337020166532, 18.317699827503962, 1599.0 ], [ -97.525336238811335, 18.317694781447191, 1599.0 ], [ -97.525334001992604, 18.317694897894651, 1599.0 ], [ -97.525332959346855, 18.317697809081249, 1599.0 ], [ -97.52533505865712, 18.317700572398049, 1599.0 ], [ -97.525337020166532, 18.317699827503962, 1599.0 ] ] } },
{ "type": "Feature", "properties": { "FID": 772, "elev": 1603.0, "elevation": 1603.0, "ELEVATION": 1603.0, "is_master": false, "tipo": "Ordinaria (1m)" }, "geometry": { "type": "LineString", "coordinates": [ [ -97.524765497614581, 18.317697809081249, 1603.0 ], [ -97.52476334603756, 18.317696799869896, 1603.0 ], [ -97.524763403154552, 18.317698232298913, 1603.0 ], [ -97.524765497614581, 18.317697809081249, 1603.0 ] ] } },
{ "type": "Feature", "properties": { "FID": 773, "elev": 1601.0, "elevation": 1601.0, "ELEVATION": 1601.0, "is_master": false, "tipo": "Ordinaria (1m)" }, "geometry": { "type": "LineString", "coordinates": [ [ -97.525103122970307, 18.317696799869893, 1601.0 ], [ -97.5251038776277, 18.317694781447191, 1601.0 ], [ -97.52510133018778, 18.317688726179068, 1601.0 ], [ -97.525102863240733, 18.317686707756359, 1601.0 ], [ -97.525098365805775, 18.317681885127246, 1601.0 ], [ -97.525096512044243, 18.317691753813133, 1601.0 ], [ -97.525100479134807, 18.317697002106783, 1601.0 ], [ -97.525103122970307, 18.317696799869893, 1601.0 ] ] } },
{ "type": "Feature", "properties": { "FID": 774, "elev": 1598.0, "elevation": 1598.0, "ELEVATION": 1598.0, "is_master": false, "tipo": "Ordinaria (1m)" }, "geometry": { "type": "LineString", "coordinates": [ [ -97.525582318153596, 18.317695367711046, 1598.0 ], [ -97.525576317930017, 18.317692763024478, 1598.0 ], [ -97.525575978166515, 18.31768549009329, 1598.0 ], [ -97.525580204824564, 18.317685551209827, 1598.0 ], [ -97.525584040326606, 18.317687716967718, 1598.0 ], [ -97.525585473672294, 18.317692763024478, 1598.0 ], [ -97.525582318153596, 18.317695367711046, 1598.0 ] ] } },
{ "type": "Feature", "properties": { "FID": 775, "elev": 1588.0, "elevation": 1588.0, "ELEVATION": 1588.0, "is_master": false, "tipo": "Ordinaria (1m)" }, "geometry": { "type": "LineString", "coordinates": [ [ -97.526009210617616, 18.317693985449505, 1588.0 ], [ -97.526003927295037, 18.317693940891104, 1588.0 ], [ -97.526000110685899, 18.317691753813126, 1588.0 ], [ -97.5259974352699, 18.317687716967715, 1588.0 ], [ -97.525997349062095, 18.317683680122297, 1588.0 ], [ -97.526003927295037, 18.317675395414547, 1588.0 ], [ -97.526011323946648, 18.317672661519641, 1588.0 ], [ -97.52601656030636, 18.317675606431461, 1588.0 ], [ -97.526017914357112, 18.317682670910941, 1588.0 ], [ -97.526015550604711, 18.317688932441243, 1588.0 ], [ -97.526009210617616, 18.317693985449505, 1588.0 ] ] } },
{ "type": "Feature", "properties": { "FID": 776, "elev": 1602.0, "elevation": 1602.0, "ELEVATION": 1602.0, "is_master": false, "tipo": "Ordinaria (1m)" }, "geometry": { "type": "LineString", "coordinates": [ [ -97.524883313061196, 18.317692763024482, 1602.0 ], [ -97.524885818232377, 18.317689735390417, 1602.0 ], [ -97.524884122091095, 18.317687716967715, 1602.0 ], [ -97.524873296264104, 18.317683498806357, 1602.0 ], [ -97.524869069606041, 18.317684541556272, 1602.0 ], [ -97.524869069606041, 18.317688771292818, 1602.0 ], [ -97.524878579586684, 18.317690646142132, 1602.0 ], [ -97.524880692915701, 18.317693611679481, 1602.0 ], [ -97.524883313061196, 18.317692763024482, 1602.0 ] ] } },
{ "type": "Feature", "properties": { "FID": 777, "elev": 1601.0, "elevation": 1601.0, "ELEVATION": 1601.0, "is_master": false, "tipo": "Ordinaria (1m)" }, "geometry": { "type": "LineString", "coordinates": [ [ -97.525271669513785, 18.317688726179068, 1601.0 ], [ -97.525275885444273, 18.317687696476114, 1601.0 ], [ -97.525280112102337, 18.317683744934037, 1601.0 ], [ -97.525282082959748, 18.317678634065526, 1601.0 ], [ -97.525281126949054, 18.317672578797399, 1601.0 ], [ -97.525275885444273, 18.317668543976481, 1601.0 ], [ -97.525269545457192, 18.317669585041461, 1601.0 ], [ -97.525260391292164, 18.317681661699588, 1601.0 ], [ -97.525264213921787, 18.317687716967715, 1601.0 ], [ -97.525271669513785, 18.317688726179068, 1601.0 ] ] } },
{ "type": "Feature", "properties": { "FID": 778, "elev": 1589.0, "elevation": 1589.0, "ELEVATION": 1589.0, "is_master": false, "tipo": "Ordinaria (1m)" }, "geometry": { "type": "LineString", "coordinates": [ [ -97.526643748441103, 18.317687716967715, 1589.0 ], [ -97.526644728281795, 18.317685698545009, 1589.0 ], [ -97.526643209326551, 18.317683551677213, 1589.0 ], [ -97.526641095997519, 18.317684413228658, 1589.0 ], [ -97.526641052273476, 18.317687716967715, 1589.0 ], [ -97.526643748441103, 18.317687716967715, 1589.0 ] ] } },
{ "type": "Feature", "properties": { "FID": 779, "elev": 1602.0, "elevation": 1602.0, "ELEVATION": 1602.0, "is_master": false, "tipo": "Ordinaria (1m)" }, "geometry": { "type": "LineString", "coordinates": [ [ -97.525181175790991, 18.317686707756359, 1602.0 ], [ -97.525191108340209, 18.317679643276879, 1602.0 ], [ -97.525196761118096, 18.31767156958605, 1602.0 ], [ -97.525196923133421, 18.317666523529279, 1602.0 ], [ -97.525191352283088, 18.317661386902255, 1602.0 ], [ -97.525180785637943, 18.317661549817412, 1602.0 ], [ -97.525174445650848, 18.317665512369636, 1602.0 ], [ -97.52517126919453, 18.317669551163338, 1602.0 ], [ -97.525171232186935, 18.317676615642824, 1602.0 ], [ -97.525174561199776, 18.317682670910937, 1602.0 ], [ -97.525178672308911, 18.317686609528572, 1602.0 ], [ -97.525181175790991, 18.317686707756359, 1602.0 ] ] } },
{ "type": "Feature", "properties": { "FID": 780, "elev": 1602.0, "elevation": 1602.0, "ELEVATION": 1602.0, "is_master": false, "tipo": "Ordinaria (1m)" }, "geometry": { "type": "LineString", "coordinates": [ [ -97.525273843711673, 18.317672578797399, 1602.0 ], [ -97.525272141737688, 18.317672578797396, 1602.0 ], [ -97.525273772115256, 18.31767340322358, 1602.0 ], [ -97.525273843711673, 18.317672578797399, 1602.0 ] ] } },
{ "type": "Feature", "properties": { "FID": 781, "elev": 1598.0, "elevation": 1598.0, "ELEVATION": 1598.0, "is_master": false, "tipo": "Ordinaria (1m)" }, "geometry": { "type": "LineString", "coordinates": [ [ -97.525353021953862, 18.317670872749638, 1598.0 ], [ -97.525349843203429, 18.317669551163338, 1598.0 ], [ -97.525349851960328, 18.317667057412418, 1598.0 ], [ -97.525351965289346, 18.317665834325556, 1598.0 ], [ -97.525354829298962, 18.317667532740636, 1598.0 ], [ -97.525353021953862, 18.317670872749638, 1598.0 ] ] } },
{ "type": "Feature", "properties": { "FID": 782, "elev": 1598.0, "elevation": 1598.0, "ELEVATION": 1598.0, "is_master": false, "tipo": "Ordinaria (1m)" }, "geometry": { "type": "LineString", "coordinates": [ [ -97.525326605340993, 18.317665008546879, 1598.0 ], [ -97.525324410730079, 18.317662486683869, 1598.0 ], [ -97.525326605340993, 18.317660958449533, 1598.0 ], [ -97.525328290292521, 18.317663495895214, 1598.0 ], [ -97.525326605340993, 18.317665008546879, 1598.0 ] ] } },
{ "type": "Feature", "properties": { "FID": 783, "elev": 1601.0, "elevation": 1601.0, "ELEVATION": 1601.0, "is_master": false, "tipo": "Ordinaria (1m)" }, "geometry": { "type": "LineString", "coordinates": [ [ -97.525146402430309, 18.317657440627094, 1601.0 ], [ -97.525146972373463, 18.317655524403005, 1601.0 ], [ -97.525143365386455, 18.317655422204389, 1601.0 ], [ -97.525143772127763, 18.317657440627094, 1601.0 ], [ -97.525146402430309, 18.317657440627094, 1601.0 ] ] } },
{ "type": "Feature", "properties": { "FID": 784, "elev": 1599.0, "elevation": 1599.0, "ELEVATION": 1599.0, "is_master": false, "tipo": "Ordinaria (1m)" }, "geometry": { "type": "LineString", "coordinates": [ [ -97.525445183717409, 18.317654412993026, 1599.0 ], [ -97.525446508806837, 18.317652394570327, 1599.0 ], [ -97.525444951766659, 18.317650689838793, 1599.0 ], [ -97.525441781773111, 18.317651053660132, 1599.0 ], [ -97.525436425296846, 18.317647348513553, 1599.0 ], [ -97.52543470859024, 18.317651385358968, 1599.0 ], [ -97.525436448225179, 18.317653403781684, 1599.0 ], [ -97.525445183717409, 18.317654412993026, 1599.0 ] ] } },
{ "type": "Feature", "properties": { "FID": 785, "elev": 1599.0, "elevation": 1599.0, "ELEVATION": 1599.0, "is_master": false, "tipo": "Ordinaria (1m)" }, "geometry": { "type": "LineString", "coordinates": [ [ -97.52554909566966, 18.317640284034074, 1599.0 ], [ -97.525553893081664, 18.317638265611372, 1599.0 ], [ -97.525561321012773, 18.317629182709194, 1599.0 ], [ -97.525561867208765, 18.317621109018354, 1599.0 ], [ -97.525559002315717, 18.317613035327522, 1599.0 ], [ -97.525551674882664, 18.31760376211691, 1599.0 ], [ -97.525543221566551, 18.317598837305546, 1599.0 ], [ -97.52553159825689, 18.31759769876524, 1599.0 ], [ -97.525525258269795, 18.317600009800902, 1599.0 ], [ -97.525517899506553, 18.317605970848046, 1599.0 ], [ -97.525513417766447, 18.317613035327525, 1599.0 ], [ -97.525512340731694, 18.317620099807002, 1599.0 ], [ -97.525513605432579, 18.317627164286478, 1599.0 ], [ -97.525519880391116, 18.317634228765957, 1599.0 ], [ -97.525529484927858, 18.317639443024618, 1599.0 ], [ -97.525540051573003, 18.317641118298056, 1599.0 ], [ -97.52554909566966, 18.317640284034074, 1599.0 ] ] } },
{ "type": "Feature", "properties": { "FID": 786, "elev": 1598.0, "elevation": 1598.0, "ELEVATION": 1598.0, "is_master": false, "tipo": "Ordinaria (1m)" }, "geometry": { "type": "LineString", "coordinates": [ [ -97.525248412166889, 18.31764039210951, 1598.0 ], [ -97.525245165524112, 18.317640284034077, 1598.0 ], [ -97.525243128844323, 18.317633083342024, 1598.0 ], [ -97.525245242173341, 18.31763205768943, 1598.0 ], [ -97.525248412166889, 18.317633121094957, 1598.0 ], [ -97.525252198548074, 18.317636247188656, 1598.0 ], [ -97.525251582160436, 18.317638731401225, 1598.0 ], [ -97.525248412166889, 18.31764039210951, 1598.0 ] ] } },
{ "type": "Feature", "properties": { "FID": 787, "elev": 1600.0, "elevation": 1600.0, "ELEVATION": 1600.0, "is_master": true, "tipo": "Maestra (5m)" }, "geometry": { "type": "LineString", "coordinates": [ [ -97.525547859149697, 18.317633219554597, 1600.0 ], [ -97.52555273154718, 18.317631287267538, 1600.0 ], [ -97.525557712720357, 18.317626155075121, 1600.0 ], [ -97.525558442853708, 18.317623127441067, 1600.0 ], [ -97.525556817274122, 18.317618081384289, 1600.0 ], [ -97.525550618218148, 18.317613143039175, 1600.0 ], [ -97.525542164902035, 18.317609759740662, 1600.0 ], [ -97.52553582491494, 18.31760979878965, 1600.0 ], [ -97.52553159825689, 18.317611987300346, 1600.0 ], [ -97.525528730478086, 18.317619090595645, 1600.0 ], [ -97.525531586534768, 18.317627164286478, 1600.0 ], [ -97.525538994908487, 18.317632351566772, 1600.0 ], [ -97.525547859149697, 18.317633219554597, 1600.0 ] ] } },
{ "type": "Feature", "properties": { "FID": 788, "elev": 1598.0, "elevation": 1598.0, "ELEVATION": 1598.0, "is_master": false, "tipo": "Ordinaria (1m)" }, "geometry": { "type": "LineString", "coordinates": [ [ -97.525243128844323, 18.317628802186867, 1598.0 ], [ -97.525242072179807, 18.317625623911255, 1598.0 ], [ -97.525243148412173, 18.317627164286478, 1598.0 ], [ -97.525243128844323, 18.317628802186867, 1598.0 ] ] } },
{ "type": "Feature", "properties": { "FID": 789, "elev": 1601.0, "elevation": 1601.0, "ELEVATION": 1601.0, "is_master": false, "tipo": "Ordinaria (1m)" }, "geometry": { "type": "LineString", "coordinates": [ [ -97.525553803589347, 18.317625145863765, 1601.0 ], [ -97.525556745541294, 18.31762312744106, 1601.0 ], [ -97.525555901540727, 18.317621252680453, 1601.0 ], [ -97.525548504889116, 18.317620023031271, 1601.0 ], [ -97.525546808875703, 18.317622118229703, 1601.0 ], [ -97.52554916530444, 18.317625145863765, 1601.0 ], [ -97.525553803589347, 18.317625145863765, 1601.0 ] ] } },
{ "type": "Feature", "properties": { "FID": 790, "elev": 1598.0, "elevation": 1598.0, "ELEVATION": 1598.0, "is_master": false, "tipo": "Ordinaria (1m)" }, "geometry": { "type": "LineString", "coordinates": [ [ -97.525230448870133, 18.31762063282736, 1598.0 ], [ -97.525228503646829, 18.317619090595638, 1598.0 ], [ -97.525230448870133, 18.317617107693838, 1598.0 ], [ -97.525232062254915, 18.317619090595642, 1598.0 ], [ -97.525230448870133, 18.31762063282736, 1598.0 ] ] } },
{ "type": "Feature", "properties": { "FID": 791, "elev": 1587.0, "elevation": 1587.0, "ELEVATION": 1587.0, "is_master": false, "tipo": "Ordinaria (1m)" }, "geometry": { "type": "LineString", "coordinates": [ [ -97.526431326259413, 18.317615053750227, 1587.0 ], [ -97.526435135564995, 18.317610007693457, 1587.0 ], [ -97.526435855541351, 18.31760496163669, 1587.0 ], [ -97.526433970540523, 18.317597897157217, 1587.0 ], [ -97.526429763094541, 18.317594563848555, 1587.0 ], [ -97.526423341015985, 18.317599915579919, 1587.0 ], [ -97.526421623018891, 18.31760496163669, 1587.0 ], [ -97.526427217493662, 18.317614044538875, 1587.0 ], [ -97.526431326259413, 18.317615053750227, 1587.0 ] ] } },
{ "type": "Feature", "properties": { "FID": 792, "elev": 1598.0, "elevation": 1598.0, "ELEVATION": 1598.0, "is_master": false, "tipo": "Ordinaria (1m)" }, "geometry": { "type": "LineString", "coordinates": [ [ -97.525403088014116, 18.31760496163669, 1598.0 ], [ -97.525405218817752, 18.317601934002628, 1598.0 ], [ -97.525403741850582, 18.317598788435205, 1598.0 ], [ -97.525399040588965, 18.317602943213984, 1598.0 ], [ -97.525400467628231, 18.31760496163669, 1598.0 ], [ -97.525403088014116, 18.31760496163669, 1598.0 ] ] } },
{ "type": "Feature", "properties": { "FID": 793, "elev": 1596.0, "elevation": 1596.0, "ELEVATION": 1596.0, "is_master": false, "tipo": "Ordinaria (1m)" }, "geometry": { "type": "LineString", "coordinates": [ [ -97.525453780476752, 18.31756661160524, 1596.0 ], [ -97.525448121760206, 18.317572533174424, 1596.0 ], [ -97.525440725108609, 18.317574939541839, 1596.0 ], [ -97.525432271792482, 18.31757377416664, 1596.0 ], [ -97.525428563284692, 18.317570648450651, 1596.0 ] ] } },
{ "type": "Feature", "properties": { "FID": 794, "elev": 1589.0, "elevation": 1589.0, "ELEVATION": 1589.0, "is_master": false, "tipo": "Ordinaria (1m)" }, "geometry": { "type": "LineString", "coordinates": [ [ -97.52571545788247, 18.317582795909267, 1589.0 ], [ -97.525714386743104, 18.317581749775538, 1589.0 ], [ -97.525715974474011, 18.317581749775542, 1589.0 ], [ -97.52571545788247, 18.317582795909267, 1589.0 ] ] } },
{ "type": "Feature", "properties": { "FID": 795, "elev": 1587.0, "elevation": 1587.0, "ELEVATION": 1587.0, "is_master": false, "tipo": "Ordinaria (1m)" }, "geometry": { "type": "LineString", "coordinates": [ [ -97.525779084974687, 18.317516151037541, 1587.0 ], [ -97.525777285518245, 18.317522206305664, 1587.0 ], [ -97.525780483983155, 18.31753532605326, 1587.0 ], [ -97.525776159772406, 18.317541381321391, 1587.0 ], [ -97.525779072757061, 18.317546427378165, 1587.0 ], [ -97.525778937501642, 18.317549455012223, 1587.0 ], [ -97.525768291108221, 18.317557605075805, 1587.0 ], [ -97.525755611134045, 18.317561846162519, 1587.0 ], [ -97.525747157817918, 18.317561789817663, 1587.0 ], [ -97.525740817830837, 18.317559687606188, 1587.0 ], [ -97.525723911198597, 18.31754099152019, 1587.0 ], [ -97.525712287888936, 18.31753341299477, 1587.0 ], [ -97.525701721243777, 18.317531641297407, 1587.0 ], [ -97.525684814611537, 18.317534532140336, 1587.0 ], [ -97.525678529161979, 18.317531289207849, 1587.0 ] ] } },
{ "type": "Feature", "properties": { "FID": 796, "elev": 1586.0, "elevation": 1586.0, "ELEVATION": 1586.0, "is_master": false, "tipo": "Ordinaria (1m)" }, "geometry": { "type": "LineString", "coordinates": [ [ -97.525771178770967, 18.31751716024889, 1586.0 ], [ -97.525775688482582, 18.317531289207849, 1586.0 ], [ -97.525775245457751, 18.317535326053267, 1586.0 ], [ -97.525768330629134, 18.3175433997441, 1586.0 ], [ -97.52576634446838, 18.317548445800863, 1586.0 ], [ -97.525758781127593, 18.31755257095228, 1586.0 ], [ -97.525751384475981, 18.317552651137685, 1586.0 ], [ -97.525743987824384, 18.317548628188458, 1586.0 ], [ -97.52572732192418, 18.317530279996497, 1586.0 ], [ -97.525719314371443, 18.317525233939726, 1586.0 ] ] } },
{ "type": "Feature", "properties": { "FID": 797, "elev": 1588.0, "elevation": 1588.0, "ELEVATION": 1588.0, "is_master": false, "tipo": "Ordinaria (1m)" }, "geometry": { "type": "LineString", "coordinates": [ [ -97.526038797224032, 18.317553529409693, 1588.0 ], [ -97.526033374480448, 18.317553491857641, 1588.0 ], [ -97.526031254825597, 18.317550464223572, 1588.0 ], [ -97.526031576683181, 18.317547436589518, 1588.0 ], [ -97.526033513901453, 18.317546613694105, 1588.0 ], [ -97.526036683895001, 18.317551371236309, 1588.0 ], [ -97.526040910553064, 18.317550609695481, 1588.0 ], [ -97.526041224068905, 18.317552482646285, 1588.0 ], [ -97.526038797224032, 18.317553529409693, 1588.0 ] ] } },
{ "type": "Feature", "properties": { "FID": 798, "elev": 1588.0, "elevation": 1588.0, "ELEVATION": 1588.0, "is_master": false, "tipo": "Ordinaria (1m)" }, "geometry": { "type": "LineString", "coordinates": [ [ -97.526017663933743, 18.317548543709435, 1588.0 ], [ -97.526014717809787, 18.317546427378161, 1588.0 ], [ -97.526019777262761, 18.31754294862197, 1588.0 ], [ -97.526020998069342, 18.31754440895546, 1588.0 ], [ -97.526017663933743, 18.317548543709435, 1588.0 ] ] } },
{ "type": "Feature", "properties": { "FID": 799, "elev": 1587.0, "elevation": 1587.0, "ELEVATION": 1587.0, "is_master": false, "tipo": "Ordinaria (1m)" }, "geometry": { "type": "LineString", "coordinates": [ [ -97.526133897030377, 18.317537885875819, 1587.0 ], [ -97.526131361035539, 18.317537344475973, 1587.0 ], [ -97.526130527495027, 18.317534316841915, 1587.0 ], [ -97.526131783701345, 18.317531536254378, 1587.0 ], [ -97.526134953694893, 18.317530821300771, 1587.0 ], [ -97.526137447423139, 18.317534316841915, 1587.0 ], [ -97.526133897030377, 18.317537885875819, 1587.0 ] ] } },
{ "type": "Feature", "properties": { "FID": 800, "elev": 1585.0, "elevation": 1585.0, "ELEVATION": 1585.0, "is_master": true, "tipo": "Maestra (5m)" }, "geometry": { "type": "LineString", "coordinates": [ [ -97.525757724463077, 18.317537587915716, 1585.0 ], [ -97.525752441140497, 18.317536233789991, 1585.0 ], [ -97.525750765853445, 18.317533307630566, 1585.0 ], [ -97.525751225620652, 18.3175302799965, 1585.0 ], [ -97.525759837792108, 18.317524188596121, 1585.0 ], [ -97.525764064450158, 18.317523580314521, 1585.0 ], [ -97.525766323115235, 18.317527252362435, 1585.0 ], [ -97.52576089445661, 18.317535411398833, 1585.0 ], [ -97.525757724463077, 18.317537587915716, 1585.0 ] ] } },
{ "type": "Feature", "properties": { "FID": 801, "elev": 1587.0, "elevation": 1587.0, "ELEVATION": 1587.0, "is_master": false, "tipo": "Ordinaria (1m)" }, "geometry": { "type": "LineString", "coordinates": [ [ -97.526351628624028, 18.317526243151082, 1587.0 ], [ -97.52635156992045, 18.317526041308813, 1587.0 ], [ -97.526351452513282, 18.317526243151082, 1587.0 ], [ -97.526351628624028, 18.317526243151082, 1587.0 ] ] } },
{ "type": "Feature", "properties": { "FID": 802, "elev": 1588.0, "elevation": 1588.0, "ELEVATION": 1588.0, "is_master": false, "tipo": "Ordinaria (1m)" }, "geometry": { "type": "LineString", "coordinates": [ [ -97.526042478506866, 18.31751716024889, 1588.0 ], [ -97.526045174287077, 18.317516151037548, 1588.0 ], [ -97.52604588968434, 18.317513123403479, 1588.0 ], [ -97.526040165097967, 18.317503031289938, 1588.0 ], [ -97.52604115145067, 18.317495966810466, 1588.0 ], [ -97.526039939896123, 18.317492939176404, 1588.0 ], [ -97.526027173914372, 18.317484916228047, 1588.0 ], [ -97.526024984270677, 18.317486883908277, 1588.0 ], [ -97.526025091893914, 18.3174929391764, 1588.0 ], [ -97.526022828593455, 18.317494957599113, 1588.0 ], [ -97.526023167394754, 18.317496976021815, 1588.0 ], [ -97.526028230578888, 18.317497403452514, 1588.0 ], [ -97.526029457444395, 18.317500003655873, 1588.0 ], [ -97.526028230578888, 18.317501875284211, 1588.0 ], [ -97.526022947256308, 18.317503188278376, 1588.0 ], [ -97.526025887540172, 18.317512114192127, 1588.0 ], [ -97.526028230578888, 18.317515222563095, 1588.0 ], [ -97.526032482853054, 18.317514132614836, 1588.0 ], [ -97.526032457236951, 18.317511056923088, 1588.0 ], [ -97.526027403624042, 18.317507068135356, 1588.0 ], [ -97.526028230578888, 18.317504995160689, 1588.0 ], [ -97.526030343907919, 18.317504586299275, 1588.0 ], [ -97.526038692603791, 18.317510095769414, 1588.0 ], [ -97.526040582771415, 18.317516151037541, 1588.0 ], [ -97.526042478506866, 18.31751716024889, 1588.0 ] ] } },
{ "type": "Feature", "properties": { "FID": 803, "elev": 1588.0, "elevation": 1588.0, "ELEVATION": 1588.0, "is_master": false, "tipo": "Ordinaria (1m)" }, "geometry": { "type": "LineString", "coordinates": [ [ -97.526017148081763, 18.31750101286724, 1588.0 ], [ -97.5260208339093, 18.317498994444538, 1588.0 ], [ -97.526019336985883, 18.317496976021815, 1588.0 ], [ -97.526019765522051, 18.317491929965048, 1588.0 ], [ -97.526016607269227, 18.31748841919789, 1588.0 ], [ -97.526014293126124, 18.317488902330982, 1588.0 ], [ -97.526011870602574, 18.317493948387767, 1588.0 ], [ -97.52601343727568, 18.317500859956429, 1588.0 ], [ -97.526017148081763, 18.31750101286724, 1588.0 ] ] } },
{ "type": "Feature", "properties": { "FID": 804, "elev": 1586.0, "elevation": 1586.0, "ELEVATION": 1586.0, "is_master": false, "tipo": "Ordinaria (1m)" }, "geometry": { "type": "LineString", "coordinates": [ [ -97.526374816539771, 18.317465747865754, 1586.0 ], [ -97.526369533217192, 18.317465737409915, 1586.0 ], [ -97.526367944145889, 18.317460644413075, 1586.0 ], [ -97.526368309886351, 18.317455598356304, 1586.0 ], [ -97.526372601608387, 18.317445506242777, 1586.0 ], [ -97.526376929868803, 18.317441438815191, 1586.0 ], [ -97.526386439849432, 18.317441348894501, 1586.0 ], [ -97.526391598858538, 18.317446515454119, 1586.0 ], [ -97.526391752937201, 18.317457616779009, 1586.0 ], [ -97.526387496513948, 18.317462169199796, 1586.0 ], [ -97.526377986533319, 18.317461961826702, 1586.0 ], [ -97.526374816539771, 18.317465747865754, 1586.0 ] ] } },
{ "type": "Feature", "properties": { "FID": 805, "elev": 1601.0, "elevation": 1601.0, "ELEVATION": 1601.0, "is_master": false, "tipo": "Ordinaria (1m)" }, "geometry": { "type": "LineString", "coordinates": [ [ -97.527101801726019, 18.317453769160732, 1601.0 ], [ -97.527095461738924, 18.317448634082208, 1601.0 ], [ -97.527094807090222, 18.317445506242773, 1601.0 ], [ -97.52709651840344, 18.317440258343726, 1601.0 ], [ -97.527100745061503, 18.317437710955073, 1601.0 ], [ -97.527103915055051, 18.317438320284147, 1601.0 ], [ -97.527108199454347, 18.317442478608708, 1601.0 ], [ -97.527107085048598, 18.317450831443093, 1601.0 ], [ -97.527101801726019, 18.317453769160732, 1601.0 ] ] } }
]
}
