{
"type": "FeatureCollection",
"name": "lugar_02_curvas",
"crs": { "type": "name", "properties": { "name": "urn:ogc:def:crs:OGC:1.3:CRS84" } },
"features": [
{ "type": "Feature", "properties": { "FID": 0, "elev": 2102.0, "elevation": 2102.0, "ELEVATION": 2102.0, "is_master": false, "tipo": "Ordinaria (1m)" }, "geometry": { "type": "LineString", "coordinates": [ [ -97.745755884128656, 18.484549309195433, 2102.0 ], [ -97.745756624833092, 18.484551782824958, 2102.0 ], [ -97.745759124731507, 18.484552621110517, 2102.0 ], [ -97.745762365340539, 18.484550717141797, 2102.0 ], [ -97.745762234670821, 18.484548690788053, 2102.0 ] ] } },
{ "type": "Feature", "properties": { "FID": 1, "elev": 2095.0, "elevation": 2095.0, "ELEVATION": 2095.0, "is_master": true, "tipo": "Maestra (5m)" }, "geometry": { "type": "LineString", "coordinates": [ [ -97.746151238425639, 18.484540277870973, 2095.0 ], [ -97.746147847527482, 18.484540033084716, 2095.0 ], [ -97.74614616895802, 18.484538177862575, 2095.0 ], [ -97.746146236937705, 18.48453632264043, 2095.0 ], [ -97.74615253466925, 18.484530182738578, 2095.0 ], [ -97.746155127156484, 18.484528248459959, 2095.0 ], [ -97.746156423400109, 18.484528359067831, 2095.0 ], [ -97.746157914080271, 18.484533230603525, 2095.0 ], [ -97.746157092429073, 18.48453632264043, 2095.0 ], [ -97.746151238425639, 18.484540277870973, 2095.0 ] ] } },
{ "type": "Feature", "properties": { "FID": 2, "elev": 2085.0, "elevation": 2085.0, "ELEVATION": 2085.0, "is_master": true, "tipo": "Maestra (5m)" }, "geometry": { "type": "LineString", "coordinates": [ [ -97.746794895145825, 18.48447757393923, 2085.0 ], [ -97.746792879016041, 18.484480156362647, 2085.0 ], [ -97.746790934650619, 18.484479738365064, 2085.0 ], [ -97.746789626404748, 18.48447757393923, 2085.0 ] ] } },
{ "type": "Feature", "properties": { "FID": 3, "elev": 2127.0, "elevation": 2127.0, "ELEVATION": 2127.0, "is_master": false, "tipo": "Ordinaria (1m)" }, "geometry": { "type": "LineString", "coordinates": [ [ -97.741662897683582, 18.486675393771527, 2127.0 ], [ -97.741643551247591, 18.486668591293792, 2127.0 ], [ -97.74162994068962, 18.486661853904657, 2127.0 ], [ -97.741609848913555, 18.486650084876857, 2127.0 ], [ -97.741578739066739, 18.486628394834206, 2127.0 ], [ -97.741564480386955, 18.48662200460096, 2127.0 ], [ -97.741555406681641, 18.486621402050179, 2127.0 ], [ -97.741537907392811, 18.486624829873897, 2127.0 ], [ -97.741511982520464, 18.486626686828274, 2127.0 ], [ -97.741498371962493, 18.486626061728174, 2127.0 ], [ -97.741486705769944, 18.486623481907483, 2127.0 ], [ -97.741482168917287, 18.486621018093949, 2127.0 ], [ -97.741478280186428, 18.486616757508031, 2127.0 ], [ -97.741473112728769, 18.486605513737466, 2127.0 ], [ -97.741466873242601, 18.486597474441513, 2127.0 ], [ -97.741465965872067, 18.486593820789739, 2127.0 ], [ -97.741463373384832, 18.486594662620451, 2127.0 ], [ -97.741458980559244, 18.486590053552938, 2127.0 ], [ -97.74145624404494, 18.486588657719135, 2127.0 ], [ -97.741450868446407, 18.486589435145557, 2127.0 ], [ -97.741449114705048, 18.486596873454058, 2127.0 ], [ -97.741443281608767, 18.486599423996985, 2127.0 ], [ -97.741436800390687, 18.486600710773473, 2127.0 ], [ -97.741423837954514, 18.4866025820284, 2127.0 ], [ -97.741406986787496, 18.486602598388384, 2127.0 ], [ -97.741371340088023, 18.486597891194311, 2127.0 ], [ -97.741349952068347, 18.486599152975831, 2127.0 ], [ -97.741330508414094, 18.486602303908679, 2127.0 ], [ -97.741314953490686, 18.486606056200081, 2127.0 ], [ -97.741283195522072, 18.486619256123713, 2127.0 ], [ -97.741269584964101, 18.486623550619413, 2127.0 ], [ -97.741261807502397, 18.486624849274914, 2127.0 ], [ -97.741246252578989, 18.486624564674528, 2127.0 ] ] } },
{ "type": "Feature", "properties": { "FID": 4, "elev": 2126.0, "elevation": 2126.0, "ELEVATION": 2126.0, "is_master": false, "tipo": "Ordinaria (1m)" }, "geometry": { "type": "LineString", "coordinates": [ [ -97.741872986367795, 18.486651373526936, 2126.0 ], [ -97.741868298789143, 18.486640144550805, 2126.0 ], [ -97.741865116317271, 18.486628394810566, 2126.0 ], [ -97.741862418381643, 18.486604276922705, 2126.0 ], [ -97.741863082256415, 18.486590053552938, 2126.0 ], [ -97.741864426690128, 18.486582632664366, 2126.0 ], [ -97.741870879971927, 18.486565317257696, 2126.0 ], [ -97.741882773007106, 18.486546765036266, 2126.0 ], [ -97.74189696687472, 18.486530892580152, 2126.0 ], [ -97.741912521798113, 18.486517699879897, 2126.0 ], [ -97.741946224132164, 18.486494288752787, 2126.0 ], [ -97.741963723383819, 18.486480595446491, 2126.0 ], [ -97.74197603769818, 18.486468845706252, 2126.0 ], [ -97.741988501616277, 18.486453385521724, 2126.0 ], [ -97.741998721982128, 18.486435451707674, 2126.0 ], [ -97.742005959358835, 18.486414425856719, 2126.0 ], [ -97.742008659866372, 18.486395255227904, 2126.0 ], [ -97.742008623859604, 18.486381650265521, 2126.0 ], [ -97.742007338206221, 18.486371137340043, 2126.0 ], [ -97.742001436008721, 18.486350729896468, 2126.0 ], [ -97.7419922407434, 18.486334032897179, 2126.0 ], [ -97.741983815159884, 18.486322283156941, 2126.0 ], [ -97.741968908381935, 18.486304967750268, 2126.0 ], [ -97.741950112846496, 18.486280849862407, 2126.0 ], [ -97.741929372915592, 18.486251166308119, 2126.0 ], [ -97.741912521798113, 18.48623508776349, 2126.0 ], [ -97.741900855605564, 18.486227578483724, 2126.0 ], [ -97.741888541291203, 18.486221963737346, 2126.0 ], [ -97.741824377232163, 18.486199962176965, 2126.0 ], [ -97.741755028198654, 18.486172504889247, 2126.0 ], [ -97.741697993479505, 18.486156055252909, 2126.0 ], [ -97.741685031043332, 18.486151107993862, 2126.0 ], [ -97.741666883632703, 18.48614232662678, 2126.0 ], [ -97.741646143734826, 18.486128567044823, 2126.0 ], [ -97.741629292567808, 18.486113261482405, 2126.0 ], [ -97.741616978239932, 18.486097801277612, 2126.0 ], [ -97.741603916106229, 18.486073683389751, 2126.0 ], [ -97.741594849523125, 18.486045855057604, 2126.0 ], [ -97.741591562619675, 18.486028539650935, 2126.0 ], [ -97.741590189218698, 18.486014934688551, 2126.0 ], [ -97.741591571878558, 18.485989579985926, 2126.0 ], [ -97.74159415510691, 18.485976593430927, 2126.0 ], [ -97.741598090132172, 18.485963606875924, 2126.0 ], [ -97.741609848903636, 18.485937633765918, 2126.0 ], [ -97.741615682000543, 18.485927739247821, 2126.0 ], [ -97.741627348193092, 18.485911660655916, 2126.0 ], [ -97.74163966250849, 18.485897437286148, 2126.0 ], [ -97.74165208485141, 18.485885069138529, 2126.0 ], [ -97.741692808505036, 18.485850283723344, 2126.0 ], [ -97.741701298900736, 18.485840543807093, 2126.0 ], [ -97.741707208080868, 18.485830649288996, 2126.0 ], [ -97.741709798555306, 18.48582322840042, 2126.0 ], [ -97.74171025143545, 18.485815189104468, 2126.0 ], [ -97.741709134167891, 18.485805912993751, 2126.0 ], [ -97.741702353571668, 18.485780558291129, 2126.0 ], [ -97.741703056344065, 18.48576386129184, 2126.0 ], [ -97.741705084694587, 18.485755821995888, 2126.0 ], [ -97.741709011547769, 18.485747164292551, 2126.0 ], [ -97.741714775204912, 18.485738506589215, 2126.0 ], [ -97.741721541905221, 18.485731085700642, 2126.0 ], [ -97.741728455204509, 18.485726174818499, 2126.0 ], [ -97.741736232666213, 18.48572293564516, 2126.0 ], [ -97.741745306371527, 18.485721040759131, 2126.0 ], [ -97.741753083833231, 18.485720876144825, 2126.0 ], [ -97.741762157538545, 18.48572166823967, 2126.0 ], [ -97.741769286878437, 18.485723579186434, 2126.0 ], [ -97.741776416218329, 18.485726745180912, 2126.0 ], [ -97.741783545558235, 18.485731649138479, 2126.0 ], [ -97.741790130475806, 18.485738506589215, 2126.0 ], [ -97.741796452441093, 18.485748401107312, 2126.0 ], [ -97.741802401852098, 18.485762006069695, 2126.0 ], [ -97.741812062924268, 18.485790452809226, 2126.0 ], [ -97.741817896026461, 18.485799728919943, 2126.0 ], [ -97.74182891408482, 18.485809658775604, 2126.0 ], [ -97.741854838957167, 18.485825753563894, 2126.0 ], [ -97.741863912662481, 18.485832425228139, 2126.0 ], [ -97.741878197267141, 18.485847346288285, 2126.0 ], [ -97.741881433921534, 18.485852911954712, 2126.0 ], [ -97.74188351644095, 18.485859714435904, 2126.0 ], [ -97.741883235548698, 18.485873937805668, 2126.0 ], [ -97.74188582954956, 18.485879503472098, 2126.0 ], [ -97.741890485656626, 18.485885782024816, 2126.0 ], [ -97.741907336823644, 18.485902481550276, 2126.0 ], [ -97.741918354894395, 18.485910423836085, 2126.0 ], [ -97.741928724843333, 18.485913673511313, 2126.0 ], [ -97.741941039157695, 18.485913070049481, 2126.0 ], [ -97.741946872253962, 18.485910901701402, 2126.0 ], [ -97.741953353472056, 18.485906786150675, 2126.0 ], [ -97.741976037735355, 18.48588506913423, 2126.0 ], [ -97.741997425755031, 18.485871464171712, 2126.0 ], [ -97.742022702505565, 18.485860856111071, 2126.0 ], [ -97.742041498038006, 18.485855894860904, 2126.0 ], [ -97.742055756717789, 18.485853530326633, 2126.0 ], [ -97.742061697834373, 18.485850438325187, 2126.0 ], [ -97.742065478470593, 18.485846727880901, 2126.0 ], [ -97.742070663489656, 18.485838688584948, 2126.0 ], [ -97.74209330727507, 18.485792926438751, 2126.0 ], [ -97.742108902696174, 18.485770045365651, 2126.0 ], [ -97.742123161375972, 18.485753966773743, 2126.0 ], [ -97.742135425844708, 18.485742835440885, 2126.0 ], [ -97.742150382501833, 18.485731665457564, 2126.0 ], [ -97.742162696816195, 18.48572428321236, 2126.0 ], [ -97.742171770521509, 18.485719954361031, 2126.0 ], [ -97.742184732957682, 18.485715573982169, 2126.0 ], [ -97.742207417220982, 18.485711816126649, 2126.0 ], [ -97.742228157118845, 18.485711760469986, 2126.0 ], [ -97.742276118132679, 18.48571582340648, 2126.0 ], [ -97.742304635492246, 18.485715191546024, 2126.0 ], [ -97.742346763409799, 18.485711414889391, 2126.0 ], [ -97.742361022089597, 18.485708242683383, 2126.0 ], [ -97.742369447673099, 18.485705000152933, 2126.0 ], [ -97.74237657701299, 18.485700893678061, 2126.0 ], [ -97.74238244172497, 18.485695836479923, 2126.0 ], [ -97.742392167943166, 18.485684086739681, 2126.0 ], [ -97.742407632849648, 18.485662442481345, 2126.0 ], [ -97.742422593661402, 18.485646951376449, 2126.0 ], [ -97.742438796706608, 18.485633936845876, 2126.0 ], [ -97.742501016400226, 18.485588851991178, 2126.0 ], [ -97.742519055790567, 18.485573391818473, 2126.0 ], [ -97.742552897760604, 18.485539379412515, 2126.0 ], [ -97.742591753448281, 18.485493617266314, 2126.0 ], [ -97.742602058590165, 18.485484341155601, 2126.0 ], [ -97.742608604620429, 18.485479960769982, 2126.0 ], [ -97.742613789594898, 18.485477401250545, 2126.0 ], [ -97.742622863300227, 18.485474965301758, 2126.0 ], [ -97.742697397308191, 18.485472776937574, 2126.0 ], [ -97.742729803398618, 18.485470263798689, 2126.0 ], [ -97.74275443202734, 18.485467165108339, 2126.0 ], [ -97.742779708777874, 18.485462785241175, 2126.0 ], [ -97.742803689284784, 18.485457294926903, 2126.0 ], [ -97.742825077304474, 18.485451034120562, 2126.0 ], [ -97.742845169080539, 18.48544362764671, 2126.0 ], [ -97.74286396461298, 18.485434891052655, 2126.0 ], [ -97.742876927049153, 18.485427483353892, 2126.0 ], [ -97.742892481972547, 18.485416948493452, 2126.0 ], [ -97.742910629383189, 18.485402804142407, 2126.0 ], [ -97.742924888062973, 18.485389793538229, 2126.0 ], [ -97.742933995879966, 18.485379830308201, 2126.0 ], [ -97.742963186169845, 18.485340870643192, 2126.0 ], [ -97.742970256589572, 18.48533406815675, 2126.0 ], [ -97.742978682173089, 18.485327790390102, 2126.0 ], [ -97.742998125827341, 18.485317343677941, 2126.0 ], [ -97.743040253744894, 18.485299475404499, 2126.0 ], [ -97.743129046432657, 18.485258505177352, 2126.0 ], [ -97.743154323183177, 18.485251034909957, 2126.0 ], [ -97.74318348866457, 18.485247320670208, 2126.0 ], [ -97.743237282774672, 18.485248301588015, 2126.0 ], [ -97.743281355057647, 18.485247677395936, 2126.0 ], [ -97.743329316071481, 18.485244828832471, 2126.0 ], [ -97.74341162754115, 18.485242104999848, 2126.0 ], [ -97.743484865305518, 18.48523528226778, 2126.0 ], [ -97.743581435454971, 18.485221038016729, 2126.0 ], [ -97.743665043168278, 18.48520678243267, 2126.0 ], [ -97.74371494854752, 18.485195632729809, 2126.0 ], [ -97.743735040323585, 18.485189407215387, 2126.0 ], [ -97.743750595246993, 18.485183291432591, 2126.0 ], [ -97.743778464484762, 18.485168903918666, 2126.0 ], [ -97.743802444991672, 18.48515224377141, 2126.0 ], [ -97.743823197723643, 18.485134322577917, 2126.0 ], [ -97.743864016562028, 18.485093507690767, 2126.0 ], [ -97.743882163974121, 18.485077362840926, 2126.0 ], [ -97.743905496359218, 18.48506008656906, 2126.0 ], [ -97.743968364174648, 18.485016865257474, 2126.0 ], [ -97.743987807828901, 18.485001441494994, 2126.0 ], [ -97.744006024188664, 18.48498404958432, 2126.0 ], [ -97.744019004537392, 18.484968589399795, 2126.0 ], [ -97.74403186930985, 18.484950655585742, 2126.0 ], [ -97.744040385289296, 18.484936432215978, 2126.0 ], [ -97.744061019668393, 18.484896854143589, 2126.0 ], [ -97.744072063662429, 18.484879538736919, 2126.0 ], [ -97.744084355103482, 18.48486284173763, 2126.0 ], [ -97.744111582686173, 18.484832539775958, 2126.0 ], [ -97.744171874418797, 18.484774409482139, 2126.0 ], [ -97.744197214264545, 18.484745344335231, 2126.0 ], [ -97.744219867052038, 18.484710713521892, 2126.0 ], [ -97.744252627313557, 18.484652583228069, 2126.0 ] ] } },
{ "type": "Feature", "properties": { "FID": 5, "elev": 2127.0, "elevation": 2127.0, "ELEVATION": 2127.0, "is_master": false, "tipo": "Ordinaria (1m)" }, "geometry": { "type": "LineString", "coordinates": [ [ -97.741195699077934, 18.486283941828397, 2127.0 ], [ -97.741225512606789, 18.486236324530971, 2127.0 ], [ -97.74123653067754, 18.486216535494776, 2127.0 ], [ -97.741243336030848, 18.486197983273346, 2127.0 ], [ -97.741246414609449, 18.486178812644532, 2127.0 ], [ -97.741249104314946, 18.486144800238574, 2127.0 ], [ -97.741251048680368, 18.486089143574279, 2127.0 ], [ -97.74125100547225, 18.486029776465696, 2127.0 ], [ -97.741248412985016, 18.485942581024968, 2127.0 ], [ -97.741243822122215, 18.485849819917807, 2127.0 ], [ -97.741239915387979, 18.485821991585659, 2127.0 ], [ -97.741234716010794, 18.485797255290418, 2127.0 ], [ -97.741230616640365, 18.485783031920654, 2127.0 ], [ -97.741229864356114, 18.485773137402557, 2127.0 ], [ -97.741230589635279, 18.485762624477079, 2127.0 ], [ -97.741233197553996, 18.485751493144218, 2127.0 ], [ -97.741243166284661, 18.485724901626831, 2127.0 ], [ -97.741248283360662, 18.485708204627546, 2127.0 ], [ -97.741249358162662, 18.485698928516829, 2127.0 ], [ -97.741249037751089, 18.485687178776587, 2127.0 ], [ -97.741247000411846, 18.48567728425849, 2127.0 ], [ -97.741242363840712, 18.485666152925631, 2127.0 ], [ -97.741235832774535, 18.485656876814915, 2127.0 ], [ -97.741228753290159, 18.485650038996159, 2127.0 ], [ -97.741219679584844, 18.485643936067866, 2127.0 ], [ -97.741211254001328, 18.485640089865463, 2127.0 ], [ -97.741192458468888, 18.485634557065438, 2127.0 ], [ -97.741166533596541, 18.485628525214985, 2127.0 ], [ -97.741149682429523, 18.485621735815489, 2127.0 ], [ -97.741142553084842, 18.485616061927765, 2127.0 ], [ -97.741137999181134, 18.485609259446573, 2127.0 ], [ -97.741135916885895, 18.485603075372765, 2127.0 ], [ -97.74113525254775, 18.485591944039903, 2127.0 ], [ -97.741136592910649, 18.485584523151331, 2127.0 ], [ -97.741139424225736, 18.485577102262759, 2127.0 ], [ -97.741148328575079, 18.485564115707756, 2127.0 ], [ -97.741163292987508, 18.485551046083106, 2127.0 ], [ -97.741190514103465, 18.485531991071699, 2127.0 ], [ -97.741199541514362, 18.485524537635367, 2127.0 ], [ -97.741205435149496, 18.485518353561559, 2127.0 ], [ -97.741211350416151, 18.485509695858223, 2127.0 ], [ -97.741215320965679, 18.485498564525365, 2127.0 ], [ -97.741216399524902, 18.485484959562982, 2127.0 ], [ -97.741215255449021, 18.48547382823012, 2127.0 ], [ -97.741207887134792, 18.485454039193929, 2127.0 ], [ -97.741205909344686, 18.485445999897973, 2127.0 ], [ -97.74120597016082, 18.48543301334297, 2127.0 ], [ -97.741208649285383, 18.485423737232257, 2127.0 ], [ -97.74121708709437, 18.485405185010823, 2127.0 ], [ -97.741228070134738, 18.485389106418918, 2127.0 ], [ -97.741245604457177, 18.485371087307296, 2127.0 ], [ -97.741259863136975, 18.485361278080859, 2127.0 ], [ -97.741272177451336, 18.485356772547277, 2127.0 ], [ -97.741279954913026, 18.485356387046572, 2127.0 ], [ -97.741289676740152, 18.485357511423629, 2127.0 ], [ -97.741316897856109, 18.48536692269882, 2127.0 ], [ -97.74135060019016, 18.485375371265505, 2127.0 ], [ -97.741359025773662, 18.485379153925127, 2127.0 ], [ -97.741366803235366, 18.485384777562182, 2127.0 ], [ -97.741372020615927, 18.485390961641059, 2127.0 ], [ -97.741376590973189, 18.485400237751776, 2127.0 ], [ -97.741392177204176, 18.485447236712737, 2127.0 ], [ -97.741393192594998, 18.48546084167512, 2127.0 ], [ -97.741391245769705, 18.485475683452265, 2127.0 ], [ -97.741391268260529, 18.485488670007268, 2127.0 ], [ -97.741392621274443, 18.48549670930322, 2127.0 ], [ -97.741395167092406, 18.485504130191792, 2127.0 ], [ -97.741399857447604, 18.485511591411282, 2127.0 ], [ -97.741410227396543, 18.485520787293833, 2127.0 ], [ -97.741422541710904, 18.485526991939661, 2127.0 ], [ -97.741442633486969, 18.485533837530983, 2127.0 ], [ -97.741465317750254, 18.485538312356642, 2127.0 ], [ -97.741498371962493, 18.485538577154291, 2127.0 ], [ -97.741511982520464, 18.485540764107302, 2127.0 ], [ -97.741522352469403, 18.485540165305228, 2127.0 ], [ -97.741533370540154, 18.485536202078038, 2127.0 ], [ -97.741542444245468, 18.485529709769828, 2127.0 ], [ -97.741550287174022, 18.485520208783701, 2127.0 ], [ -97.741552942829273, 18.485512169487748, 2127.0 ], [ -97.741555998445037, 18.485492998858934, 2127.0 ], [ -97.741559241402342, 18.485484959562982, 2127.0 ], [ -97.741563152527647, 18.48547877548917, 2127.0 ], [ -97.741573554092284, 18.485469443159602, 2127.0 ], [ -97.741589109015678, 18.485462638001323, 2127.0 ], [ -97.741602071451851, 18.4854600609358, 2127.0 ], [ -97.741616330131635, 18.485460076027884, 2127.0 ], [ -97.741625403836963, 18.485461382781576, 2127.0 ], [ -97.741637070029512, 18.485465033102923, 2127.0 ], [ -97.741657161805577, 18.485475086369277, 2127.0 ], [ -97.741668827998126, 18.485483655893365, 2127.0 ], [ -97.741680570440309, 18.485494854081079, 2127.0 ], [ -97.74168700555397, 18.485504748599176, 2127.0 ], [ -97.741690981979943, 18.485515879932034, 2127.0 ], [ -97.741694274257441, 18.485538142597751, 2127.0 ], [ -97.741694545471489, 18.485595036076809, 2127.0 ], [ -97.741695844444038, 18.485632140519673, 2127.0 ], [ -97.741698479570857, 18.485646982296821, 2127.0 ], [ -97.741703178453974, 18.485655816687977, 2127.0 ], [ -97.741709011550256, 18.485660652354717, 2127.0 ], [ -97.74171678901196, 18.485663782364004, 2127.0 ], [ -97.741778360583766, 18.485674764821013, 2127.0 ], [ -97.741795211750784, 18.485680250089807, 2127.0 ], [ -97.741808822308755, 18.485687256077512, 2127.0 ], [ -97.741831506572055, 18.485702020548842, 2127.0 ], [ -97.74185036691668, 18.48571809914564, 2127.0 ], [ -97.741861320183503, 18.485730467293262, 2127.0 ], [ -97.7418788195384, 18.485755203588504, 2127.0 ], [ -97.741885300682156, 18.485761387520501, 2127.0 ], [ -97.741893726265673, 18.485757883353823, 2127.0 ], [ -97.741903448092799, 18.485750874595023, 2127.0 ], [ -97.741923539850276, 18.485730467293262, 2127.0 ], [ -97.741944927888539, 18.485714388665894, 2127.0 ], [ -97.741957890324713, 18.485702793562961, 2127.0 ], [ -97.741967652659454, 18.485690889220873, 2127.0 ], [ -97.7419799264662, 18.48566980152918, 2127.0 ], [ -97.741993537024172, 18.485656838164456, 2127.0 ], [ -97.742007147582157, 18.485648141810657, 2127.0 ], [ -97.742022054383753, 18.485640303497103, 2127.0 ], [ -97.742063534179493, 18.485622245988683, 2127.0 ], [ -97.742094644026309, 18.485606913763405, 2127.0 ], [ -97.74213742006566, 18.485581431111342, 2127.0 ], [ -97.742147790014599, 18.48557648385254, 2127.0 ], [ -97.742160752450772, 18.485572084995329, 2127.0 ], [ -97.742171770521509, 18.485569591424021, 2127.0 ], [ -97.742195751028433, 18.485567659657747, 2127.0 ], [ -97.742209361586404, 18.485568888199502, 2127.0 ], [ -97.742237230824173, 18.48557543731981, 2127.0 ], [ -97.742256674478426, 18.48557848042778, 2127.0 ], [ -97.742284543716195, 18.485579150737209, 2127.0 ], [ -97.742300098639589, 18.485577221954511, 2127.0 ], [ -97.742322782902889, 18.485571556544954, 2127.0 ], [ -97.742343522800766, 18.485564265624699, 2127.0 ], [ -97.742372040160333, 18.485548655520336, 2127.0 ], [ -97.742390187570976, 18.485540459171432, 2127.0 ], [ -97.742405094372572, 18.485536210074685, 2127.0 ], [ -97.742427778635872, 18.485532725807172, 2127.0 ], [ -97.742438148584796, 18.485530158271342, 2127.0 ], [ -97.742450462899157, 18.485525774443683, 2127.0 ], [ -97.742464721578955, 18.485518971962186, 2127.0 ], [ -97.742475739649691, 18.485512251942065, 2127.0 ], [ -97.74248610959863, 18.485504249116289, 2127.0 ], [ -97.742496525841986, 18.485494235673695, 2127.0 ], [ -97.74250749761049, 18.485480630711312, 2127.0 ], [ -97.742514644961588, 18.485468880971073, 2127.0 ], [ -97.74252308134713, 18.485450947157023, 2127.0 ], [ -97.742527022287788, 18.485439197416781, 2127.0 ], [ -97.742531441089696, 18.485419408380587, 2127.0 ], [ -97.742536141440681, 18.485407658640348, 2127.0 ], [ -97.742541848074154, 18.485398926301638, 2127.0 ], [ -97.742547681170436, 18.485393341335286, 2127.0 ], [ -97.742554162388515, 18.485389679259438, 2127.0 ], [ -97.742559995484797, 18.485387781260243, 2127.0 ], [ -97.742569717311923, 18.485386457492812, 2127.0 ], [ -97.742585272235331, 18.485387712381939, 2127.0 ], [ -97.742600827158739, 18.485392725729483, 2127.0 ], [ -97.742626752031072, 18.485403455262642, 2127.0 ], [ -97.742648788172559, 18.485410171533832, 2127.0 ], [ -97.742675361166704, 18.48541588253552, 2127.0 ], [ -97.742698045430004, 18.485418356165045, 2127.0 ], [ -97.742728507155007, 18.485418345765087, 2127.0 ], [ -97.742766098219903, 18.485413944243728, 2127.0 ], [ -97.74279461557947, 18.485407158024849, 2127.0 ], [ -97.742824429182662, 18.485396055640841, 2127.0 ], [ -97.742839335984257, 18.485388446784377, 2127.0 ], [ -97.742853594664041, 18.485379335582294, 2127.0 ], [ -97.742865908978402, 18.485369244628913, 2127.0 ], [ -97.742875060458346, 18.485359422864626, 2127.0 ], [ -97.742882739891613, 18.485348291531764, 2127.0 ], [ -97.742888704637636, 18.485336541791526, 2127.0 ], [ -97.742893307661987, 18.485323555236523, 2127.0 ], [ -97.742898282662736, 18.485301910978187, 2127.0 ], [ -97.742905444406574, 18.485287069201039, 2127.0 ], [ -97.742916462479471, 18.485274134179988, 2127.0 ], [ -97.742923591819363, 18.485269082380643, 2127.0 ], [ -97.742933313646489, 18.485264702225642, 2127.0 ], [ -97.742943683595428, 18.485262218634869, 2127.0 ], [ -97.742951461057132, 18.485261762068216, 2127.0 ], [ -97.742987755878403, 18.485264621013108, 2127.0 ], [ -97.743000070192764, 18.485264373650157, 2127.0 ], [ -97.743015625116172, 18.485262497814432, 2127.0 ], [ -97.74303895750127, 18.485257538586211, 2127.0 ], [ -97.743088214758714, 18.485243129729227, 2127.0 ], [ -97.743121917092765, 18.485234385974973, 2127.0 ], [ -97.743139416381581, 18.485230661054359, 2127.0 ], [ -97.743162748766693, 18.485227550202925, 2127.0 ], [ -97.743195802978931, 18.485226161061163, 2127.0 ], [ -97.743244412114564, 18.485227063409425, 2127.0 ], [ -97.743288484397539, 18.485226649410233, 2127.0 ], [ -97.743394128252319, 18.485223560434378, 2127.0 ], [ -97.743445977996998, 18.485220458831538, 2127.0 ], [ -97.743495235254443, 18.485215468810278, 2127.0 ], [ -97.743582731698595, 18.485203131330504, 2127.0 ], [ -97.743653376975715, 18.485190685033245, 2127.0 ], [ -97.743701986111361, 18.48517888226532, 2127.0 ], [ -97.743722726009224, 18.485172123241011, 2127.0 ], [ -97.743738929054444, 18.485165395371325, 2127.0 ], [ -97.743765502048589, 18.485150967317427, 2127.0 ], [ -97.743786241946466, 18.485136177796978, 2127.0 ], [ -97.743807214503448, 18.485117625578628, 2127.0 ], [ -97.743843276665601, 18.485081132893605, 2127.0 ], [ -97.743864016563478, 18.485061984374518, 2127.0 ], [ -97.743883460217731, 18.48504650872836, 2127.0 ], [ -97.743950864885818, 18.484997730129827, 2127.0 ], [ -97.743970956661883, 18.48497983724419, 2127.0 ], [ -97.743981375835261, 18.484965497362889, 2127.0 ], [ -97.743989752191922, 18.484946945141456, 2127.0 ], [ -97.743994235036837, 18.484939524252884, 2127.0 ], [ -97.74401121358629, 18.484919116809309, 2127.0 ], [ -97.744028567489295, 18.484894998921447, 2127.0 ], [ -97.744042165523183, 18.484882630773825, 2127.0 ], [ -97.744046255570368, 18.484877683514778, 2127.0 ], [ -97.744054418025087, 18.484854802441678, 2127.0 ], [ -97.744064834019539, 18.484838723849769, 2127.0 ], [ -97.744080489245533, 18.48482079003572, 2127.0 ], [ -97.744095280630162, 18.484806566665956, 2127.0 ], [ -97.744154375133675, 18.484756392099523, 2127.0 ], [ -97.744173915043646, 18.484736068224514, 2127.0 ], [ -97.744185496764516, 18.48472122644737, 2127.0 ], [ -97.744196475274592, 18.484704529448081, 2127.0 ], [ -97.744206838433669, 18.484685977226647, 2127.0 ], [ -97.744221835812297, 18.484655056857594, 2127.0 ] ] } },
{ "type": "Feature", "properties": { "FID": 6, "elev": 2126.0, "elevation": 2126.0, "ELEVATION": 2126.0, "is_master": false, "tipo": "Ordinaria (1m)" }, "geometry": { "type": "LineString", "coordinates": [ [ -97.741672068607173, 18.486613632827922, 2126.0 ], [ -97.741668682501398, 18.486613553033418, 2126.0 ], [ -97.741666132891609, 18.486611079403897, 2126.0 ], [ -97.741666186410754, 18.486607987366991, 2126.0 ], [ -97.741663045404849, 18.486606132144846, 2126.0 ], [ -97.741662093167164, 18.486604276922705, 2126.0 ], [ -97.741662379186124, 18.486603040107941, 2126.0 ], [ -97.741667531754501, 18.486599633626604, 2126.0 ], [ -97.741670772363548, 18.486600049035506, 2126.0 ], [ -97.741674126831825, 18.486604276922705, 2126.0 ], [ -97.741674012974912, 18.486611697811277, 2126.0 ], [ -97.741672068607173, 18.486613632827922, 2126.0 ] ] } },
{ "type": "Feature", "properties": { "FID": 7, "elev": 2126.0, "elevation": 2126.0, "ELEVATION": 2126.0, "is_master": false, "tipo": "Ordinaria (1m)" }, "geometry": { "type": "LineString", "coordinates": [ [ -97.74165392119653, 18.486606563156052, 2126.0 ], [ -97.741651472736365, 18.486605513737466, 2126.0 ], [ -97.741651888950187, 18.486601184885799, 2126.0 ], [ -97.741657161805577, 18.486598615296508, 2126.0 ], [ -97.74166111067143, 18.486599329663655, 2126.0 ], [ -97.741661593338435, 18.48660180329318, 2126.0 ], [ -97.74165392119653, 18.486606563156052, 2126.0 ] ] } },
{ "type": "Feature", "properties": { "FID": 8, "elev": 2127.0, "elevation": 2127.0, "ELEVATION": 2127.0, "is_master": false, "tipo": "Ordinaria (1m)" }, "geometry": { "type": "LineString", "coordinates": [ [ -97.741567332122912, 18.486588816738177, 2127.0 ], [ -97.741580035310363, 18.486582715118683, 2127.0 ], [ -97.741585944656265, 18.486578303812699, 2127.0 ], [ -97.741590541705989, 18.486573356553652, 2127.0 ], [ -97.741594417441917, 18.486566554072461, 2127.0 ], [ -97.741596994497684, 18.486559133183885, 2127.0 ], [ -97.741596988812404, 18.486550475480552, 2127.0 ], [ -97.741592997746537, 18.486545419090788, 2127.0 ], [ -97.741579387188551, 18.486541119575335, 2127.0 ], [ -97.741575481623372, 18.486537488925549, 2127.0 ], [ -97.741574701342373, 18.48652017351888, 2127.0 ], [ -97.741579539687805, 18.486509660593402, 2127.0 ], [ -97.74157957236622, 18.486501621297446, 2127.0 ], [ -97.741568453655432, 18.48646204322506, 2127.0 ], [ -97.741555543128342, 18.486429267633863, 2127.0 ], [ -97.741547067514375, 18.486410715412433, 2127.0 ], [ -97.741537777768443, 18.486397110450049, 2127.0 ], [ -97.741528303406014, 18.486387215931952, 2127.0 ], [ -97.741514575007699, 18.486377321437494, 2127.0 ], [ -97.741503556936962, 18.486371755771064, 2127.0 ], [ -97.741487353891742, 18.486366653886531, 2127.0 ], [ -97.741475039577381, 18.48636505633413, 2127.0 ], [ -97.741460132775785, 18.486365958178226, 2127.0 ], [ -97.741448466583236, 18.486369900560742, 2127.0 ], [ -97.741437448562039, 18.486378558228616, 2127.0 ], [ -97.741429671087957, 18.486391544783618, 2127.0 ], [ -97.741426376431605, 18.486402057709096, 2127.0 ], [ -97.741424386365281, 18.486414425856719, 2127.0 ], [ -97.741424032391052, 18.486424938782196, 2127.0 ], [ -97.741425041609304, 18.486434214892913, 2127.0 ], [ -97.741429022947571, 18.486447201447913, 2127.0 ], [ -97.741437448531073, 18.486463898447202, 2127.0 ], [ -97.741447124045209, 18.486476266594824, 2127.0 ], [ -97.741465350156346, 18.486494200408874, 2127.0 ], [ -97.741479057932594, 18.486522647148405, 2127.0 ], [ -97.741483465160897, 18.486524044465845, 2127.0 ], [ -97.741488002013554, 18.486523921300972, 2127.0 ], [ -97.741491242622601, 18.486519473153894, 2127.0 ], [ -97.74149642759707, 18.486518874863378, 2127.0 ], [ -97.74150290881515, 18.486522597675812, 2127.0 ], [ -97.741506797552191, 18.486528212814832, 2127.0 ], [ -97.741508186378454, 18.486531923259118, 2127.0 ], [ -97.741508845610923, 18.48653872574031, 2127.0 ], [ -97.741504853195437, 18.486552949110077, 2127.0 ], [ -97.74150161257154, 18.486556092680928, 2127.0 ], [ -97.741493835109836, 18.486557685847462, 2127.0 ], [ -97.741491242622601, 18.486559842899741, 2127.0 ], [ -97.741489298257179, 18.486560016623002, 2127.0 ], [ -97.741489298257179, 18.486561423581595, 2127.0 ], [ -97.741495779475258, 18.486564383336347, 2127.0 ], [ -97.741500316327915, 18.486563598085176, 2127.0 ], [ -97.74150230390147, 18.486565317257696, 2127.0 ], [ -97.741502154443864, 18.486570882924127, 2127.0 ], [ -97.741505501302385, 18.486572970049039, 2127.0 ], [ -97.74152040810398, 18.486567060042134, 2127.0 ], [ -97.74152796952508, 18.486567172479841, 2127.0 ], [ -97.74153453715941, 18.486574593368413, 2127.0 ], [ -97.741551517950782, 18.486586343080283, 2127.0 ], [ -97.741559943534298, 18.486589346801647, 2127.0 ], [ -97.741567332122912, 18.486588816738177, 2127.0 ] ] } },
{ "type": "Feature", "properties": { "FID": 9, "elev": 2127.0, "elevation": 2127.0, "ELEVATION": 2127.0, "is_master": false, "tipo": "Ordinaria (1m)" }, "geometry": { "type": "LineString", "coordinates": [ [ -97.741493078967721, 18.486576448590554, 2127.0 ], [ -97.741497188202828, 18.486572738146268, 2127.0 ], [ -97.74149642759707, 18.486570560276796, 2127.0 ], [ -97.74149017409745, 18.486571501331508, 2127.0 ], [ -97.741489946378977, 18.486573530480726, 2127.0 ], [ -97.741493078967721, 18.486576448590554, 2127.0 ] ] } },
{ "type": "Feature", "properties": { "FID": 10, "elev": 2126.0, "elevation": 2126.0, "ELEVATION": 2126.0, "is_master": false, "tipo": "Ordinaria (1m)" }, "geometry": { "type": "LineString", "coordinates": [ [ -97.741337637753986, 18.486566610291312, 2126.0 ], [ -97.741331804657705, 18.486563159703056, 2126.0 ], [ -97.741327267805048, 18.486563977375038, 2126.0 ], [ -97.741316897856109, 18.48656026244954, 2126.0 ], [ -97.741290972983776, 18.486560475259481, 2126.0 ], [ -97.741283843643885, 18.486558367536652, 2126.0 ], [ -97.741278010547603, 18.486554895948128, 2126.0 ], [ -97.74127224946487, 18.486548001851027, 2126.0 ], [ -97.741269759458433, 18.48653872574031, 2126.0 ], [ -97.741270719177265, 18.486526976000071, 2126.0 ], [ -97.741275361701952, 18.486518318296735, 2126.0 ], [ -97.741279306791228, 18.486514731533926, 2126.0 ], [ -97.741285788009307, 18.486511430517975, 2126.0 ], [ -97.741292269227387, 18.486510129083843, 2126.0 ], [ -97.74129875044548, 18.486510124398936, 2126.0 ], [ -97.741314953490686, 18.486514504784552, 2126.0 ], [ -97.741327267805048, 18.486521410326887, 2126.0 ], [ -97.741335045266752, 18.48652880545524, 2126.0 ], [ -97.741336252114252, 18.486533778481263, 2126.0 ], [ -97.741340982525458, 18.486542436184596, 2126.0 ], [ -97.74134166957667, 18.486555422739599, 2126.0 ], [ -97.741340977229072, 18.486557277961744, 2126.0 ], [ -97.741338893718847, 18.486558514776505, 2126.0 ], [ -97.741338923627652, 18.486559751591269, 2126.0 ], [ -97.741341526484831, 18.48655992579053, 2126.0 ], [ -97.741342822728456, 18.486560777242534, 2126.0 ], [ -97.741342909484914, 18.486562225220791, 2126.0 ], [ -97.741341526484831, 18.486564789128767, 2126.0 ], [ -97.741337637753986, 18.486566610291312, 2126.0 ] ] } },
{ "type": "Feature", "properties": { "FID": 11, "elev": 2127.0, "elevation": 2127.0, "ELEVATION": 2127.0, "is_master": false, "tipo": "Ordinaria (1m)" }, "geometry": { "type": "LineString", "coordinates": [ [ -97.741476564569879, 18.486564080442935, 2127.0 ], [ -97.741475887121297, 18.486564080442935, 2127.0 ], [ -97.741476335821005, 18.486564269109593, 2127.0 ], [ -97.741476564569879, 18.486564080442935, 2127.0 ] ] } },
{ "type": "Feature", "properties": { "FID": 12, "elev": 2127.0, "elevation": 2127.0, "ELEVATION": 2127.0, "is_master": false, "tipo": "Ordinaria (1m)" }, "geometry": { "type": "LineString", "coordinates": [ [ -97.74149405115044, 18.486551712295313, 2127.0 ], [ -97.741494788230142, 18.486548620258407, 2127.0 ], [ -97.741493835109836, 18.486545382713885, 2127.0 ], [ -97.741490405465257, 18.486548620258407, 2127.0 ], [ -97.741490363028717, 18.486551093887932, 2127.0 ], [ -97.74149405115044, 18.486551712295313, 2127.0 ] ] } },
{ "type": "Feature", "properties": { "FID": 13, "elev": 2127.0, "elevation": 2127.0, "ELEVATION": 2127.0, "is_master": false, "tipo": "Ordinaria (1m)" }, "geometry": { "type": "LineString", "coordinates": [ [ -97.741744432816049, 18.48641566267148, 2127.0 ], [ -97.741746116523785, 18.486413807449338, 2127.0 ], [ -97.741745655360191, 18.486411333819813, 2127.0 ], [ -97.741743362006105, 18.486409760678228, 2127.0 ], [ -97.741741417640682, 18.486409993937155, 2127.0 ], [ -97.741739473275246, 18.48641146463676, 2127.0 ], [ -97.741739394531479, 18.486413189041954, 2127.0 ], [ -97.741741417640682, 18.486415662666225, 2127.0 ], [ -97.741744432816049, 18.48641566267148, 2127.0 ] ] } },
{ "type": "Feature", "properties": { "FID": 14, "elev": 2128.0, "elevation": 2128.0, "ELEVATION": 2128.0, "is_master": false, "tipo": "Ordinaria (1m)" }, "geometry": { "type": "LineString", "coordinates": [ [ -97.741094024969215, 18.485406421825587, 2128.0 ], [ -97.741106165679525, 18.485386632789393, 2128.0 ], [ -97.741136071871551, 18.485345879742979, 2128.0 ], [ -97.741141256834581, 18.485337160198906, 2128.0 ], [ -97.741144482382452, 18.485327884088189, 2128.0 ], [ -97.741146787485448, 18.485324792051287, 2128.0 ], [ -97.741149682429523, 18.485323091430988, 2128.0 ], [ -97.741153571160382, 18.485323588967834, 2128.0 ], [ -97.741160700500274, 18.485329141178603, 2128.0 ], [ -97.741164589231118, 18.485329875841835, 2128.0 ], [ -97.741167829840165, 18.485328372304544, 2128.0 ], [ -97.741171586921268, 18.485322936829142, 2128.0 ], [ -97.741174959180057, 18.485321374536809, 2128.0 ], [ -97.741176255423667, 18.485319544422939, 2128.0 ], [ -97.741177387931259, 18.485306858237234, 2128.0 ], [ -97.741182709062102, 18.48529201646009, 2128.0 ], [ -97.741203487164583, 18.485255530424606, 2128.0 ], [ -97.741208702883569, 18.485241925462223, 2128.0 ], [ -97.741215021209342, 18.485220281203887, 2128.0 ], [ -97.741224169665827, 18.485204202611978, 2128.0 ], [ -97.741263665451584, 18.485155966836256, 2128.0 ], [ -97.741281899278462, 18.485135471048768, 2128.0 ], [ -97.741296157958246, 18.485123912720336, 2128.0 ], [ -97.74130393541995, 18.485120633287256, 2128.0 ], [ -97.741313009125264, 18.485118774049479, 2128.0 ], [ -97.741329860292282, 18.485118707791546, 2128.0 ], [ -97.741339582119409, 18.485121198599053, 2128.0 ], [ -97.741349952081862, 18.485126283281964, 2128.0 ], [ -97.74136161826965, 18.485135559392681, 2128.0 ], [ -97.741373343373624, 18.485149164355064, 2128.0 ], [ -97.741395239579717, 18.485182558353642, 2128.0 ], [ -97.741410819159924, 18.485203584204598, 2128.0 ], [ -97.741429671050795, 18.485224455453707, 2128.0 ], [ -97.741464021506644, 18.485256654801663, 2128.0 ], [ -97.741480872673662, 18.485274701046666, 2128.0 ], [ -97.741494548043818, 18.48529201646009, 2128.0 ], [ -97.741526197992144, 18.485337160198906, 2128.0 ], [ -97.741537259285863, 18.485350765161289, 2128.0 ], [ -97.741555406681641, 18.485368195087844, 2128.0 ], [ -97.741572257848659, 18.485379211892475, 2128.0 ], [ -97.741594942111959, 18.485389236609944, 2128.0 ], [ -97.7416137376444, 18.485394760429259, 2128.0 ], [ -97.741624107593339, 18.485395661537154, 2128.0 ], [ -97.741637070029512, 18.485393920482529, 2128.0 ], [ -97.741645495613014, 18.485393899076119, 2128.0 ], [ -97.741651976831108, 18.485395184203959, 2128.0 ], [ -97.741674012972595, 18.485405961615442, 2128.0 ], [ -97.741692160383238, 18.485413287733177, 2128.0 ], [ -97.741727807082697, 18.485423673259078, 2128.0 ], [ -97.741743362006105, 18.485429185106803, 2128.0 ], [ -97.741771879365672, 18.485443010928964, 2128.0 ], [ -97.741781601192798, 18.485446669839302, 2128.0 ], [ -97.74178873053269, 18.485448020028752, 2128.0 ], [ -97.741815303526849, 18.485447693796452, 2128.0 ], [ -97.741832154693867, 18.485451519756449, 2128.0 ], [ -97.741860672053434, 18.485463315300471, 2128.0 ], [ -97.741876226976842, 18.485471863877265, 2128.0 ], [ -97.74189307814386, 18.485483142991299, 2128.0 ], [ -97.741900855605564, 18.485486889743594, 2128.0 ], [ -97.741909281189081, 18.485489433922268, 2128.0 ], [ -97.74192094738163, 18.485490282283653, 2128.0 ], [ -97.741933909817803, 18.485488773075165, 2128.0 ], [ -97.741948168497586, 18.485484442120072, 2128.0 ], [ -97.741970852760886, 18.485474960391326, 2128.0 ], [ -97.741983815197045, 18.48547180435142, 2128.0 ], [ -97.742005851338533, 18.485471186638097, 2128.0 ], [ -97.742022702505565, 18.485474395103555, 2128.0 ], [ -97.742035664941724, 18.485479950463194, 2128.0 ], [ -97.742046034890663, 18.485487410704962, 2128.0 ], [ -97.742073228426975, 18.485520208783701, 2128.0 ], [ -97.742080385346512, 18.485527056514215, 2128.0 ], [ -97.74208945905184, 18.485532069837269, 2128.0 ], [ -97.742099180878967, 18.485533990433908, 2128.0 ], [ -97.742108254584281, 18.48553398144978, 2128.0 ], [ -97.742116680167797, 18.485532632146267, 2128.0 ], [ -97.742132235091191, 18.485526516538989, 2128.0 ], [ -97.74216345765484, 18.485506603821317, 2128.0 ], [ -97.742172456768131, 18.485498564525365, 2128.0 ], [ -97.742179647694257, 18.485488670007268, 2128.0 ], [ -97.742179677607581, 18.485483722748217, 2128.0 ], [ -97.742176955495978, 18.485481249136424, 2128.0 ], [ -97.742151030623646, 18.485474513492356, 2128.0 ], [ -97.742143901283754, 18.485471354602307, 2128.0 ], [ -97.742139347375257, 18.485467644156312, 2128.0 ], [ -97.74213534607587, 18.485459604860356, 2128.0 ], [ -97.742134575880641, 18.485451565564404, 2128.0 ], [ -97.742135419341821, 18.485442907861067, 2128.0 ], [ -97.742138956354395, 18.485436723787259, 2128.0 ], [ -97.742143901283754, 18.485433609398278, 2128.0 ], [ -97.742149734380021, 18.485433518020258, 2128.0 ], [ -97.742162048694382, 18.485441709354728, 2128.0 ], [ -97.742173714886945, 18.485442874041915, 2128.0 ], [ -97.74218278859226, 18.485448516176284, 2128.0 ], [ -97.742187325444917, 18.485448547736382, 2128.0 ], [ -97.742191214175762, 18.485445752535021, 2128.0 ], [ -97.742202880368325, 18.485433631747775, 2128.0 ], [ -97.742211954073639, 18.485428066079489, 2128.0 ], [ -97.742215842804484, 18.485424395536889, 2128.0 ], [ -97.742216977017648, 18.48541446112154, 2128.0 ], [ -97.742220497497485, 18.485407040232968, 2128.0 ], [ -97.742220454440442, 18.485403948196062, 2128.0 ], [ -97.742216490926296, 18.485399603487796, 2128.0 ], [ -97.742207417220982, 18.485396433962979, 2128.0 ], [ -97.742190566053964, 18.485392656654035, 2128.0 ], [ -97.742183436714072, 18.485392302945343, 2128.0 ], [ -97.742173066765133, 18.485388951817072, 2128.0 ], [ -97.742154271232678, 18.485388641019547, 2128.0 ], [ -97.742142605040129, 18.485384325822849, 2128.0 ], [ -97.742140012552895, 18.485385008439337, 2128.0 ], [ -97.742136771943848, 18.485383769294344, 2128.0 ], [ -97.742134827578425, 18.48538415358863, 2128.0 ], [ -97.742128994482158, 18.485390935874086, 2128.0 ], [ -97.742123161385877, 18.485393563216938, 2128.0 ], [ -97.742110847071515, 18.485393953186765, 2128.0 ], [ -97.742102421487999, 18.485392260775946, 2128.0 ], [ -97.74207195976301, 18.485377931739745, 2128.0 ], [ -97.742060941692259, 18.485374093766048, 2128.0 ], [ -97.742053155921312, 18.485368698975339, 2128.0 ], [ -97.742051069773765, 18.485364988531053, 2128.0 ], [ -97.742050614320675, 18.485361896494148, 2128.0 ], [ -97.742051115445506, 18.485356949235101, 2128.0 ], [ -97.742052472316743, 18.485354475605575, 2128.0 ], [ -97.742058349205024, 18.485350037162728, 2128.0 ], [ -97.742067422910353, 18.485346891229995, 2128.0 ], [ -97.742112143315126, 18.48534099545936, 2128.0 ], [ -97.742125753873111, 18.485337225986925, 2128.0 ], [ -97.742144549405552, 18.485330219009516, 2128.0 ], [ -97.742163344938007, 18.48532707603588, 2128.0 ], [ -97.742189917932151, 18.485328358936716, 2128.0 ], [ -97.742204824733747, 18.485332257111814, 2128.0 ], [ -97.742230101484282, 18.485354493274357, 2128.0 ], [ -97.742251489503957, 18.485366206020586, 2128.0 ], [ -97.742255378240756, 18.485369317382723, 2128.0 ], [ -97.742259778640772, 18.485375501456531, 2128.0 ], [ -97.742260329885426, 18.485378593493436, 2128.0 ], [ -97.74225914792288, 18.485386014382012, 2128.0 ], [ -97.742263731804783, 18.485390961641059, 2128.0 ], [ -97.742266396305553, 18.485391502747518, 2128.0 ], [ -97.742267692549163, 18.485390528755893, 2128.0 ], [ -97.742268340670975, 18.485384777565251, 2128.0 ], [ -97.742270285036398, 18.485385121126903, 2128.0 ], [ -97.74227333502138, 18.485387869604153, 2128.0 ], [ -97.742270049355739, 18.485394053677965, 2128.0 ], [ -97.742270161584628, 18.48539652730749, 2128.0 ], [ -97.742276910281561, 18.485408895455109, 2128.0 ], [ -97.742276884094821, 18.485419408380587, 2128.0 ], [ -97.742272877530723, 18.485426210861778, 2128.0 ], [ -97.742263115188891, 18.485434868565115, 2128.0 ], [ -97.742259112650942, 18.485442907861067, 2128.0 ], [ -97.742259812752451, 18.485452802379164, 2128.0 ], [ -97.742262507589572, 18.485458986452976, 2128.0 ], [ -97.742266396305553, 18.485463972362485, 2128.0 ], [ -97.742276118132679, 18.48547021752896, 2128.0 ], [ -97.742281951228961, 18.485472103199005, 2128.0 ], [ -97.742291024934275, 18.485473402216147, 2128.0 ], [ -97.742307227979481, 18.485473665491337, 2128.0 ], [ -97.742325375390124, 18.485476006500896, 2128.0 ], [ -97.742340930313532, 18.485473684831309, 2128.0 ], [ -97.742356485236925, 18.485473290484574, 2128.0 ], [ -97.742360373967784, 18.485472724344049, 2128.0 ], [ -97.742366207064066, 18.485469455206498, 2128.0 ], [ -97.742377873256615, 18.485468353062334, 2128.0 ], [ -97.742381229372512, 18.485465788934167, 2128.0 ], [ -97.742381919638717, 18.485461460082501, 2128.0 ], [ -97.74238029177431, 18.485454657601309, 2128.0 ], [ -97.742378521378427, 18.485452793790174, 2128.0 ], [ -97.74237526806111, 18.485451565564404, 2128.0 ], [ -97.7423731532391, 18.485448473527498, 2128.0 ], [ -97.742374632647568, 18.485445272359879, 2128.0 ], [ -97.742379896983891, 18.485442289453687, 2128.0 ], [ -97.742379340532366, 18.485432394935589, 2128.0 ], [ -97.742376611733803, 18.485425592454398, 2128.0 ], [ -97.742366207064066, 18.485407296125675, 2128.0 ], [ -97.742365693616918, 18.485403948196062, 2128.0 ], [ -97.742366086647991, 18.485393435270584, 2128.0 ], [ -97.742370864752985, 18.485381067122962, 2128.0 ], [ -97.742370899465953, 18.485371172604864, 2128.0 ], [ -97.742367590891703, 18.485360659679387, 2128.0 ], [ -97.74236305647193, 18.485350765161289, 2128.0 ], [ -97.742349907490066, 18.485331594532479, 2128.0 ], [ -97.74234729000878, 18.485325410458668, 2128.0 ], [ -97.742348042597584, 18.48531551594057, 2128.0 ], [ -97.742349959320791, 18.485312423903665, 2128.0 ], [ -97.742353244627893, 18.485309950270405, 2128.0 ], [ -97.742362318333207, 18.485309782940377, 2128.0 ], [ -97.742370743916723, 18.485312895071193, 2128.0 ], [ -97.742379817622037, 18.485310893091949, 2128.0 ], [ -97.742383058231084, 18.485311096590262, 2128.0 ], [ -97.742388243205554, 18.485313078687952, 2128.0 ], [ -97.742397316910868, 18.485318607971564, 2128.0 ], [ -97.742406390616182, 18.485320614646323, 2128.0 ], [ -97.742449166655547, 18.485322144833724, 2128.0 ], [ -97.742478980258738, 18.485325927901577, 2128.0 ], [ -97.742557402997562, 18.485344079964257, 2128.0 ], [ -97.742657213756075, 18.485360188951379, 2128.0 ], [ -97.742701934160863, 18.485364548150041, 2128.0 ], [ -97.742721377815116, 18.485364854094666, 2128.0 ], [ -97.742740821469368, 18.485363920372851, 2128.0 ], [ -97.742761561367232, 18.485360761057645, 2128.0 ], [ -97.742785541874156, 18.485354485912367, 2128.0 ], [ -97.742808874259254, 18.485345323176336, 2128.0 ], [ -97.742827021669896, 18.485334810250858, 2128.0 ], [ -97.742838687862445, 18.485325345363151, 2128.0 ], [ -97.742847819435781, 18.48531551594057, 2128.0 ], [ -97.7428859220107, 18.485260477683656, 2128.0 ], [ -97.742895989455278, 18.485248727943414, 2128.0 ], [ -97.742902851921485, 18.485243081615153, 2128.0 ], [ -97.742909333139579, 18.485239351888072, 2128.0 ], [ -97.742918406844893, 18.485235645428645, 2128.0 ], [ -97.742930073037442, 18.485232569557006, 2128.0 ], [ -97.74294692420446, 18.485230013984669, 2128.0 ], [ -97.74299099648745, 18.485229126638032, 2128.0 ], [ -97.743012384507125, 18.485227239731799, 2128.0 ], [ -97.743108954656591, 18.485210892209285, 2128.0 ], [ -97.743156267548613, 18.485205266945769, 2128.0 ], [ -97.743193210491697, 18.485204248848046, 2128.0 ], [ -97.743293669372008, 18.485205009558197, 2128.0 ], [ -97.743353944700203, 18.485203769356509, 2128.0 ], [ -97.743401257592211, 18.485202528838709, 2128.0 ], [ -97.743459588554984, 18.485198803300751, 2128.0 ], [ -97.743519863883165, 18.485192594221996, 2128.0 ], [ -97.743576898602313, 18.485185167154178, 2128.0 ], [ -97.743621619007101, 18.4851777682589, 2128.0 ], [ -97.743659210071996, 18.485169735494711, 2128.0 ], [ -97.743690319918798, 18.485161045756229, 2128.0 ], [ -97.743715596669333, 18.485151769560627, 2128.0 ], [ -97.743738280932632, 18.48514051713321, 2128.0 ], [ -97.74375902083051, 18.485127001812444, 2128.0 ], [ -97.743774575753903, 18.485114559308698, 2128.0 ], [ -97.743793371286358, 18.485096719192736, 2128.0 ], [ -97.743830283729594, 18.485057021655287, 2128.0 ], [ -97.743853646614539, 18.485034688538093, 2128.0 ], [ -97.743869201537947, 18.485021733784105, 2128.0 ], [ -97.743908088846453, 18.484992707283357, 2128.0 ], [ -97.743930773109753, 18.484973465304144, 2128.0 ], [ -97.743943159437649, 18.484959931696459, 2128.0 ], [ -97.743949603116761, 18.48494818195622, 2128.0 ], [ -97.743951304682753, 18.484937669030739, 2128.0 ], [ -97.743951315107836, 18.484914169550262, 2128.0 ], [ -97.743953941182284, 18.484898709365734, 2128.0 ], [ -97.743959938591132, 18.484890670065482, 2128.0 ], [ -97.743962531078367, 18.48488929054562, 2128.0 ], [ -97.743966419809226, 18.4848889277742, 2128.0 ], [ -97.743969444377655, 18.484886959625491, 2128.0 ], [ -97.743971086286237, 18.484883867588589, 2128.0 ], [ -97.743971100688952, 18.484881393959064, 2128.0 ], [ -97.743978700011908, 18.484873354663108, 2128.0 ], [ -97.743978946306314, 18.484868407404061, 2128.0 ], [ -97.74398067848901, 18.48486584215863, 2128.0 ], [ -97.743982622857047, 18.484865933774536, 2128.0 ], [ -97.743982008844299, 18.484870262626206, 2128.0 ], [ -97.743983270976244, 18.484871210185901, 2128.0 ], [ -97.743986511585277, 18.484870198016477, 2128.0 ], [ -97.743992992803371, 18.484877340847483, 2128.0 ], [ -97.743996409331189, 18.484875209885253, 2128.0 ], [ -97.74399817777784, 18.484872530119937, 2128.0 ], [ -97.744000122143262, 18.484872069259197, 2128.0 ], [ -97.744004010874107, 18.484874627253504, 2128.0 ], [ -97.744017621432093, 18.484877461643428, 2128.0 ], [ -97.744024750771985, 18.484875892128233, 2128.0 ], [ -97.744032528233689, 18.484876182066227, 2128.0 ], [ -97.744037065086346, 18.484874550703758, 2128.0 ], [ -97.744038445421722, 18.484872736255728, 2128.0 ], [ -97.744038485299569, 18.484867788996681, 2128.0 ], [ -97.744031231990064, 18.484860930296637, 2128.0 ], [ -97.744027176849571, 18.484860986515489, 2128.0 ], [ -97.744021510162938, 18.484867833971762, 2128.0 ], [ -97.744008547726779, 18.484869372268591, 2128.0 ], [ -97.744006603361342, 18.484868631576738, 2128.0 ], [ -97.74400568489996, 18.484866552181916, 2128.0 ], [ -97.744005823618167, 18.48486222333025, 2128.0 ], [ -97.744008677712202, 18.484856039256439, 2128.0 ], [ -97.744011902710255, 18.48484367110882, 2128.0 ], [ -97.744018917675703, 18.484834935290866, 2128.0 ], [ -97.744022220010635, 18.484835631812864, 2128.0 ], [ -97.744024750771985, 18.484838515230411, 2128.0 ], [ -97.744024140774982, 18.484836250220248, 2128.0 ], [ -97.744027547417588, 18.484831921368578, 2128.0 ], [ -97.744027019198313, 18.484826974109531, 2128.0 ], [ -97.744022093472566, 18.484823263665245, 2128.0 ], [ -97.744021510162938, 18.484819525427366, 2128.0 ], [ -97.744022806406562, 18.484818592000789, 2128.0 ], [ -97.744029935746454, 18.484818894322618, 2128.0 ], [ -97.744033824477299, 18.484821418749892, 2128.0 ], [ -97.744035768842721, 18.484821445362943, 2128.0 ], [ -97.744039009451768, 18.48481962099163, 2128.0 ], [ -97.744053916253364, 18.48480153244337, 2128.0 ], [ -97.744075304273039, 18.4847811432514, 2128.0 ], [ -97.744120672799639, 18.48474847274904, 2128.0 ], [ -97.744142060814369, 18.484730502558083, 2128.0 ], [ -97.74415772748786, 18.484713805558794, 2128.0 ], [ -97.744170016032427, 18.484697726966889, 2128.0 ], [ -97.744182354429867, 18.484677937930694, 2128.0 ], [ -97.7441926706788, 18.484656912079739, 2128.0 ] ] } },
{ "type": "Feature", "properties": { "FID": 15, "elev": 2126.0, "elevation": 2126.0, "ELEVATION": 2126.0, "is_master": false, "tipo": "Ordinaria (1m)" }, "geometry": { "type": "LineString", "coordinates": [ [ -97.741907336833563, 18.486076157019276, 2126.0 ], [ -97.741913867897253, 18.486083577907849, 2126.0 ], [ -97.741926695940279, 18.486103366944043, 2126.0 ], [ -97.741934557939601, 18.486110751455712, 2126.0 ], [ -97.741942335401305, 18.48611459103801, 2126.0 ], [ -97.741950112863009, 18.486116494046179, 2126.0 ], [ -97.741967612151839, 18.486115875638795, 2126.0 ], [ -97.741981870831623, 18.486110736298667, 2126.0 ], [ -97.741994185145984, 18.486102707309502, 2126.0 ], [ -97.742002045700232, 18.486094090833326, 2126.0 ], [ -97.742012332552378, 18.486079249056182, 2126.0 ], [ -97.742020011818056, 18.486073064982371, 2126.0 ], [ -97.742034368698114, 18.486067371996775, 2126.0 ], [ -97.742055756717789, 18.486061925060522, 2126.0 ], [ -97.742061057248861, 18.486055749575701, 2126.0 ], [ -97.742062397220053, 18.486050802316655, 2126.0 ], [ -97.742062406447545, 18.486045236650224, 2126.0 ], [ -97.742058997326836, 18.486037111064867, 2126.0 ], [ -97.742055756717789, 18.486034004352895, 2126.0 ], [ -97.742051219865132, 18.486032105155992, 2126.0 ], [ -97.742032424332692, 18.486032694792662, 2126.0 ], [ -97.741999370120453, 18.486039234460936, 2126.0 ], [ -97.741992888902374, 18.486039223827689, 2126.0 ], [ -97.741981870831623, 18.486036658741391, 2126.0 ], [ -97.741947520375774, 18.486019282865449, 2126.0 ], [ -97.741919651138005, 18.485998217740637, 2126.0 ], [ -97.741909281189081, 18.485991508827997, 2126.0 ], [ -97.741902799970987, 18.485988823487578, 2126.0 ], [ -97.741896318752907, 18.485988797628682, 2126.0 ], [ -97.741891133778438, 18.485990793896711, 2126.0 ], [ -97.741887245047593, 18.485994497561421, 2126.0 ], [ -97.741883239442316, 18.486003184948313, 2126.0 ], [ -97.74187927921551, 18.486027302836174, 2126.0 ], [ -97.741879337961521, 18.486040289391173, 2126.0 ], [ -97.741881273685323, 18.486050183909271, 2126.0 ], [ -97.741885204153377, 18.486058223205227, 2126.0 ], [ -97.741889837534814, 18.486063101752343, 2126.0 ], [ -97.741907336833563, 18.486076157019276, 2126.0 ] ] } },
{ "type": "Feature", "properties": { "FID": 16, "elev": 2125.0, "elevation": 2125.0, "ELEVATION": 2125.0, "is_master": true, "tipo": "Maestra (5m)" }, "geometry": { "type": "LineString", "coordinates": [ [ -97.741907336823644, 18.485955063692472, 2125.0 ], [ -97.741909112572017, 18.485953712357826, 2125.0 ], [ -97.741908633067268, 18.485952738487935, 2125.0 ], [ -97.741905908758653, 18.485953712357826, 2125.0 ], [ -97.741906040580034, 18.485954765321747, 2125.0 ], [ -97.741907336823644, 18.485955063692472, 2125.0 ] ] } },
{ "type": "Feature", "properties": { "FID": 17, "elev": 2126.0, "elevation": 2126.0, "ELEVATION": 2126.0, "is_master": false, "tipo": "Ordinaria (1m)" }, "geometry": { "type": "LineString", "coordinates": [ [ -97.741522352469403, 18.485868444047075, 2126.0 ], [ -97.741505501302385, 18.485867860763904, 2126.0 ], [ -97.741495779475258, 18.485865385363166, 2126.0 ], [ -97.741489298257179, 18.485862254920281, 2126.0 ], [ -97.741480931593827, 18.485854148769477, 2126.0 ], [ -97.741478252606782, 18.485848583103046, 2126.0 ], [ -97.741476838674131, 18.485842399029234, 2126.0 ], [ -97.74147687219768, 18.485832504511137, 2126.0 ], [ -97.741478182356715, 18.485826320437326, 2126.0 ], [ -97.741484727292843, 18.485813952289707, 2126.0 ], [ -97.74149642759707, 18.485803439360495, 2126.0 ], [ -97.741504205058774, 18.485799587201583, 2126.0 ], [ -97.741511334398666, 18.485797724821946, 2126.0 ], [ -97.74151911186037, 18.48579743430308, 2126.0 ], [ -97.74152688932206, 18.48579839316, 2126.0 ], [ -97.741537259270999, 18.48580342062461, 2126.0 ], [ -97.741545069138795, 18.485812715474943, 2126.0 ], [ -97.741549679641665, 18.48582693884471, 2126.0 ], [ -97.741550405137872, 18.485834359733282, 2126.0 ], [ -97.741549720885772, 18.48584610947352, 2126.0 ], [ -97.741548327197265, 18.485851675139951, 2126.0 ], [ -97.741545126128813, 18.485857859213763, 2126.0 ], [ -97.741541796123656, 18.485861445976571, 2126.0 ], [ -97.741535963027388, 18.485865177034437, 2126.0 ], [ -97.741522352469403, 18.485868444047075, 2126.0 ] ] } },
{ "type": "Feature", "properties": { "FID": 18, "elev": 2127.0, "elevation": 2127.0, "ELEVATION": 2127.0, "is_master": false, "tipo": "Ordinaria (1m)" }, "geometry": { "type": "LineString", "coordinates": [ [ -97.741439706485252, 18.485791689623987, 2127.0 ], [ -97.741446522217814, 18.485789335205524, 2127.0 ], [ -97.741453651557705, 18.485784887138362, 2127.0 ], [ -97.741466659002342, 18.485771900587793, 2127.0 ], [ -97.741471220288162, 18.48576447969922, 2127.0 ], [ -97.741473263474347, 18.485758914032793, 2127.0 ], [ -97.741473228470653, 18.485750874736837, 2127.0 ], [ -97.741471737824781, 18.485747782699931, 2127.0 ], [ -97.741466672914044, 18.485742835440885, 2127.0 ], [ -97.741461429019409, 18.485740229295491, 2127.0 ], [ -97.741452355314095, 18.485737215209095, 2127.0 ], [ -97.741444577852391, 18.485735884541921, 2127.0 ], [ -97.741428374807171, 18.485735885719841, 2127.0 ], [ -97.741421245467279, 18.485737121356681, 2127.0 ], [ -97.741410227396543, 18.485740361819239, 2127.0 ], [ -97.741402449934839, 18.48574459790192, 2127.0 ], [ -97.741397264975234, 18.485750874736837, 2127.0 ], [ -97.741394834503581, 18.485759532440174, 2127.0 ], [ -97.741395223376671, 18.485768190143506, 2127.0 ], [ -97.741399209325792, 18.485776384041305, 2127.0 ], [ -97.741405042422073, 18.485781795088162, 2127.0 ], [ -97.741419949223669, 18.485789363874488, 2127.0 ], [ -97.741427726685373, 18.48579183017112, 2127.0 ], [ -97.741439706485252, 18.485791689623987, 2127.0 ] ] } },
{ "type": "Feature", "properties": { "FID": 19, "elev": 2125.0, "elevation": 2125.0, "ELEVATION": 2125.0, "is_master": true, "tipo": "Maestra (5m)" }, "geometry": { "type": "LineString", "coordinates": [ [ -97.741747898858762, 18.48578242936987, 2125.0 ], [ -97.741745306371527, 18.485782521309055, 2125.0 ], [ -97.741742911138758, 18.485780558291129, 2125.0 ], [ -97.741742577058574, 18.485768808550887, 2125.0 ], [ -97.741745180347849, 18.48576447969922, 2125.0 ], [ -97.741748546980574, 18.485763739637928, 2125.0 ], [ -97.74175468507535, 18.485766953328746, 2125.0 ], [ -97.741756324443571, 18.485768808550887, 2125.0 ], [ -97.741756886588732, 18.485771900587793, 2125.0 ], [ -97.741755075954998, 18.485776847846843, 2125.0 ], [ -97.741747898858762, 18.48578242936987, 2125.0 ] ] } },
{ "type": "Feature", "properties": { "FID": 20, "elev": 2127.0, "elevation": 2127.0, "ELEVATION": 2127.0, "is_master": false, "tipo": "Ordinaria (1m)" }, "geometry": { "type": "LineString", "coordinates": [ [ -97.741882276113728, 18.485781176698509, 2127.0 ], [ -97.74188382620504, 18.485779939883749, 2127.0 ], [ -97.741884612675932, 18.485773755809937, 2127.0 ], [ -97.741886596925781, 18.485772946142539, 2127.0 ], [ -97.741888541291203, 18.485773607392165, 2127.0 ], [ -97.741890485644234, 18.485771900587793, 2127.0 ], [ -97.741890839177614, 18.485770045365651, 2127.0 ], [ -97.741888757331807, 18.485765098106601, 2127.0 ], [ -97.741884652560358, 18.485762006211512, 2127.0 ], [ -97.741878171342265, 18.48576498031472, 2127.0 ], [ -97.741874832105992, 18.485768190143506, 2127.0 ], [ -97.74187503875352, 18.485771282180412, 2127.0 ], [ -97.741878794536319, 18.485773755809937, 2127.0 ], [ -97.741878333372725, 18.485779321476368, 2127.0 ], [ -97.741880115707687, 18.485781285829223, 2127.0 ], [ -97.741882276113728, 18.485781176698509, 2127.0 ] ] } },
{ "type": "Feature", "properties": { "FID": 21, "elev": 2126.0, "elevation": 2126.0, "ELEVATION": 2126.0, "is_master": false, "tipo": "Ordinaria (1m)" }, "geometry": { "type": "LineString", "coordinates": [ [ -97.741580683432176, 18.485706352660177, 2126.0 ], [ -97.741567720996002, 18.485706480480879, 2126.0 ], [ -97.741558647290688, 18.485704577430404, 2126.0 ], [ -97.741550869828984, 18.485702068533616, 2126.0 ], [ -97.741543643270816, 18.485697691702065, 2126.0 ], [ -97.741537147525861, 18.485691507628257, 2126.0 ], [ -97.741531426171804, 18.48568223151754, 2126.0 ], [ -97.741527499319062, 18.485672336999443, 2126.0 ], [ -97.741525407900795, 18.48565935044444, 2126.0 ], [ -97.74152609389985, 18.485648219111582, 2126.0 ], [ -97.741528104550454, 18.48564079822301, 2126.0 ], [ -97.741530778049011, 18.485635232556579, 2126.0 ], [ -97.741536611149186, 18.485627158904659, 2126.0 ], [ -97.74154438861089, 18.485619759751494, 2126.0 ], [ -97.741553462316219, 18.485614175785255, 2126.0 ], [ -97.741562536021533, 18.485610943417441, 2126.0 ], [ -97.741572905970472, 18.485609078681339, 2126.0 ], [ -97.741587812772067, 18.485609100159824, 2126.0 ], [ -97.741595590233771, 18.48561034403798, 2126.0 ], [ -97.741606608304508, 18.485613588295838, 2126.0 ], [ -97.741616978253447, 18.485618571934197, 2126.0 ], [ -97.741626700080573, 18.485625956443236, 2126.0 ], [ -97.741632559101717, 18.485632758927053, 2126.0 ], [ -97.741636523926871, 18.485640179815629, 2126.0 ], [ -97.741639191155429, 18.485649455926342, 2126.0 ], [ -97.741639196597859, 18.485661205666585, 2126.0 ], [ -97.741637199653866, 18.485666771333012, 2126.0 ], [ -97.741621481217379, 18.485683468332301, 2126.0 ], [ -97.741615575953531, 18.485694599665162, 2126.0 ], [ -97.741611793278977, 18.485699666615961, 2126.0 ], [ -97.74160725642632, 18.485703273225095, 2126.0 ], [ -97.741603367695461, 18.485704650484024, 2126.0 ], [ -97.741580683432176, 18.485706352660177, 2126.0 ] ] } },
{ "type": "Feature", "properties": { "FID": 22, "elev": 2128.0, "elevation": 2128.0, "ELEVATION": 2128.0, "is_master": false, "tipo": "Ordinaria (1m)" }, "geometry": { "type": "LineString", "coordinates": [ [ -97.741199236285084, 18.485705730998021, 2128.0 ], [ -97.741205420905061, 18.485702778977881, 2128.0 ], [ -97.741205753724358, 18.485698928516829, 2128.0 ], [ -97.741207365270483, 18.485696675747082, 2128.0 ], [ -97.74121060587953, 18.485698364276516, 2128.0 ], [ -97.741212806479155, 18.485697691702065, 2128.0 ], [ -97.741213680857442, 18.485695836479923, 2128.0 ], [ -97.741213198366751, 18.485693927011518, 2128.0 ], [ -97.741208661514094, 18.485690926325319, 2128.0 ], [ -97.741204772783249, 18.485690454045312, 2128.0 ], [ -97.741202180296014, 18.485691338971698, 2128.0 ], [ -97.741202962511991, 18.485695218072543, 2128.0 ], [ -97.74120026754629, 18.485697691702065, 2128.0 ], [ -97.741196347199732, 18.485698737793058, 2128.0 ], [ -97.741193754712498, 18.485696835445694, 2128.0 ], [ -97.74119261491208, 18.485697691702065, 2128.0 ], [ -97.741194872163902, 18.48570016533159, 2128.0 ], [ -97.741194984612946, 18.48570511259064, 2128.0 ], [ -97.741196995321545, 18.485706103243238, 2128.0 ], [ -97.741199236285084, 18.485705730998021, 2128.0 ] ] } },
{ "type": "Feature", "properties": { "FID": 23, "elev": 2128.0, "elevation": 2128.0, "ELEVATION": 2128.0, "is_master": false, "tipo": "Ordinaria (1m)" }, "geometry": { "type": "LineString", "coordinates": [ [ -97.74118800017645, 18.485697073294684, 2128.0 ], [ -97.7411899716015, 18.485694599665162, 2128.0 ], [ -97.741189723927562, 18.485690270813492, 2128.0 ], [ -97.741187273494418, 18.485688546240798, 2128.0 ], [ -97.741184032885371, 18.485689063446703, 2128.0 ], [ -97.741182248202136, 18.485692126035637, 2128.0 ], [ -97.741182987527623, 18.485695218072543, 2128.0 ], [ -97.741185977250794, 18.485697225888714, 2128.0 ], [ -97.74118800017645, 18.485697073294684, 2128.0 ] ] } },
{ "type": "Feature", "properties": { "FID": 24, "elev": 2126.0, "elevation": 2126.0, "ELEVATION": 2126.0, "is_master": false, "tipo": "Ordinaria (1m)" }, "geometry": { "type": "LineString", "coordinates": [ [ -97.74143355978164, 18.485692808416196, 2126.0 ], [ -97.741422541710904, 18.485692915694294, 2126.0 ], [ -97.741415412371012, 18.485691529326761, 2126.0 ], [ -97.741410875518341, 18.485689583694182, 2126.0 ], [ -97.741406262416064, 18.485685941961826, 2126.0 ], [ -97.741403679704419, 18.48568161311016, 2126.0 ], [ -97.741403643843427, 18.485674192221587, 2126.0 ], [ -97.741408931152918, 18.485667371000776, 2126.0 ], [ -97.741420597345467, 18.485660467567453, 2126.0 ], [ -97.741436800390687, 18.485655509809128, 2126.0 ], [ -97.741447170339626, 18.485655639990021, 2126.0 ], [ -97.741454299679518, 18.485659350431547, 2126.0 ], [ -97.741458771719991, 18.48566429770349, 2126.0 ], [ -97.741461457198611, 18.485669244962537, 2126.0 ], [ -97.741461553658212, 18.485676665851109, 2126.0 ], [ -97.741457281039828, 18.485683468332301, 2126.0 ], [ -97.741451707192283, 18.485687833560874, 2126.0 ], [ -97.741443929730579, 18.48569099835159, 2126.0 ], [ -97.74143355978164, 18.485692808416196, 2126.0 ] ] } },
{ "type": "Feature", "properties": { "FID": 25, "elev": 2128.0, "elevation": 2128.0, "ELEVATION": 2128.0, "is_master": false, "tipo": "Ordinaria (1m)" }, "geometry": { "type": "LineString", "coordinates": [ [ -97.741201289128526, 18.485690270813492, 2128.0 ], [ -97.741200729737685, 18.485690270813492, 2128.0 ], [ -97.74120088405239, 18.485690339525426, 2128.0 ], [ -97.741201289128526, 18.485690270813492, 2128.0 ] ] } },
{ "type": "Feature", "properties": { "FID": 26, "elev": 2125.0, "elevation": 2125.0, "ELEVATION": 2125.0, "is_master": true, "tipo": "Maestra (5m)" }, "geometry": { "type": "LineString", "coordinates": [ [ -97.741598182721006, 18.48567800016253, 2125.0 ], [ -97.741594942111959, 18.485678033386133, 2125.0 ], [ -97.74159282003572, 18.485676047443729, 2125.0 ], [ -97.741592220000356, 18.485671100184682, 2125.0 ], [ -97.741594942111959, 18.485668786144156, 2125.0 ], [ -97.741598182721006, 18.48566914189464, 2125.0 ], [ -97.741600806823925, 18.485671718592062, 2125.0 ], [ -97.741600879503693, 18.485675429036348, 2125.0 ], [ -97.741598182721006, 18.48567800016253, 2125.0 ] ] } },
{ "type": "Feature", "properties": { "FID": 27, "elev": 2125.0, "elevation": 2125.0, "ELEVATION": 2125.0, "is_master": true, "tipo": "Maestra (5m)" }, "geometry": { "type": "LineString", "coordinates": [ [ -97.741573554092284, 18.485675492789685, 2125.0 ], [ -97.741569017239613, 18.485675374066805, 2125.0 ], [ -97.741566902315824, 18.485672955406823, 2125.0 ], [ -97.741566609930047, 18.485670481777298, 2125.0 ], [ -97.741571085056819, 18.48566429770349, 2125.0 ], [ -97.741571169004018, 18.485661824073965, 2125.0 ], [ -97.741568470386838, 18.485656258407534, 2125.0 ], [ -97.74156067069535, 18.485648219111582, 2125.0 ], [ -97.741561155762128, 18.48564141663039, 2125.0 ], [ -97.741566424752378, 18.48563758040833, 2125.0 ], [ -97.741570313483237, 18.485637653778699, 2125.0 ], [ -97.741572905970472, 18.485638865699944, 2125.0 ], [ -97.741576814955124, 18.485642653445151, 2125.0 ], [ -97.741585986246974, 18.48565935044444, 2125.0 ], [ -97.741585906531455, 18.485663060888726, 2125.0 ], [ -97.741584248102114, 18.485665534518251, 2125.0 ], [ -97.741579192752013, 18.485669244962537, 2125.0 ], [ -97.741573554092284, 18.485675492789685, 2125.0 ] ] } },
{ "type": "Feature", "properties": { "FID": 28, "elev": 2126.0, "elevation": 2126.0, "ELEVATION": 2126.0, "is_master": false, "tipo": "Ordinaria (1m)" }, "geometry": { "type": "LineString", "coordinates": [ [ -97.741207365270483, 18.485590162050215, 2126.0 ], [ -97.741203476539624, 18.485590554863904, 2126.0 ], [ -97.741199587808779, 18.485589424029826, 2126.0 ], [ -97.741197480247209, 18.485586996780857, 2126.0 ], [ -97.741195204458649, 18.485580812707045, 2126.0 ], [ -97.74119574893345, 18.485571536596328, 2126.0 ], [ -97.741197643443357, 18.48557031063082, 2126.0 ], [ -97.741198407072019, 18.485568444559423, 2126.0 ], [ -97.741197805473803, 18.485562260485615, 2126.0 ], [ -97.741198771655391, 18.485554839597039, 2126.0 ], [ -97.741200197977506, 18.485551747560134, 2126.0 ], [ -97.741203476539624, 18.485549823434663, 2126.0 ], [ -97.741208013392296, 18.485549792873869, 2126.0 ], [ -97.741220327706657, 18.485554797432901, 2126.0 ], [ -97.741224144423967, 18.485557313226565, 2126.0 ], [ -97.741226247219174, 18.485561023670851, 2126.0 ], [ -97.741225637319928, 18.485569681374187, 2126.0 ], [ -97.741221019036573, 18.485580194299665, 2126.0 ], [ -97.741215142732187, 18.485586440214213, 2126.0 ], [ -97.741207365270483, 18.485590162050215, 2126.0 ] ] } },
{ "type": "Feature", "properties": { "FID": 29, "elev": 2126.0, "elevation": 2126.0, "ELEVATION": 2126.0, "is_master": false, "tipo": "Ordinaria (1m)" }, "geometry": { "type": "LineString", "coordinates": [ [ -97.741394024351322, 18.485587924391929, 2126.0 ], [ -97.741392711273377, 18.485586996780857, 2126.0 ], [ -97.741394672473135, 18.485586378231659, 2126.0 ], [ -97.741394441001063, 18.485587615188237, 2126.0 ], [ -97.741394024351322, 18.485587924391929, 2126.0 ] ] } },
{ "type": "Feature", "properties": { "FID": 30, "elev": 2128.0, "elevation": 2128.0, "ELEVATION": 2128.0, "is_master": false, "tipo": "Ordinaria (1m)" }, "geometry": { "type": "LineString", "coordinates": [ [ -97.741788374065706, 18.485586996780857, 2128.0 ], [ -97.74179270289217, 18.48558266792919, 2128.0 ], [ -97.741793429415807, 18.485577102262759, 2128.0 ], [ -97.741792678183714, 18.485574010225854, 2128.0 ], [ -97.741775045191432, 18.48554185304204, 2128.0 ], [ -97.741770052840579, 18.485526392857512, 2128.0 ], [ -97.741766694372629, 18.48551959037632, 2128.0 ], [ -97.741760861294935, 18.485514601890113, 2128.0 ], [ -97.741754380076841, 18.485514545474, 2128.0 ], [ -97.741749843224184, 18.485517013678898, 2128.0 ], [ -97.741745900483181, 18.485520827191081, 2128.0 ], [ -97.74174067299009, 18.485531340116559, 2128.0 ], [ -97.741739945478287, 18.485542471449421, 2128.0 ], [ -97.741743933878283, 18.48556040526347, 2128.0 ], [ -97.74174725073695, 18.485566117394807, 2128.0 ], [ -97.741750491345996, 18.485569147295084, 2128.0 ], [ -97.741754380076841, 18.4855710654288, 2128.0 ], [ -97.741761509416733, 18.485570805751244, 2128.0 ], [ -97.741769286878437, 18.485566208778891, 2128.0 ], [ -97.741769888705832, 18.485567207744662, 2128.0 ], [ -97.741768444320087, 18.485569062966807, 2128.0 ], [ -97.741769286915599, 18.485572773411093, 2128.0 ], [ -97.741777064340141, 18.485578824969036, 2128.0 ], [ -97.741780448976257, 18.485585141558712, 2128.0 ], [ -97.741783545558235, 18.485587142288477, 2128.0 ], [ -97.741788374065706, 18.485586996780857, 2128.0 ] ] } },
{ "type": "Feature", "properties": { "FID": 31, "elev": 2126.0, "elevation": 2126.0, "ELEVATION": 2126.0, "is_master": false, "tipo": "Ordinaria (1m)" }, "geometry": { "type": "LineString", "coordinates": [ [ -97.741182088519949, 18.485581389490854, 2126.0 ], [ -97.741180144154526, 18.485581054692542, 2126.0 ], [ -97.741179471342363, 18.485579575892285, 2126.0 ], [ -97.741180144154526, 18.485573374798086, 2126.0 ], [ -97.741184681007184, 18.485570382603985, 2126.0 ], [ -97.741185329128996, 18.485567764868428, 2126.0 ], [ -97.741189217859841, 18.485567731012445, 2126.0 ], [ -97.74119148039415, 18.485571536596328, 2126.0 ], [ -97.741191198232031, 18.485575247040614, 2126.0 ], [ -97.741188569738028, 18.485577730807965, 2126.0 ], [ -97.741185272496992, 18.48557833907752, 2126.0 ], [ -97.741182088519949, 18.485581389490854, 2126.0 ] ] } },
{ "type": "Feature", "properties": { "FID": 32, "elev": 2126.0, "elevation": 2126.0, "ELEVATION": 2126.0, "is_master": false, "tipo": "Ordinaria (1m)" }, "geometry": { "type": "LineString", "coordinates": [ [ -97.741279954913026, 18.485566647312972, 2126.0 ], [ -97.741265696233242, 18.485566118169753, 2126.0 ], [ -97.741249493188036, 18.485561728367635, 2126.0 ], [ -97.74123977136091, 18.48555600769987, 2126.0 ], [ -97.741235826271634, 18.485551129152753, 2126.0 ], [ -97.741234391949888, 18.485542471449421, 2126.0 ], [ -97.741235041318092, 18.485526392857512, 2126.0 ], [ -97.741241560391359, 18.485480630711312, 2126.0 ], [ -97.741244855516427, 18.485469499378453, 2126.0 ], [ -97.741250077560153, 18.485459604860356, 2126.0 ], [ -97.741255974406116, 18.485452596243373, 2126.0 ], [ -97.74126375186782, 18.485445922597052, 2126.0 ], [ -97.741276714303993, 18.485439145882832, 2126.0 ], [ -97.74128773237473, 18.48543595393317, 2126.0 ], [ -97.74129875044548, 18.485435018482054, 2126.0 ], [ -97.741309768516217, 18.485435928692052, 2126.0 ], [ -97.741319490343344, 18.485439126741653, 2126.0 ], [ -97.741328636062207, 18.485444763083212, 2126.0 ], [ -97.741336310647426, 18.485452802379164, 2126.0 ], [ -97.741342909144691, 18.485464552119407, 2126.0 ], [ -97.741346864651732, 18.485476920267025, 2126.0 ], [ -97.741348850261275, 18.485493617266314, 2126.0 ], [ -97.741348151729994, 18.485508459043462, 2126.0 ], [ -97.741346764367208, 18.485515879932034, 2126.0 ], [ -97.741343603420631, 18.485525156042751, 2126.0 ], [ -97.741338982606734, 18.485533813746084, 2126.0 ], [ -97.741333784056749, 18.485540616227276, 2126.0 ], [ -97.74132661968325, 18.48554735686773, 2126.0 ], [ -97.741316249734311, 18.485554289901589, 2126.0 ], [ -97.741301991054527, 18.4855617693974, 2126.0 ], [ -97.741292917349199, 18.485564802827071, 2126.0 ], [ -97.741279954913026, 18.485566647312972, 2126.0 ] ] } },
{ "type": "Feature", "properties": { "FID": 33, "elev": 2125.0, "elevation": 2125.0, "ELEVATION": 2125.0, "is_master": true, "tipo": "Maestra (5m)" }, "geometry": { "type": "LineString", "coordinates": [ [ -97.741281899278462, 18.485523399765789, 2125.0 ], [ -97.741277362425791, 18.485523821584717, 2125.0 ], [ -97.741272732984314, 18.485522064005846, 2125.0 ], [ -97.741268899806755, 18.485517735154176, 2125.0 ], [ -97.741266230333622, 18.485510314265603, 2125.0 ], [ -97.741266197054642, 18.485502893377031, 2125.0 ], [ -97.741267492657826, 18.485498564525365, 2125.0 ], [ -97.741270881207711, 18.485493898360581, 2125.0 ], [ -97.741276714303993, 18.485490472223063, 2125.0 ], [ -97.741283195522072, 18.485490429269642, 2125.0 ], [ -97.741287084252932, 18.485492306831627, 2125.0 ], [ -97.741290876965735, 18.48549670930322, 2125.0 ], [ -97.741292414496073, 18.485501038154887, 2125.0 ], [ -97.741292426031052, 18.485509077450843, 2125.0 ], [ -97.741290847540839, 18.485514024709889, 2125.0 ], [ -97.741287207704701, 18.48551959037632, 2125.0 ], [ -97.741281899278462, 18.485523399765789, 2125.0 ] ] } },
{ "type": "Feature", "properties": { "FID": 34, "elev": 2126.0, "elevation": 2126.0, "ELEVATION": 2126.0, "is_master": false, "tipo": "Ordinaria (1m)" }, "geometry": { "type": "LineString", "coordinates": [ [ -97.741630588811418, 18.485495546697344, 2126.0 ], [ -97.741628978326929, 18.485494854081079, 2126.0 ], [ -97.74162994068962, 18.485493712972218, 2126.0 ], [ -97.741631275435523, 18.485494235673695, 2126.0 ], [ -97.741630588811418, 18.485495546697344, 2126.0 ] ] } },
{ "type": "Feature", "properties": { "FID": 35, "elev": 2128.0, "elevation": 2128.0, "ELEVATION": 2128.0, "is_master": false, "tipo": "Ordinaria (1m)" }, "geometry": { "type": "LineString", "coordinates": [ [ -97.741183654814321, 18.485495472488459, 2128.0 ], [ -97.74118416250974, 18.485493617266314, 2128.0 ], [ -97.741187808899383, 18.485489906822028, 2128.0 ], [ -97.741187587735297, 18.485488051599887, 2128.0 ], [ -97.741185977250794, 18.485486555452997, 2128.0 ], [ -97.741184032885371, 18.485486758566271, 2128.0 ], [ -97.741182691423958, 18.485488670007268, 2128.0 ], [ -97.741182458875272, 18.485495472488459, 2128.0 ], [ -97.741183654814321, 18.485495472488459, 2128.0 ] ] } },
{ "type": "Feature", "properties": { "FID": 36, "elev": 2129.0, "elevation": 2129.0, "ELEVATION": 2129.0, "is_master": false, "tipo": "Ordinaria (1m)" }, "geometry": { "type": "LineString", "coordinates": [ [ -97.741415477183182, 18.484848618367867, 2129.0 ], [ -97.741417842827786, 18.484865933774536, 2129.0 ], [ -97.741425134222908, 18.484887578032875, 2129.0 ], [ -97.741434207928222, 18.484905511846925, 2129.0 ], [ -97.741450469868823, 18.484930866549547, 2129.0 ], [ -97.741461429030849, 18.484950655585742, 2129.0 ], [ -97.741471879983564, 18.484974155066222, 2129.0 ], [ -97.74147896643305, 18.484995180917178, 2129.0 ], [ -97.741484829627865, 18.485019298805042, 2129.0 ], [ -97.741488119853884, 18.485039087841233, 2129.0 ], [ -97.741493005513917, 18.485095362912912, 2129.0 ], [ -97.7415074216633, 18.485163387724828, 2129.0 ], [ -97.741517044877298, 18.485185031983164, 2129.0 ], [ -97.741523702723171, 18.485197400130787, 2129.0 ], [ -97.741531966276227, 18.485209149871025, 2129.0 ], [ -97.741546904848505, 18.485225846870314, 2129.0 ], [ -97.741549077962802, 18.485230175721984, 2129.0 ], [ -97.741553349599371, 18.485246254313889, 2129.0 ], [ -97.741559175389938, 18.485261714498417, 2129.0 ], [ -97.741565668610278, 18.485272845831275, 2129.0 ], [ -97.741572905970472, 18.485280484981278, 2129.0 ], [ -97.741595590233771, 18.48529823918436, 2129.0 ], [ -97.741611793278977, 18.485307592596001, 2129.0 ], [ -97.741628644445996, 18.485314279117926, 2129.0 ], [ -97.741657809927375, 18.485321169950911, 2129.0 ], [ -97.741673364850783, 18.485323709838369, 2129.0 ], [ -97.74169410474866, 18.485325611023221, 2129.0 ], [ -97.741717437133758, 18.485325587146491, 2129.0 ], [ -97.741751787589607, 18.485323986247728, 2129.0 ], [ -97.741795859872596, 18.485324628355215, 2129.0 ], [ -97.741817896014084, 18.485326505923169, 2129.0 ], [ -97.741838635911947, 18.485330934897938, 2129.0 ], [ -97.741852246469932, 18.485336000685066, 2129.0 ], [ -97.741862739870641, 18.485342725865337, 2129.0 ], [ -97.741870393884938, 18.485350765161289, 2129.0 ], [ -97.741885948803969, 18.485374937614509, 2129.0 ], [ -97.74189567064461, 18.485384777567248, 2129.0 ], [ -97.741907984945456, 18.485393379051729, 2129.0 ], [ -97.741917706772583, 18.485396063501952, 2129.0 ], [ -97.741924187990676, 18.485396085587929, 2129.0 ], [ -97.741940391035882, 18.485393146680472, 2129.0 ], [ -97.741954649715666, 18.485395438910498, 2129.0 ], [ -97.741967612151839, 18.485395290474997, 2129.0 ], [ -97.741971500852955, 18.485392816863204, 2129.0 ], [ -97.741973445226876, 18.485387251196773, 2129.0 ], [ -97.741983815197045, 18.485383301368984, 2129.0 ], [ -97.74198565154218, 18.485384159159867, 2129.0 ], [ -97.741987607193309, 18.485389724826298, 2129.0 ], [ -97.741984977346505, 18.485395290492725, 2129.0 ], [ -97.741985111450575, 18.48539714571487, 2129.0 ], [ -97.741987703927904, 18.485399619335528, 2129.0 ], [ -97.741990296415139, 18.485400105235907, 2129.0 ], [ -97.741993537011794, 18.485399000937011, 2129.0 ], [ -97.741992960915908, 18.485395908900109, 2129.0 ], [ -97.741994185145984, 18.485394104274931, 2129.0 ], [ -97.7420026107295, 18.485392241104606, 2129.0 ], [ -97.742004047708136, 18.485390961641059, 2129.0 ], [ -97.7420026107295, 18.485385928492096, 2129.0 ], [ -97.742001314485876, 18.485385592740613, 2129.0 ], [ -97.741996129511406, 18.485388042630053, 2129.0 ], [ -97.741993537024172, 18.485386534406398, 2129.0 ], [ -97.741992272786575, 18.485383540752487, 2129.0 ], [ -97.741998073876843, 18.48537694440709, 2129.0 ], [ -97.741998505958037, 18.485371791012245, 2129.0 ], [ -97.742000018242265, 18.485371082836053, 2129.0 ], [ -97.742001314485876, 18.485371707443683, 2129.0 ], [ -97.742003018806187, 18.485370554197484, 2129.0 ], [ -97.742003485179552, 18.485368080567959, 2129.0 ], [ -97.7420026107295, 18.485367173570467, 2129.0 ], [ -97.742000018242265, 18.485368401223639, 2129.0 ], [ -97.741998667988497, 18.485367462160578, 2129.0 ], [ -97.741998478952965, 18.485365606938437, 2129.0 ], [ -97.741999326912335, 18.485356949235101, 2129.0 ], [ -97.742002506193728, 18.48535138356867, 2129.0 ], [ -97.742010388191204, 18.485343344268419, 2129.0 ], [ -97.742029162816493, 18.485329120902954, 2129.0 ], [ -97.742051219865132, 18.485317861069859, 2129.0 ], [ -97.742063534179493, 18.485314117802144, 2129.0 ], [ -97.742077792859277, 18.485311643670052, 2129.0 ], [ -97.74213742006566, 18.485307300470421, 2129.0 ], [ -97.742178251739603, 18.485306674386393, 2129.0 ], [ -97.742228805240657, 18.485309153050167, 2129.0 ], [ -97.742245656407675, 18.485308223886868, 2129.0 ], [ -97.742259915087473, 18.485304539209555, 2129.0 ], [ -97.742272877523632, 18.48529890365462, 2129.0 ], [ -97.742300746761401, 18.485280298706439, 2129.0 ], [ -97.742313061075762, 18.485273981355174, 2129.0 ], [ -97.742323431024701, 18.485270336127989, 2129.0 ], [ -97.742337689704485, 18.48526716330046, 2129.0 ], [ -97.742348707775236, 18.485265881612769, 2129.0 ], [ -97.742373336403958, 18.485265893901634, 2129.0 ], [ -97.742403150007149, 18.485270513027196, 2129.0 ], [ -97.742422593661402, 18.485272425059243, 2129.0 ], [ -97.742493887060334, 18.48527328100684, 2129.0 ], [ -97.74251009010554, 18.485274526630825, 2129.0 ], [ -97.742535366856075, 18.485278324398074, 2129.0 ], [ -97.742593049697035, 18.485292119527987, 2129.0 ], [ -97.742639714467245, 18.485300241278257, 2129.0 ], [ -97.742666935583202, 18.485303330273815, 2129.0 ], [ -97.742697397308191, 18.485305194934625, 2129.0 ], [ -97.742734340251275, 18.485304561295532, 2129.0 ], [ -97.742752487661917, 18.485302097667208, 2129.0 ], [ -97.742769986950748, 18.485298319458398, 2129.0 ], [ -97.742788782483188, 18.485292733812653, 2129.0 ], [ -97.742804985528409, 18.485286362449749, 2129.0 ], [ -97.742839335984257, 18.485265387463468, 2129.0 ], [ -97.742854242785853, 18.485254293607817, 2129.0 ], [ -97.742859427760322, 18.485251796496495, 2129.0 ], [ -97.742867956220309, 18.485250583165559, 2129.0 ], [ -97.742868906541773, 18.485248727943414, 2129.0 ], [ -97.74286787780126, 18.485244399091748, 2129.0 ], [ -97.742875545526346, 18.48522893890722, 2129.0 ], [ -97.742881007816095, 18.485222136426028, 2129.0 ], [ -97.74288794511989, 18.485216584501984, 2129.0 ], [ -97.742897018825218, 18.485211699223903, 2129.0 ], [ -97.742909981261377, 18.485206595579669, 2129.0 ], [ -97.742925536184785, 18.48520221988316, 2129.0 ], [ -97.742943683595428, 18.48519851705024, 2129.0 ], [ -97.743054512424678, 18.485184245530299, 2129.0 ], [ -97.743117380240093, 18.485179292038293, 2129.0 ], [ -97.743167933741162, 18.485178309531165, 2129.0 ], [ -97.743254782063502, 18.485180890395704, 2129.0 ], [ -97.743341630385842, 18.485180892776427, 2129.0 ], [ -97.743410979419338, 18.485179025186138, 2129.0 ], [ -97.743469958503923, 18.485175311265834, 2129.0 ], [ -97.743545788755512, 18.485168496947715, 2129.0 ], [ -97.743590509160299, 18.485162905152595, 2129.0 ], [ -97.743636525808697, 18.485154241403315, 2129.0 ], [ -97.743676709360827, 18.485143030763489, 2129.0 ], [ -97.743698745502314, 18.485134461027332, 2129.0 ], [ -97.743717541034755, 18.485124992692647, 2129.0 ], [ -97.743735688445398, 18.485113308972654, 2129.0 ], [ -97.743752577737226, 18.485099691764578, 2129.0 ], [ -97.743774007737045, 18.485078047506242, 2129.0 ], [ -97.743827721740132, 18.485015588360753, 2129.0 ], [ -97.743878923358878, 18.48496673417765, 2129.0 ], [ -97.743884788336189, 18.484959313289078, 2129.0 ], [ -97.74389437026818, 18.48494323469717, 2129.0 ], [ -97.743898367019327, 18.484940081690524, 2129.0 ], [ -97.743907440724641, 18.484935896262915, 2129.0 ], [ -97.743910033211876, 18.484933768307261, 2129.0 ], [ -97.743912783777603, 18.484927774512645, 2129.0 ], [ -97.743912135655791, 18.484920353624069, 2129.0 ], [ -97.743906884102387, 18.484914169550262, 2129.0 ], [ -97.743902255750186, 18.484911667157601, 2129.0 ], [ -97.743897826917816, 18.48490736706907, 2129.0 ], [ -97.743896962755414, 18.484898090958353, 2129.0 ], [ -97.743907281640205, 18.484869025811442, 2129.0 ], [ -97.743912022275367, 18.484860368108109, 2129.0 ], [ -97.743916514429969, 18.484854724162261, 2129.0 ], [ -97.743924940013471, 18.484848574586813, 2129.0 ], [ -97.743937254327832, 18.484844783551146, 2129.0 ], [ -97.743952161129428, 18.484845445387588, 2129.0 ], [ -97.743961882956555, 18.484850542596842, 2129.0 ], [ -97.743969012296461, 18.484850561411179, 2129.0 ], [ -97.743972901027306, 18.48484823780948, 2129.0 ], [ -97.743979559005879, 18.48483934225715, 2129.0 ], [ -97.743983969931136, 18.484836250220248, 2129.0 ], [ -97.743985064113247, 18.484831302961197, 2129.0 ], [ -97.74397861890192, 18.48482079003572, 2129.0 ], [ -97.743974845392728, 18.484818184830157, 2129.0 ], [ -97.743970856950838, 18.484818934813575, 2129.0 ], [ -97.743968896789596, 18.48482079003572, 2129.0 ], [ -97.743968966002043, 18.484823882072625, 2129.0 ], [ -97.743967716052836, 18.484824739270977, 2129.0 ], [ -97.743964980422135, 18.484824500480006, 2129.0 ], [ -97.74396176088878, 18.484815842776673, 2129.0 ], [ -97.743961882956555, 18.484812956875558, 2129.0 ], [ -97.743963827321991, 18.484809374569739, 2129.0 ], [ -97.743965771687414, 18.484807731701288, 2129.0 ], [ -97.743971604783681, 18.484805937215587, 2129.0 ], [ -97.743980030367197, 18.484801497599392, 2129.0 ], [ -97.743988455950714, 18.484801518600687, 2129.0 ], [ -97.743994937168793, 18.484804807569311, 2129.0 ], [ -97.74399817777784, 18.48480478359134, 2129.0 ], [ -97.744004010874107, 18.484800461778455, 2129.0 ], [ -97.744013234145996, 18.484797290555239, 2129.0 ], [ -97.744014526878672, 18.484795435333098, 2129.0 ], [ -97.744015230956848, 18.484791106481428, 2129.0 ], [ -97.744015161631211, 18.484784922407616, 2129.0 ], [ -97.74401330521664, 18.48478121196333, 2129.0 ], [ -97.744014380823046, 18.484779595936494, 2129.0 ], [ -97.744017621432093, 18.484781578125595, 2129.0 ], [ -97.74402086204114, 18.484782025438811, 2129.0 ], [ -97.744024750771985, 18.484781365498957, 2129.0 ], [ -97.744029935746454, 18.484778767096941, 2129.0 ], [ -97.744042898182627, 18.484767094175314, 2129.0 ], [ -97.744051323766129, 18.484755808947632, 2129.0 ], [ -97.744059101227833, 18.484747862136711, 2129.0 ], [ -97.744070767420382, 18.484739778666682, 2129.0 ], [ -97.744098636658151, 18.484723125219329, 2129.0 ], [ -97.744116135946982, 18.484710141963554, 2129.0 ], [ -97.744128460232446, 18.48469896378165, 2129.0 ], [ -97.744140205237699, 18.484685977226647, 2129.0 ], [ -97.744149838278048, 18.484672990671644, 2129.0 ], [ -97.744157671615298, 18.484659385709261, 2129.0 ] ] } },
{ "type": "Feature", "properties": { "FID": 37, "elev": 2129.0, "elevation": 2129.0, "ELEVATION": 2129.0, "is_master": false, "tipo": "Ordinaria (1m)" }, "geometry": { "type": "LineString", "coordinates": [ [ -97.741082277761436, 18.485225888097474, 2129.0 ], [ -97.741097832684844, 18.485227284667477, 2129.0 ], [ -97.741112091364627, 18.48522661251755, 2129.0 ], [ -97.741141904967819, 18.485221051057973, 2129.0 ], [ -97.741161996743884, 18.485213568907103, 2129.0 ], [ -97.741197058043014, 18.485194308093881, 2129.0 ], [ -97.741200904465686, 18.485189979242215, 2129.0 ], [ -97.741204772783249, 18.485182505347293, 2129.0 ], [ -97.741219690297598, 18.485164624539589, 2129.0 ], [ -97.741230186460925, 18.485146690725539, 2129.0 ], [ -97.741235378535308, 18.485128138504109, 2129.0 ], [ -97.741236064104157, 18.485102783801484, 2129.0 ], [ -97.741232729082157, 18.485079284321003, 2129.0 ], [ -97.74122492091773, 18.485055784840522, 2129.0 ], [ -97.74121716334723, 18.485038469433853, 2129.0 ], [ -97.741197535423055, 18.485004457027895, 2129.0 ], [ -97.741191939971444, 18.484981575954794, 2129.0 ], [ -97.741186733392908, 18.48496611577027, 2129.0 ], [ -97.741178965751232, 18.484950037178361, 2129.0 ], [ -97.741170422297671, 18.484937050623358, 2129.0 ], [ -97.741161996743884, 18.484927001503419, 2129.0 ], [ -97.741152436947218, 18.484917879994548, 2129.0 ], [ -97.741141256846021, 18.484909222326671, 2129.0 ], [ -97.741128294409847, 18.484901079927361, 2129.0 ], [ -97.741106906390172, 18.484890670093421, 2129.0 ], [ -97.741093943953999, 18.48488557730311, 2129.0 ], [ -97.741075796543356, 18.484879473641406, 2129.0 ], [ -97.741058297254526, 18.484875086203775, 2129.0 ] ] } },
{ "type": "Feature", "properties": { "FID": 38, "elev": 2130.0, "elevation": 2130.0, "ELEVATION": 2130.0, "is_master": true, "tipo": "Maestra (5m)" }, "geometry": { "type": "LineString", "coordinates": [ [ -97.741655941811587, 18.484831921368578, 2130.0 ], [ -97.741647893663711, 18.484856039256439, 2130.0 ], [ -97.741643353993126, 18.48488448599597, 2130.0 ], [ -97.741642989542029, 18.48490736706907, 2130.0 ], [ -97.741645670107346, 18.484956839659553, 2130.0 ], [ -97.74164696635097, 18.485010641101706, 2130.0 ], [ -97.74164696635097, 18.485071245025051, 2130.0 ], [ -97.741646298049545, 18.485118243986012, 2130.0 ], [ -97.741645495621285, 18.485122572837678, 2130.0 ], [ -97.741642995714614, 18.485128756911489, 2130.0 ], [ -97.741640310649174, 18.485132467355776, 2130.0 ], [ -97.74163123693323, 18.485138089241058, 2130.0 ], [ -97.741607904548133, 18.485144333776653, 2130.0 ], [ -97.741582627797598, 18.485147177955596, 2130.0 ], [ -97.741574850335894, 18.485150305463922, 2130.0 ], [ -97.741569017239613, 18.485154041162637, 2130.0 ], [ -97.741563168335489, 18.485160914095303, 2130.0 ], [ -97.741561420870781, 18.485168334983875, 2130.0 ], [ -97.741562563601178, 18.485176374279831, 2130.0 ], [ -97.741567618119518, 18.485182558353642, 2130.0 ], [ -97.741573554092284, 18.485185684431318, 2130.0 ], [ -97.74158846089388, 18.485190449401252, 2130.0 ], [ -97.741600775208241, 18.485196313232965, 2130.0 ], [ -97.741609200791743, 18.485197304991189, 2130.0 ], [ -97.741616978253447, 18.485201878101964, 2130.0 ], [ -97.741622163227916, 18.485201117050543, 2130.0 ], [ -97.741627996324183, 18.48519766458131, 2130.0 ], [ -97.741637718151324, 18.485197487094325, 2130.0 ], [ -97.741647439978451, 18.485193937049452, 2130.0 ], [ -97.741650147687338, 18.485194926501261, 2130.0 ], [ -97.74165521744014, 18.485202581958152, 2130.0 ], [ -97.741657050060439, 18.485201110575073, 2130.0 ], [ -97.741657809927375, 18.485197945784357, 2130.0 ], [ -97.74166040241461, 18.485196331972585, 2130.0 ], [ -97.741666235510891, 18.485197050596181, 2130.0 ], [ -97.741689567896003, 18.485196634483554, 2130.0 ], [ -97.74170058596674, 18.485198606025179, 2130.0 ], [ -97.741731695813542, 18.485207814111085, 2130.0 ], [ -97.741786786167268, 18.485227738469362, 2130.0 ], [ -97.741847709617275, 18.485247549468973, 2130.0 ], [ -97.741926780477911, 18.485267352918655, 2130.0 ], [ -97.741954649715666, 18.485272945218178, 2130.0 ], [ -97.741977333978966, 18.485276114556005, 2130.0 ], [ -97.742000666364078, 18.485277967289587, 2130.0 ], [ -97.742082329711948, 18.485278859309947, 2130.0 ], [ -97.742145197527364, 18.48528478749105, 2130.0 ], [ -97.742167233668852, 18.485284774125759, 2130.0 ], [ -97.742223620266188, 18.485278559007725, 2130.0 ], [ -97.742240471433206, 18.485275399624719, 2130.0 ], [ -97.742260563209271, 18.485269219715271, 2130.0 ], [ -97.742311764832152, 18.485248644374849, 2130.0 ], [ -97.742333152851828, 18.485243634515349, 2130.0 ], [ -97.742357133358738, 18.485240527641988, 2130.0 ], [ -97.742437500462998, 18.485239010837272, 2130.0 ], [ -97.742504257009273, 18.485233698218927, 2130.0 ], [ -97.74253147812523, 18.485233697955326, 2130.0 ], [ -97.742593697818833, 18.485238403975746, 2130.0 ], [ -97.742638418223621, 18.485240262858774, 2130.0 ], [ -97.742679898019375, 18.485239638521719, 2130.0 ], [ -97.742723322180538, 18.485235307187484, 2130.0 ], [ -97.742751839540105, 18.485228999239649, 2130.0 ], [ -97.742785541874156, 18.485217306162973, 2130.0 ], [ -97.742807578015643, 18.485207361503736, 2130.0 ], [ -97.742838687862445, 18.485190003027114, 2130.0 ], [ -97.74285877963851, 18.485180005778492, 2130.0 ], [ -97.742895722581594, 18.485165220459429, 2130.0 ], [ -97.742923591819363, 18.485157137393085, 2130.0 ], [ -97.742947572326273, 18.485151529492065, 2130.0 ], [ -97.742971552833183, 18.485147146927705, 2130.0 ], [ -97.743000070192764, 18.4851434179234, 2130.0 ], [ -97.743029883795955, 18.485140936848168, 2130.0 ], [ -97.743060993642757, 18.485139699286538, 2130.0 ], [ -97.743108306534779, 18.485140338689231, 2130.0 ], [ -97.743156267548613, 18.485143410477693, 2130.0 ], [ -97.743225616582123, 18.485150566433866, 2130.0 ], [ -97.743262559525206, 18.485153067418043, 2130.0 ], [ -97.743296261859243, 18.485154296649391, 2130.0 ], [ -97.743361722161893, 18.48515430336834, 2130.0 ], [ -97.743440144900731, 18.48515119215601, 2130.0 ], [ -97.743567176775187, 18.485143779878058, 2130.0 ], [ -97.743613841545397, 18.485136957882574, 2130.0 ], [ -97.743638470174119, 18.485131339180146, 2130.0 ], [ -97.743655321341151, 18.485126399793501, 2130.0 ], [ -97.743682542457108, 18.48511592617567, 2130.0 ], [ -97.743702634233159, 18.485105209117933, 2130.0 ], [ -97.743722726009224, 18.485090443447454, 2130.0 ], [ -97.743738318614135, 18.485075573876717, 2130.0 ], [ -97.743760952732046, 18.48504836395195, 2130.0 ], [ -97.743810757858341, 18.484980339140034, 2130.0 ], [ -97.743837510616416, 18.48494818195622, 2130.0 ], [ -97.743840802018696, 18.484941379475028, 2130.0 ], [ -97.743842813721457, 18.484929629734786, 2130.0 ], [ -97.743842810472728, 18.484921590438834, 2130.0 ], [ -97.743840525748595, 18.484915406365023, 2130.0 ], [ -97.743840510918091, 18.484911695920736, 2130.0 ], [ -97.74384193623186, 18.48490736706907, 2130.0 ], [ -97.743844490868483, 18.48490365662478, 2130.0 ], [ -97.743850406005507, 18.484898762676714, 2130.0 ], [ -97.743861568950535, 18.484891906884542, 2130.0 ], [ -97.743874406152472, 18.484879538736919, 2130.0 ], [ -97.743882115709724, 18.484868407404061, 2130.0 ], [ -97.743895076554765, 18.484842434294055, 2130.0 ], [ -97.74390484823742, 18.484831336388623, 2130.0 ], [ -97.74391262569911, 18.484826925921944, 2130.0 ], [ -97.743919755039002, 18.484826476958499, 2130.0 ], [ -97.743931421231565, 18.484822503539505, 2130.0 ], [ -97.743941143033908, 18.48482202685048, 2130.0 ], [ -97.743940772703368, 18.484818934813575, 2130.0 ], [ -97.74393646872565, 18.484812750739767, 2130.0 ], [ -97.743935123215451, 18.484804711443811, 2130.0 ], [ -97.743932540714681, 18.484747817964752, 2130.0 ], [ -97.743933945495442, 18.484739160261419, 2130.0 ], [ -97.743936606201075, 18.484731739372847, 2130.0 ], [ -97.743939846815067, 18.484726076063147, 2130.0 ], [ -97.743944545698184, 18.484720608039986, 2130.0 ], [ -97.743956049860287, 18.484712502486101, 2130.0 ], [ -97.743976141636352, 18.484705114428035, 2130.0 ], [ -97.74399817777784, 18.484700660437799, 2130.0 ], [ -97.744047435035284, 18.484694179261385, 2130.0 ], [ -97.744064286202303, 18.484689763615702, 2130.0 ], [ -97.744076600516664, 18.484684580822883, 2130.0 ], [ -97.744088266709213, 18.484678007939078, 2130.0 ], [ -97.744096784881549, 18.484671753856883, 2130.0 ], [ -97.744105603967597, 18.48466309615355, 2130.0 ] ] } },
{ "type": "Feature", "properties": { "FID": 39, "elev": 2131.0, "elevation": 2131.0, "ELEVATION": 2131.0, "is_master": false, "tipo": "Ordinaria (1m)" }, "geometry": { "type": "LineString", "coordinates": [ [ -97.741860966654258, 18.484817697998814, 2131.0 ], [ -97.741848869414184, 18.484828210924292, 2131.0 ], [ -97.741830822443475, 18.484846144738341, 2131.0 ], [ -97.741817150673995, 18.48486284173763, 2131.0 ], [ -97.741805519973823, 18.4848801571443, 2131.0 ], [ -97.741796449074229, 18.484896854143589, 2131.0 ], [ -97.741787986392836, 18.484916643179783, 2131.0 ], [ -97.74178207052239, 18.484935813808598, 2131.0 ], [ -97.741778203463326, 18.484954984437412, 2131.0 ], [ -97.741776239457835, 18.484972299844081, 2131.0 ], [ -97.741775577472467, 18.485000746583609, 2131.0 ], [ -97.741777559962699, 18.485026101286234, 2131.0 ], [ -97.741780835230671, 18.485045890322425, 2131.0 ], [ -97.741786012602532, 18.485066297766, 2131.0 ], [ -97.741793869212742, 18.485087942024339, 2131.0 ], [ -97.741804239161681, 18.485108967875295, 2131.0 ], [ -97.741814610706982, 18.485125664874584, 2131.0 ], [ -97.741825577457732, 18.485140506651728, 2131.0 ], [ -97.741837987803649, 18.485154730021492, 2131.0 ], [ -97.741865208906091, 18.485180157477927, 2131.0 ], [ -97.741898911240142, 18.485199095025092, 2131.0 ], [ -97.741939094792272, 18.485215435323095, 2131.0 ], [ -97.741983167075247, 18.485229588234972, 2131.0 ], [ -97.742036961185349, 18.485241427133946, 2131.0 ], [ -97.742136771943848, 18.485256308265139, 2131.0 ], [ -97.742159456207148, 18.485256303433832, 2131.0 ], [ -97.742167881790664, 18.485255008811425, 2131.0 ], [ -97.742180196105025, 18.485251053155167, 2131.0 ], [ -97.742198991637466, 18.485248569746179, 2131.0 ], [ -97.742231397727892, 18.485247677560288, 2131.0 ], [ -97.742241119555018, 18.485246398453956, 2131.0 ], [ -97.742255378234802, 18.485243275125047, 2131.0 ], [ -97.742305931735871, 18.485228840265552, 2131.0 ], [ -97.742331856608203, 18.485223260803085, 2131.0 ], [ -97.742413519956074, 18.485211734496747, 2131.0 ], [ -97.742507497618305, 18.485193558274933, 2131.0 ], [ -97.742588512844378, 18.48518394443915, 2131.0 ], [ -97.742635177614588, 18.485175295356314, 2131.0 ], [ -97.742673416801281, 18.485165242939878, 2131.0 ], [ -97.742708415378942, 18.485153581550644, 2131.0 ], [ -97.742811466746488, 18.485111364203895, 2131.0 ], [ -97.742862668369369, 18.485093449715077, 2131.0 ], [ -97.742906740652344, 18.485081664252441, 2131.0 ], [ -97.742926184306597, 18.485077906155983, 2131.0 ], [ -97.742953405422554, 18.485074165282128, 2131.0 ], [ -97.742976089685854, 18.485072331416394, 2131.0 ], [ -97.74301497699436, 18.485071700693645, 2131.0 ], [ -97.743041549988504, 18.485072970056166, 2131.0 ], [ -97.743064882373616, 18.48507542304565, 2131.0 ], [ -97.743095344098606, 18.485080970886589, 2131.0 ], [ -97.743132287041689, 18.485089748743942, 2131.0 ], [ -97.743191914248072, 18.485108380779678, 2131.0 ], [ -97.743219135364029, 18.485115857808037, 2131.0 ], [ -97.743249597089033, 18.485120892739747, 2131.0 ], [ -97.743281355057647, 18.485123367171298, 2131.0 ], [ -97.743352000334767, 18.485123376189321, 2131.0 ], [ -97.743417460637431, 18.485119915522795, 2131.0 ], [ -97.743464125407641, 18.485118666167974, 2131.0 ], [ -97.743564584287952, 18.485119055085548, 2131.0 ], [ -97.74358662042944, 18.485117165062494, 2131.0 ], [ -97.743607360327317, 18.485114013011771, 2131.0 ], [ -97.743629396468805, 18.485109039229993, 2131.0 ], [ -97.743647543879447, 18.485103481365009, 2131.0 ], [ -97.743667635655513, 18.485095259845014, 2131.0 ], [ -97.743684486822531, 18.485086123539268, 2131.0 ], [ -97.743701337989549, 18.48507368522715, 2131.0 ], [ -97.743713076195633, 18.485061968914334, 2131.0 ], [ -97.743729241701871, 18.485041561470759, 2131.0 ], [ -97.743746010385308, 18.485015588360753, 2131.0 ], [ -97.74380377724205, 18.484910459105972, 2131.0 ], [ -97.743810839214447, 18.484899327773114, 2131.0 ], [ -97.743816055549644, 18.484893038884493, 2131.0 ], [ -97.74382448113316, 18.484886232487145, 2131.0 ], [ -97.743830314229442, 18.484883753421073, 2131.0 ], [ -97.743845221031037, 18.484880251377806, 2131.0 ], [ -97.743854294736352, 18.484875874839425, 2131.0 ], [ -97.743861406072867, 18.484869025811442, 2131.0 ], [ -97.743868595108182, 18.484857276071203, 2131.0 ], [ -97.743873161903309, 18.484846144738341, 2131.0 ], [ -97.743878235723642, 18.484828829331672, 2131.0 ], [ -97.743892013774342, 18.484797908962619, 2131.0 ], [ -97.743894028724213, 18.484788014444522, 2131.0 ], [ -97.74389403020426, 18.484774409482139, 2131.0 ], [ -97.74389192310322, 18.484764514964041, 2131.0 ], [ -97.743885993784801, 18.484752765223803, 2131.0 ], [ -97.743876377172256, 18.484738541854039, 2131.0 ], [ -97.743860732746313, 18.484719989632605, 2131.0 ], [ -97.743850310693475, 18.484702055818556, 2131.0 ], [ -97.74384701416804, 18.484691542893078, 2131.0 ], [ -97.743847061696968, 18.484684740411886, 2131.0 ], [ -97.743848488645156, 18.48468041156022, 2131.0 ] ] } },
{ "type": "Feature", "properties": { "FID": 40, "elev": 2130.0, "elevation": 2130.0, "ELEVATION": 2130.0, "is_master": true, "tipo": "Maestra (5m)" }, "geometry": { "type": "LineString", "coordinates": [ [ -97.741650680580733, 18.485214097130076, 2130.0 ], [ -97.74165147827587, 18.485209149871025, 2130.0 ], [ -97.741649053081616, 18.485204821019359, 2130.0 ], [ -97.741642903125779, 18.48520510077508, 2130.0 ], [ -97.741641438720833, 18.485209149871025, 2130.0 ], [ -97.741642255003981, 18.485210878751879, 2130.0 ], [ -97.741644847491216, 18.485210462101325, 2130.0 ], [ -97.741646527573963, 18.48521162350055, 2130.0 ], [ -97.741647439978451, 18.485214177791907, 2130.0 ], [ -97.741650680580733, 18.485214097130076, 2130.0 ] ] } },
{ "type": "Feature", "properties": { "FID": 41, "elev": 2130.0, "elevation": 2130.0, "ELEVATION": 2130.0, "is_master": true, "tipo": "Maestra (5m)" }, "geometry": { "type": "LineString", "coordinates": [ [ -97.741171319726817, 18.485160914095303, 2130.0 ], [ -97.741184032885371, 18.48515913065259, 2130.0 ], [ -97.741197643443357, 18.485153493204614, 2130.0 ], [ -97.741206069026859, 18.485146139374379, 2130.0 ], [ -97.741210029771253, 18.485139269836967, 2130.0 ], [ -97.741212074408679, 18.485131230541011, 2130.0 ], [ -97.74121133853896, 18.485120099208153, 2130.0 ], [ -97.741206749554763, 18.485110823097436, 2130.0 ], [ -97.74119871533712, 18.485101546986723, 2130.0 ], [ -97.741190514103465, 18.485094680532352, 2130.0 ], [ -97.741179496032714, 18.485087873312406, 2130.0 ], [ -97.741167829840165, 18.485083033415751, 2130.0 ], [ -97.741156163647616, 18.48508038621052, 2130.0 ], [ -97.741143849333255, 18.485080382309619, 2130.0 ], [ -97.741121165069956, 18.485086705219707, 2130.0 ], [ -97.741115591222396, 18.485089797246481, 2130.0 ], [ -97.741113387608252, 18.485095382238143, 2130.0 ], [ -97.741104313902937, 18.485095208311066, 2130.0 ], [ -97.741102369537501, 18.485096409448481, 2130.0 ], [ -97.741100888116236, 18.485100310171958, 2130.0 ], [ -97.74110087075583, 18.48510711265315, 2130.0 ], [ -97.741102972961258, 18.485113915134342, 2130.0 ], [ -97.741115295966907, 18.485137414614822, 2130.0 ], [ -97.741121813191754, 18.48514485268138, 2130.0 ], [ -97.741132831262505, 18.485153453309479, 2130.0 ], [ -97.741143201211443, 18.485158579825189, 2130.0 ], [ -97.741156163647616, 18.485161091722954, 2130.0 ], [ -97.741171319726817, 18.485160914095303, 2130.0 ] ] } },
{ "type": "Feature", "properties": { "FID": 42, "elev": 2131.0, "elevation": 2131.0, "ELEVATION": 2131.0, "is_master": false, "tipo": "Ordinaria (1m)" }, "geometry": { "type": "LineString", "coordinates": [ [ -97.741185369636611, 18.485131848948395, 2131.0 ], [ -97.741186516444571, 18.485131230541011, 2131.0 ], [ -97.741185329128996, 18.485130039723494, 2131.0 ], [ -97.741184733998281, 18.485131230541011, 2131.0 ], [ -97.741185369636611, 18.485131848948395, 2131.0 ] ] } },
{ "type": "Feature", "properties": { "FID": 43, "elev": 2131.0, "elevation": 2131.0, "ELEVATION": 2131.0, "is_master": false, "tipo": "Ordinaria (1m)" }, "geometry": { "type": "LineString", "coordinates": [ [ -97.741149345610324, 18.485125046467203, 2131.0 ], [ -97.741154284639009, 18.485123809652439, 2131.0 ], [ -97.741151626794945, 18.48511848649871, 2131.0 ], [ -97.741149682429523, 18.485118021637291, 2131.0 ], [ -97.741147089942288, 18.485119392456863, 2131.0 ], [ -97.741143201211443, 18.485118606500681, 2131.0 ], [ -97.741140608724209, 18.485120442767808, 2131.0 ], [ -97.741140573372107, 18.485121954430298, 2131.0 ], [ -97.741142553089631, 18.485124502497747, 2131.0 ], [ -97.741149345610324, 18.485125046467203, 2131.0 ] ] } },
{ "type": "Feature", "properties": { "FID": 44, "elev": 2132.0, "elevation": 2132.0, "ELEVATION": 2132.0, "is_master": false, "tipo": "Ordinaria (1m)" }, "geometry": { "type": "LineString", "coordinates": [ [ -97.741907966427689, 18.485110823097436, 2132.0 ], [ -97.741917598752281, 18.485124428059819, 2132.0 ], [ -97.741929372965132, 18.485138132765332, 2132.0 ], [ -97.741946224132164, 18.485154111605247, 2132.0 ], [ -97.741965667786417, 18.485168992864068, 2132.0 ], [ -97.741985759562482, 18.485181883727407, 2132.0 ], [ -97.742007795703969, 18.485193594546903, 2132.0 ], [ -97.74202659123641, 18.485201835867681, 2132.0 ], [ -97.742052516108757, 18.485211031131374, 2132.0 ], [ -97.742071311641197, 18.485216069032855, 2132.0 ], [ -97.742095292148107, 18.485221025389038, 2132.0 ], [ -97.742134827578425, 18.485227245890293, 2132.0 ], [ -97.742149086258209, 18.485228220986009, 2132.0 ], [ -97.742167233668852, 18.485227874882757, 2132.0 ], [ -97.742191214175762, 18.48522505414676, 2132.0 ], [ -97.742225564631624, 18.485222929600713, 2132.0 ], [ -97.742256026356614, 18.4852178945379, 2132.0 ], [ -97.742364262698629, 18.485191939372751, 2132.0 ], [ -97.74240444625076, 18.485179509461435, 2132.0 ], [ -97.742552218023093, 18.485122703028704, 2132.0 ], [ -97.74257943913905, 18.48511028199098, 2132.0 ], [ -97.742601475280537, 18.485098500757772, 2132.0 ], [ -97.74264360319809, 18.48507191496638, 2132.0 ], [ -97.742685731115643, 18.485041597847662, 2132.0 ], [ -97.742726562752409, 18.485008785879561, 2132.0 ], [ -97.742753279810799, 18.48498404958432, 2132.0 ], [ -97.742765450023768, 18.484971063029317, 2132.0 ], [ -97.742773227522633, 18.484961168511219, 2132.0 ], [ -97.742782301227948, 18.484946326734075, 2132.0 ], [ -97.742786406036558, 18.484935813808598, 2132.0 ], [ -97.742787486239578, 18.484930248000353, 2132.0 ], [ -97.7427869307066, 18.484917261587164, 2132.0 ], [ -97.742784245580978, 18.484909222291211, 2132.0 ], [ -97.742780356899686, 18.484902265208174, 2132.0 ], [ -97.742766746267378, 18.484886959625491, 2132.0 ], [ -97.74274665456565, 18.484872736291187, 2132.0 ], [ -97.742731747764054, 18.484864696983415, 2132.0 ], [ -97.742714896597022, 18.48485709938338, 2132.0 ], [ -97.742685731115643, 18.48484606743742, 2132.0 ], [ -97.74263712198001, 18.484831780821448, 2132.0 ], [ -97.742585920357143, 18.484820052703842, 2132.0 ], [ -97.742530181881605, 18.484810112201608, 2132.0 ], [ -97.742482868989583, 18.484804556841965, 2132.0 ], [ -97.742427778635872, 18.484800837303453, 2132.0 ], [ -97.742386946961929, 18.484799575226951, 2132.0 ], [ -97.742305283614058, 18.484800182027588, 2132.0 ], [ -97.742249545138534, 18.484802665942475, 2132.0 ], [ -97.742192510419386, 18.48480701915916, 2132.0 ], [ -97.742144549405552, 18.484813255229998, 2132.0 ], [ -97.742101773366201, 18.484821308160821, 2132.0 ], [ -97.74206677478854, 18.484830013140087, 2132.0 ], [ -97.742033720576302, 18.484840504113443, 2132.0 ], [ -97.742007147582157, 18.484850942080449, 2132.0 ], [ -97.741981222709811, 18.484863460153356, 2132.0 ], [ -97.741958538446525, 18.484877017537599, 2132.0 ], [ -97.741933909834316, 18.484895617328828, 2132.0 ], [ -97.741917652762439, 18.484911077513356, 2132.0 ], [ -97.741902079835654, 18.484930248142167, 2132.0 ], [ -97.741891038466406, 18.484950655585742, 2132.0 ], [ -97.741884512425912, 18.484969826214556, 2132.0 ], [ -97.741880585596007, 18.484990233658131, 2132.0 ], [ -97.741879556981999, 18.485016206768137, 2132.0 ], [ -97.74188186065102, 18.485041561470759, 2132.0 ], [ -97.741888375106129, 18.485068771395525, 2132.0 ], [ -97.741896185804848, 18.4850891788391, 2132.0 ], [ -97.741907966427689, 18.485110823097436, 2132.0 ] ] } },
{ "type": "Feature", "properties": { "FID": 45, "elev": 2130.0, "elevation": 2130.0, "ELEVATION": 2130.0, "is_master": true, "tipo": "Maestra (5m)" }, "geometry": { "type": "LineString", "coordinates": [ [ -97.741112122227577, 18.485090415653861, 2130.0 ], [ -97.741113914207219, 18.48508856043172, 2130.0 ], [ -97.741112091364627, 18.485085826420139, 2130.0 ], [ -97.74110755451197, 18.485085424222859, 2130.0 ], [ -97.741105934207454, 18.485087323616959, 2130.0 ], [ -97.741105676620577, 18.48508856043172, 2130.0 ], [ -97.741106996407083, 18.485089797246481, 2130.0 ], [ -97.741112122227577, 18.485090415653861, 2130.0 ] ] } },
{ "type": "Feature", "properties": { "FID": 46, "elev": 2109.0, "elevation": 2109.0, "ELEVATION": 2109.0, "is_master": false, "tipo": "Ordinaria (1m)" }, "geometry": { "type": "LineString", "coordinates": [ [ -97.745336654413194, 18.486255495159785, 2109.0 ], [ -97.745346823243253, 18.486239416567877, 2109.0 ], [ -97.745361826062904, 18.486225206081599, 2109.0 ], [ -97.745366413606646, 18.486219009124301, 2109.0 ], [ -97.745369774666784, 18.486209733013585, 2109.0 ], [ -97.745369582617442, 18.486204785754538, 2109.0 ], [ -97.745367011037359, 18.486201631683034, 2109.0 ], [ -97.745348215504919, 18.486191828647506, 2109.0 ], [ -97.745334604946947, 18.486187915370003, 2109.0 ], [ -97.745326179363431, 18.486187926016463, 2109.0 ], [ -97.745297013882052, 18.486191367481176, 2109.0 ], [ -97.745253589720875, 18.486192257279075, 2109.0 ], [ -97.745239331041091, 18.486194856880473, 2109.0 ], [ -97.745227664848542, 18.486199107650403, 2109.0 ], [ -97.745217294899604, 18.486205280480441, 2109.0 ], [ -97.745206924987826, 18.486214680272635, 2109.0 ], [ -97.74519509672767, 18.486230758864544, 2109.0 ], [ -97.745187319265966, 18.486245600641688, 2109.0 ], [ -97.745182080281339, 18.486262916048357, 2109.0 ], [ -97.745181713012315, 18.486272810566454, 2109.0 ] ] } },
{ "type": "Feature", "properties": { "FID": 47, "elev": 2108.0, "elevation": 2108.0, "ELEVATION": 2108.0, "is_master": false, "tipo": "Ordinaria (1m)" }, "geometry": { "type": "LineString", "coordinates": [ [ -97.745387626826812, 18.486249311085974, 2108.0 ], [ -97.745387942553862, 18.486222101161207, 2108.0 ], [ -97.74538657527242, 18.486209114606204, 2108.0 ], [ -97.745381907867852, 18.486193036014296, 2108.0 ], [ -97.745374808966076, 18.486181286274057, 2108.0 ], [ -97.745368307280984, 18.486173741704008, 2108.0 ], [ -97.745359881697468, 18.486166404855414, 2108.0 ], [ -97.745327475607041, 18.48614603705629, 2108.0 ], [ -97.745309976318225, 18.486132535158848, 2108.0 ], [ -97.745299571335664, 18.486123155980238, 2108.0 ], [ -97.745287911371321, 18.486108932610474, 2108.0 ], [ -97.745278744948578, 18.486092235611185, 2108.0 ], [ -97.745267814288994, 18.486075538611896, 2108.0 ], [ -97.745260038932955, 18.486069972945465, 2108.0 ], [ -97.745258774695344, 18.486065010785033, 2108.0 ], [ -97.745252941599077, 18.486063231832947, 2108.0 ], [ -97.74524970099003, 18.486060815059691, 2108.0 ], [ -97.745245235272691, 18.486052657538796, 2108.0 ], [ -97.745240627284716, 18.486047759752338, 2108.0 ], [ -97.745236738553857, 18.486045222595511, 2108.0 ], [ -97.745228961092153, 18.48604390219219, 2108.0 ], [ -97.745225072361308, 18.486039882544215, 2108.0 ], [ -97.745221183630449, 18.486037829504038, 2108.0 ], [ -97.745219167251491, 18.486040907798557, 2108.0 ], [ -97.745215998655993, 18.48604232191893, 2108.0 ], [ -97.745210165559712, 18.486042267070225, 2108.0 ], [ -97.7452063652091, 18.486040289391173, 2108.0 ], [ -97.745205073174077, 18.486036578946887, 2108.0 ], [ -97.745208869316087, 18.486029756895842, 2108.0 ], [ -97.745210813681524, 18.486028630755595, 2108.0 ], [ -97.745214702412369, 18.486029643537009, 2108.0 ], [ -97.745216493918875, 18.486028539650935, 2108.0 ], [ -97.745212758046947, 18.486024117224467, 2108.0 ], [ -97.745207667919573, 18.486023592391888, 2108.0 ], [ -97.745206924950665, 18.486021047903183, 2108.0 ], [ -97.745205110209611, 18.486021737169743, 2108.0 ], [ -97.745205346192421, 18.486023592391888, 2108.0 ], [ -97.745203148394751, 18.486022973984504, 2108.0 ], [ -97.745204568144089, 18.486021118762363, 2108.0 ], [ -97.74520433246343, 18.486019634584647, 2108.0 ], [ -97.745199147488961, 18.486019211573211, 2108.0 ], [ -97.745189616285899, 18.486023592391888, 2108.0 ], [ -97.74518035195652, 18.486026229508418, 2108.0 ], [ -97.745164797033112, 18.486026846057992, 2108.0 ], [ -97.74516155642408, 18.486024250063227, 2108.0 ], [ -97.74515782200794, 18.486022973984504, 2108.0 ], [ -97.745157667693221, 18.486020950105804, 2108.0 ], [ -97.745160260180455, 18.486019881945804, 2108.0 ], [ -97.745161380267888, 18.486018026725457, 2108.0 ], [ -97.745160908302267, 18.486016010547967, 2108.0 ], [ -97.745159612058643, 18.486015337997713, 2108.0 ], [ -97.745153130840563, 18.48601826610896, 2108.0 ], [ -97.745147297744282, 18.486017556313005, 2108.0 ], [ -97.745127854090029, 18.486005040173605, 2108.0 ], [ -97.745124613480996, 18.486004671295877, 2108.0 ], [ -97.745120724750137, 18.486006301193335, 2108.0 ], [ -97.745116836019292, 18.486004549192472, 2108.0 ], [ -97.745112299166635, 18.486005180946119, 2108.0 ], [ -97.745101940791301, 18.485998237689262, 2108.0 ], [ -97.745097392365039, 18.485996956491196, 2108.0 ], [ -97.745088318659711, 18.485996900097, 2108.0 ], [ -97.745080541198007, 18.486002661680526, 2108.0 ], [ -97.74507600434535, 18.486003969710893, 2108.0 ], [ -97.745061745665566, 18.486003276447363, 2108.0 ], [ -97.745050079473017, 18.485997023362042, 2108.0 ], [ -97.745044246376736, 18.485995579248335, 2108.0 ], [ -97.745037765158656, 18.485996864824877, 2108.0 ], [ -97.745031283940563, 18.486000781993916, 2108.0 ], [ -97.745025450844295, 18.486000807693962, 2108.0 ], [ -97.745021562113436, 18.48599897977812, 2108.0 ], [ -97.745020148029496, 18.485993908837596, 2108.0 ], [ -97.745017088492176, 18.48599019839331, 2108.0 ], [ -97.745009247799075, 18.485984126757202, 2108.0 ], [ -97.745004710946418, 18.485982580738749, 2108.0 ], [ -97.744994340997479, 18.485983241310272, 2108.0 ], [ -97.744976193586851, 18.485992147720921, 2108.0 ], [ -97.744967119881522, 18.485991510166542, 2108.0 ], [ -97.744962153867135, 18.485989579985926, 2108.0 ], [ -97.744963797326051, 18.485987724763785, 2108.0 ], [ -97.744966559496731, 18.485987106356404, 2108.0 ], [ -97.744967582193667, 18.48598586954164, 2108.0 ], [ -97.744966771363195, 18.485984014319499, 2108.0 ], [ -97.744963720689483, 18.485982159097354, 2108.0 ], [ -97.744961401159685, 18.485978448653068, 2108.0 ], [ -97.744956053288291, 18.485974738208782, 2108.0 ], [ -97.744952861201739, 18.485971182366342, 2108.0 ], [ -97.744949620592692, 18.485969900596434, 2108.0 ], [ -97.744947028105457, 18.485970323353438, 2108.0 ], [ -97.744937231181098, 18.485976593430927, 2108.0 ], [ -97.744937107168809, 18.485977830245687, 2108.0 ], [ -97.744939600979876, 18.485980303875213, 2108.0 ], [ -97.744936658156533, 18.485986189788321, 2108.0 ], [ -97.744934713791096, 18.485986460155431, 2108.0 ], [ -97.744933729302275, 18.485985251134259, 2108.0 ], [ -97.744936010034721, 18.485983049000659, 2108.0 ], [ -97.744936010034721, 18.485981668404541, 2108.0 ], [ -97.744934713791096, 18.485981473162731, 2108.0 ], [ -97.744932286080598, 18.485984632726879, 2108.0 ], [ -97.744928880694829, 18.485985086975209, 2108.0 ], [ -97.74492369572036, 18.485983727429478, 2108.0 ], [ -97.744919806989515, 18.485980677795954, 2108.0 ], [ -97.744908788918764, 18.485983966287858, 2108.0 ], [ -97.744904981203135, 18.485986487949024, 2108.0 ], [ -97.744893233995356, 18.485984707286633, 2108.0 ], [ -97.744886655559, 18.48599081680069, 2108.0 ], [ -97.744884808411854, 18.485995557923946, 2108.0 ], [ -97.744883011346829, 18.485991435208071, 2108.0 ], [ -97.744876382828338, 18.485990105208636, 2108.0 ], [ -97.744873790341103, 18.485987642730151, 2108.0 ], [ -97.744867309123023, 18.4859851338501, 2108.0 ], [ -97.744860179783132, 18.485985374815737, 2108.0 ], [ -97.744856291052272, 18.485988949210398, 2108.0 ], [ -97.744851106077803, 18.485989635306716, 2108.0 ], [ -97.744850682098118, 18.485988343171165, 2108.0 ], [ -97.744856689896466, 18.485982777504734, 2108.0 ], [ -97.744856363065807, 18.485980303875213, 2108.0 ], [ -97.74485305044324, 18.485976026557491, 2108.0 ], [ -97.744840088007066, 18.4859665687218, 2108.0 ], [ -97.744836199276207, 18.485965338416591, 2108.0 ], [ -97.744821940596424, 18.485964954686882, 2108.0 ], [ -97.744814811256532, 18.485963286629243, 2108.0 ], [ -97.744803145063983, 18.485963661845467, 2108.0 ], [ -97.744799844544517, 18.485961751653779, 2108.0 ], [ -97.744798025535033, 18.485958041209493, 2108.0 ], [ -97.744798932272218, 18.485956185987352, 2108.0 ], [ -97.744802496942171, 18.485954897638639, 2108.0 ], [ -97.744805102931949, 18.485952475543066, 2108.0 ], [ -97.744808232820176, 18.485938870580682, 2108.0 ], [ -97.744809626282063, 18.485936396948428, 2108.0 ], [ -97.744814811256532, 18.485932207241149, 2108.0 ], [ -97.744817403743767, 18.485931299775167, 2108.0 ], [ -97.744824533083658, 18.485931471016499, 2108.0 ], [ -97.744827168779011, 18.485932686506871, 2108.0 ], [ -97.744837495519832, 18.48594134420134, 2108.0 ], [ -97.744843328616099, 18.485943137591612, 2108.0 ], [ -97.744849161712381, 18.485942061562767, 2108.0 ], [ -97.744855075823878, 18.485937015358537, 2108.0 ], [ -97.744859034767927, 18.485927739247821, 2108.0 ], [ -97.744864036898278, 18.485900529323054, 2108.0 ], [ -97.744869177238826, 18.485883832323765, 2108.0 ], [ -97.74487260520408, 18.485876411435193, 2108.0 ], [ -97.744878279184746, 18.48586775373186, 2108.0 ], [ -97.744884938036208, 18.485860332843284, 2108.0 ], [ -97.744889993386323, 18.485855970564192, 2108.0 ], [ -97.744904900187919, 18.485846727866718, 2108.0 ], [ -97.744908644891694, 18.485842399029234, 2108.0 ], [ -97.744910820868213, 18.485838070177568, 2108.0 ], [ -97.744917018101731, 18.485797255290418, 2108.0 ], [ -97.744915338360201, 18.48578674236494, 2108.0 ], [ -97.74490696457589, 18.485765716513985, 2108.0 ], [ -97.7448958646074, 18.485742217033504, 2108.0 ], [ -97.744888697142699, 18.485733559365627, 2108.0 ], [ -97.744884160290042, 18.485730467310994, 2108.0 ], [ -97.744877679071962, 18.485727839061894, 2108.0 ], [ -97.744864716635789, 18.485725605331783, 2108.0 ], [ -97.744840736128879, 18.485717432425183, 2108.0 ], [ -97.744818051865579, 18.485713193670875, 2108.0 ], [ -97.744800552576748, 18.48570449418435, 2108.0 ], [ -97.744792695753191, 18.485697691702065, 2108.0 ], [ -97.74479004888839, 18.485692126035637, 2108.0 ], [ -97.744790053003442, 18.48568284992492, 2108.0 ], [ -97.744792808783714, 18.485675429036348, 2108.0 ], [ -97.744799314497911, 18.485667389740396, 2108.0 ], [ -97.744802518912408, 18.485660587259204, 2108.0 ], [ -97.744803967218502, 18.485653166370628, 2108.0 ], [ -97.744802970241651, 18.485645745482056, 2108.0 ], [ -97.744803650598996, 18.485637087778723, 2108.0 ], [ -97.744805680122695, 18.485632758927053, 2108.0 ], [ -97.744810274403875, 18.485627526249214, 2108.0 ], [ -97.744823236840048, 18.485617311363086, 2108.0 ], [ -97.744833606788973, 18.485612211843105, 2108.0 ], [ -97.744851106077803, 18.485605698507371, 2108.0 ], [ -97.744872494097493, 18.485595567791567, 2108.0 ], [ -97.744883512168229, 18.485593612494718, 2108.0 ], [ -97.744904900187919, 18.485595498884916, 2108.0 ], [ -97.744915918258656, 18.485595206671949, 2108.0 ], [ -97.744936658156533, 18.485593386990459, 2108.0 ], [ -97.744943787496425, 18.485590852732763, 2108.0 ], [ -97.74495429389205, 18.48558266792919, 2108.0 ], [ -97.744966518054127, 18.485570918188948, 2108.0 ], [ -97.744974935468036, 18.48555978685609, 2108.0 ], [ -97.744982088409003, 18.485546800301087, 2108.0 ], [ -97.744987262490667, 18.485532576931323, 2108.0 ], [ -97.744991218228776, 18.485517116746795, 2108.0 ], [ -97.744997762230639, 18.48547815708179, 2108.0 ], [ -97.745002313924488, 18.485421882010112, 2108.0 ], [ -97.745005160450248, 18.485340252235812, 2108.0 ], [ -97.745009805183841, 18.485308095051998, 2108.0 ], [ -97.745013722925847, 18.485294490089615, 2108.0 ], [ -97.745017619372433, 18.485285213978898, 2108.0 ], [ -97.745035338470018, 18.485254912017226, 2108.0 ], [ -97.745039762431986, 18.485243780684367, 2108.0 ], [ -97.745064939980196, 18.485125046467203, 2108.0 ], [ -97.745068226883646, 18.48512195442084, 2108.0 ], [ -97.745070171249083, 18.485121793106632, 2108.0 ], [ -97.745075356223552, 18.485124239848879, 2108.0 ], [ -97.745082485563444, 18.485123151347807, 2108.0 ], [ -97.745085645157261, 18.485119480800773, 2108.0 ], [ -97.745081837441631, 18.48511574458951, 2108.0 ], [ -97.745077300588974, 18.485115301866045, 2108.0 ], [ -97.745074754396157, 18.485113915134342, 2108.0 ], [ -97.745072628710929, 18.485110823097436, 2108.0 ], [ -97.745072504487581, 18.48510711265315, 2108.0 ], [ -97.745066930640036, 18.485107893799317, 2108.0 ], [ -97.745063632843781, 18.485104020616244, 2108.0 ], [ -97.745063506866131, 18.485094744505531, 2108.0 ], [ -97.745064842247544, 18.485086705209575, 2108.0 ], [ -97.745067452299054, 18.485077429098862, 2108.0 ], [ -97.745072918721959, 18.485064442543859, 2108.0 ], [ -97.745075245116951, 18.48504774554457, 2108.0 ], [ -97.745077876697252, 18.485041561470759, 2108.0 ], [ -97.745082341536374, 18.485036614211712, 2108.0 ], [ -97.745097392365039, 18.485028638342154, 2108.0 ], [ -97.745103873583119, 18.485027200461733, 2108.0 ], [ -97.745113595410245, 18.485027723485306, 2108.0 ], [ -97.745117568156886, 18.485026719693614, 2108.0 ], [ -97.745120192364368, 18.485023627656709, 2108.0 ], [ -97.745121547864841, 18.485019917212423, 2108.0 ], [ -97.74512306519, 18.485008167472181, 2108.0 ], [ -97.745121372871949, 18.485006644357707, 2108.0 ], [ -97.74511289262756, 18.485008167472181, 2108.0 ], [ -97.745112188303693, 18.485004457027895, 2108.0 ], [ -97.745113595410245, 18.485001336227857, 2108.0 ], [ -97.74511618789748, 18.484999877470532, 2108.0 ], [ -97.745122020993762, 18.485004163030943, 2108.0 ], [ -97.745129150333653, 18.485002935836015, 2108.0 ], [ -97.745136279673545, 18.484995899995528, 2108.0 ], [ -97.745143803522367, 18.484992088880272, 2108.0 ], [ -97.745149890231517, 18.484983296740552, 2108.0 ], [ -97.745151186475141, 18.48498217462577, 2108.0 ], [ -97.745155075205986, 18.484981616728909, 2108.0 ], [ -97.745157635287129, 18.484979102325273, 2108.0 ], [ -97.745161645279481, 18.484971681436697, 2108.0 ], [ -97.745164320998825, 18.484963023733364, 2108.0 ], [ -97.745165650475954, 18.484935195401217, 2108.0 ], [ -97.745162809236845, 18.484924682475739, 2108.0 ], [ -97.745158946420034, 18.484917879994548, 2108.0 ], [ -97.745155148975954, 18.484914169550262, 2108.0 ], [ -97.745151510536047, 18.48490736706907, 2108.0 ], [ -97.745144057135249, 18.48490497148137, 2108.0 ], [ -97.745141464648015, 18.48490531592671, 2108.0 ], [ -97.7451381880322, 18.484899946180494, 2108.0 ], [ -97.745138883258747, 18.484899327773114, 2108.0 ], [ -97.745138177554821, 18.484895617328828, 2108.0 ], [ -97.745141464648015, 18.484894803634905, 2108.0 ], [ -97.745141572668317, 18.484893762106683, 2108.0 ], [ -97.745138216901069, 18.484890051662397, 2108.0 ], [ -97.745137590873824, 18.48488448599597, 2108.0 ], [ -97.74513887216078, 18.484883168199289, 2108.0 ], [ -97.745144057135249, 18.484883758457872, 2108.0 ], [ -97.745145055880329, 18.4848801571443, 2108.0 ], [ -97.745144223544898, 18.484874591477872, 2108.0 ], [ -97.745138756939127, 18.484857276071203, 2108.0 ], [ -97.745138038861313, 18.484849855182631, 2108.0 ], [ -97.745138704129204, 18.484838723849769, 2108.0 ], [ -97.745142627152205, 18.484817697998814, 2108.0 ], [ -97.745147915952785, 18.484797908962619, 2108.0 ], [ -97.745152986813494, 18.484783685592856, 2108.0 ], [ -97.745158902793278, 18.484771317445233, 2108.0 ], [ -97.745177137801434, 18.484743489113086, 2108.0 ], [ -97.745188152986287, 18.484723700076891, 2108.0 ], [ -97.745197959265653, 18.484701437411175, 2108.0 ], [ -97.745208759464944, 18.484671135449503, 2108.0 ], [ -97.745218591140187, 18.484651964820689, 2108.0 ], [ -97.745227608490126, 18.484638978265686, 2108.0 ], [ -97.745241259975046, 18.484623518081161, 2108.0 ], [ -97.745270440887907, 18.484597483130418, 2108.0 ], [ -97.745275045963908, 18.484591360897344, 2108.0 ], [ -97.745278928197294, 18.484582084786631, 2108.0 ] ] } },
{ "type": "Feature", "properties": { "FID": 48, "elev": 2109.0, "elevation": 2109.0, "ELEVATION": 2109.0, "is_master": false, "tipo": "Ordinaria (1m)" }, "geometry": { "type": "LineString", "coordinates": [ [ -97.745104521688404, 18.486282086677171, 2109.0 ], [ -97.745106660506892, 18.486261679233596, 2109.0 ], [ -97.745107114167382, 18.486233232494065, 2109.0 ], [ -97.745105967515116, 18.486207877791443, 2109.0 ], [ -97.745103075894733, 18.486178194237151, 2109.0 ], [ -97.745102406781129, 18.486142945016432, 2109.0 ], [ -97.745103737136418, 18.486131813683571, 2109.0 ], [ -97.745107732853882, 18.486117590313807, 2109.0 ], [ -97.745110944002846, 18.486111406239996, 2109.0 ], [ -97.745118881203666, 18.486103985351424, 2109.0 ], [ -97.745120246137105, 18.486097801277612, 2109.0 ], [ -97.745117500759605, 18.486092235611185, 2109.0 ], [ -97.745110385664148, 18.486084814722613, 2109.0 ], [ -97.745108698489915, 18.486078012241421, 2109.0 ], [ -97.745098668354842, 18.486061315242132, 2109.0 ], [ -97.745096555549537, 18.486055131168321, 2109.0 ], [ -97.745097164953876, 18.48604956550189, 2109.0 ], [ -97.74509621504285, 18.486047710279749, 2109.0 ], [ -97.745088318659711, 18.486049083144135, 2109.0 ], [ -97.745083781807054, 18.486047627032601, 2109.0 ], [ -97.745079007309727, 18.486043999835463, 2109.0 ], [ -97.745066282518223, 18.486030306529166, 2109.0 ], [ -97.745061745665566, 18.486027936703739, 2109.0 ], [ -97.745055912569285, 18.486027109583866, 2109.0 ], [ -97.745008599677277, 18.486025913798056, 2109.0 ], [ -97.745002623489171, 18.486028539650935, 2109.0 ], [ -97.744990452266634, 18.486040321938933, 2109.0 ], [ -97.744983971048555, 18.486042286980485, 2109.0 ], [ -97.744980082317696, 18.486042279049705, 2109.0 ], [ -97.7449651755161, 18.48603724456094, 2109.0 ], [ -97.744961286785255, 18.486034311453157, 2109.0 ], [ -97.744955453688974, 18.486036286608854, 2109.0 ], [ -97.744948972470894, 18.486034028016441, 2109.0 ], [ -97.744947752476904, 18.486032868502601, 2109.0 ], [ -97.744948218533281, 18.48603039487308, 2109.0 ], [ -97.744954546318439, 18.486021737169743, 2109.0 ], [ -97.744951876056589, 18.486019881947598, 2109.0 ], [ -97.744948972470894, 18.486019459620607, 2109.0 ], [ -97.744945083740035, 18.486020919276111, 2109.0 ], [ -97.744940546887378, 18.486027324922151, 2109.0 ], [ -97.744937954400143, 18.486029274009699, 2109.0 ], [ -97.744927584451204, 18.486029236447983, 2109.0 ], [ -97.744920455111313, 18.48603236401237, 2109.0 ], [ -97.744915270136843, 18.486032173983542, 2109.0 ], [ -97.744912029527811, 18.486029044828797, 2109.0 ], [ -97.744908788918764, 18.486028064802412, 2109.0 ], [ -97.744902307700684, 18.486031608783861, 2109.0 ], [ -97.744902248780519, 18.486027302836174, 2109.0 ], [ -97.74489971521345, 18.486026499904007, 2109.0 ], [ -97.744897059012544, 18.486029776465696, 2109.0 ], [ -97.744897224392375, 18.486034723724746, 2109.0 ], [ -97.744901659578872, 18.486035975263494, 2109.0 ], [ -97.744904900187919, 18.486034180732897, 2109.0 ], [ -97.744908140796952, 18.486035273799818, 2109.0 ], [ -97.744908179928842, 18.486037197354271, 2109.0 ], [ -97.74489963346835, 18.486042763020698, 2109.0 ], [ -97.74489531672387, 18.486047710279749, 2109.0 ], [ -97.744893882117168, 18.486047810833792, 2109.0 ], [ -97.74489185259705, 18.486045236650224, 2109.0 ], [ -97.744889993386323, 18.486038912029279, 2109.0 ], [ -97.744886104655464, 18.486035830348481, 2109.0 ], [ -97.744879623437384, 18.486035805937661, 2109.0 ], [ -97.744865364757601, 18.486037985823682, 2109.0 ], [ -97.744858883539507, 18.486037262449784, 2109.0 ], [ -97.744851754199615, 18.486034613785655, 2109.0 ], [ -97.744844624859724, 18.486035160247603, 2109.0 ], [ -97.744843642654502, 18.486033486909982, 2109.0 ], [ -97.744844624859724, 18.48603152174875, 2109.0 ], [ -97.744848513590568, 18.48602920386627, 2109.0 ], [ -97.744852402321428, 18.486024070252135, 2109.0 ], [ -97.744854994808662, 18.486022819382661, 2109.0 ], [ -97.744855815158644, 18.486020500354982, 2109.0 ], [ -97.744851106077803, 18.486009333068203, 2109.0 ], [ -97.744848513590568, 18.486006841829752, 2109.0 ], [ -97.744842032372489, 18.486003811656463, 2109.0 ], [ -97.744833807117544, 18.485997000874502, 2109.0 ], [ -97.744816755621954, 18.48599712708009, 2109.0 ], [ -97.744801848820359, 18.485993788942288, 2109.0 ], [ -97.744779164557059, 18.485990969284703, 2109.0 ], [ -97.744764905877275, 18.485987169245291, 2109.0 ], [ -97.744756480293773, 18.485982840931133, 2109.0 ], [ -97.744751910204087, 18.485977830245687, 2109.0 ], [ -97.744749208367082, 18.485970409357115, 2109.0 ], [ -97.744749215928493, 18.485963606875924, 2109.0 ], [ -97.744751247895749, 18.485958041209493, 2109.0 ], [ -97.744756450148572, 18.485951238728301, 2109.0 ], [ -97.744779227960279, 18.485927739247821, 2109.0 ], [ -97.74479207968507, 18.485910423841151, 2109.0 ], [ -97.744803145063983, 18.485902410046535, 2109.0 ], [ -97.744809606642008, 18.485896200471387, 2109.0 ], [ -97.744814241694939, 18.485889397990196, 2109.0 ], [ -97.744816839250575, 18.485882595509004, 2109.0 ], [ -97.744817594992824, 18.485878885064718, 2109.0 ], [ -97.744816895412939, 18.485870227361382, 2109.0 ], [ -97.744809559808033, 18.485855385584237, 2109.0 ], [ -97.744804986319124, 18.485843017436615, 2109.0 ], [ -97.744801677618369, 18.485828175659471, 2109.0 ], [ -97.744800686013591, 18.485812715474943, 2109.0 ], [ -97.744798680224861, 18.48580405777161, 2109.0 ], [ -97.74478578465839, 18.485789215994462, 2109.0 ], [ -97.744772683338979, 18.485778140880456, 2109.0 ], [ -97.744753887806539, 18.485765136757063, 2109.0 ], [ -97.744711068559056, 18.485738506589215, 2109.0 ], [ -97.744705870434288, 18.485732322515407, 2109.0 ], [ -97.744704103950113, 18.485724901626831, 2109.0 ], [ -97.744701351815237, 18.485719954367784, 2109.0 ], [ -97.744694977854948, 18.485713151886593, 2109.0 ], [ -97.744690329369519, 18.485710678257067, 2109.0 ], [ -97.744689723747499, 18.48570882304168, 2109.0 ], [ -97.744686483138452, 18.485710067986627, 2109.0 ], [ -97.744683873134406, 18.485713151886593, 2109.0 ], [ -97.744685316519195, 18.48572366481207, 2109.0 ], [ -97.744681946285795, 18.485728657879072, 2109.0 ], [ -97.744676113189513, 18.485730375677353, 2109.0 ], [ -97.744659262022495, 18.485730387498762, 2109.0 ], [ -97.744653428926213, 18.485733009634718, 2109.0 ], [ -97.744643058977289, 18.485739734441552, 2109.0 ], [ -97.744635929637383, 18.4857413203428, 2109.0 ], [ -97.744628152175693, 18.485739766167441, 2109.0 ], [ -97.744622967201224, 18.485735492461902, 2109.0 ], [ -97.744617134104942, 18.485726611790454, 2109.0 ], [ -97.744613245374097, 18.485722963023921, 2109.0 ], [ -97.744604691590666, 18.485717480738259, 2109.0 ], [ -97.744602772221043, 18.485713770293973, 2109.0 ], [ -97.74460207270549, 18.485708823034926, 2109.0 ], [ -97.744602875425159, 18.485706349401461, 2109.0 ], [ -97.744605467912393, 18.485703953076801, 2109.0 ], [ -97.744622319079411, 18.485697305197451, 2109.0 ], [ -97.744632040906538, 18.485702729903377, 2109.0 ], [ -97.744641762733664, 18.485706261061491, 2109.0 ], [ -97.744651484560791, 18.48571260415434, 2109.0 ], [ -97.744657317657072, 18.485711812003935, 2109.0 ], [ -97.744659866936189, 18.485709441442307, 2109.0 ], [ -97.74466200265185, 18.48570511259064, 2109.0 ], [ -97.744663008856861, 18.485695836479923, 2109.0 ], [ -97.74466503876036, 18.485690889220873, 2109.0 ], [ -97.744667687606011, 18.485688379214444, 2109.0 ], [ -97.74467287258048, 18.485686554847714, 2109.0 ], [ -97.744676181412871, 18.48568284992492, 2109.0 ], [ -97.744676761311325, 18.485679678459544, 2109.0 ], [ -97.744678705676748, 18.485677902665362, 2109.0 ], [ -97.744682030823412, 18.48567728425849, 2109.0 ], [ -97.744684538773029, 18.485674894197533, 2109.0 ], [ -97.744684737177664, 18.485666771333012, 2109.0 ], [ -97.744688427503874, 18.485667498232917, 2109.0 ], [ -97.744690263848995, 18.485666152925631, 2109.0 ], [ -97.744690382239256, 18.485661824073965, 2109.0 ], [ -97.744688427503874, 18.485660535072924, 2109.0 ], [ -97.744685634190162, 18.485660587259204, 2109.0 ], [ -97.744683890651217, 18.48565886125651, 2109.0 ], [ -97.744681353193201, 18.485648219111582, 2109.0 ], [ -97.744681997453299, 18.485645127074676, 2109.0 ], [ -97.744687640498825, 18.485639561408245, 2109.0 ], [ -97.744694260600156, 18.485638424629972, 2109.0 ], [ -97.744711111767174, 18.485632270185736, 2109.0 ], [ -97.744720185472488, 18.485621385608699, 2109.0 ], [ -97.74472601856877, 18.485617917138089, 2109.0 ], [ -97.744737684761319, 18.485608007171628, 2109.0 ], [ -97.744747406588445, 18.485601948987892, 2109.0 ], [ -97.744752591562914, 18.485597509693438, 2109.0 ], [ -97.744755204957301, 18.485591944039903, 2109.0 ], [ -97.744758424659196, 18.485589651265368, 2109.0 ], [ -97.744761665268243, 18.485590080626935, 2109.0 ], [ -97.744763099537792, 18.485591325632523, 2109.0 ], [ -97.744763419517938, 18.485593180854668, 2109.0 ], [ -97.744761745448258, 18.485598128113715, 2109.0 ], [ -97.74476432222832, 18.48560122015062, 2109.0 ], [ -97.744766850246251, 18.485611733076098, 2109.0 ], [ -97.744770738973557, 18.48561346163649, 2109.0 ], [ -97.744775275826214, 18.48561244198212, 2109.0 ], [ -97.744779534912382, 18.485608022631812, 2109.0 ], [ -97.744780395662815, 18.48560060174324, 2109.0 ], [ -97.744785773892247, 18.48559565448419, 2109.0 ], [ -97.744789438487956, 18.48557833907752, 2109.0 ], [ -97.744795367597476, 18.485569062966807, 2109.0 ], [ -97.744805737551218, 18.48556102366668, 2109.0 ], [ -97.74483166242355, 18.485546181889536, 2109.0 ], [ -97.744888697142699, 18.485522033085477, 2109.0 ], [ -97.744895178360778, 18.4855207093992, 2109.0 ], [ -97.744901659578872, 18.485520681683465, 2109.0 ], [ -97.744913325771421, 18.485524618297202, 2109.0 ], [ -97.744919158867702, 18.485524640703265, 2109.0 ], [ -97.744922399476735, 18.485523300809696, 2109.0 ], [ -97.744927017344622, 18.485518353561559, 2109.0 ], [ -97.744928880686999, 18.485509695858223, 2109.0 ], [ -97.744927707902988, 18.485494854081079, 2109.0 ], [ -97.74492859552123, 18.485480012303931, 2109.0 ], [ -97.744927271564819, 18.485452802379164, 2109.0 ], [ -97.744929720307169, 18.485412605899395, 2109.0 ], [ -97.744928254177083, 18.485332212939859, 2109.0 ], [ -97.74492964455267, 18.485261714498417, 2109.0 ], [ -97.744927007551581, 18.485254293609845, 2109.0 ], [ -97.744923607575799, 18.48525181998032, 2109.0 ], [ -97.744922438055426, 18.485248109536034, 2109.0 ], [ -97.744924343842172, 18.485246465477388, 2109.0 ], [ -97.744926936329406, 18.485246563517581, 2109.0 ], [ -97.744927348770545, 18.485249964758175, 2109.0 ], [ -97.744930825060251, 18.485252477776708, 2109.0 ], [ -97.744934713791096, 18.48525267112166, 2109.0 ], [ -97.744937954400143, 18.485254190541948, 2109.0 ], [ -97.744939250643768, 18.485253228574912, 2109.0 ], [ -97.744943139374612, 18.485254258605654, 2109.0 ], [ -97.744946167167541, 18.48525120157294, 2109.0 ], [ -97.74494634887381, 18.485248109536034, 2109.0 ], [ -97.744941760829818, 18.485244399091748, 2109.0 ], [ -97.744940828679475, 18.485236978203176, 2109.0 ], [ -97.744943018391879, 18.485222754833408, 2109.0 ], [ -97.744947557557083, 18.485208531463645, 2109.0 ], [ -97.744953491066596, 18.485196163316026, 2109.0 ], [ -97.744963366176052, 18.485182558353642, 2109.0 ], [ -97.744965776501772, 18.485176992687212, 2109.0 ], [ -97.744971656723564, 18.485172663835545, 2109.0 ], [ -97.744976223046933, 18.485167098169114, 2109.0 ], [ -97.744993020749362, 18.485141743466492, 2109.0 ], [ -97.74499833774864, 18.485130612133631, 2109.0 ], [ -97.745002254112592, 18.485115151949106, 2109.0 ], [ -97.745002268025758, 18.485101546986723, 2109.0 ], [ -97.74500020820544, 18.485095981320292, 2109.0 ], [ -97.744998229728338, 18.485095110969162, 2109.0 ], [ -97.744993692875681, 18.485097034903237, 2109.0 ], [ -97.744990452266634, 18.48509483754027, 2109.0 ], [ -97.744982711840464, 18.485081757950528, 2109.0 ], [ -97.744976352560116, 18.485074955469337, 2109.0 ], [ -97.744975592317218, 18.485071245025051, 2109.0 ], [ -97.744976841706745, 18.485066297766, 2109.0 ], [ -97.744980730439508, 18.485063707802414, 2109.0 ], [ -97.744984619170353, 18.485063743474644, 2109.0 ], [ -97.744991748510245, 18.485066020548899, 2109.0 ], [ -97.744995637241104, 18.485065132305937, 2109.0 ], [ -97.744998229728338, 18.485062705113599, 2109.0 ], [ -97.745001565184467, 18.485055166433142, 2109.0 ], [ -97.745001435303763, 18.485042798285519, 2109.0 ], [ -97.744998229728338, 18.485039807213084, 2109.0 ], [ -97.744994313417834, 18.485039087841233, 2109.0 ], [ -97.744991748510245, 18.485036150406174, 2109.0 ], [ -97.74498019669214, 18.485029193323136, 2109.0 ], [ -97.744977320755211, 18.485023627656709, 2109.0 ], [ -97.744978051536037, 18.485015588360753, 2109.0 ], [ -97.744980853891278, 18.485010022694325, 2109.0 ], [ -97.744986563535775, 18.485004386352767, 2109.0 ], [ -97.744989804144822, 18.485003081386985, 2109.0 ], [ -97.745001470337371, 18.485002768775743, 2109.0 ], [ -97.745007303433653, 18.485001520892009, 2109.0 ], [ -97.745011192164512, 18.484999636261264, 2109.0 ], [ -97.745014411866393, 18.484996417731942, 2109.0 ], [ -97.745016409315227, 18.48498899684337, 2109.0 ], [ -97.745020322228243, 18.484982812769559, 2109.0 ], [ -97.745023704516086, 18.484972918251461, 2109.0 ], [ -97.745035172667045, 18.484957458066933, 2109.0 ], [ -97.745045652471504, 18.484938287438123, 2109.0 ], [ -97.745057321529742, 18.484904275032164, 2109.0 ], [ -97.745057798893953, 18.484891906884542, 2109.0 ], [ -97.745059828305216, 18.484888196440256, 2109.0 ], [ -97.745063690030989, 18.48488524575361, 2109.0 ], [ -97.74506952312727, 18.484883108278261, 2109.0 ], [ -97.745072763736317, 18.484883203031401, 2109.0 ], [ -97.745077300588974, 18.484885622866106, 2109.0 ], [ -97.745079893076209, 18.48488283690962, 2109.0 ], [ -97.745082485563444, 18.484882057178574, 2109.0 ], [ -97.745085078050678, 18.484882817462847, 2109.0 ], [ -97.745086031976427, 18.484882012366445, 2109.0 ], [ -97.745084429928866, 18.484879471680699, 2109.0 ], [ -97.745080281949285, 18.484879538736919, 2109.0 ], [ -97.745076502178051, 18.484874591477872, 2109.0 ], [ -97.74507957732456, 18.484850473590011, 2109.0 ], [ -97.745079415887616, 18.484841815886675, 2109.0 ], [ -97.745077346883392, 18.484833776590722, 2109.0 ], [ -97.745072115614505, 18.484823166021972, 2109.0 ], [ -97.745068875005458, 18.484820779186467, 2109.0 ], [ -97.745063690030989, 18.48482069239245, 2109.0 ], [ -97.745062468931934, 18.484818934813575, 2109.0 ], [ -97.745066930640036, 18.484814306732531, 2109.0 ], [ -97.745068875005458, 18.484813564765808, 2109.0 ], [ -97.745072763736317, 18.48481428095949, 2109.0 ], [ -97.745074843530176, 18.484812750739767, 2109.0 ], [ -97.745075704676125, 18.484809658702861, 2109.0 ], [ -97.74507431922865, 18.48480347462905, 2109.0 ], [ -97.745077204246542, 18.484799145777384, 2109.0 ], [ -97.745081837441631, 18.484798145264627, 2109.0 ], [ -97.745089614903335, 18.484799127852529, 2109.0 ], [ -97.745095447999603, 18.484798512286893, 2109.0 ], [ -97.745100712335926, 18.484795435333098, 2109.0 ], [ -97.745105712847717, 18.484789251259286, 2109.0 ], [ -97.745111054090529, 18.484776264704283, 2109.0 ], [ -97.745118024242601, 18.484745962742611, 2109.0 ], [ -97.745124459689379, 18.484724936891656, 2109.0 ], [ -97.745154277517614, 18.484652583228069, 2109.0 ], [ -97.745164050284075, 18.484634649414019, 2109.0 ], [ -97.745173894742948, 18.484620426044255, 2109.0 ], [ -97.745185571042668, 18.484606821081872, 2109.0 ], [ -97.745204675586749, 18.484587032045678, 2109.0 ] ] } },
{ "type": "Feature", "properties": { "FID": 49, "elev": 2107.0, "elevation": 2107.0, "ELEVATION": 2107.0, "is_master": false, "tipo": "Ordinaria (1m)" }, "geometry": { "type": "LineString", "coordinates": [ [ -97.745435285553143, 18.486243745419543, 2107.0 ], [ -97.745429340272693, 18.486210969828349, 2107.0 ], [ -97.745421554538311, 18.486184996718343, 2107.0 ], [ -97.745411825714413, 18.486162734052627, 2107.0 ], [ -97.745395552401448, 18.486134287313096, 2107.0 ], [ -97.745390839856199, 18.486122537572857, 2107.0 ], [ -97.745390861919915, 18.486118208721187, 2107.0 ], [ -97.745392230600672, 18.486115116684282, 2107.0 ], [ -97.745405250224067, 18.486102767276279, 2107.0 ], [ -97.7454070469974, 18.486095946055471, 2107.0 ], [ -97.745406594638894, 18.48609038038904, 2107.0 ], [ -97.745404730737121, 18.486086051537374, 2107.0 ], [ -97.745394270655609, 18.486074301797132, 2107.0 ], [ -97.745390343422471, 18.486074385177904, 2107.0 ], [ -97.745385158448002, 18.486080584457628, 2107.0 ], [ -97.745379973473533, 18.486083046294485, 2107.0 ], [ -97.745376084742688, 18.486083735541104, 2107.0 ], [ -97.745363770428327, 18.486083077292349, 2107.0 ], [ -97.745350159870341, 18.486077393838212, 2107.0 ], [ -97.745340463968091, 18.486068117723324, 2107.0 ], [ -97.745331453734011, 18.486048328687129, 2107.0 ], [ -97.745321642510774, 18.486042325610601, 2107.0 ], [ -97.745316498362868, 18.486034105317366, 2107.0 ], [ -97.745312568805446, 18.486030335410831, 2107.0 ], [ -97.745303495100131, 18.486025384367821, 2107.0 ], [ -97.745291828907582, 18.486020964160517, 2107.0 ], [ -97.745287292054925, 18.486021763484949, 2107.0 ], [ -97.745282755202268, 18.486026084761029, 2107.0 ], [ -97.745276922105987, 18.486026035101041, 2107.0 ], [ -97.745269792766095, 18.486019977087196, 2107.0 ], [ -97.745264607791626, 18.486017614453868, 2107.0 ], [ -97.74526124716003, 18.486011842651646, 2107.0 ], [ -97.745261260774527, 18.486007513799979, 2107.0 ], [ -97.745263959669813, 18.486003184947688, 2107.0 ], [ -97.74526720027886, 18.48600184660398, 2107.0 ], [ -97.745270008806699, 18.486003184948313, 2107.0 ], [ -97.745271195662667, 18.486000092911407, 2107.0 ], [ -97.745270535557381, 18.485996382467121, 2107.0 ], [ -97.745265255913438, 18.485993184848468, 2107.0 ], [ -97.745259422817156, 18.485991902977755, 2107.0 ], [ -97.745247756624607, 18.485991950547554, 2107.0 ], [ -97.745238034797481, 18.485995882984234, 2107.0 ], [ -97.745230257335777, 18.4859959313935, 2107.0 ], [ -97.745223776117683, 18.485994574212626, 2107.0 ], [ -97.745217943021416, 18.485990167081543, 2107.0 ], [ -97.745215998655993, 18.485989698045518, 2107.0 ], [ -97.745212758046947, 18.48599067129307, 2107.0 ], [ -97.745210813681524, 18.485992878158626, 2107.0 ], [ -97.745206276828867, 18.485989715040414, 2107.0 ], [ -97.745198499367163, 18.485986425372086, 2107.0 ], [ -97.74518553693099, 18.485984072817494, 2107.0 ], [ -97.74518035195652, 18.485982025715369, 2107.0 ], [ -97.745176463225675, 18.485981589769924, 2107.0 ], [ -97.745170630129394, 18.48598349382662, 2107.0 ], [ -97.745164148911314, 18.485983492826708, 2107.0 ], [ -97.745158315815033, 18.485979593364604, 2107.0 ], [ -97.745151834596953, 18.485977886893693, 2107.0 ], [ -97.745149904634232, 18.485972264579257, 2107.0 ], [ -97.745147945866094, 18.485970342502263, 2107.0 ], [ -97.745136927795357, 18.485966002540046, 2107.0 ], [ -97.745133687186311, 18.485966037440868, 2107.0 ], [ -97.745132776601949, 18.48596731732021, 2107.0 ], [ -97.745134821399475, 18.485969790949735, 2107.0 ], [ -97.745138306938273, 18.485971646171876, 2107.0 ], [ -97.745137961286886, 18.485974738208782, 2107.0 ], [ -97.745135631551733, 18.485976609921789, 2107.0 ], [ -97.745129150333653, 18.485977362105519, 2107.0 ], [ -97.745121372871949, 18.485975228846044, 2107.0 ], [ -97.74511618789748, 18.485974864253599, 2107.0 ], [ -97.745113380671086, 18.485972882986641, 2107.0 ], [ -97.745114990603753, 18.485963606875924, 2107.0 ], [ -97.745112466208326, 18.485960514839018, 2107.0 ], [ -97.745109058557588, 18.485959148878941, 2107.0 ], [ -97.745102577339509, 18.485959278025703, 2107.0 ], [ -97.745101281095884, 18.485960060127709, 2107.0 ], [ -97.745096744243227, 18.485966759035769, 2107.0 ], [ -97.745092855512368, 18.485969255789499, 2107.0 ], [ -97.745085726172476, 18.485969321813101, 2107.0 ], [ -97.745072115614505, 18.485966155140822, 2107.0 ], [ -97.745060449421956, 18.485966622968061, 2107.0 ], [ -97.745048783229393, 18.485955515320189, 2107.0 ], [ -97.745032580184187, 18.485947445036867, 2107.0 ], [ -97.74500665531184, 18.48593996684831, 2107.0 ], [ -97.744980730439508, 18.485937129275687, 2107.0 ], [ -97.744967119881522, 18.485934045261114, 2107.0 ], [ -97.744958564673652, 18.485929594469965, 2107.0 ], [ -97.744954225668707, 18.485924647210915, 2107.0 ], [ -97.744952760788507, 18.485920936766629, 2107.0 ], [ -97.744953429418118, 18.485912279063296, 2107.0 ], [ -97.744955453686615, 18.48590856861901, 2107.0 ], [ -97.744959342419833, 18.485904779646802, 2107.0 ], [ -97.744971008612382, 18.48589563583856, 2107.0 ], [ -97.744974249221414, 18.48589507960801, 2107.0 ], [ -97.74498267480493, 18.485896332263124, 2107.0 ], [ -97.744985348307395, 18.485894963656627, 2107.0 ], [ -97.744984629458003, 18.485884450731149, 2107.0 ], [ -97.744983162638547, 18.485881358694243, 2107.0 ], [ -97.744983971048555, 18.48587869181241, 2107.0 ], [ -97.744985915413977, 18.485877852494596, 2107.0 ], [ -97.744991748510245, 18.485880268827767, 2107.0 ], [ -97.744997581606526, 18.485880294360449, 2107.0 ], [ -97.745004710946418, 18.485879520953578, 2107.0 ], [ -97.745005913436572, 18.485878266657338, 2107.0 ], [ -97.745007768390607, 18.485869608954001, 2107.0 ], [ -97.745006007190042, 18.485867135327855, 2107.0 ], [ -97.744997581606526, 18.485867518737052, 2107.0 ], [ -97.744991100388447, 18.485865980964032, 2107.0 ], [ -97.744986563535775, 18.485866629895369, 2107.0 ], [ -97.744984824272194, 18.48586404328757, 2107.0 ], [ -97.744985176555119, 18.485860951250668, 2107.0 ], [ -97.744986563535775, 18.485859022188837, 2107.0 ], [ -97.744993692875681, 18.485854920479525, 2107.0 ], [ -97.745002118459183, 18.485858652745357, 2107.0 ], [ -97.74500535906823, 18.485858395166826, 2107.0 ], [ -97.745006673568795, 18.485857240806379, 2107.0 ], [ -97.745013752645718, 18.48584610947352, 2107.0 ], [ -97.74501369037948, 18.485843017436615, 2107.0 ], [ -97.745018888610986, 18.485838070177568, 2107.0 ], [ -97.745028848573767, 18.485815189104468, 2107.0 ], [ -97.7450280433209, 18.485810241845421, 2107.0 ], [ -97.745021533308034, 18.48580405777161, 2107.0 ], [ -97.745021680672309, 18.485799110512559, 2107.0 ], [ -97.745024802722483, 18.485797705041239, 2107.0 ], [ -97.745029987696952, 18.485797965313708, 2107.0 ], [ -97.745031932062375, 18.485801356307785, 2107.0 ], [ -97.745033228305999, 18.4858015099332, 2107.0 ], [ -97.745034454482393, 18.485800347327324, 2107.0 ], [ -97.745035974194835, 18.485794163253512, 2107.0 ], [ -97.745035663672795, 18.485749019514696, 2107.0 ], [ -97.74503903739776, 18.485732322515407, 2107.0 ], [ -97.74504818496311, 18.485704494183256, 2107.0 ], [ -97.745052239879044, 18.485687797183971, 2107.0 ], [ -97.745055449625141, 18.485667389740396, 2107.0 ], [ -97.745057413482954, 18.48564141663039, 2107.0 ], [ -97.745057424853513, 18.485598746521095, 2107.0 ], [ -97.745054426358934, 18.485539997819895, 2107.0 ], [ -97.745054416903585, 18.485492998858934, 2107.0 ], [ -97.745061941130871, 18.485377975086056, 2107.0 ], [ -97.745059901870761, 18.485361896494148, 2107.0 ], [ -97.745055120420417, 18.485344581087478, 2107.0 ], [ -97.745055081877965, 18.48533344975462, 2107.0 ], [ -97.745057208812909, 18.485315974758947, 2107.0 ], [ -97.745059153178332, 18.485313378931814, 2107.0 ], [ -97.745067578761848, 18.485316302648695, 2107.0 ], [ -97.745077300588974, 18.485315515937732, 2107.0 ], [ -97.745085078050678, 18.485311088143721, 2107.0 ], [ -97.745089614897381, 18.485306239829853, 2107.0 ], [ -97.745108358586037, 18.485278411497706, 2107.0 ], [ -97.745118244979736, 18.485258004054131, 2107.0 ], [ -97.745122808906544, 18.485243780684367, 2107.0 ], [ -97.745123818614616, 18.485225846870314, 2107.0 ], [ -97.745127205964764, 18.485215952352217, 2107.0 ], [ -97.74513626003349, 18.485203584204598, 2107.0 ], [ -97.745150538353329, 18.485192066367127, 2107.0 ], [ -97.745155770463924, 18.485185031983164, 2107.0 ], [ -97.745157186511875, 18.485179466316737, 2107.0 ], [ -97.745155541853691, 18.485165242946973, 2107.0 ], [ -97.745156938556192, 18.485151019577206, 2107.0 ], [ -97.745163386415058, 18.485128756911489, 2107.0 ], [ -97.745177150627583, 18.485095362912912, 2107.0 ], [ -97.745186318000862, 18.485067534580764, 2107.0 ], [ -97.745188340434623, 18.485052074396236, 2107.0 ], [ -97.745187296118758, 18.485026719693614, 2107.0 ], [ -97.745188693002405, 18.485019917212423, 2107.0 ], [ -97.74519409213886, 18.485006312250039, 2107.0 ], [ -97.745200443732585, 18.484998854984561, 2107.0 ], [ -97.745215350534181, 18.484994674947504, 2107.0 ], [ -97.74523349794481, 18.484986523210466, 2107.0 ], [ -97.74524069400313, 18.484980339140034, 2107.0 ], [ -97.745245236885737, 18.484971681436697, 2107.0 ], [ -97.745245946554689, 18.484963023733364, 2107.0 ], [ -97.745241887720496, 18.484956221252173, 2107.0 ], [ -97.745240738391303, 18.484949418770981, 2107.0 ], [ -97.745241241517803, 18.484946945141456, 2107.0 ], [ -97.745245580787099, 18.484940142660264, 2107.0 ], [ -97.745245277842955, 18.484937669030739, 2107.0 ], [ -97.745234146066622, 18.484925411879317, 2107.0 ], [ -97.745230257335777, 18.484924169137571, 2107.0 ], [ -97.745224424239495, 18.484924740451429, 2107.0 ], [ -97.745221831752261, 18.484922854738368, 2107.0 ], [ -97.745218654374611, 18.484919735216689, 2107.0 ], [ -97.745217300255987, 18.484915406365023, 2107.0 ], [ -97.745213592844621, 18.484911695920736, 2107.0 ], [ -97.745214702412369, 18.484909915970135, 2107.0 ], [ -97.745217943021416, 18.484908954066324, 2107.0 ], [ -97.745220535508651, 18.484904895307846, 2107.0 ], [ -97.745226368604918, 18.484899873426684, 2107.0 ], [ -97.745242026279342, 18.484893143699303, 2107.0 ], [ -97.745244633294746, 18.484890670069781, 2107.0 ], [ -97.745246637534279, 18.48488510440335, 2107.0 ], [ -97.745245880482528, 18.484878920329539, 2107.0 ], [ -97.74524327415979, 18.484874591477872, 2107.0 ], [ -97.745238579219802, 18.484873354663108, 2107.0 ], [ -97.74523349794481, 18.484866642066713, 2107.0 ], [ -97.7452284750008, 18.484865933774536, 2107.0 ], [ -97.745226141762288, 18.484864078552395, 2107.0 ], [ -97.745227857533408, 18.484858512885964, 2107.0 ], [ -97.745227832105783, 18.484849855182631, 2107.0 ], [ -97.74522637622988, 18.484845526330961, 2107.0 ], [ -97.745224424239495, 18.484844801910889, 2107.0 ], [ -97.745221831752261, 18.484846557009931, 2107.0 ], [ -97.745223039615638, 18.484850473590011, 2107.0 ], [ -97.745221183630449, 18.484851787705697, 2107.0 ], [ -97.745217862006186, 18.484850473590011, 2107.0 ], [ -97.745216768300637, 18.484847381553106, 2107.0 ], [ -97.745216489126548, 18.484838105442389, 2107.0 ], [ -97.745218773946803, 18.484828829331672, 2107.0 ], [ -97.745221018152549, 18.484802237814289, 2107.0 ], [ -97.745224989622358, 18.484786159222381, 2107.0 ], [ -97.745232797973259, 18.484764514964041, 2107.0 ], [ -97.745255387341743, 18.484711950336653, 2107.0 ], [ -97.745265140691771, 18.484694634929983, 2107.0 ], [ -97.745275540583179, 18.4846810299676, 2107.0 ], [ -97.74528988454216, 18.484668661816517, 2107.0 ], [ -97.745310624440023, 18.484656912075305, 2107.0 ], [ -97.745319050023539, 18.484650669109985, 2107.0 ], [ -97.745324938992383, 18.484644543932117, 2107.0 ], [ -97.745330068094276, 18.484634884997785, 2107.0 ], [ -97.745335253068745, 18.484633926487081, 2107.0 ], [ -97.745339000903556, 18.484637741450925, 2107.0 ], [ -97.745341734286839, 18.48463814560693, 2107.0 ], [ -97.745352752357576, 18.484635936227676, 2107.0 ], [ -97.745355387695838, 18.484633412599258, 2107.0 ], [ -97.745357376925966, 18.484627228525447, 2107.0 ], [ -97.745357343755146, 18.484622281266397, 2107.0 ], [ -97.745350091802763, 18.484616715599969, 2107.0 ], [ -97.745348153323491, 18.484610531526158, 2107.0 ], [ -97.745348301554984, 18.484603110637586, 2107.0 ], [ -97.745346271139496, 18.484600018602766, 2107.0 ], [ -97.745341734285063, 18.484596308156394, 2107.0 ], [ -97.74534112088584, 18.484591360897344, 2107.0 ], [ -97.745341919464494, 18.484587650453058, 2107.0 ], [ -97.745348863626731, 18.484579590881452, 2107.0 ], [ -97.745352104235764, 18.48457768722303, 2107.0 ], [ -97.745360992763423, 18.4845765191202, 2107.0 ] ] } },
{ "type": "Feature", "properties": { "FID": 50, "elev": 2106.0, "elevation": 2106.0, "ELEVATION": 2106.0, "is_master": false, "tipo": "Ordinaria (1m)" }, "geometry": { "type": "LineString", "coordinates": [ [ -97.745487505821174, 18.486238179753116, 2106.0 ], [ -97.745481263045178, 18.486199220088107, 2106.0 ], [ -97.745470168654393, 18.486157786793576, 2106.0 ], [ -97.745459160070212, 18.486128721646669, 2106.0 ], [ -97.745434980198638, 18.486079867463562, 2106.0 ], [ -97.745430526966345, 18.48606688090856, 2106.0 ], [ -97.745425990121944, 18.486061933657393, 2106.0 ], [ -97.745400065249598, 18.48604768737577, 2106.0 ], [ -97.745387880559605, 18.486038434169032, 2106.0 ], [ -97.745383236431607, 18.48603163168784, 2106.0 ], [ -97.74538001976795, 18.486019881947598, 2106.0 ], [ -97.745376732860251, 18.486012461059026, 2106.0 ], [ -97.745367142540346, 18.485998237689262, 2106.0 ], [ -97.745364541469783, 18.485995764059737, 2106.0 ], [ -97.74535923357567, 18.485993162483858, 2106.0 ], [ -97.745342382408637, 18.485989036994081, 2106.0 ], [ -97.745335253068745, 18.485985357146955, 2106.0 ], [ -97.745328090060184, 18.485978448653068, 2106.0 ], [ -97.745319698145352, 18.485965965452912, 2106.0 ], [ -97.745311272561835, 18.485959864554967, 2106.0 ], [ -97.745308680074601, 18.485960468458465, 2106.0 ], [ -97.745305856115294, 18.485964225283304, 2106.0 ], [ -97.745302198856521, 18.485966227090902, 2106.0 ], [ -97.745285347689489, 18.485969902263061, 2106.0 ], [ -97.74527238525333, 18.485968689882935, 2106.0 ], [ -97.745269792766095, 18.485966653385905, 2106.0 ], [ -97.74526720027886, 18.485966327032713, 2106.0 ], [ -97.745259422817156, 18.485968085994806, 2106.0 ], [ -97.745241275406514, 18.485962196907096, 2106.0 ], [ -97.745234794188434, 18.48596134177912, 2106.0 ], [ -97.745227664848542, 18.485962627061632, 2106.0 ], [ -97.745219887386838, 18.485960611844096, 2106.0 ], [ -97.745215350534181, 18.485960651539596, 2106.0 ], [ -97.7452095174379, 18.485957086475292, 2106.0 ], [ -97.745205628707055, 18.485959399280606, 2106.0 ], [ -97.745191370027271, 18.485958132263342, 2106.0 ], [ -97.74518553693099, 18.485955034342467, 2106.0 ], [ -97.745179703834708, 18.485949323087048, 2106.0 ], [ -97.745174518860239, 18.485946799157411, 2106.0 ], [ -97.745149890231517, 18.485943257408039, 2106.0 ], [ -97.745146001500672, 18.485941271456394, 2106.0 ], [ -97.74514347606052, 18.485938252173298, 2106.0 ], [ -97.745139440920738, 18.485928357655201, 2106.0 ], [ -97.745131034408672, 18.485916607914962, 2106.0 ], [ -97.745128329379355, 18.485909805433771, 2106.0 ], [ -97.745131623778107, 18.485892490027101, 2106.0 ], [ -97.745139034191226, 18.485873319398287, 2106.0 ], [ -97.745136895185453, 18.485862806472809, 2106.0 ], [ -97.745140816526202, 18.485860816597448, 2106.0 ], [ -97.745147945866094, 18.48586206845577, 2106.0 ], [ -97.74515201607106, 18.485860332843284, 2106.0 ], [ -97.745157080571119, 18.485850438325187, 2106.0 ], [ -97.745159125967291, 18.485844254251379, 2106.0 ], [ -97.745159639063729, 18.485838070177568, 2106.0 ], [ -97.745164487311186, 18.485834359733282, 2106.0 ], [ -97.745163680823339, 18.485831267696376, 2106.0 ], [ -97.745165445154925, 18.485830571988071, 2106.0 ], [ -97.745168037642159, 18.485831120186358, 2106.0 ], [ -97.745170720374205, 18.485829412474232, 2106.0 ], [ -97.745169601236029, 18.485821991585659, 2106.0 ], [ -97.745170630129394, 18.485820972618953, 2106.0 ], [ -97.745175815103863, 18.48582236512032, 2106.0 ], [ -97.745177120225861, 18.485821991585659, 2106.0 ], [ -97.74517770732156, 18.485820136363518, 2106.0 ], [ -97.745176463225675, 18.485817625629551, 2106.0 ], [ -97.745171926373004, 18.48581579056918, 2106.0 ], [ -97.745166003880627, 18.485817044326613, 2106.0 ], [ -97.745164148908557, 18.485815807511848, 2106.0 ], [ -97.74516204667006, 18.485811478660182, 2106.0 ], [ -97.745164327703534, 18.485799110512559, 2106.0 ], [ -97.745159482434289, 18.485785505550176, 2106.0 ], [ -97.745156883124722, 18.485769426958271, 2106.0 ], [ -97.745155929548375, 18.485697691702065, 2106.0 ], [ -97.745152672412942, 18.485653784778012, 2106.0 ], [ -97.745144828708831, 18.485606785817051, 2106.0 ], [ -97.74512970801986, 18.485538142597751, 2106.0 ], [ -97.745125110876799, 18.485508459043462, 2106.0 ], [ -97.745123134072514, 18.485481249118696, 2106.0 ], [ -97.745123118832737, 18.485450328749643, 2106.0 ], [ -97.745126503836261, 18.485384159159867, 2106.0 ], [ -97.745126079723775, 18.485366843753198, 2106.0 ], [ -97.745124112103738, 18.485348909939148, 2106.0 ], [ -97.74512508771646, 18.485337778606286, 2106.0 ], [ -97.745130325594531, 18.485324173643903, 2106.0 ], [ -97.745137077361917, 18.48531551594057, 2106.0 ], [ -97.745146001500672, 18.485309455548236, 2106.0 ], [ -97.745168037642159, 18.485300021400079, 2106.0 ], [ -97.745173870738441, 18.485295108485175, 2106.0 ], [ -97.745181753300969, 18.485285213978898, 2106.0 ], [ -97.745190721899263, 18.485269135386989, 2106.0 ], [ -97.745198551216902, 18.485249964758175, 2106.0 ], [ -97.745206436016673, 18.48523388616627, 2106.0 ], [ -97.745212623531103, 18.48521162350055, 2106.0 ], [ -97.7452172437321, 18.485200492167692, 2106.0 ], [ -97.745244572373977, 18.485159058873162, 2106.0 ], [ -97.745253608783287, 18.4851479275403, 2106.0 ], [ -97.745258229683827, 18.485138651429587, 2106.0 ], [ -97.745278400633865, 18.485064442543859, 2106.0 ], [ -97.745281009085858, 18.48502981173052, 2106.0 ], [ -97.745280715377035, 18.48498899684337, 2106.0 ], [ -97.745282649044384, 18.484983431176939, 2106.0 ], [ -97.745286025956503, 18.484978483917889, 2106.0 ], [ -97.745299606369286, 18.484969305772701, 2106.0 ], [ -97.745302811944711, 18.48496611577027, 2106.0 ], [ -97.745306753712555, 18.484958076474314, 2106.0 ], [ -97.745309191749712, 18.4849488003636, 2106.0 ], [ -97.745308680063161, 18.484946326734075, 2106.0 ], [ -97.745299606369286, 18.484941379478968, 2106.0 ], [ -97.745295573611358, 18.484935813808598, 2106.0 ], [ -97.745294901485039, 18.4849259192905, 2106.0 ], [ -97.745299116830466, 18.484915406365023, 2106.0 ], [ -97.745299016505612, 18.484908603883831, 2106.0 ], [ -97.745297691463932, 18.484904893439545, 2106.0 ], [ -97.745293125151193, 18.484899946186406, 2106.0 ], [ -97.745287255169941, 18.484898709365734, 2106.0 ], [ -97.74528851052392, 18.484893143699303, 2106.0 ], [ -97.745293856011955, 18.48488510440335, 2106.0 ], [ -97.745294864014582, 18.484878920329539, 2106.0 ], [ -97.745294610845804, 18.484864696959775, 2106.0 ], [ -97.745291664458762, 18.484847999960486, 2106.0 ], [ -97.745290357773953, 18.484832539775958, 2106.0 ], [ -97.745290353871738, 18.484811513925003, 2106.0 ], [ -97.745292280278122, 18.484792343296192, 2106.0 ], [ -97.745296303440838, 18.484773791074758, 2106.0 ], [ -97.745300159973326, 18.4847626597419, 2106.0 ], [ -97.745304774725241, 18.484753383631183, 2106.0 ], [ -97.745311272557331, 18.484743489113086, 2106.0 ], [ -97.745324883110527, 18.484726792113797, 2106.0 ], [ -97.745335199058601, 18.484707003077602, 2106.0 ], [ -97.745341677099617, 18.48469896378165, 2106.0 ], [ -97.745364418546004, 18.48467608270855, 2106.0 ], [ -97.745378640194389, 18.484651964820689, 2106.0 ], [ -97.745400113258626, 18.484623518081161, 2106.0 ], [ -97.745405909716439, 18.484613005155683, 2106.0 ], [ -97.745410576094585, 18.484600637008061, 2106.0 ], [ -97.745411235819589, 18.484589505675203, 2106.0 ], [ -97.745409478240163, 18.484584558416152, 2106.0 ], [ -97.745409769197508, 18.484582703194011, 2106.0 ], [ -97.745416349310034, 18.4845765191202, 2106.0 ], [ -97.745418354068633, 18.484572190268533, 2106.0 ] ] } },
{ "type": "Feature", "properties": { "FID": 51, "elev": 2105.0, "elevation": 2105.0, "ELEVATION": 2105.0, "is_master": true, "tipo": "Maestra (5m)" }, "geometry": { "type": "LineString", "coordinates": [ [ -97.745536197104585, 18.486232614086685, 2105.0 ], [ -97.745530487299675, 18.486190562384774, 2105.0 ], [ -97.745522633299217, 18.486151602719765, 2105.0 ], [ -97.745512262336007, 18.486115735091666, 2105.0 ], [ -97.745499856945699, 18.486084814722613, 2105.0 ], [ -97.745490154176025, 18.486066262501179, 2105.0 ], [ -97.745482476430325, 18.486054512760941, 2105.0 ], [ -97.745457056760628, 18.48602606602141, 2105.0 ], [ -97.745452685488729, 18.486014934688551, 2105.0 ], [ -97.745448710796566, 18.48600875061474, 2105.0 ], [ -97.745440923928612, 18.486001948133548, 2105.0 ], [ -97.745431847222733, 18.48599019839331, 2105.0 ], [ -97.745420779563716, 18.485980922282593, 2105.0 ], [ -97.745411083316327, 18.48596793572759, 2105.0 ], [ -97.74540719458949, 18.485964726518759, 2105.0 ], [ -97.745401361493222, 18.485962231352964, 2105.0 ], [ -97.745379973473533, 18.485959354135932, 2105.0 ], [ -97.745368955402796, 18.485955511361116, 2105.0 ], [ -97.745356641088435, 18.48594732214822, 2105.0 ], [ -97.745350567947042, 18.485940107395443, 2105.0 ], [ -97.745343678652262, 18.485936342155565, 2105.0 ], [ -97.745343010276642, 18.485934541729012, 2105.0 ], [ -97.745339687393667, 18.485932068099491, 2105.0 ], [ -97.745339141799604, 18.485929511222817, 2105.0 ], [ -97.74533654931237, 18.485927609581758, 2105.0 ], [ -97.745333308703323, 18.485927648114103, 2105.0 ], [ -97.745331604383011, 18.485928976062585, 2105.0 ], [ -97.745326877567379, 18.485937633765918, 2105.0 ], [ -97.74532034626715, 18.485943220277541, 2105.0 ], [ -97.745313216927258, 18.485942100609314, 2105.0 ], [ -97.745295069516629, 18.485943566399364, 2105.0 ], [ -97.745282755202268, 18.485941974985735, 2105.0 ], [ -97.745277570227799, 18.48594371205952, 2105.0 ], [ -97.74527368149694, 18.48594129423789, 2105.0 ], [ -97.745269144644283, 18.485941209773816, 2105.0 ], [ -97.745264607791626, 18.485938918150477, 2105.0 ], [ -97.745264531195417, 18.485937015358537, 2105.0 ], [ -97.745270440887907, 18.485927023197171, 2105.0 ], [ -97.745275625862362, 18.485925494872124, 2105.0 ], [ -97.745277411644793, 18.485924028803534, 2105.0 ], [ -97.745274963802459, 18.485921555174009, 2105.0 ], [ -97.745269792766095, 18.485912764954808, 2105.0 ], [ -97.745262663426203, 18.485906713399647, 2105.0 ], [ -97.745254885964499, 18.485904059569165, 2105.0 ], [ -97.745244516015561, 18.485905567524366, 2105.0 ], [ -97.745235442310246, 18.48590944866028, 2105.0 ], [ -97.74522572048312, 18.485908667002001, 2105.0 ], [ -97.745215998655993, 18.485902281477301, 2105.0 ], [ -97.745212109925134, 18.485901843438739, 2105.0 ], [ -97.745205628707055, 18.485903335346546, 2105.0 ], [ -97.745203541373584, 18.485901147730434, 2105.0 ], [ -97.745203670097197, 18.485897437286148, 2105.0 ], [ -97.74520890434971, 18.485891871619721, 2105.0 ], [ -97.745209851952382, 18.485884450731149, 2105.0 ], [ -97.745209023630807, 18.485878266657338, 2105.0 ], [ -97.745206276817427, 18.485873319398287, 2105.0 ], [ -97.745195906879928, 18.485869069253013, 2105.0 ], [ -97.745192030612955, 18.485865280102335, 2105.0 ], [ -97.74519119783254, 18.485862806472809, 2105.0 ], [ -97.745191556865137, 18.485857240806379, 2105.0 ], [ -97.745194610636304, 18.485852895680836, 2105.0 ], [ -97.745199795610773, 18.485851791091335, 2105.0 ], [ -97.74520433246343, 18.485847971803796, 2105.0 ], [ -97.745214702412369, 18.485847315367913, 2105.0 ], [ -97.745225072361308, 18.485838070176953, 2105.0 ], [ -97.745227664848542, 18.485837638627093, 2105.0 ], [ -97.745239331041091, 18.485842506578344, 2105.0 ], [ -97.745256182208109, 18.485843526334357, 2105.0 ], [ -97.745264607791626, 18.485842295961337, 2105.0 ], [ -97.7452691864586, 18.485838070177568, 2105.0 ], [ -97.745269144644283, 18.485836689067749, 2105.0 ], [ -97.745264579406722, 18.485830649288996, 2105.0 ], [ -97.745264029948089, 18.485825083622565, 2105.0 ], [ -97.745261300464165, 18.48582322840042, 2105.0 ], [ -97.745259267900238, 18.485819517956134, 2105.0 ], [ -97.745259572383731, 18.485813952289707, 2105.0 ], [ -97.745258126570562, 18.485809623438037, 2105.0 ], [ -97.74525147086112, 18.485800347327324, 2105.0 ], [ -97.745251820523507, 18.485792926438751, 2105.0 ], [ -97.745248645477375, 18.485779321476368, 2105.0 ], [ -97.745249632766686, 18.485774374217318, 2105.0 ], [ -97.745264007325829, 18.485758295625409, 2105.0 ], [ -97.745264876642153, 18.485754585181123, 2105.0 ], [ -97.745263881655148, 18.485750256329457, 2105.0 ], [ -97.745259422817156, 18.485746491519688, 2105.0 ], [ -97.745254885964499, 18.485746433824772, 2105.0 ], [ -97.74524970099003, 18.485752407311651, 2105.0 ], [ -97.745243853955643, 18.485753348366362, 2105.0 ], [ -97.745244728514521, 18.485757058810648, 2105.0 ], [ -97.745243867893748, 18.485758014531147, 2105.0 ], [ -97.745236090432044, 18.48575631672179, 2105.0 ], [ -97.745232201701199, 18.485759488268215, 2105.0 ], [ -97.745229753241034, 18.485758914032793, 2105.0 ], [ -97.745229609213965, 18.485757017583488, 2105.0 ], [ -97.745235534899066, 18.485752111551601, 2105.0 ], [ -97.745238682911847, 18.48574592747779, 2105.0 ], [ -97.74523920951826, 18.485742217033504, 2105.0 ], [ -97.745237653549353, 18.485716862330879, 2105.0 ], [ -97.745238223832999, 18.485672955406823, 2105.0 ], [ -97.745236925789044, 18.48564079822301, 2105.0 ], [ -97.745234340503174, 18.485611114668718, 2105.0 ], [ -97.745228461112475, 18.485570299781568, 2105.0 ], [ -97.74522297985375, 18.485543089856801, 2105.0 ], [ -97.745221013072083, 18.485524537635367, 2105.0 ], [ -97.745221656584206, 18.485468880971073, 2105.0 ], [ -97.745222965965425, 18.485452183971784, 2105.0 ], [ -97.745227614993013, 18.485431776528209, 2105.0 ], [ -97.745236038582306, 18.485410132269873, 2105.0 ], [ -97.745258731487226, 18.485370554197484, 2105.0 ], [ -97.745269653882843, 18.485346436309623, 2105.0 ], [ -97.74528029916172, 18.485326028866048, 2105.0 ], [ -97.745282244183144, 18.485318607977476, 2105.0 ], [ -97.745283238608025, 18.485296345311756, 2105.0 ], [ -97.745284687711802, 18.485291398052709, 2105.0 ], [ -97.745287292054925, 18.4852869700225, 2105.0 ], [ -97.74529514031984, 18.485280885127231, 2105.0 ], [ -97.745298965697145, 18.485272227423895, 2105.0 ], [ -97.7452982129074, 18.485267898572229, 2105.0 ], [ -97.745291828907582, 18.485259906846071, 2105.0 ], [ -97.745289074389888, 18.485258004054131, 2105.0 ], [ -97.745288145929692, 18.485256148831986, 2105.0 ], [ -97.745288565949508, 18.485253675202465, 2105.0 ], [ -97.745295717638427, 18.485243673135258, 2105.0 ], [ -97.745301550734709, 18.485238736799165, 2105.0 ], [ -97.745314551295692, 18.485232030944125, 2105.0 ], [ -97.745319125386544, 18.485227702092459, 2105.0 ], [ -97.745321714524309, 18.485222754833408, 2105.0 ], [ -97.745322533678262, 18.485216570759601, 2105.0 ], [ -97.745322088094511, 18.485199873760312, 2105.0 ], [ -97.745324426110841, 18.485181939946258, 2105.0 ], [ -97.745325012744175, 18.485162769317448, 2105.0 ], [ -97.74531902728242, 18.485153493206731, 2105.0 ], [ -97.745318902567249, 18.485144835503398, 2105.0 ], [ -97.745321604385964, 18.485137414614822, 2105.0 ], [ -97.745324234998009, 18.485134375208332, 2105.0 ], [ -97.745327822815156, 18.485133085763156, 2105.0 ], [ -97.745328932210697, 18.485128756911489, 2105.0 ], [ -97.745329623667899, 18.485108349467914, 2105.0 ], [ -97.745327587781972, 18.485093507690767, 2105.0 ], [ -97.745328015708552, 18.485087323616959, 2105.0 ], [ -97.74533003158038, 18.485082376357909, 2105.0 ], [ -97.745338446541666, 18.485071245025051, 2105.0 ], [ -97.745339907366301, 18.48506567935862, 2105.0 ], [ -97.745339856968499, 18.485057640062667, 2105.0 ], [ -97.745335901188994, 18.485050219174095, 2105.0 ], [ -97.745334780865718, 18.485045271915045, 2105.0 ], [ -97.745335741379705, 18.485032903767426, 2105.0 ], [ -97.745349636387346, 18.485001364990989, 2105.0 ], [ -97.745354164337229, 18.484985904806464, 2105.0 ], [ -97.74535618421568, 18.484974155066222, 2105.0 ], [ -97.745355150408272, 18.48494385310455, 2105.0 ], [ -97.745358129368142, 18.484912932735497, 2105.0 ], [ -97.745358118203242, 18.484896235736208, 2105.0 ], [ -97.745356730484545, 18.484891288477161, 2105.0 ], [ -97.745351351578179, 18.484883249181205, 2105.0 ], [ -97.745351474370921, 18.484879538736919, 2105.0 ], [ -97.7453540486012, 18.484877205654527, 2105.0 ], [ -97.745357937332045, 18.484878469625855, 2105.0 ], [ -97.745361826062904, 18.484877561575292, 2105.0 ], [ -97.745365632492565, 18.484881393959064, 2105.0 ], [ -97.745367011037359, 18.484885200363117, 2105.0 ], [ -97.745369603524594, 18.484886491135054, 2105.0 ], [ -97.745372196011829, 18.48488647429312, 2105.0 ], [ -97.745378677229922, 18.484884026294907, 2105.0 ], [ -97.745383862204392, 18.484885587885483, 2105.0 ], [ -97.745385806569814, 18.484883272085185, 2105.0 ], [ -97.745389047178847, 18.48488325292913, 2105.0 ], [ -97.745391620319168, 18.4848801571443, 2105.0 ], [ -97.745397472762363, 18.484879023008499, 2105.0 ], [ -97.745400652159901, 18.484876446700014, 2105.0 ], [ -97.745401212563095, 18.484873354663108, 2105.0 ], [ -97.745400065249598, 18.484868884600306, 2105.0 ], [ -97.745398120884175, 18.484867049656302, 2105.0 ], [ -97.745390991544284, 18.484863934993538, 2105.0 ], [ -97.74538451032619, 18.484855465021013, 2105.0 ], [ -97.745381917838955, 18.484853482557266, 2105.0 ], [ -97.745372196011829, 18.484853436407462, 2105.0 ], [ -97.745370413676866, 18.484854184034297, 2105.0 ], [ -97.745368772237939, 18.484859131293344, 2105.0 ], [ -97.745365066671937, 18.484861859561203, 2105.0 ], [ -97.745364076485842, 18.484860368108109, 2105.0 ], [ -97.74536420623437, 18.484856657663823, 2105.0 ], [ -97.745365714793749, 18.48485339247285, 2105.0 ], [ -97.745368185758139, 18.484852947219533, 2105.0 ], [ -97.745367270286096, 18.484851091997392, 2105.0 ], [ -97.745367613676947, 18.484848618367867, 2105.0 ], [ -97.745371700389271, 18.484843052701439, 2105.0 ], [ -97.745371709920477, 18.484839960664534, 2105.0 ], [ -97.745370327896026, 18.484836868627628, 2105.0 ], [ -97.745371166641903, 18.484832539775958, 2105.0 ], [ -97.745372844133641, 18.484828181274622, 2105.0 ], [ -97.745378310900193, 18.484825118887386, 2105.0 ], [ -97.745379973473533, 18.484814537249978, 2105.0 ], [ -97.74538321408258, 18.484811552575465, 2105.0 ], [ -97.745386454691626, 18.48481013796858, 2105.0 ], [ -97.745389695300659, 18.484810345822172, 2105.0 ], [ -97.745394232153316, 18.484812936261982, 2105.0 ], [ -97.745395528396941, 18.484812750704307, 2105.0 ], [ -97.745396824640551, 18.484810483246036, 2105.0 ], [ -97.745396932660853, 18.484804711443811, 2105.0 ], [ -97.745392818069377, 18.484794198518333, 2105.0 ], [ -97.745392898518062, 18.484786159222381, 2105.0 ], [ -97.745394821354964, 18.484781830370714, 2105.0 ], [ -97.745401390298625, 18.484773791074758, 2105.0 ], [ -97.745406042372949, 18.484765751778806, 2105.0 ], [ -97.745407347088744, 18.48475771248285, 2105.0 ], [ -97.745404229776966, 18.484752765223803, 2105.0 ], [ -97.745404557182923, 18.484750291594278, 2105.0 ], [ -97.745407842711302, 18.48474898399795, 2105.0 ], [ -97.745422749512898, 18.484738365166216, 2105.0 ], [ -97.74542663823803, 18.484732357780228, 2105.0 ], [ -97.745428096517813, 18.484726792113797, 2105.0 ], [ -97.7454280472042, 18.484722463262131, 2105.0 ], [ -97.745425260132109, 18.484718752817844, 2105.0 ], [ -97.745424381601453, 18.484710095114508, 2105.0 ], [ -97.74542858260817, 18.484700819003795, 2105.0 ], [ -97.745424556397936, 18.484697108559509, 2105.0 ], [ -97.745423917895749, 18.484692779707839, 2105.0 ], [ -97.745425990121944, 18.484689627042759, 2105.0 ], [ -97.745431934963349, 18.484687214041411, 2105.0 ], [ -97.745434555496431, 18.484683503597125, 2105.0 ], [ -97.745449228889456, 18.484619807636875, 2105.0 ], [ -97.745454456505641, 18.484604347452347, 2105.0 ], [ -97.74546891491056, 18.484569098231628, 2105.0 ] ] } },
{ "type": "Feature", "properties": { "FID": 52, "elev": 2104.0, "elevation": 2104.0, "ELEVATION": 2104.0, "is_master": false, "tipo": "Ordinaria (1m)" }, "geometry": { "type": "LineString", "coordinates": [ [ -97.745584779943783, 18.486227048420254, 2104.0 ], [ -97.745580435797223, 18.486191799199535, 2104.0 ], [ -97.74557456304484, 18.486155931571435, 2104.0 ], [ -97.745568681763032, 18.486126866424524, 2104.0 ], [ -97.745560939053576, 18.486095946055471, 2104.0 ], [ -97.745551145854321, 18.486065644093799, 2104.0 ], [ -97.745540230762217, 18.486040289391173, 2104.0 ], [ -97.745530395343934, 18.486022973984504, 2104.0 ], [ -97.745512319946826, 18.485997000874502, 2104.0 ], [ -97.745511028173013, 18.48599081680069, 2104.0 ], [ -97.745511683977298, 18.485979067060448, 2104.0 ], [ -97.745508042342891, 18.485975975023543, 2104.0 ], [ -97.745508313483754, 18.485973501394021, 2104.0 ], [ -97.74551283844427, 18.485972182731221, 2104.0 ], [ -97.745513886641277, 18.485971027764496, 2104.0 ], [ -97.74551283844427, 18.485968684326, 2104.0 ], [ -97.745510245957036, 18.485967732016924, 2104.0 ], [ -97.74550506098258, 18.485967999153988, 2104.0 ], [ -97.745501820373534, 18.485966605568318, 2104.0 ], [ -97.74549533915544, 18.48596719584733, 2104.0 ], [ -97.745493394790017, 18.485966219647107, 2104.0 ], [ -97.745492098546407, 18.485963673133856, 2104.0 ], [ -97.745490154180985, 18.485963088750822, 2104.0 ], [ -97.745484969206515, 18.48596660729692, 2104.0 ], [ -97.745479784232046, 18.4859655375136, 2104.0 ], [ -97.745465525552262, 18.48595440540058, 2104.0 ], [ -97.745463606770585, 18.485948765098776, 2104.0 ], [ -97.745466007691647, 18.48594505465449, 2104.0 ], [ -97.74546487743045, 18.485943592964318, 2104.0 ], [ -97.745460988699591, 18.485945174346242, 2104.0 ], [ -97.745449970628854, 18.485942549311769, 2104.0 ], [ -97.74544737814162, 18.485940834933537, 2104.0 ], [ -97.745442841288963, 18.4859443314323, 2104.0 ], [ -97.745438952558104, 18.485942209980539, 2104.0 ], [ -97.745436360070869, 18.485942226201061, 2104.0 ], [ -97.74543548223501, 18.485938870580682, 2104.0 ], [ -97.745437234382848, 18.485935160136393, 2104.0 ], [ -97.745435711949071, 18.485932370112398, 2104.0 ], [ -97.745431823218212, 18.485930860934396, 2104.0 ], [ -97.745427934487367, 18.485932617282163, 2104.0 ], [ -97.745425602311343, 18.485931449692107, 2104.0 ], [ -97.745425984895149, 18.485928357655201, 2104.0 ], [ -97.745429977480015, 18.485923410396154, 2104.0 ], [ -97.745430232981207, 18.485919699951868, 2104.0 ], [ -97.745429288225651, 18.485911042248532, 2104.0 ], [ -97.745425990121944, 18.485907831068921, 2104.0 ], [ -97.745422749512898, 18.485907861867716, 2104.0 ], [ -97.74541640842925, 18.485911042248532, 2104.0 ], [ -97.745414972051194, 18.485915497952995, 2104.0 ], [ -97.745410435198536, 18.485915452776648, 2104.0 ], [ -97.74540587076622, 18.485912897470676, 2104.0 ], [ -97.745409147482832, 18.485903621359959, 2104.0 ], [ -97.745403953980443, 18.485901116326936, 2104.0 ], [ -97.745401072248768, 18.485901147730434, 2104.0 ], [ -97.745387102813424, 18.485911069077485, 2104.0 ], [ -97.745378988665067, 18.485910423841151, 2104.0 ], [ -97.745372196011829, 18.485905852043729, 2104.0 ], [ -97.745368307280984, 18.4859018087866, 2104.0 ], [ -97.745366362915561, 18.485901513034374, 2104.0 ], [ -97.745363770428327, 18.485901852204822, 2104.0 ], [ -97.745353400479388, 18.48590685403801, 2104.0 ], [ -97.745338493677792, 18.485907505731323, 2104.0 ], [ -97.745323586876196, 18.485903708571257, 2104.0 ], [ -97.745314513170882, 18.485900023353381, 2104.0 ], [ -97.745304143221944, 18.485898756233141, 2104.0 ], [ -97.745295069516629, 18.485896257206008, 2104.0 ], [ -97.745289836084453, 18.485891871619721, 2104.0 ], [ -97.745287856931725, 18.485883832323765, 2104.0 ], [ -97.745287940176723, 18.485881864992681, 2104.0 ], [ -97.745292477029395, 18.485877824937777, 2104.0 ], [ -97.745302846978319, 18.485871982840401, 2104.0 ], [ -97.745319698145352, 18.485867647339191, 2104.0 ], [ -97.745336176642326, 18.485865898509715, 2104.0 ], [ -97.745339183169079, 18.48586404328757, 2104.0 ], [ -97.745341636086565, 18.485860951250668, 2104.0 ], [ -97.745345778296866, 18.485852293547332, 2104.0 ], [ -97.74534504103076, 18.48584487265876, 2104.0 ], [ -97.745339143981823, 18.485834359733282, 2104.0 ], [ -97.745337197434168, 18.485832286762061, 2104.0 ], [ -97.745329503065008, 18.485828794066851, 2104.0 ], [ -97.745328719300247, 18.485826320437326, 2104.0 ], [ -97.745320927051637, 18.485818281141373, 2104.0 ], [ -97.745316996116401, 18.485811478660182, 2104.0 ], [ -97.745315652013488, 18.48580529458637, 2104.0 ], [ -97.745315631703676, 18.485798492105179, 2104.0 ], [ -97.745317023169875, 18.485792308031368, 2104.0 ], [ -97.745330733732899, 18.485766334921365, 2104.0 ], [ -97.745332860003614, 18.485758914032793, 2104.0 ], [ -97.74533315226013, 18.485753348366362, 2104.0 ], [ -97.74533019154606, 18.485734177737548, 2104.0 ], [ -97.745318881991963, 18.485693362850398, 2104.0 ], [ -97.745317316297701, 18.485676665851109, 2104.0 ], [ -97.74531757888991, 18.485653784778012, 2104.0 ], [ -97.745321539187003, 18.485626574853242, 2104.0 ], [ -97.745326745184059, 18.485608022631812, 2104.0 ], [ -97.745335143217602, 18.485593180854668, 2104.0 ], [ -97.745356583047666, 18.485567207744662, 2104.0 ], [ -97.745360542611152, 18.485559168448709, 2104.0 ], [ -97.745362616353361, 18.485549273930612, 2104.0 ], [ -97.74536265856419, 18.485533195338704, 2104.0 ], [ -97.745358413892205, 18.485515879932034, 2104.0 ], [ -97.745357107736126, 18.485499182932745, 2104.0 ], [ -97.745357096525382, 18.485479393896551, 2104.0 ], [ -97.745358418793955, 18.485466407341548, 2104.0 ], [ -97.745364997230311, 18.485435486972495, 2104.0 ], [ -97.745385337240222, 18.48537488304915, 2104.0 ], [ -97.745389837077312, 18.485352001976054, 2104.0 ], [ -97.745391849867758, 18.48533283134724, 2104.0 ], [ -97.745391183034812, 18.485281503534612, 2104.0 ], [ -97.745381732661301, 18.485190597649595, 2104.0 ], [ -97.745381725427805, 18.485167098169114, 2104.0 ], [ -97.745386312914974, 18.485128756911489, 2104.0 ], [ -97.74539154364804, 18.485105257431009, 2104.0 ], [ -97.745398725797855, 18.485087942024339, 2104.0 ], [ -97.745409871614356, 18.485072481839811, 2104.0 ], [ -97.745414458954755, 18.485063824136478, 2104.0 ], [ -97.745419687137357, 18.485048982359331, 2104.0 ], [ -97.745422911543344, 18.485034758989567, 2104.0 ], [ -97.745425156822463, 18.485008167472181, 2104.0 ], [ -97.745424553743874, 18.484974155066222, 2104.0 ], [ -97.745423529904457, 18.484964878955505, 2104.0 ], [ -97.745418702352268, 18.484951892400506, 2104.0 ], [ -97.745418297939423, 18.484945708326695, 2104.0 ], [ -97.745420157025663, 18.484941883965259, 2104.0 ], [ -97.745427351177739, 18.484936432215978, 2104.0 ], [ -97.745429978563834, 18.484930866549547, 2104.0 ], [ -97.745430079181347, 18.484923445660975, 2104.0 ], [ -97.745427934466122, 18.48490798547645, 2104.0 ], [ -97.745432414981607, 18.484901182995259, 2104.0 ], [ -97.745438397025126, 18.484894998921447, 2104.0 ], [ -97.745442841288963, 18.484887526498927, 2104.0 ], [ -97.745449322507042, 18.484882063900393, 2104.0 ], [ -97.745471384573406, 18.484869025811442, 2104.0 ], [ -97.745484321084703, 18.484856556992852, 2104.0 ], [ -97.74548885793736, 18.484855869194412, 2104.0 ], [ -97.745497283520876, 18.484856763321364, 2104.0 ], [ -97.745501172251721, 18.48485543506532, 2104.0 ], [ -97.745509069104287, 18.484849236775247, 2104.0 ], [ -97.74551233692145, 18.4848442895162, 2104.0 ], [ -97.745512319946826, 18.484837487035009, 2104.0 ], [ -97.745508936486445, 18.484828829331672, 2104.0 ], [ -97.745505709104378, 18.48482376755274, 2104.0 ], [ -97.74549794784572, 18.484815842776673, 2104.0 ], [ -97.74549533915544, 18.484811415765101, 2104.0 ], [ -97.745492098546407, 18.484808409395018, 2104.0 ], [ -97.745480432353844, 18.484808988279905, 2104.0 ], [ -97.745477191744811, 18.484808127408392, 2104.0 ], [ -97.745474732996996, 18.484805329851191, 2104.0 ], [ -97.745473403130333, 18.484800382592145, 2104.0 ], [ -97.745474599257577, 18.484795991454842, 2104.0 ], [ -97.745476543622999, 18.484795973711286, 2104.0 ], [ -97.745479784232046, 18.484798970756426, 2104.0 ], [ -97.745490154180985, 18.484796794604765, 2104.0 ], [ -97.745492870355577, 18.484794198518333, 2104.0 ], [ -97.745496131878141, 18.484786159222381, 2104.0 ], [ -97.745496125711043, 18.484758330890234, 2104.0 ], [ -97.745493197535552, 18.484741015483561, 2104.0 ], [ -97.74549294920628, 18.484726792113797, 2104.0 ], [ -97.745488042558307, 18.484677319523314, 2104.0 ], [ -97.745488004576984, 18.484666188190452, 2104.0 ], [ -97.745489369612471, 18.484653820042833, 2104.0 ], [ -97.745494610018412, 18.48463588622878, 2104.0 ], [ -97.745502357388744, 18.484622899673781, 2104.0 ], [ -97.745512190322472, 18.484613532620802, 2104.0 ], [ -97.745523208393209, 18.484607312636456, 2104.0 ], [ -97.745542652047462, 18.484601923963961, 2104.0 ], [ -97.745553670118213, 18.484596404782547, 2104.0 ], [ -97.745573113772465, 18.484581372273777, 2104.0 ], [ -97.745584208092836, 18.484575282305439, 2104.0 ], [ -97.745588135795714, 18.484570953453769, 2104.0 ], [ -97.745589944685676, 18.484567243009483, 2104.0 ], [ -97.745594354491729, 18.484561677343056, 2104.0 ], [ -97.745595229928995, 18.484560440528291, 2104.0 ], [ -97.745595149913953, 18.484559925188808, 2104.0 ] ] } },
{ "type": "Feature", "properties": { "FID": 53, "elev": 2103.0, "elevation": 2103.0, "ELEVATION": 2103.0, "is_master": false, "tipo": "Ordinaria (1m)" }, "geometry": { "type": "LineString", "coordinates": [ [ -97.745638051708298, 18.486220864346446, 2103.0 ], [ -97.745628386410445, 18.486141089794287, 2103.0 ], [ -97.745621861032419, 18.486100274907137, 2103.0 ], [ -97.745614746760637, 18.486063788871654, 2103.0 ], [ -97.745607642144108, 18.486034105317366, 2103.0 ], [ -97.745601039368651, 18.486011842651646, 2103.0 ], [ -97.745595214726137, 18.485997000874502, 2103.0 ], [ -97.745585295138767, 18.485977830245687, 2103.0 ], [ -97.745581494138179, 18.48596793572759, 2103.0 ], [ -97.745580416998692, 18.485951857135682, 2103.0 ], [ -97.745577614618355, 18.485941962617584, 2103.0 ], [ -97.745573231612795, 18.485933923321632, 2103.0 ], [ -97.745567928797996, 18.485928282239669, 2103.0 ], [ -97.7455530219964, 18.485919557242472, 2103.0 ], [ -97.745540707682039, 18.48591671098286, 2103.0 ], [ -97.745533578342148, 18.48591096494761, 2103.0 ], [ -97.745521264027786, 18.485904331383249, 2103.0 ], [ -97.745512838439623, 18.485894963656627, 2103.0 ], [ -97.745486193436591, 18.485854148769477, 2103.0 ], [ -97.745455155596858, 18.485801584142084, 2103.0 ], [ -97.745448622535491, 18.485788597587081, 2103.0 ], [ -97.745439687096152, 18.485765098106601, 2103.0 ], [ -97.745430550979108, 18.485747782699931, 2103.0 ], [ -97.745417610832845, 18.485731085700642, 2103.0 ], [ -97.745388350447911, 18.485702638961115, 2103.0 ], [ -97.745377344979531, 18.485687178776587, 2103.0 ], [ -97.745371447476785, 18.485674192221587, 2103.0 ], [ -97.745366887238816, 18.485658113629679, 2103.0 ], [ -97.745363574768902, 18.48563646937134, 2103.0 ], [ -97.745362946544674, 18.485621009186815, 2103.0 ], [ -97.745364990720162, 18.485606785817051, 2103.0 ], [ -97.745370234477619, 18.485588233595617, 2103.0 ], [ -97.745380563055306, 18.485557931633945, 2103.0 ], [ -97.745387744183972, 18.485543089856801, 2103.0 ], [ -97.745397472762363, 18.485530775483735, 2103.0 ], [ -97.74540719458949, 18.485522064003355, 2103.0 ], [ -97.745451266872465, 18.485493089801196, 2103.0 ], [ -97.745465549556769, 18.485480630711312, 2103.0 ], [ -97.745472073817425, 18.485471973007979, 2103.0 ], [ -97.745479888767818, 18.485457131230834, 2103.0 ], [ -97.745487055348576, 18.485439197416781, 2103.0 ], [ -97.745491528984815, 18.485423118824876, 2103.0 ], [ -97.745494240949043, 18.485407040232968, 2103.0 ], [ -97.745495289299924, 18.485387869604153, 2103.0 ], [ -97.745494890455731, 18.485361278086767, 2103.0 ], [ -97.745492260576853, 18.485334068162, 2103.0 ], [ -97.745487046142301, 18.485303147792948, 2103.0 ], [ -97.74547991069484, 18.485272227423895, 2103.0 ], [ -97.745472757227176, 18.485248727943414, 2103.0 ], [ -97.745462250831537, 18.485220899611267, 2103.0 ], [ -97.745457569857052, 18.485202965797217, 2103.0 ], [ -97.745454311537713, 18.485176374279831, 2103.0 ], [ -97.745454989804713, 18.485152874799351, 2103.0 ], [ -97.745458282791049, 18.485135559392681, 2103.0 ], [ -97.745464092861937, 18.485119480800773, 2103.0 ], [ -97.745474563250809, 18.485099073357198, 2103.0 ], [ -97.74549197390759, 18.48507062661767, 2103.0 ], [ -97.745498764942141, 18.485052074396236, 2103.0 ], [ -97.745501369983799, 18.485032903767426, 2103.0 ], [ -97.745501730356608, 18.485014351545992, 2103.0 ], [ -97.745500686160369, 18.485004457027895, 2103.0 ], [ -97.745496677213367, 18.484995180917178, 2103.0 ], [ -97.745492098546407, 18.484989862613702, 2103.0 ], [ -97.745484969206515, 18.484984942839425, 2103.0 ], [ -97.745483575744629, 18.484982812769559, 2103.0 ], [ -97.745483310014677, 18.484979720732653, 2103.0 ], [ -97.745486848759754, 18.484976628695748, 2103.0 ], [ -97.74548893895259, 18.484971681436697, 2103.0 ], [ -97.745490802302783, 18.484970405149124, 2103.0 ], [ -97.745494740889157, 18.484969826214556, 2103.0 ], [ -97.745497994364143, 18.48496611577027, 2103.0 ], [ -97.745498435737417, 18.484959931696459, 2103.0 ], [ -97.745496294282319, 18.4849488003636, 2103.0 ], [ -97.745497807003872, 18.484941379475028, 2103.0 ], [ -97.745516800825328, 18.484911077513356, 2103.0 ], [ -97.745527124703713, 18.484889433255017, 2103.0 ], [ -97.745531501706964, 18.484874591477872, 2103.0 ], [ -97.745540129627457, 18.484860986515489, 2103.0 ], [ -97.745544051990578, 18.484851710404772, 2103.0 ], [ -97.745551914297309, 18.484788632851906, 2103.0 ], [ -97.745551897703464, 18.484770080630472, 2103.0 ], [ -97.74555008839242, 18.484748436372136, 2103.0 ], [ -97.745553590212779, 18.484724318484275, 2103.0 ], [ -97.745556995264877, 18.484718752817844, 2103.0 ], [ -97.745564161589982, 18.484713805558794, 2103.0 ], [ -97.745571232128512, 18.484707003077602, 2103.0 ], [ -97.745590592807488, 18.484683503597125, 2103.0 ], [ -97.745622335023143, 18.484647635969022, 2103.0 ], [ -97.745666537585151, 18.48460001860068, 2103.0 ], [ -97.745672924526843, 18.484590742489964, 2103.0 ], [ -97.745679479820126, 18.484577755934961, 2103.0 ], [ -97.745687216027051, 18.4845536380471, 2103.0 ] ] } },
{ "type": "Feature", "properties": { "FID": 54, "elev": 2102.0, "elevation": 2102.0, "ELEVATION": 2102.0, "is_master": false, "tipo": "Ordinaria (1m)" }, "geometry": { "type": "LineString", "coordinates": [ [ -97.745697877220593, 18.486214061865255, 2102.0 ], [ -97.745687656838228, 18.486083577907849, 2102.0 ], [ -97.745685417078832, 18.486012461059026, 2102.0 ], [ -97.745682786492551, 18.485993290430216, 2102.0 ], [ -97.745676011637485, 18.485964843690684, 2102.0 ], [ -97.745676324822199, 18.485935160136393, 2102.0 ], [ -97.745674240121502, 18.485928976062585, 2102.0 ], [ -97.745660560361088, 18.485914134285437, 2102.0 ], [ -97.745645749709425, 18.485891871619721, 2102.0 ], [ -97.745640518440553, 18.485886904412045, 2102.0 ], [ -97.745630796613426, 18.485880769274708, 2102.0 ], [ -97.745626259760755, 18.485878840015172, 2102.0 ], [ -97.745604223619267, 18.485873806848812, 2102.0 ], [ -97.745594501792141, 18.485873788929819, 2102.0 ], [ -97.745573113772465, 18.485876245790358, 2102.0 ], [ -97.745562743823527, 18.485875954991648, 2102.0 ], [ -97.745555614483635, 18.485874581199205, 2102.0 ], [ -97.745549781387354, 18.485872163245357, 2102.0 ], [ -97.745545244534696, 18.485869005270605, 2102.0 ], [ -97.74553934871696, 18.485862806472809, 2102.0 ], [ -97.7455362140375, 18.485857859213763, 2102.0 ], [ -97.745532117321801, 18.485847964695665, 2102.0 ], [ -97.745529503628518, 18.485836833362804, 2102.0 ], [ -97.745527911044476, 18.485807149808515, 2102.0 ], [ -97.745523674230768, 18.485767571736126, 2102.0 ], [ -97.745524348193626, 18.485740361811359, 2102.0 ], [ -97.745527620169739, 18.485720572775165, 2102.0 ], [ -97.745532456988542, 18.485701402146354, 2102.0 ], [ -97.745533084011953, 18.485679757888015, 2102.0 ], [ -97.745529776027539, 18.485666152925631, 2102.0 ], [ -97.745523208382593, 18.485655640000154, 2102.0 ], [ -97.745514134687895, 18.485648808070991, 2102.0 ], [ -97.745501820373534, 18.485644389325518, 2102.0 ], [ -97.74548885793736, 18.485642465234211, 2102.0 ], [ -97.74546617367406, 18.485642510735754, 2102.0 ], [ -97.745455155603324, 18.485641430074029, 2102.0 ], [ -97.745452563116089, 18.485639561418377, 2102.0 ], [ -97.745450697965552, 18.485634614149198, 2102.0 ], [ -97.745446730019808, 18.48563265773312, 2102.0 ], [ -97.74544219316715, 18.485633312238921, 2102.0 ], [ -97.745436493507711, 18.485639561408245, 2102.0 ], [ -97.745432471340024, 18.485640925542175, 2102.0 ], [ -97.74542339763471, 18.485641903461733, 2102.0 ], [ -97.745415620173006, 18.485640334417472, 2102.0 ], [ -97.745406546467677, 18.485633995744713, 2102.0 ], [ -97.745399446587868, 18.485624719631101, 2102.0 ], [ -97.745396057475972, 18.485614825113004, 2102.0 ], [ -97.745395363620204, 18.485598746521095, 2102.0 ], [ -97.745398701958891, 18.485582049521806, 2102.0 ], [ -97.745405152657341, 18.485567826152042, 2102.0 ], [ -97.745413623257164, 18.485557931633945, 2102.0 ], [ -97.74542469387832, 18.485550703997681, 2102.0 ], [ -97.745438952558104, 18.485544892671538, 2102.0 ], [ -97.745459044334169, 18.485539848549148, 2102.0 ], [ -97.745480432353844, 18.485536729961282, 2102.0 ], [ -97.745517375296942, 18.48553398144978, 2102.0 ], [ -97.745544596412898, 18.485528266819273, 2102.0 ], [ -97.745562095701715, 18.485522759714147, 2102.0 ], [ -97.745574410016076, 18.485517657853254, 2102.0 ], [ -97.745580891234169, 18.485513406231593, 2102.0 ], [ -97.745584887985316, 18.485506603821317, 2102.0 ], [ -97.745588197334556, 18.485491143636793, 2102.0 ], [ -97.745590167477545, 18.485467025748928, 2102.0 ], [ -97.745590180980088, 18.485436723787259, 2102.0 ], [ -97.74558819610705, 18.485400856159156, 2102.0 ], [ -97.745581697785752, 18.485348291531764, 2102.0 ], [ -97.745570453061887, 18.485309331866759, 2102.0 ], [ -97.745567087376699, 18.485285832386278, 2102.0 ], [ -97.745567112164522, 18.485272227423895, 2102.0 ], [ -97.745568393754951, 18.485259859276272, 2102.0 ], [ -97.745571067072021, 18.485246254313889, 2102.0 ], [ -97.745577132127679, 18.485225228462934, 2102.0 ], [ -97.745577784061965, 18.485208531463645, 2102.0 ], [ -97.745575139153118, 18.485202347389833, 2102.0 ], [ -97.745565258089172, 18.485191216056975, 2102.0 ], [ -97.745554163254369, 18.485167098169114, 2102.0 ], [ -97.745551570977426, 18.485158440465781, 2102.0 ], [ -97.745552533062408, 18.485152874799351, 2102.0 ], [ -97.745551887783236, 18.485146690725539, 2102.0 ], [ -97.745558242977637, 18.485137414614822, 2102.0 ], [ -97.745560924901028, 18.485131230541011, 2102.0 ], [ -97.745562935314069, 18.485112059912201, 2102.0 ], [ -97.745562286325779, 18.485093507690767, 2102.0 ], [ -97.745558053179252, 18.48506567935862, 2102.0 ], [ -97.745557227586801, 18.485046508729809, 2102.0 ], [ -97.745558017519883, 18.485020535619803, 2102.0 ], [ -97.74556197278207, 18.48498899684337, 2102.0 ], [ -97.745569777145377, 18.484953747622647, 2102.0 ], [ -97.745589265984592, 18.484891288477161, 2102.0 ], [ -97.745600929000076, 18.484859131293344, 2102.0 ], [ -97.745614690096986, 18.484827592516911, 2102.0 ], [ -97.745618420573166, 18.484801000999525, 2102.0 ], [ -97.745627428921665, 18.484771935852617, 2102.0 ], [ -97.745632665615844, 18.48476204133452, 2102.0 ], [ -97.745646459557122, 18.484745344335231, 2102.0 ], [ -97.745654070078359, 18.484734213002369, 2102.0 ], [ -97.745668967576776, 18.484705147855461, 2102.0 ], [ -97.745691812652254, 18.484665569783072, 2102.0 ], [ -97.74571516818456, 18.484618570822111, 2102.0 ], [ -97.745734521030542, 18.484566006194722, 2102.0 ], [ -97.745737736711817, 18.484560416743392, 2102.0 ], [ -97.745746486356239, 18.484549927602814, 2102.0 ] ] } },
{ "type": "Feature", "properties": { "FID": 55, "elev": 2101.0, "elevation": 2101.0, "ELEVATION": 2101.0, "is_master": false, "tipo": "Ordinaria (1m)" }, "geometry": { "type": "LineString", "coordinates": [ [ -97.745765537726243, 18.486206022569299, 2101.0 ], [ -97.745763478153464, 18.486141708201668, 2101.0 ], [ -97.745763328764852, 18.486104603758804, 2101.0 ], [ -97.74576348366837, 18.486091617203805, 2101.0 ], [ -97.745765420771932, 18.48607244657499, 2101.0 ], [ -97.745768054409751, 18.486059460019987, 2101.0 ], [ -97.745771495404284, 18.486050802316655, 2101.0 ], [ -97.745788979704173, 18.486023592391888, 2101.0 ], [ -97.74579421758142, 18.486013697873791, 2101.0 ], [ -97.74579745331431, 18.486003184948313, 2101.0 ], [ -97.745798403927623, 18.48599019839331, 2101.0 ], [ -97.74579752594866, 18.485980303875213, 2101.0 ], [ -97.745794082801552, 18.485969790949735, 2101.0 ], [ -97.745790882700121, 18.485964737677993, 2101.0 ], [ -97.745783715235419, 18.485958041209493, 2101.0 ], [ -97.745783685136871, 18.485954330765207, 2101.0 ], [ -97.745787153999345, 18.48595000191354, 2101.0 ], [ -97.745784453903653, 18.485945673061874, 2101.0 ], [ -97.74577986462937, 18.48594400291055, 2101.0 ], [ -97.745770790924055, 18.485944627391209, 2101.0 ], [ -97.745766254071398, 18.485943827977554, 2101.0 ], [ -97.745758314579234, 18.485937633765918, 2101.0 ], [ -97.745757806138855, 18.485935778543777, 2101.0 ], [ -97.745759772853305, 18.485932205523351, 2101.0 ], [ -97.745762365340539, 18.485930856021021, 2101.0 ], [ -97.745765605949586, 18.485930510188588, 2101.0 ], [ -97.745768198436821, 18.485932489740886, 2101.0 ], [ -97.745770790924055, 18.485932659619593, 2101.0 ], [ -97.745781160872994, 18.485929386129509, 2101.0 ], [ -97.745781834747987, 18.485928357655201, 2101.0 ], [ -97.74577986462937, 18.485926574480523, 2101.0 ], [ -97.745766902193196, 18.485923701411391, 2101.0 ], [ -97.745762365340539, 18.485915878511385, 2101.0 ], [ -97.74575718036607, 18.485911748999825, 2101.0 ], [ -97.745746778011053, 18.485906094989485, 2101.0 ], [ -97.745742809941149, 18.485902384545199, 2101.0 ], [ -97.745736440468207, 18.485893056900533, 2101.0 ], [ -97.745731255493737, 18.485888111203121, 2101.0 ], [ -97.745725422397456, 18.485886387910895, 2101.0 ], [ -97.745716348692142, 18.48588708364742, 2101.0 ], [ -97.74570921935225, 18.485885033800965, 2101.0 ], [ -97.745700895434908, 18.485875793027812, 2101.0 ], [ -97.74570066414438, 18.485873319398287, 2101.0 ], [ -97.745703865302531, 18.485868990546621, 2101.0 ], [ -97.745698201281499, 18.485866011551924, 2101.0 ], [ -97.745694960672466, 18.485862363086387, 2101.0 ], [ -97.745691071941607, 18.485861463804532, 2101.0 ], [ -97.745685886967138, 18.485864849905894, 2101.0 ], [ -97.745683294479903, 18.485865096870519, 2101.0 ], [ -97.745666443312885, 18.48585903495125, 2101.0 ], [ -97.745657369607571, 18.485858659110264, 2101.0 ], [ -97.745649592145867, 18.485856684239739, 2101.0 ], [ -97.745644997252455, 18.485856622398998, 2101.0 ], [ -97.745641316128925, 18.485850438325187, 2101.0 ], [ -97.745642430399883, 18.485842399029234, 2101.0 ], [ -97.74564120584246, 18.485833741325902, 2101.0 ], [ -97.745638574075116, 18.485829407604882, 2101.0 ], [ -97.745634037222459, 18.485826844558382, 2101.0 ], [ -97.74562366727352, 18.485826775971983, 2101.0 ], [ -97.745609408593737, 18.485830788115141, 2101.0 ], [ -97.745598390523, 18.485830713959047, 2101.0 ], [ -97.745593093569369, 18.485833741325902, 2101.0 ], [ -97.745593069349013, 18.485839306992329, 2101.0 ], [ -97.745590747155461, 18.485843635843995, 2101.0 ], [ -97.745581539355982, 18.485849293126336, 2101.0 ], [ -97.745573761894278, 18.485850520779508, 2101.0 ], [ -97.74557085460502, 18.485854767176857, 2101.0 ], [ -97.745567928797996, 18.485856598974479, 2101.0 ], [ -97.745557546696773, 18.485857240806379, 2101.0 ], [ -97.745555170478113, 18.485853530362093, 2101.0 ], [ -97.745554835075609, 18.485847346288285, 2101.0 ], [ -97.745558174095123, 18.485840543807093, 2101.0 ], [ -97.745564688188949, 18.485834783784057, 2101.0 ], [ -97.745566769555737, 18.485831267696376, 2101.0 ], [ -97.745570703075501, 18.485811478660182, 2101.0 ], [ -97.745572345628105, 18.485796636883038, 2101.0 ], [ -97.745576424448728, 18.485785505550176, 2101.0 ], [ -97.745583507725911, 18.485773755809937, 2101.0 ], [ -97.745600420167605, 18.485753966773743, 2101.0 ], [ -97.745605015768149, 18.48574592747779, 2101.0 ], [ -97.745606369125952, 18.485735414552313, 2101.0 ], [ -97.745603714380707, 18.485724283219451, 2101.0 ], [ -97.745604083828297, 18.485718717553024, 2101.0 ], [ -97.745606167984704, 18.485714887416986, 2101.0 ], [ -97.745618426745764, 18.485702638961115, 2101.0 ], [ -97.745622543402732, 18.485690889220873, 2101.0 ], [ -97.745623198419452, 18.485679139480634, 2101.0 ], [ -97.745619003338163, 18.485660587259204, 2101.0 ], [ -97.745618124714611, 18.485651929555868, 2101.0 ], [ -97.745619000796509, 18.48564203503777, 2101.0 ], [ -97.745622336918231, 18.485627193260626, 2101.0 ], [ -97.745628111537357, 18.485609877853957, 2101.0 ], [ -97.745634669912803, 18.485595036076809, 2101.0 ], [ -97.745660625466542, 18.485548655523232, 2101.0 ], [ -97.745663990507083, 18.485538142597751, 2101.0 ], [ -97.745666607625452, 18.485522064005846, 2101.0 ], [ -97.74567116244981, 18.485444144675832, 2101.0 ], [ -97.745671155698531, 18.485418171565826, 2101.0 ], [ -97.745667562796015, 18.485376738271295, 2101.0 ], [ -97.745667216877621, 18.485359422864626, 2101.0 ], [ -97.745667577526049, 18.485337778606286, 2101.0 ], [ -97.745671155698531, 18.485305003015092, 2101.0 ], [ -97.745671149240806, 18.485291398052709, 2101.0 ], [ -97.745669175934566, 18.485277793090326, 2101.0 ], [ -97.745659252247108, 18.485250583165559, 2101.0 ], [ -97.745658989912087, 18.485240688647462, 2101.0 ], [ -97.745660804653156, 18.485227702092459, 2101.0 ], [ -97.745660789484347, 18.485216570759601, 2101.0 ], [ -97.745658192223715, 18.485196781723406, 2101.0 ], [ -97.745650292117418, 18.485165861354353, 2101.0 ], [ -97.745633944633639, 18.485114533541726, 2101.0 ], [ -97.745631285547418, 18.485100310171958, 2101.0 ], [ -97.745631994656762, 18.485081139543148, 2101.0 ], [ -97.745641166557988, 18.485073718654576, 2101.0 ], [ -97.745643589974335, 18.485069389802906, 2101.0 ], [ -97.745641814684163, 18.485066333103568, 2101.0 ], [ -97.745635981587895, 18.485066860729962, 2101.0 ], [ -97.74563131511087, 18.485064442543859, 2101.0 ], [ -97.74562869974875, 18.485061350506953, 2101.0 ], [ -97.745628838745461, 18.485056403247903, 2101.0 ], [ -97.745632779103659, 18.485049600766711, 2101.0 ], [ -97.745633101046522, 18.485046508729809, 2101.0 ], [ -97.745631894452401, 18.485020535619803, 2101.0 ], [ -97.745634541317202, 18.485000128176228, 2101.0 ], [ -97.745650353688987, 18.4849488003636, 2101.0 ], [ -97.745659849377972, 18.48490798547645, 2101.0 ], [ -97.745666443309787, 18.48488448599597, 2101.0 ], [ -97.745677314639067, 18.484855420849058, 2101.0 ], [ -97.745694370418676, 18.484818316406194, 2101.0 ], [ -97.745698300992558, 18.484804711443811, 2101.0 ], [ -97.745702597999724, 18.484781830370714, 2101.0 ], [ -97.745707130959758, 18.484768843815711, 2101.0 ], [ -97.745711811836628, 18.484760186112375, 2101.0 ], [ -97.745734454288467, 18.484728028928561, 2101.0 ], [ -97.745738492853931, 18.484718752817844, 2101.0 ], [ -97.745740208982909, 18.484707621484986, 2101.0 ], [ -97.745742200018739, 18.484702674225936, 2101.0 ], [ -97.745751406189967, 18.484692161300458, 2101.0 ], [ -97.745770110396151, 18.484661859338786, 2101.0 ], [ -97.74577986462937, 18.484651314700109, 2101.0 ], [ -97.745801252649059, 18.484639712109114, 2101.0 ], [ -97.74580901660822, 18.484631557377114, 2101.0 ], [ -97.745812371538747, 18.484623518081161, 2101.0 ], [ -97.745813772837394, 18.484614241970444, 2101.0 ], [ -97.745813083154175, 18.484601873822822, 2101.0 ], [ -97.745811032344193, 18.48459445293425, 2101.0 ], [ -97.745808261966388, 18.484588887267822, 2101.0 ], [ -97.745808305739317, 18.484582703194011, 2101.0 ], [ -97.745809648433863, 18.484578374342345, 2101.0 ], [ -97.745811622597984, 18.484578071201469, 2101.0 ], [ -97.745818103816077, 18.484580092140625, 2101.0 ], [ -97.745820609887062, 18.484578992749725, 2101.0 ], [ -97.745822719228954, 18.484566624602103, 2101.0 ], [ -97.745824585034157, 18.484563532561822, 2101.0 ], [ -97.745829575572088, 18.484559822120911, 2101.0 ], [ -97.745832800415997, 18.484549927602814, 2101.0 ], [ -97.745835398434863, 18.484548690788053, 2101.0 ], [ -97.745838195581513, 18.484543125121622, 2101.0 ] ] } },
{ "type": "Feature", "properties": { "FID": 56, "elev": 2100.0, "elevation": 2100.0, "ELEVATION": 2100.0, "is_master": true, "tipo": "Maestra (5m)" }, "geometry": { "type": "LineString", "coordinates": [ [ -97.745840772647895, 18.486197364865966, 2100.0 ], [ -97.745838004968078, 18.486161497237863, 2100.0 ], [ -97.745837356846266, 18.486127484831904, 2100.0 ], [ -97.745838691214701, 18.486095327648091, 2100.0 ], [ -97.745841328180873, 18.486080485870943, 2100.0 ], [ -97.74584655072762, 18.486063788871654, 2100.0 ], [ -97.7458531023901, 18.48604956550189, 2100.0 ], [ -97.745862727002589, 18.486034105317366, 2100.0 ], [ -97.745877099956488, 18.486015553095932, 2100.0 ], [ -97.745885598501076, 18.486000711318788, 2100.0 ], [ -97.745892105438273, 18.485983395912118, 2100.0 ], [ -97.745892051428129, 18.485975356616162, 2100.0 ], [ -97.745886804711262, 18.485966698912829, 2100.0 ], [ -97.74586350834943, 18.485944436247109, 2100.0 ], [ -97.745839422394127, 18.485917844729723, 2100.0 ], [ -97.74583035540897, 18.485906094989485, 2100.0 ], [ -97.745818042356248, 18.485898674100913, 2100.0 ], [ -97.745817313690054, 18.485895582064007, 2100.0 ], [ -97.745817980814849, 18.485892490027101, 2100.0 ], [ -97.745824537610616, 18.485883213916384, 2100.0 ], [ -97.745824467193827, 18.485878266657338, 2100.0 ], [ -97.745822814143722, 18.485876411435193, 2100.0 ], [ -97.745814215085218, 18.485875733565564, 2100.0 ], [ -97.745803197014482, 18.485880253577349, 2100.0 ], [ -97.745791530821933, 18.485878862160739, 2100.0 ], [ -97.745789166053171, 18.485875174620432, 2100.0 ], [ -97.745784401482027, 18.485870845773061, 2100.0 ], [ -97.745773244528039, 18.485864661694954, 2100.0 ], [ -97.745771972793236, 18.48586342488019, 2100.0 ], [ -97.745771291745456, 18.485859096028523, 2100.0 ], [ -97.74576613115174, 18.485857240806379, 2100.0 ], [ -97.745736440468207, 18.485828080519873, 2100.0 ], [ -97.745727366762893, 18.485822594337158, 2100.0 ], [ -97.745723478032033, 18.485821216398943, 2100.0 ], [ -97.745717232494613, 18.485820754770899, 2100.0 ], [ -97.745714816767872, 18.485818899548754, 2100.0 ], [ -97.745713249859747, 18.485810860252801, 2100.0 ], [ -97.745709207123539, 18.485802820956845, 2100.0 ], [ -97.745707136103576, 18.485796018475654, 2100.0 ], [ -97.745704851574843, 18.485767571736126, 2100.0 ], [ -97.745698055784771, 18.485731704108023, 2100.0 ], [ -97.745693487668348, 18.485697073294684, 2100.0 ], [ -97.74569216704397, 18.485674192221587, 2100.0 ], [ -97.745692183007563, 18.485645127074676, 2100.0 ], [ -97.745694511406214, 18.485586378373476, 2100.0 ], [ -97.745693134713903, 18.485574628633234, 2100.0 ], [ -97.745687694506856, 18.485547418708467, 2100.0 ], [ -97.745686691262875, 18.48551959037632, 2100.0 ], [ -97.745688292707413, 18.48549609089584, 2100.0 ], [ -97.74569286461896, 18.485477538674409, 2100.0 ], [ -97.745700696306812, 18.485463933712026, 2100.0 ], [ -97.74571051559586, 18.485454577208348, 2100.0 ], [ -97.745720885544799, 18.485449675986295, 2100.0 ], [ -97.74573190361555, 18.485448028575846, 2100.0 ], [ -97.745740977320864, 18.485448354185724, 2100.0 ], [ -97.745751347269803, 18.48545045436364, 2100.0 ], [ -97.745770142802243, 18.48545237355653, 2100.0 ], [ -97.745785049603839, 18.485451740688617, 2100.0 ], [ -97.74579674525647, 18.485447855120118, 2100.0 ], [ -97.745801927224818, 18.485442907861067, 2100.0 ], [ -97.745803984019531, 18.48543796060202, 2100.0 ], [ -97.745803892792296, 18.485429302898684, 2100.0 ], [ -97.745801962496742, 18.485426210861778, 2100.0 ], [ -97.745799308283623, 18.485424279022794, 2100.0 ], [ -97.745795419552778, 18.485423301906007, 2100.0 ], [ -97.745788938334698, 18.485424717170105, 2100.0 ], [ -97.745785622581096, 18.48542002678797, 2100.0 ], [ -97.745785629174307, 18.4854156979363, 2100.0 ], [ -97.745789780287325, 18.485406421825587, 2100.0 ], [ -97.745789007467678, 18.485402092973917, 2100.0 ], [ -97.745786345847463, 18.485399547196867, 2100.0 ], [ -97.745780512751182, 18.485400530681588, 2100.0 ], [ -97.745779190923813, 18.485400237751776, 2100.0 ], [ -97.745778415458133, 18.485398382529631, 2100.0 ], [ -97.745779281319741, 18.485395290492725, 2100.0 ], [ -97.745784441989642, 18.48539219845582, 2100.0 ], [ -97.74578440589103, 18.485387869604153, 2100.0 ], [ -97.745764334633733, 18.485363133308912, 2100.0 ], [ -97.745758332582625, 18.48535138356867, 2100.0 ], [ -97.745754530268016, 18.485340870643192, 2100.0 ], [ -97.745750530072741, 18.485318607977476, 2100.0 ], [ -97.745749579664874, 18.485275937868181, 2100.0 ], [ -97.745748249247555, 18.485259859276272, 2100.0 ], [ -97.745744274288327, 18.485243162276983, 2100.0 ], [ -97.745736345950434, 18.485222136426028, 2100.0 ], [ -97.745732403209445, 18.485203584204598, 2100.0 ], [ -97.745731710930684, 18.485171427020781, 2100.0 ], [ -97.745738541276822, 18.48512999372625, 2100.0 ], [ -97.745740136514186, 18.485089797246481, 2100.0 ], [ -97.745745367823432, 18.485023009249328, 2100.0 ], [ -97.7457486251582, 18.485005075435275, 2100.0 ], [ -97.745753899249422, 18.48498404958432, 2100.0 ], [ -97.745767064223656, 18.484945708326695, 2100.0 ], [ -97.745767022774004, 18.484937669030739, 2100.0 ], [ -97.745763769604466, 18.484928392920025, 2100.0 ], [ -97.745759686437069, 18.484920972031453, 2100.0 ], [ -97.74575125195777, 18.484909840698592, 2100.0 ], [ -97.745746776305467, 18.484900564587878, 2100.0 ], [ -97.745744692165374, 18.484891906884542, 2100.0 ], [ -97.745744716485149, 18.484879538736919, 2100.0 ], [ -97.74575264350905, 18.484852947219533, 2100.0 ], [ -97.745763109480393, 18.484824500480006, 2100.0 ], [ -97.745767969687947, 18.484820171628339, 2100.0 ], [ -97.745771439045868, 18.484820353512863, 2100.0 ], [ -97.745773383432521, 18.4848214084431, 2100.0 ], [ -97.745778032285003, 18.484831921368578, 2100.0 ], [ -97.745780512751182, 18.484833130698568, 2100.0 ], [ -97.745782457116604, 18.4848321364668, 2100.0 ], [ -97.745783039327719, 18.484828210924292, 2100.0 ], [ -97.745777920263947, 18.48482188942662, 2100.0 ], [ -97.745775381786871, 18.484820171628339, 2100.0 ], [ -97.745775246761482, 18.484817697998814, 2100.0 ], [ -97.745778784426363, 18.484810895517622, 2100.0 ], [ -97.745786345847463, 18.484808478106952, 2100.0 ], [ -97.745792838113076, 18.48480347462905, 2100.0 ], [ -97.745793132656658, 18.484801619406905, 2100.0 ], [ -97.745791530821933, 18.484799641617535, 2100.0 ], [ -97.745783753360229, 18.484799899461379, 2100.0 ], [ -97.745776624020337, 18.484795871163058, 2100.0 ], [ -97.745774031533102, 18.484796720650397, 2100.0 ], [ -97.745772846396079, 18.484794816925714, 2100.0 ], [ -97.745774644621292, 18.484789251259286, 2100.0 ], [ -97.745776624020337, 18.484787917585535, 2100.0 ], [ -97.745781808994792, 18.484786885700952, 2100.0 ], [ -97.745785004386036, 18.484783685592856, 2100.0 ], [ -97.745793976564599, 18.484763278149281, 2100.0 ], [ -97.745803197010758, 18.484747199557372, 2100.0 ], [ -97.745831097115186, 18.484706384670222, 2100.0 ], [ -97.745855777973503, 18.484678556338075, 2100.0 ], [ -97.74586032826241, 18.484670517042122, 2100.0 ], [ -97.745862991838564, 18.484660004116645, 2100.0 ], [ -97.745863223065044, 18.484653201635453, 2100.0 ], [ -97.74586225088234, 18.484643925524736, 2100.0 ], [ -97.745858764288016, 18.484630938969733, 2100.0 ], [ -97.745858935490006, 18.484615246882438, 2100.0 ], [ -97.74586152797724, 18.484611827236861, 2100.0 ], [ -97.745871897926179, 18.484606687247439, 2100.0 ], [ -97.745874247367738, 18.484608057896633, 2100.0 ], [ -97.745875786657024, 18.484612267056551, 2100.0 ], [ -97.745881619753305, 18.484612425000304, 2100.0 ], [ -97.745886347230027, 18.484609294711397, 2100.0 ], [ -97.74589010609823, 18.484603110637586, 2100.0 ], [ -97.745892118468163, 18.484595689749014, 2100.0 ], [ -97.745892100947032, 18.484590124082583, 2100.0 ], [ -97.745888749093197, 18.484582597181316, 2100.0 ], [ -97.745872546047991, 18.484577662236873, 2100.0 ], [ -97.745870194291712, 18.484575900712819, 2100.0 ], [ -97.74586854929683, 18.484572808675914, 2100.0 ], [ -97.745868640110359, 18.484561058935672, 2100.0 ], [ -97.745870642616566, 18.484557348491386, 2100.0 ], [ -97.745872461510359, 18.484546835565908, 2100.0 ], [ -97.745875284362626, 18.484540651492097, 2100.0 ] ] } },
{ "type": "Feature", "properties": { "FID": 57, "elev": 2099.0, "elevation": 2099.0, "ELEVATION": 2099.0, "is_master": false, "tipo": "Ordinaria (1m)" }, "geometry": { "type": "LineString", "coordinates": [ [ -97.745925229092137, 18.486188088755249, 2099.0 ], [ -97.745920380599017, 18.486168918126435, 2099.0 ], [ -97.745917093620292, 18.486145418645954, 2099.0 ], [ -97.745916426840424, 18.486119445535952, 2099.0 ], [ -97.745919111107156, 18.486093472425946, 2099.0 ], [ -97.745924924523621, 18.486075538611896, 2099.0 ], [ -97.74593346949348, 18.486059460019987, 2099.0 ], [ -97.745943191320464, 18.486045855057604, 2099.0 ], [ -97.745971113470773, 18.486012461059026, 2099.0 ], [ -97.745983419885704, 18.485993908837596, 2099.0 ], [ -97.7459899033542, 18.485981540689973, 2099.0 ], [ -97.745991945833865, 18.485972882986641, 2099.0 ], [ -97.745992001206446, 18.485961133246398, 2099.0 ], [ -97.745989910610248, 18.48595000191354, 2099.0 ], [ -97.745984537269607, 18.485933923321632, 2099.0 ], [ -97.745982873499997, 18.485922173581393, 2099.0 ], [ -97.745980782390006, 18.485918326877851, 2099.0 ], [ -97.745976245537349, 18.485914107398159, 2099.0 ], [ -97.74597106056288, 18.485912130645524, 2099.0 ], [ -97.745963283101176, 18.485911132198698, 2099.0 ], [ -97.745959934471827, 18.48590918702639, 2099.0 ], [ -97.745958746244796, 18.485907950211626, 2099.0 ], [ -97.745957459751097, 18.485899910915673, 2099.0 ], [ -97.745956153761284, 18.485898983304601, 2099.0 ], [ -97.745952265030425, 18.485898723573502, 2099.0 ], [ -97.745946431934158, 18.485896099013928, 2099.0 ], [ -97.745936710107031, 18.485893555402193, 2099.0 ], [ -97.745921803305436, 18.485892499843089, 2099.0 ], [ -97.745915970209154, 18.485888841423552, 2099.0 ], [ -97.745912662783425, 18.485884450731149, 2099.0 ], [ -97.74590996782733, 18.485876411435193, 2099.0 ], [ -97.745910112422521, 18.485870845768762, 2099.0 ], [ -97.74591416498852, 18.48586404328757, 2099.0 ], [ -97.745913982635614, 18.485859096028523, 2099.0 ], [ -97.745911673072783, 18.485856622398998, 2099.0 ], [ -97.745905600260215, 18.485855528734096, 2099.0 ], [ -97.74590171152937, 18.485855865023666, 2099.0 ], [ -97.745891341580432, 18.485861718777556, 2099.0 ], [ -97.745881619753305, 18.485862766141892, 2099.0 ], [ -97.745873194169789, 18.485862352244379, 2099.0 ], [ -97.745864120464475, 18.485858553036678, 2099.0 ], [ -97.745854398637348, 18.485849804061207, 2099.0 ], [ -97.745850509906504, 18.48584863551045, 2099.0 ], [ -97.745848059195907, 18.485849819917807, 2099.0 ], [ -97.745845222865597, 18.485854767176857, 2099.0 ], [ -97.745844933669559, 18.485856622398998, 2099.0 ], [ -97.745846597171138, 18.485860951250668, 2099.0 ], [ -97.745840788079377, 18.485861716897901, 2099.0 ], [ -97.745836251226706, 18.485859674538656, 2099.0 ], [ -97.745832295448778, 18.485856003991618, 2099.0 ], [ -97.745832549076383, 18.485849819917807, 2099.0 ], [ -97.745831066252251, 18.485846070823062, 2099.0 ], [ -97.745816807572453, 18.485834730777711, 2099.0 ], [ -97.74581486320703, 18.485833741341661, 2099.0 ], [ -97.745812270719796, 18.485834264593684, 2099.0 ], [ -97.745808381988951, 18.485837275082364, 2099.0 ], [ -97.745805141379904, 18.485838144386452, 2099.0 ], [ -97.745801331209279, 18.485834978140662, 2099.0 ], [ -97.745795980427417, 18.485833122918518, 2099.0 ], [ -97.745787642091074, 18.485825627821061, 2099.0 ], [ -97.745782457116604, 18.485824052943595, 2099.0 ], [ -97.745775327776713, 18.485819517967958, 2099.0 ], [ -97.745774988985772, 18.485818281141373, 2099.0 ], [ -97.745778741218231, 18.485812097067562, 2099.0 ], [ -97.745781105319693, 18.485800965734704, 2099.0 ], [ -97.745789744534989, 18.485779939883749, 2099.0 ], [ -97.745791067877775, 18.485773755809937, 2099.0 ], [ -97.745791060933612, 18.485760150847554, 2099.0 ], [ -97.745785794943927, 18.485742217033504, 2099.0 ], [ -97.745762943014327, 18.485685941961826, 2099.0 ], [ -97.745753189300203, 18.485650074333723, 2099.0 ], [ -97.745749888995732, 18.485630285297532, 2099.0 ], [ -97.745749085738382, 18.485614825113004, 2099.0 ], [ -97.745749861575192, 18.48560122015062, 2099.0 ], [ -97.745754075653537, 18.485583286336571, 2099.0 ], [ -97.745753410678006, 18.485569062966807, 2099.0 ], [ -97.74575069914799, 18.485564642499231, 2099.0 ], [ -97.745744866051709, 18.485565244029996, 2099.0 ], [ -97.745740329199052, 18.485567329398574, 2099.0 ], [ -97.745731255493737, 18.485567259899501, 2099.0 ], [ -97.745724774275658, 18.485564741223268, 2099.0 ], [ -97.745718217694559, 18.48556040526347, 2099.0 ], [ -97.74571048497593, 18.485552984374898, 2099.0 ], [ -97.745705182093488, 18.485544945078942, 2099.0 ], [ -97.745701937513104, 18.485534432153464, 2099.0 ], [ -97.745700621951215, 18.485523919227987, 2099.0 ], [ -97.745701264737249, 18.485502893377031, 2099.0 ], [ -97.745704001836103, 18.485490525229409, 2099.0 ], [ -97.745706683717799, 18.485484341155601, 2099.0 ], [ -97.745710490012115, 18.48547877548917, 2099.0 ], [ -97.745719589301189, 18.485472007685029, 2099.0 ], [ -97.745727366762893, 18.485469404899547, 2099.0 ], [ -97.745737736711817, 18.485468512161852, 2099.0 ], [ -97.745768198436821, 18.48547057177538, 2099.0 ], [ -97.745785697725651, 18.485472742454949, 2099.0 ], [ -97.745799956405435, 18.485473086141265, 2099.0 ], [ -97.745810974476186, 18.485472065769084, 2099.0 ], [ -97.745822640668734, 18.485468244638842, 2099.0 ], [ -97.7458427324448, 18.485454633190489, 2099.0 ], [ -97.745855046759161, 18.485449589450592, 2099.0 ], [ -97.74586152797724, 18.485448308886571, 2099.0 ], [ -97.745873194169789, 18.485448626761187, 2099.0 ], [ -97.745888749093197, 18.485446744175885, 2099.0 ], [ -97.745899119042136, 18.485443673084589, 2099.0 ], [ -97.745910785234685, 18.48543808943689, 2099.0 ], [ -97.745911387714116, 18.485434250157734, 2099.0 ], [ -97.745913855285366, 18.485429921306068, 2099.0 ], [ -97.74591284962267, 18.485423118824876, 2099.0 ], [ -97.745908110446265, 18.485417553158445, 2099.0 ], [ -97.745904844118115, 18.485410750677254, 2099.0 ], [ -97.745900945567229, 18.485407040232968, 2099.0 ], [ -97.745901679654523, 18.485403329788682, 2099.0 ], [ -97.745900339036126, 18.485402711381301, 2099.0 ], [ -97.745898470920324, 18.485404537155471, 2099.0 ], [ -97.745894582189479, 18.485403894421506, 2099.0 ], [ -97.745891341580432, 18.485400856163096, 2099.0 ], [ -97.745886156605962, 18.485393135436702, 2099.0 ], [ -97.745883564118728, 18.485393947665269, 2099.0 ], [ -97.745881619753305, 18.485392185436719, 2099.0 ], [ -97.745873842291601, 18.485393084839735, 2099.0 ], [ -97.745871249804367, 18.485392247535771, 2099.0 ], [ -97.745857755908318, 18.485371172604864, 2099.0 ], [ -97.745849861784691, 18.48536372295316, 2099.0 ], [ -97.745828473765016, 18.485348944295112, 2099.0 ], [ -97.745824477013855, 18.485343962680098, 2099.0 ], [ -97.745821295510268, 18.485337160198906, 2099.0 ], [ -97.745819944019061, 18.485331594532479, 2099.0 ], [ -97.745819488439935, 18.485322318421762, 2099.0 ], [ -97.745822758509064, 18.485300055756042, 2099.0 ], [ -97.745822836328145, 18.485288924423184, 2099.0 ], [ -97.745820195481912, 18.485275319460801, 2099.0 ], [ -97.745806929302134, 18.485241307054842, 2099.0 ], [ -97.745808706049857, 18.485222754833408, 2099.0 ], [ -97.745806751864393, 18.485200492167692, 2099.0 ], [ -97.745808514559315, 18.48518874242745, 2099.0 ], [ -97.745807976912815, 18.485180703131498, 2099.0 ], [ -97.745808922090447, 18.485174519057686, 2099.0 ], [ -97.745812850618265, 18.485167098169114, 2099.0 ], [ -97.745823425237234, 18.485154730021492, 2099.0 ], [ -97.74582585635001, 18.485150401169825, 2099.0 ], [ -97.745827366972378, 18.485142980281253, 2099.0 ], [ -97.745826695381993, 18.485133085763156, 2099.0 ], [ -97.745823366877502, 18.485119480800773, 2099.0 ], [ -97.745809144485193, 18.485085468394814, 2099.0 ], [ -97.745804579674342, 18.485080521135767, 2099.0 ], [ -97.745794771430965, 18.485074105159189, 2099.0 ], [ -97.745786345847463, 18.485063839405797, 2099.0 ], [ -97.745786003924934, 18.485061968914334, 2099.0 ], [ -97.74579019193871, 18.485056403247903, 2099.0 ], [ -97.74579606767459, 18.485052042683037, 2099.0 ], [ -97.745798012040012, 18.485051610590702, 2099.0 ], [ -97.745801252649059, 18.485053147143734, 2099.0 ], [ -97.745802953968806, 18.485052074396236, 2099.0 ], [ -97.745798660161825, 18.485049446164869, 2099.0 ], [ -97.745799056236251, 18.485045890322425, 2099.0 ], [ -97.745803845136294, 18.485044801925437, 2099.0 ], [ -97.745807625846837, 18.485042179878139, 2099.0 ], [ -97.745814250118841, 18.485034140582187, 2099.0 ], [ -97.745819523511457, 18.485024246064089, 2099.0 ], [ -97.745823992071649, 18.485011259509086, 2099.0 ], [ -97.745827357555228, 18.484996417731942, 2099.0 ], [ -97.745828405541658, 18.484985904806464, 2099.0 ], [ -97.745828305075776, 18.484967970992411, 2099.0 ], [ -97.745829712821404, 18.484961168511219, 2099.0 ], [ -97.745831749094862, 18.484956839659553, 2099.0 ], [ -97.745831756459879, 18.484953747622647, 2099.0 ], [ -97.745835666116747, 18.484949418770981, 2099.0 ], [ -97.745836107199636, 18.48494385310455, 2099.0 ], [ -97.745844369805155, 18.484940761067644, 2099.0 ], [ -97.745848710809753, 18.484935195401217, 2099.0 ], [ -97.745849469897081, 18.484929629734786, 2099.0 ], [ -97.745848143747509, 18.484920972031453, 2099.0 ], [ -97.745849141111933, 18.484910459105972, 2099.0 ], [ -97.745855694880973, 18.484904921872069, 2099.0 ], [ -97.745856145605273, 18.4849030382174, 2099.0 ], [ -97.745855046759161, 18.484901382607767, 2099.0 ], [ -97.745851158028302, 18.484901092275347, 2099.0 ], [ -97.745840788079377, 18.484904391387559, 2099.0 ], [ -97.74583884371394, 18.484904212802491, 2099.0 ], [ -97.745836251226706, 18.484901231816892, 2099.0 ], [ -97.745831714374049, 18.484904416190368, 2099.0 ], [ -97.745829111516869, 18.48490241981002, 2099.0 ], [ -97.745829177440115, 18.484899327773114, 2099.0 ], [ -97.745830418130438, 18.484898338321305, 2099.0 ], [ -97.745833658739471, 18.48489770109283, 2099.0 ], [ -97.74583754747033, 18.484898833047211, 2099.0 ], [ -97.745839977927105, 18.484895617328828, 2099.0 ], [ -97.745840977114895, 18.484891288477161, 2099.0 ], [ -97.745839584424587, 18.484867788996681, 2099.0 ], [ -97.745836377250399, 18.484859131293344, 2099.0 ], [ -97.745829034005894, 18.484846763145725, 2099.0 ], [ -97.745828293731179, 18.484838105442389, 2099.0 ], [ -97.745829049873279, 18.484834394998103, 2099.0 ], [ -97.745834257005768, 18.484828210924292, 2099.0 ], [ -97.745838094586148, 18.484815842776673, 2099.0 ], [ -97.745840183898025, 18.484812750739767, 2099.0 ], [ -97.745840528830641, 18.484809658702861, 2099.0 ], [ -97.745843056505706, 18.484809040295481, 2099.0 ], [ -97.745843380566612, 18.484805926934182, 2099.0 ], [ -97.745849213662879, 18.484801531062995, 2099.0 ], [ -97.745856343002771, 18.484799826025501, 2099.0 ], [ -97.745868873357736, 18.484791106481428, 2099.0 ], [ -97.745871379428735, 18.484788632851906, 2099.0 ], [ -97.745875246555528, 18.484781830370714, 2099.0 ], [ -97.745879675387883, 18.484765020933718, 2099.0 ], [ -97.74588291599693, 18.484762023665738, 2099.0 ], [ -97.745891989702244, 18.484759712000049, 2099.0 ], [ -97.745895878418224, 18.484757094075469, 2099.0 ], [ -97.745912025119893, 18.484729265743322, 2099.0 ], [ -97.745916737721828, 18.484718134410464, 2099.0 ], [ -97.745919800019848, 18.484707621484986, 2099.0 ], [ -97.745926401301659, 18.484695871744744, 2099.0 ], [ -97.745926493085705, 18.484684740411886, 2099.0 ], [ -97.745915242872456, 18.484650728005928, 2099.0 ], [ -97.745911622742739, 18.484627228525447, 2099.0 ], [ -97.745908686895575, 18.484615478785205, 2099.0 ], [ -97.745909391424348, 18.484606202674492, 2099.0 ], [ -97.745914115520961, 18.484592597712108, 2099.0 ], [ -97.745915233129452, 18.484585176823536, 2099.0 ], [ -97.745914790744237, 18.484564769379961, 2099.0 ], [ -97.745912477173718, 18.4845536380471, 2099.0 ], [ -97.745914044906129, 18.484538177862575, 2099.0 ] ] } },
{ "type": "Feature", "properties": { "FID": 58, "elev": 2098.0, "elevation": 2098.0, "ELEVATION": 2098.0, "is_master": false, "tipo": "Ordinaria (1m)" }, "geometry": { "type": "LineString", "coordinates": [ [ -97.746030735778277, 18.486175720607626, 2098.0 ], [ -97.746022991322789, 18.486163352460007, 2098.0 ], [ -97.74601764677287, 18.486150984312385, 2098.0 ], [ -97.746014394707132, 18.486139234572146, 2098.0 ], [ -97.746012378328174, 18.486124392794999, 2098.0 ], [ -97.746012339749484, 18.486108932610474, 2098.0 ], [ -97.746014322693597, 18.486093472425946, 2098.0 ], [ -97.74601837345152, 18.486079249056182, 2098.0 ], [ -97.746026187602737, 18.486060078427368, 2098.0 ], [ -97.746029514445297, 18.486048328687129, 2098.0 ], [ -97.746036072165822, 18.486005040170454, 2098.0 ], [ -97.746036057921387, 18.485982777504734, 2098.0 ], [ -97.746034726789219, 18.485972264579257, 2098.0 ], [ -97.74603072377603, 18.485955567579968, 2098.0 ], [ -97.74602495977382, 18.485940725802823, 2098.0 ], [ -97.746013188476965, 18.485919699951868, 2098.0 ], [ -97.745998961035426, 18.485899292508293, 2098.0 ], [ -97.745989207968208, 18.485887542768051, 2098.0 ], [ -97.74597818989875, 18.485879503472098, 2098.0 ], [ -97.745975208542447, 18.485875793027812, 2098.0 ], [ -97.745964579344786, 18.48587091997765, 2098.0 ], [ -97.7459478127154, 18.485860951250668, 2098.0 ], [ -97.74594967254319, 18.485857152089711, 2098.0 ], [ -97.74595485751766, 18.485858620799206, 2098.0 ], [ -97.745959063955283, 18.485857240806379, 2098.0 ], [ -97.745960387063221, 18.485855385584237, 2098.0 ], [ -97.745958746248519, 18.485852441616704, 2098.0 ], [ -97.745950320665003, 18.485849667646644, 2098.0 ], [ -97.745934117619797, 18.485848751065543, 2098.0 ], [ -97.745922451427248, 18.485844760221052, 2098.0 ], [ -97.745912729600107, 18.485843159747937, 2098.0 ], [ -97.745908168009976, 18.485841162214474, 2098.0 ], [ -97.745900415285746, 18.485834282432357, 2098.0 ], [ -97.745895878433089, 18.485832338371843, 2098.0 ], [ -97.74589069345862, 18.485832970695164, 2098.0 ], [ -97.745884860362352, 18.485836311152127, 2098.0 ], [ -97.745879027266071, 18.485836140746539, 2098.0 ], [ -97.745867361073522, 18.485825186690462, 2098.0 ], [ -97.745866016017388, 18.485820754770899, 2098.0 ], [ -97.745871959069746, 18.485813333882327, 2098.0 ], [ -97.745884246352219, 18.48578179510589, 2098.0 ], [ -97.745887589296274, 18.485768808550887, 2098.0 ], [ -97.745887980948837, 18.485761387662315, 2098.0 ], [ -97.745887586286429, 18.485752729958982, 2098.0 ], [ -97.745882957811233, 18.485735414552313, 2098.0 ], [ -97.745876501825919, 18.485717480738259, 2098.0 ], [ -97.745869219022708, 18.485701402146354, 2098.0 ], [ -97.745861527966625, 18.485687797183971, 2098.0 ], [ -97.745851833155186, 18.485674192221587, 2098.0 ], [ -97.745819288953101, 18.485637087778723, 2098.0 ], [ -97.745803891430697, 18.485616061927765, 2098.0 ], [ -97.745796593686492, 18.485602456965381, 2098.0 ], [ -97.745787717080376, 18.485575247040614, 2098.0 ], [ -97.745782440708453, 18.485562260485615, 2098.0 ], [ -97.745779202717742, 18.485557313226565, 2098.0 ], [ -97.745775975898525, 18.485554718604291, 2098.0 ], [ -97.745764957827774, 18.485549911784766, 2098.0 ], [ -97.74575718036607, 18.485542467047942, 2098.0 ], [ -97.745748106660756, 18.485536136806854, 2098.0 ], [ -97.745742273564474, 18.485536409990864, 2098.0 ], [ -97.745735144224582, 18.485540119759378, 2098.0 ], [ -97.745729959250113, 18.485540117511647, 2098.0 ], [ -97.74572671864108, 18.48553877850723, 2098.0 ], [ -97.745722181788423, 18.485535145700442, 2098.0 ], [ -97.745719062702207, 18.485530721709178, 2098.0 ], [ -97.745716935453302, 18.485525774450132, 2098.0 ], [ -97.745715509752742, 18.485517735154176, 2098.0 ], [ -97.74571625966442, 18.485506603821317, 2098.0 ], [ -97.745720117769736, 18.48549670930322, 2098.0 ], [ -97.745725422397456, 18.485490489891845, 2098.0 ], [ -97.745733847980972, 18.485486123874807, 2098.0 ], [ -97.745742921686286, 18.485485405565878, 2098.0 ], [ -97.745762365340539, 18.485487972090365, 2098.0 ], [ -97.745775975898525, 18.485491716656476, 2098.0 ], [ -97.745799308283623, 18.48550121484271, 2098.0 ], [ -97.745807085745327, 18.485503020984904, 2098.0 ], [ -97.745818751937875, 18.485503700451073, 2098.0 ], [ -97.745836251226706, 18.485499877063479, 2098.0 ], [ -97.745871897926179, 18.485485106802834, 2098.0 ], [ -97.745902359651183, 18.485470671097701, 2098.0 ], [ -97.745916078229456, 18.48546084167512, 2098.0 ], [ -97.745919912393347, 18.48545589441607, 2098.0 ], [ -97.74592196079297, 18.485445381490592, 2098.0 ], [ -97.745928841243526, 18.485434250157734, 2098.0 ], [ -97.745933469497984, 18.485429945557335, 2098.0 ], [ -97.745940598837876, 18.485427430007761, 2098.0 ], [ -97.745942857444177, 18.485425592454398, 2098.0 ], [ -97.745945819036351, 18.485421882010112, 2098.0 ], [ -97.745948461100568, 18.48541507952892, 2098.0 ], [ -97.745949209599047, 18.485409513862493, 2098.0 ], [ -97.745948487804412, 18.48539652730749, 2098.0 ], [ -97.745935935961541, 18.485361278086767, 2098.0 ], [ -97.745934267186371, 18.485348291531764, 2098.0 ], [ -97.745932241477718, 18.485343344272717, 2098.0 ], [ -97.745928392543817, 18.48533839701367, 2098.0 ], [ -97.745911478054552, 18.485322318421762, 2098.0 ], [ -97.745904304016605, 18.485318023926059, 2098.0 ], [ -97.745891989702244, 18.485313758361698, 2098.0 ], [ -97.745886711837358, 18.485308095051998, 2098.0 ], [ -97.745886842629631, 18.485303766200328, 2098.0 ], [ -97.74589144034185, 18.485296345311756, 2098.0 ], [ -97.745893450258436, 18.485282740349373, 2098.0 ], [ -97.7458956767952, 18.485235122981031, 2098.0 ], [ -97.745900190935899, 18.485191216056975, 2098.0 ], [ -97.745899664828926, 18.485178229501972, 2098.0 ], [ -97.745906248382028, 18.485173428707832, 2098.0 ], [ -97.745907408729138, 18.485168953391259, 2098.0 ], [ -97.74590689650384, 18.485166340935585, 2098.0 ], [ -97.74590171152937, 18.485161648454071, 2098.0 ], [ -97.745899767163948, 18.485161478728131, 2098.0 ], [ -97.745897969148601, 18.485163387724828, 2098.0 ], [ -97.745899610250248, 18.485168334983875, 2098.0 ], [ -97.745895878433089, 18.485171499774591, 2098.0 ], [ -97.745892637824056, 18.485171379450982, 2098.0 ], [ -97.745889397215009, 18.485167827572692, 2098.0 ], [ -97.74588735857732, 18.485163387724828, 2098.0 ], [ -97.745885955295407, 18.485155966836256, 2098.0 ], [ -97.74588554056939, 18.485136796207442, 2098.0 ], [ -97.745880947626986, 18.485133085763156, 2098.0 ], [ -97.745880048057927, 18.485131230541011, 2098.0 ], [ -97.745880971630854, 18.485128138504109, 2098.0 ], [ -97.745882267875118, 18.485127169665876, 2098.0 ], [ -97.745886804727775, 18.485127718709315, 2098.0 ], [ -97.745889904440773, 18.485132467355776, 2098.0 ], [ -97.745901063407558, 18.4851347696194, 2098.0 ], [ -97.74590304892358, 18.485134322577917, 2098.0 ], [ -97.745905970615539, 18.485131848948395, 2098.0 ], [ -97.745909001356566, 18.485125046467203, 2098.0 ], [ -97.745908974502626, 18.485117007171247, 2098.0 ], [ -97.74590819274745, 18.485115826575338, 2098.0 ], [ -97.74590434452422, 18.485114533541726, 2098.0 ], [ -97.745903687900807, 18.485113296726961, 2098.0 ], [ -97.745905701529253, 18.485108349467914, 2098.0 ], [ -97.745899050490792, 18.485101546986723, 2098.0 ], [ -97.745899119042136, 18.485099833114838, 2098.0 ], [ -97.745901776341555, 18.485099073357198, 2098.0 ], [ -97.745902296929714, 18.485092889283386, 2098.0 ], [ -97.745901822635972, 18.485087323616959, 2098.0 ], [ -97.74589894620965, 18.485077429098862, 2098.0 ], [ -97.745899256291466, 18.485067534580764, 2098.0 ], [ -97.745897919327305, 18.485061350506953, 2098.0 ], [ -97.745894191922574, 18.485060113692192, 2098.0 ], [ -97.74589642904985, 18.485055784840522, 2098.0 ], [ -97.745896582353467, 18.485053311211001, 2098.0 ], [ -97.745895230311291, 18.485052117793245, 2098.0 ], [ -97.745893285945854, 18.485052576122978, 2098.0 ], [ -97.745892333284885, 18.485056403247903, 2098.0 ], [ -97.74589069345862, 18.485057629019678, 2098.0 ], [ -97.74588291599693, 18.485057674972762, 2098.0 ], [ -97.745880936089335, 18.485054548025762, 2098.0 ], [ -97.745880868618755, 18.485052692803617, 2098.0 ], [ -97.745884832183137, 18.485042798285519, 2098.0 ], [ -97.745882741502584, 18.485029193323136, 2098.0 ], [ -97.74588274543855, 18.485016825175517, 2098.0 ], [ -97.745884092217977, 18.485008167472181, 2098.0 ], [ -97.745887362112526, 18.484998272954083, 2098.0 ], [ -97.745891989698436, 18.48498961525075, 2098.0 ], [ -97.745897757986342, 18.484981575954794, 2098.0 ], [ -97.745899848179164, 18.484976628695748, 2098.0 ], [ -97.74589979730915, 18.484971063029317, 2098.0 ], [ -97.745895878433089, 18.484968718234665, 2098.0 ], [ -97.745893894787557, 18.484965497362889, 2098.0 ], [ -97.745894582189479, 18.484964323794337, 2098.0 ], [ -97.745895878433089, 18.484964837728349, 2098.0 ], [ -97.745898647247586, 18.484959931696459, 2098.0 ], [ -97.745896504109126, 18.484954366030028, 2098.0 ], [ -97.745896783468055, 18.484952510807886, 2098.0 ], [ -97.745899119042136, 18.484951767102277, 2098.0 ], [ -97.745903007772981, 18.484953588405823, 2098.0 ], [ -97.74590689650384, 18.484952343892619, 2098.0 ], [ -97.745913377721919, 18.484954638806983, 2098.0 ], [ -97.745916618330966, 18.484952740170247, 2098.0 ], [ -97.745919210818201, 18.484954375924548, 2098.0 ], [ -97.745921803305436, 18.48495448395888, 2098.0 ], [ -97.745926340158093, 18.48495382201752, 2098.0 ], [ -97.745928315884257, 18.484951892400506, 2098.0 ], [ -97.745928284523515, 18.484949942699455, 2098.0 ], [ -97.745926988279905, 18.48494865485598, 2098.0 ], [ -97.745925043914468, 18.484948703737444, 2098.0 ], [ -97.74592447996433, 18.484947563548836, 2098.0 ], [ -97.745927636401703, 18.484945761333041, 2098.0 ], [ -97.745928389909182, 18.484939524252884, 2098.0 ], [ -97.745926522442346, 18.484937669030739, 2098.0 ], [ -97.745922451427248, 18.484937196835958, 2098.0 ], [ -97.745919370355878, 18.484935195401217, 2098.0 ], [ -97.745918406365504, 18.484932721771692, 2098.0 ], [ -97.745918605904507, 18.48492530088312, 2098.0 ], [ -97.745916553518782, 18.484919735216689, 2098.0 ], [ -97.745920565981976, 18.484916024772403, 2098.0 ], [ -97.745923099539752, 18.484911695920736, 2098.0 ], [ -97.745928230513371, 18.484891906884542, 2098.0 ], [ -97.745939302584347, 18.484879538736919, 2098.0 ], [ -97.745945235401592, 18.484869644218822, 2098.0 ], [ -97.745948514197835, 18.484857894478584, 2098.0 ], [ -97.745949330478908, 18.484847999960486, 2098.0 ], [ -97.745948570736118, 18.484830066146436, 2098.0 ], [ -97.745947188076258, 18.484822645257864, 2098.0 ], [ -97.745945135690533, 18.484820212855496, 2098.0 ], [ -97.745932821376172, 18.484816281646424, 2098.0 ], [ -97.745931805662892, 18.484812750739767, 2098.0 ], [ -97.745934117619797, 18.484810250607069, 2098.0 ], [ -97.745950320665003, 18.484808517027695, 2098.0 ], [ -97.74595485751766, 18.484805771570752, 2098.0 ], [ -97.745962719978948, 18.484794198518333, 2098.0 ], [ -97.745963093319645, 18.484792343296192, 2098.0 ], [ -97.745961890207809, 18.484789869666667, 2098.0 ], [ -97.745964032228983, 18.484785540815, 2098.0 ], [ -97.745963607162082, 18.484775646296903, 2098.0 ], [ -97.745967171832021, 18.484775027882428, 2098.0 ], [ -97.745973653050115, 18.484770114986439, 2098.0 ], [ -97.745982726755429, 18.484765133361293, 2098.0 ], [ -97.745986598867773, 18.484760186112375, 2098.0 ], [ -97.74598870387878, 18.484754002038564, 2098.0 ], [ -97.745988726511598, 18.484745962742611, 2098.0 ], [ -97.745987318378951, 18.484741015483561, 2098.0 ], [ -97.745978145712641, 18.484729884150703, 2098.0 ], [ -97.745976118454635, 18.484725555299036, 2098.0 ], [ -97.745975662227721, 18.484705766262842, 2098.0 ], [ -97.745970954313407, 18.484694634929983, 2098.0 ], [ -97.745965786804604, 18.484677319523314, 2098.0 ], [ -97.745960822263683, 18.484653820042833, 2098.0 ], [ -97.74595470039722, 18.484632175784494, 2098.0 ], [ -97.745953631978239, 18.484619807636875, 2098.0 ], [ -97.745954657629625, 18.484606202674492, 2098.0 ], [ -97.745952966422522, 18.484593834526869, 2098.0 ], [ -97.745952952432347, 18.484585795230917, 2098.0 ], [ -97.745949024421392, 18.484584300375662, 2098.0 ], [ -97.745944487568735, 18.484586033079907, 2098.0 ], [ -97.745942543203299, 18.484584749282629, 2098.0 ], [ -97.745942327162695, 18.484582703194011, 2098.0 ], [ -97.745940598837876, 18.4845809166838, 2098.0 ], [ -97.745944004049278, 18.48457713752758, 2098.0 ], [ -97.745943143316083, 18.484566624602103, 2098.0 ], [ -97.745948454596174, 18.48455920371353, 2098.0 ], [ -97.745949833424504, 18.4845536380471, 2098.0 ], [ -97.745947728177768, 18.484550520456171, 2098.0 ], [ -97.74594053548762, 18.484548072380672, 2098.0 ], [ -97.745937973113627, 18.484543743529002, 2098.0 ], [ -97.745938760971342, 18.48453632264043, 2098.0 ] ] } },
{ "type": "Feature", "properties": { "FID": 59, "elev": 2097.0, "elevation": 2097.0, "ELEVATION": 2097.0, "is_master": false, "tipo": "Ordinaria (1m)" }, "geometry": { "type": "LineString", "coordinates": [ [ -97.746148920143781, 18.486162115645243, 2097.0 ], [ -97.746131705375277, 18.486143563423813, 2097.0 ], [ -97.746125918466987, 18.48613552412786, 2097.0 ], [ -97.746120128573708, 18.486125011202379, 2097.0 ], [ -97.74611481398, 18.48610769579571, 2097.0 ], [ -97.746113749695766, 18.48608976198166, 2097.0 ], [ -97.746114139933326, 18.486070591352846, 2097.0 ], [ -97.746116084298748, 18.486056367983082, 2097.0 ], [ -97.746119430601496, 18.486043381428079, 2097.0 ], [ -97.746128679605278, 18.486016789910696, 2097.0 ], [ -97.746128606012078, 18.486009369022121, 2097.0 ], [ -97.746125853654803, 18.486003803355693, 2097.0 ], [ -97.746125984024133, 18.485997000874502, 2097.0 ], [ -97.746126609796917, 18.485995539184326, 2097.0 ], [ -97.746130498527762, 18.485994536614786, 2097.0 ], [ -97.746131763908437, 18.485992053615451, 2097.0 ], [ -97.746131146649574, 18.485990100750037, 2097.0 ], [ -97.746125313553293, 18.485990060969446, 2097.0 ], [ -97.746124017305178, 18.485987724763785, 2097.0 ], [ -97.746122282630722, 18.485979685467832, 2097.0 ], [ -97.746122622200019, 18.485972264579257, 2097.0 ], [ -97.746125313553293, 18.485967022840505, 2097.0 ], [ -97.746138924111278, 18.485964472646256, 2097.0 ], [ -97.746142164720325, 18.48596530036075, 2097.0 ], [ -97.746145405329358, 18.485961351507829, 2097.0 ], [ -97.746145496293821, 18.485957422802112, 2097.0 ], [ -97.746138275989466, 18.485956108686427, 2097.0 ], [ -97.746133091014997, 18.485953071046467, 2097.0 ], [ -97.746118184213401, 18.485948168777373, 2097.0 ], [ -97.746111702995321, 18.485944486729345, 2097.0 ], [ -97.74610651801747, 18.485939488988063, 2097.0 ], [ -97.746100453452499, 18.485931449692107, 2097.0 ], [ -97.746094142945068, 18.48592650243306, 2097.0 ], [ -97.746093407767432, 18.485923410396154, 2097.0 ], [ -97.746094072441309, 18.485920936766629, 2097.0 ], [ -97.746092259341069, 18.485917868823517, 2097.0 ], [ -97.746079945026707, 18.485912989573904, 2097.0 ], [ -97.746072167565003, 18.485907826530152, 2097.0 ], [ -97.746066241879902, 18.485901147730434, 2097.0 ], [ -97.746056612641596, 18.485887018058758, 2097.0 ], [ -97.746053372032549, 18.485886327277683, 2097.0 ], [ -97.746050131423516, 18.485887640411324, 2097.0 ], [ -97.746043002083624, 18.485883626187974, 2097.0 ], [ -97.746040700133747, 18.485879503472098, 2097.0 ], [ -97.746038585678377, 18.485857240806379, 2097.0 ], [ -97.746035881502124, 18.485850438325187, 2097.0 ], [ -97.746031891424039, 18.48584549106614, 2097.0 ], [ -97.746027447160216, 18.485842417217686, 2097.0 ], [ -97.746021614063935, 18.485840407393699, 2097.0 ], [ -97.746005411018729, 18.485839956844153, 2097.0 ], [ -97.746000874166072, 18.48583428905815, 2097.0 ], [ -97.745995667096537, 18.485830649288996, 2097.0 ], [ -97.745994230917532, 18.48582260999304, 2097.0 ], [ -97.745997163351007, 18.485812097067562, 2097.0 ], [ -97.745998815426205, 18.485797873697798, 2097.0 ], [ -97.746004285333484, 18.485776847846843, 2097.0 ], [ -97.746004952591107, 18.485759532440174, 2097.0 ], [ -97.746004304469295, 18.485751493144218, 2097.0 ], [ -97.745999095278549, 18.485718717553024, 2097.0 ], [ -97.745990423201903, 18.485692744443018, 2097.0 ], [ -97.745983921730016, 18.485662442481345, 2097.0 ], [ -97.74598069597377, 18.485638943000865, 2097.0 ], [ -97.745979664938616, 18.485620390779435, 2097.0 ], [ -97.745976389564419, 18.485604930594906, 2097.0 ], [ -97.74596906990304, 18.485585759966092, 2097.0 ], [ -97.745965277322128, 18.485579575892285, 2097.0 ], [ -97.745957450004894, 18.48557019671367, 2097.0 ], [ -97.74594708005597, 18.485561575223379, 2097.0 ], [ -97.745932173254374, 18.485554143888738, 2097.0 ], [ -97.745923625053223, 18.485548655523232, 2097.0 ], [ -97.745919840936622, 18.485544945078942, 2097.0 ], [ -97.745919993034178, 18.485543089856801, 2097.0 ], [ -97.745923213088631, 18.485539379412515, 2097.0 ], [ -97.745922357883885, 18.485535668968229, 2097.0 ], [ -97.745920507061811, 18.485534033180961, 2097.0 ], [ -97.745918002954824, 18.485535050560848, 2097.0 ], [ -97.745917266452778, 18.485541271011563, 2097.0 ], [ -97.745910785234685, 18.485540423833868, 2097.0 ], [ -97.745908940580307, 18.48553752419037, 2097.0 ], [ -97.745910137112872, 18.485535800145552, 2097.0 ], [ -97.745912729600107, 18.485535991055407, 2097.0 ], [ -97.745913981145677, 18.485535050560848, 2097.0 ], [ -97.745914814861578, 18.485531340116559, 2097.0 ], [ -97.745913369080299, 18.485530103301798, 2097.0 ], [ -97.745913611580306, 18.485527629672273, 2097.0 ], [ -97.745924228535429, 18.485518353561559, 2097.0 ], [ -97.745924884726662, 18.485509077450843, 2097.0 ], [ -97.745927577481538, 18.485503511784412, 2097.0 ], [ -97.745945135690533, 18.485488051595947, 2097.0 ], [ -97.745963283101176, 18.485474833142117, 2097.0 ], [ -97.745971075292914, 18.485466407341548, 2097.0 ], [ -97.745976180725165, 18.485458368045595, 2097.0 ], [ -97.745982781681008, 18.485444144675832, 2097.0 ], [ -97.745995651799959, 18.485407040232968, 2097.0 ], [ -97.746007387790243, 18.48537921190082, 2097.0 ], [ -97.74601013304904, 18.485368698975339, 2097.0 ], [ -97.746011805820572, 18.48535633082772, 2097.0 ], [ -97.746017111322956, 18.485349528346529, 2097.0 ], [ -97.746017128044357, 18.485345199494862, 2097.0 ], [ -97.746011892236808, 18.485339187200879, 2097.0 ], [ -97.746011070228661, 18.485335923384145, 2097.0 ], [ -97.746013042653018, 18.485326647273428, 2097.0 ], [ -97.746017039086468, 18.485319844792237, 2097.0 ], [ -97.746029391525639, 18.485304899947195, 2097.0 ], [ -97.746033928378296, 18.485302459112003, 2097.0 ], [ -97.746038465230967, 18.485302601164996, 2097.0 ], [ -97.74604049117815, 18.485300674163422, 2097.0 ], [ -97.746039855746844, 18.485298200533901, 2097.0 ], [ -97.74603652086553, 18.485296604643885, 2097.0 ], [ -97.746035731847684, 18.48529201646009, 2097.0 ], [ -97.746033857489977, 18.485290161237945, 2097.0 ], [ -97.746033928378296, 18.485288306009636, 2097.0 ], [ -97.746035980764034, 18.485287687608423, 2097.0 ], [ -97.746036350307165, 18.485286450793659, 2097.0 ], [ -97.746021614063935, 18.485274082650335, 2097.0 ], [ -97.746014484724043, 18.4852666992367, 2097.0 ], [ -97.745989791283137, 18.485235122981031, 2097.0 ], [ -97.745982153416904, 18.485223373240792, 2097.0 ], [ -97.745976191527191, 18.485207913056264, 2097.0 ], [ -97.745973473016278, 18.48518874242745, 2097.0 ], [ -97.745973467872446, 18.485168953391259, 2097.0 ], [ -97.745974812191037, 18.485156585243637, 2097.0 ], [ -97.745979630173451, 18.485134322577917, 2097.0 ], [ -97.745982911933083, 18.485105257431009, 2097.0 ], [ -97.745973477517126, 18.485068152988145, 2097.0 ], [ -97.745973475134321, 18.485046508729809, 2097.0 ], [ -97.745975504826703, 18.485031666952661, 2097.0 ], [ -97.745980181691749, 18.485018680397658, 2097.0 ], [ -97.745982872024115, 18.4850075490648, 2097.0 ], [ -97.745984492887359, 18.484986523213845, 2097.0 ], [ -97.745987802572543, 18.484965497362889, 2097.0 ], [ -97.745992385861086, 18.484946326734075, 2097.0 ], [ -97.745996916302218, 18.484932721771692, 2097.0 ], [ -97.746005346206545, 18.484918498401928, 2097.0 ], [ -97.746019067871117, 18.48490365662478, 2097.0 ], [ -97.746033928378296, 18.484884581135567, 2097.0 ], [ -97.746046998834771, 18.484872117848347, 2097.0 ], [ -97.746052823621795, 18.484860986515489, 2097.0 ], [ -97.74605356172674, 18.484854184034297, 2097.0 ], [ -97.746052168377773, 18.484846144738341, 2097.0 ], [ -97.746040409587096, 18.484822645257864, 2097.0 ], [ -97.746037168987343, 18.484818822375871, 2097.0 ], [ -97.746028095282028, 18.484817837358225, 2097.0 ], [ -97.746024196263519, 18.484814605961908, 2097.0 ], [ -97.746024206551169, 18.484811907456972, 2097.0 ], [ -97.746028149292172, 18.484807185073336, 2097.0 ], [ -97.746032632134686, 18.484806101198036, 2097.0 ], [ -97.746037168987343, 18.484802380523682, 2097.0 ], [ -97.746046890814469, 18.484798389946139, 2097.0 ], [ -97.746048976723742, 18.484795435333098, 2097.0 ], [ -97.746052232232131, 18.484784922407616, 2097.0 ], [ -97.74605289511274, 18.484775027889523, 2097.0 ], [ -97.746052180889777, 18.484771317445233, 2097.0 ], [ -97.746050217839752, 18.484766988593567, 2097.0 ], [ -97.746042224337444, 18.484757094075469, 2097.0 ], [ -97.746041593665069, 18.484749054779517, 2097.0 ], [ -97.746044946449047, 18.484742169844008, 2097.0 ], [ -97.746054106570611, 18.484736686631894, 2097.0 ], [ -97.746055125773921, 18.484731120965467, 2097.0 ], [ -97.746052723910751, 18.484727891504697, 2097.0 ], [ -97.746042353961812, 18.484725532811495, 2097.0 ], [ -97.74604040959639, 18.484723874003969, 2097.0 ], [ -97.746040601086918, 18.484722463262131, 2097.0 ], [ -97.746044298327234, 18.484720092017934, 2097.0 ], [ -97.746052075788938, 18.484724387196206, 2097.0 ], [ -97.746055316397985, 18.484724900514749, 2097.0 ], [ -97.746058557007018, 18.48472375161084, 2097.0 ], [ -97.74606118550102, 18.48472122644737, 2097.0 ], [ -97.746063825610108, 18.484716279188319, 2097.0 ], [ -97.746066334468722, 18.484704295456098, 2097.0 ], [ -97.746069550150011, 18.484700819003795, 2097.0 ], [ -97.746076056295848, 18.484698883119819, 2097.0 ], [ -97.746078000661285, 18.484696423297272, 2097.0 ], [ -97.746078160472138, 18.484693398115219, 2097.0 ], [ -97.746076056295848, 18.484688951471671, 2097.0 ], [ -97.746072167565003, 18.48468855857875, 2097.0 ], [ -97.746071073423877, 18.484687214041411, 2097.0 ], [ -97.746072541481425, 18.484684122004506, 2097.0 ], [ -97.746071519443191, 18.484682166745873, 2097.0 ], [ -97.746068867521203, 18.484682885189741, 2097.0 ], [ -97.746068917562894, 18.484685977226647, 2097.0 ], [ -97.746070118840976, 18.484687832448792, 2097.0 ], [ -97.746069484904297, 18.484689687670933, 2097.0 ], [ -97.746068278834144, 18.484690935398767, 2097.0 ], [ -97.7460643901033, 18.484691052432051, 2097.0 ], [ -97.746044946449047, 18.484675889456245, 2097.0 ], [ -97.746037699268825, 18.484668043412597, 2097.0 ], [ -97.746021697156479, 18.484645780746877, 2097.0 ], [ -97.745998466856491, 18.48461733400735, 2097.0 ], [ -97.745994873812549, 18.484608057896633, 2097.0 ], [ -97.745990322288208, 18.484587032045678, 2097.0 ], [ -97.745992009532301, 18.484572808675914, 2097.0 ], [ -97.745990973956793, 18.484555493269244, 2097.0 ], [ -97.745991584420153, 18.484532612196144, 2097.0 ] ] } },
{ "type": "Feature", "properties": { "FID": 60, "elev": 2096.0, "elevation": 2096.0, "ELEVATION": 2096.0, "is_master": false, "tipo": "Ordinaria (1m)" }, "geometry": { "type": "LineString", "coordinates": [ [ -97.746217387357717, 18.486154694756671, 2096.0 ], [ -97.74621273798391, 18.486137997757382, 2096.0 ], [ -97.746210706908315, 18.486126248017143, 2096.0 ], [ -97.746211705002892, 18.486079249056182, 2096.0 ], [ -97.746202931727126, 18.486028539650935, 2096.0 ], [ -97.746200947404347, 18.486004421763074, 2096.0 ], [ -97.746200670457497, 18.485977211838307, 2096.0 ], [ -97.74619404532794, 18.48594505465449, 2096.0 ], [ -97.746191324759494, 18.485939488988063, 2096.0 ], [ -97.746186983325373, 18.485934541729012, 2096.0 ], [ -97.746177876231968, 18.485927739247821, 2096.0 ], [ -97.746166793345949, 18.485923410396154, 2096.0 ], [ -97.746166464591596, 18.485919699951868, 2096.0 ], [ -97.746167409064753, 18.485917844729723, 2096.0 ], [ -97.746171330201705, 18.485916702148469, 2096.0 ], [ -97.746173793064571, 18.485914134285437, 2096.0 ], [ -97.74617506800007, 18.48590856861901, 2096.0 ], [ -97.74617644734947, 18.485906713396865, 2096.0 ], [ -97.746175931866546, 18.485903621359959, 2096.0 ], [ -97.746170682079892, 18.485901429651449, 2096.0 ], [ -97.746163552740001, 18.485902345894736, 2096.0 ], [ -97.746159664009141, 18.485901814236168, 2096.0 ], [ -97.746149942182015, 18.485896205418648, 2096.0 ], [ -97.746145540757794, 18.485888161175435, 2096.0 ], [ -97.746143460963935, 18.485886606487718, 2096.0 ], [ -97.746139442608722, 18.48588630595329, 2096.0 ], [ -97.746134739913131, 18.485881977101624, 2096.0 ], [ -97.746133019001462, 18.485873319398287, 2096.0 ], [ -97.746131146649574, 18.485870087344619, 2096.0 ], [ -97.746127257918729, 18.485866480963178, 2096.0 ], [ -97.746113615745045, 18.485858477621143, 2096.0 ], [ -97.746102762238067, 18.485841780621854, 2096.0 ], [ -97.746095499950101, 18.485834536421105, 2096.0 ], [ -97.74609483832576, 18.485832504511137, 2096.0 ], [ -97.746093555584679, 18.485831214253764, 2096.0 ], [ -97.746087074366599, 18.485829499573864, 2096.0 ], [ -97.74608318563574, 18.485825738949789, 2096.0 ], [ -97.746080439277861, 18.485818281141373, 2096.0 ], [ -97.746080427940996, 18.485809005030656, 2096.0 ], [ -97.746084664163618, 18.485794163253512, 2096.0 ], [ -97.746085964869948, 18.48578179510589, 2096.0 ], [ -97.746085963300644, 18.485753966773743, 2096.0 ], [ -97.746080881202644, 18.485698928516829, 2096.0 ], [ -97.746081707463205, 18.485679139480634, 2096.0 ], [ -97.746085085303122, 18.485660587259204, 2096.0 ], [ -97.746090354255756, 18.485647600704201, 2096.0 ], [ -97.746097444315538, 18.485638990570664, 2096.0 ], [ -97.746107814264462, 18.485632826565361, 2096.0 ], [ -97.746129850405964, 18.485624794025973, 2096.0 ], [ -97.746139028406745, 18.485617298742529, 2096.0 ], [ -97.74614346096071, 18.485611114668718, 2096.0 ], [ -97.746146126478976, 18.485604930594906, 2096.0 ], [ -97.746146845600052, 18.485601838558001, 2096.0 ], [ -97.74614619747824, 18.485594417669429, 2096.0 ], [ -97.746141516598513, 18.485586982056869, 2096.0 ], [ -97.746131146649574, 18.485578303400171, 2096.0 ], [ -97.746087722488411, 18.485558014088262, 2096.0 ], [ -97.746072167565003, 18.485548125459761, 2096.0 ], [ -97.746061149494253, 18.485538222392254, 2096.0 ], [ -97.746053402895498, 18.485528248079657, 2096.0 ], [ -97.746048089839817, 18.485518353561559, 2096.0 ], [ -97.746044187672297, 18.485506603821317, 2096.0 ], [ -97.746042597007488, 18.485493617266314, 2096.0 ], [ -97.74604283660571, 18.485481249118696, 2096.0 ], [ -97.746045432540399, 18.485468262563693, 2096.0 ], [ -97.746050700506075, 18.485452183971784, 2096.0 ], [ -97.746057188749873, 18.485438579009401, 2096.0 ], [ -97.746065568506594, 18.485425592454398, 2096.0 ], [ -97.746074111925296, 18.48541507952892, 2096.0 ], [ -97.746098092418762, 18.485392816863204, 2096.0 ], [ -97.746104004093837, 18.485382303937723, 2096.0 ], [ -97.746107941070903, 18.485367462160578, 2096.0 ], [ -97.746112546776544, 18.485341489050573, 2096.0 ], [ -97.746115876899765, 18.48529201646009, 2096.0 ], [ -97.746112402555369, 18.48527470105342, 2096.0 ], [ -97.746110511287483, 18.485271609016515, 2096.0 ], [ -97.746107814264462, 18.485269683119242, 2096.0 ], [ -97.746101333046383, 18.485269882629243, 2096.0 ], [ -97.746094851828303, 18.485267375304442, 2096.0 ], [ -97.746089771954658, 18.485259859276272, 2096.0 ], [ -97.746085194813347, 18.485255530424606, 2096.0 ], [ -97.746074760052238, 18.485248164505578, 2096.0 ], [ -97.746050779545328, 18.485227757062002, 2096.0 ], [ -97.746044934875442, 18.485219662796506, 2096.0 ], [ -97.746040982103978, 18.48521038668579, 2096.0 ], [ -97.746039631850209, 18.485204202611978, 2096.0 ], [ -97.746039580381719, 18.485193689686501, 2096.0 ], [ -97.746042286247587, 18.485182558353642, 2096.0 ], [ -97.746049517413383, 18.485167716576495, 2096.0 ], [ -97.746063837039358, 18.485148545947684, 2096.0 ], [ -97.746066496499182, 18.485141743466492, 2096.0 ], [ -97.746067831040904, 18.485133085763156, 2096.0 ], [ -97.746067120856523, 18.485113296726961, 2096.0 ], [ -97.746064246913605, 18.48510711265315, 2096.0 ], [ -97.746061253040338, 18.485096599727672, 2096.0 ], [ -97.746056167057858, 18.485091652468626, 2096.0 ], [ -97.746056036533318, 18.48508856043172, 2096.0 ], [ -97.746051899028444, 18.485078047506242, 2096.0 ], [ -97.746052723910751, 18.485071863430818, 2096.0 ], [ -97.746056570827292, 18.485067534580764, 2096.0 ], [ -97.746062445737877, 18.485063230799664, 2096.0 ], [ -97.746063276143943, 18.485059495284808, 2096.0 ], [ -97.746061797616065, 18.485056336556912, 2096.0 ], [ -97.746054668276173, 18.485050631445681, 2096.0 ], [ -97.746052075788938, 18.485045992327766, 2096.0 ], [ -97.746050131423516, 18.485045109583108, 2096.0 ], [ -97.746046242692657, 18.485046383255845, 2096.0 ], [ -97.746044298327234, 18.485045890322915, 2096.0 ], [ -97.746043608614727, 18.485042179878139, 2096.0 ], [ -97.746046242692657, 18.485039211522711, 2096.0 ], [ -97.746057260763408, 18.485034865611528, 2096.0 ], [ -97.746062445737877, 18.485031695062087, 2096.0 ], [ -97.746069575077769, 18.485025606560328, 2096.0 ], [ -97.746072851693583, 18.485021154027184, 2096.0 ], [ -97.746083099219504, 18.484991470472892, 2096.0 ], [ -97.746104608689038, 18.484956839659553, 2096.0 ], [ -97.746118863950912, 18.484927774512645, 2096.0 ], [ -97.746129218091994, 18.48490241981002, 2096.0 ], [ -97.746148537918103, 18.484848618367867, 2096.0 ], [ -97.74615253466925, 18.484843671104244, 2096.0 ], [ -97.746167441470845, 18.484839485467283, 2096.0 ], [ -97.746178459541596, 18.484832363088138, 2096.0 ], [ -97.74618180072126, 18.484826974109531, 2096.0 ], [ -97.746181841927282, 18.484820171628339, 2096.0 ], [ -97.746179018267284, 18.484813369147147, 2096.0 ], [ -97.746172099846348, 18.484805948258575, 2096.0 ], [ -97.746164848983611, 18.484801603946721, 2096.0 ], [ -97.746153182791062, 18.484796672153315, 2096.0 ], [ -97.746147943806449, 18.484792343296192, 2096.0 ], [ -97.746142197126403, 18.484783685592856, 2096.0 ], [ -97.746127191783842, 18.484753383631183, 2096.0 ], [ -97.746124542511836, 18.484744107520466, 2096.0 ], [ -97.74612380596561, 18.484733594594989, 2096.0 ], [ -97.746124535807127, 18.484723081669511, 2096.0 ], [ -97.74612806248372, 18.484706384670222, 2096.0 ], [ -97.746127399327122, 18.484687832448792, 2096.0 ], [ -97.74611503962241, 18.484647017561642, 2096.0 ], [ -97.746100732348125, 18.484614241970444, 2096.0 ], [ -97.746098684200732, 18.484610531526158, 2096.0 ], [ -97.746090314973245, 18.484601255415441, 2096.0 ], [ -97.746086426239998, 18.484593834526869, 2096.0 ], [ -97.746074760052238, 18.48458273887136, 2096.0 ], [ -97.74607140005233, 18.484577755934961, 2096.0 ], [ -97.746068174538692, 18.484569098231628, 2096.0 ], [ -97.746065100373769, 18.484550546010194, 2096.0 ], [ -97.7460605289521, 18.484541269899481, 2096.0 ], [ -97.746055316397985, 18.484538014509681, 2096.0 ], [ -97.746040532657489, 18.484540651492097, 2096.0 ], [ -97.746035224611305, 18.48453632264043, 2096.0 ], [ -97.746037866024011, 18.484534467418289, 2096.0 ], [ -97.746037168987343, 18.484533343041232, 2096.0 ], [ -97.746031821982427, 18.484535085825669, 2096.0 ], [ -97.746033381525521, 18.484531993788764, 2096.0 ], [ -97.746033230400968, 18.484530138566619, 2096.0 ] ] } },
{ "type": "Feature", "properties": { "FID": 61, "elev": 2095.0, "elevation": 2095.0, "ELEVATION": 2095.0, "is_master": true, "tipo": "Maestra (5m)" }, "geometry": { "type": "LineString", "coordinates": [ [ -97.74634380916298, 18.486139852979527, 2095.0 ], [ -97.746343864039602, 18.486133050498335, 2095.0 ], [ -97.746339113981264, 18.486127484831904, 2095.0 ], [ -97.746338351191753, 18.486125011202379, 2095.0 ], [ -97.746339841871901, 18.486120535885807, 2095.0 ], [ -97.746343684308343, 18.486115116684282, 2095.0 ], [ -97.746342563983504, 18.48610831420309, 2095.0 ], [ -97.746341138115525, 18.486106282293125, 2095.0 ], [ -97.746337897506478, 18.486105761867172, 2095.0 ], [ -97.746336624688951, 18.486104603758804, 2095.0 ], [ -97.746334784921501, 18.486098419684996, 2095.0 ], [ -97.746332897709678, 18.486096564462851, 2095.0 ], [ -97.74632752755754, 18.486096078075025, 2095.0 ], [ -97.746324286948507, 18.486097630228763, 2095.0 ], [ -97.746323638826695, 18.486092702333735, 2095.0 ], [ -97.746321694461273, 18.48609102511163, 2095.0 ], [ -97.746319101974038, 18.486090597374087, 2095.0 ], [ -97.746313916999569, 18.486091400761218, 2095.0 ], [ -97.74630747628909, 18.486082959500468, 2095.0 ], [ -97.746305333612483, 18.486075538611896, 2095.0 ], [ -97.74630468392003, 18.486061933649513, 2095.0 ], [ -97.746305491416052, 18.486060157372993, 2095.0 ], [ -97.746311000451428, 18.486060078427368, 2095.0 ], [ -97.746312412551021, 18.486057604797846, 2095.0 ], [ -97.746310676390522, 18.486055060358314, 2095.0 ], [ -97.746304195172442, 18.486056024423426, 2095.0 ], [ -97.746301010921812, 18.486052657538796, 2095.0 ], [ -97.746298889617165, 18.486047710279749, 2095.0 ], [ -97.746295275781833, 18.486032868502601, 2095.0 ], [ -97.746283344167978, 18.48600813220736, 2095.0 ], [ -97.746280052635072, 18.485997619281882, 2095.0 ], [ -97.746280152939647, 18.485992672022832, 2095.0 ], [ -97.746281510909142, 18.485990507596998, 2095.0 ], [ -97.746289936492659, 18.485984692572753, 2095.0 ], [ -97.746292600993428, 18.485980303875213, 2095.0 ], [ -97.746292562216908, 18.485974119801401, 2095.0 ], [ -97.746290606963484, 18.485969790949735, 2095.0 ], [ -97.746284751509435, 18.485962988468543, 2095.0 ], [ -97.746284651807144, 18.485957422802112, 2095.0 ], [ -97.746290617851471, 18.485944436247109, 2095.0 ], [ -97.746292528979893, 18.485942486370774, 2095.0 ], [ -97.746296567060554, 18.485940725802823, 2095.0 ], [ -97.746297713954363, 18.485937000634554, 2095.0 ], [ -97.746303867060774, 18.485936396951157, 2095.0 ], [ -97.746306139537865, 18.485932793538918, 2095.0 ], [ -97.746308732025099, 18.4859321075723, 2095.0 ], [ -97.746309132100293, 18.485930212877346, 2095.0 ], [ -97.746308106901168, 18.485927739247821, 2095.0 ], [ -97.746303109945231, 18.485924028803534, 2095.0 ], [ -97.746299658319785, 18.485918432598471, 2095.0 ], [ -97.746296437964546, 18.485915371100202, 2095.0 ], [ -97.746292528979893, 18.485914306065265, 2095.0 ], [ -97.746288640249034, 18.485914859314782, 2095.0 ], [ -97.746286695883612, 18.485916516299053, 2095.0 ], [ -97.746283428269493, 18.485925265618299, 2095.0 ], [ -97.746282159030955, 18.485926320548536, 2095.0 ], [ -97.746275942953602, 18.485924028803534, 2095.0 ], [ -97.746273758306913, 18.485917844729723, 2095.0 ], [ -97.746269844716593, 18.485912206309486, 2095.0 ], [ -97.746251601681422, 18.485895582064007, 2095.0 ], [ -97.746251514502362, 18.485888161175435, 2095.0 ], [ -97.746247808575106, 18.485886460555136, 2095.0 ], [ -97.746245864209683, 18.485883237701284, 2095.0 ], [ -97.746243835713059, 18.485883832323765, 2095.0 ], [ -97.746242641806305, 18.485887542768051, 2095.0 ], [ -97.746238086747979, 18.485891162270075, 2095.0 ], [ -97.746236220504372, 18.485894345249243, 2095.0 ], [ -97.746234678881692, 18.485901147730434, 2095.0 ], [ -97.746236248923125, 18.485909805433771, 2095.0 ], [ -97.74623290177351, 18.485912128639878, 2095.0 ], [ -97.746229661164463, 18.485911708225711, 2095.0 ], [ -97.746223179946384, 18.485907290577089, 2095.0 ], [ -97.746212161875633, 18.485903563833691, 2095.0 ], [ -97.746205032535741, 18.485899761644927, 2095.0 ], [ -97.746199847561272, 18.485899312456919, 2095.0 ], [ -97.746197730363363, 18.485890634804957, 2095.0 ], [ -97.746191436067363, 18.485884450731149, 2095.0 ], [ -97.746189477610329, 18.485878885064718, 2095.0 ], [ -97.746189477612333, 18.485875954351478, 2095.0 ], [ -97.746193366343192, 18.485866442708211, 2095.0 ], [ -97.746195958830427, 18.485863989513017, 2095.0 ], [ -97.746200495683084, 18.485865230629745, 2095.0 ], [ -97.746200826182289, 18.485870227361382, 2095.0 ], [ -97.7462089212666, 18.485879050978895, 2095.0 ], [ -97.746212161875633, 18.485876116502443, 2095.0 ], [ -97.746211027662468, 18.485872082583526, 2095.0 ], [ -97.746212022992395, 18.485868990546621, 2095.0 ], [ -97.746217994971914, 18.485862948035944, 2095.0 ], [ -97.746222116048315, 18.485861569658049, 2095.0 ], [ -97.746214754362867, 18.485856127673095, 2095.0 ], [ -97.746210865632023, 18.485858415780406, 2095.0 ], [ -97.746206976901163, 18.485858675511505, 2095.0 ], [ -97.746201791926694, 18.48585796228166, 2095.0 ], [ -97.746197255074037, 18.485856107059515, 2095.0 ], [ -97.746160195256536, 18.485815807511848, 2095.0 ], [ -97.746159541089497, 18.485809005030656, 2095.0 ], [ -97.746162972841532, 18.485801584142084, 2095.0 ], [ -97.746164725531841, 18.485791071216607, 2095.0 ], [ -97.746168903513066, 18.485778703068984, 2095.0 ], [ -97.746168914474964, 18.48576324288446, 2095.0 ], [ -97.746166955379493, 18.485752111551601, 2095.0 ], [ -97.746163643175606, 18.485739743403979, 2095.0 ], [ -97.746157236999821, 18.48572304640469, 2095.0 ], [ -97.746140974292501, 18.485689033998732, 2095.0 ], [ -97.746129717230247, 18.485668626555157, 2095.0 ], [ -97.746128396083847, 18.48566429770349, 2095.0 ], [ -97.746128447412872, 18.485658732037059, 2095.0 ], [ -97.746129815372342, 18.485654403185393, 2095.0 ], [ -97.746135683502231, 18.485646982294792, 2095.0 ], [ -97.74614605345117, 18.485641340126385, 2095.0 ], [ -97.746159664009141, 18.485637750358059, 2095.0 ], [ -97.746165497105423, 18.485635282029168, 2095.0 ], [ -97.746172049211836, 18.485630903704912, 2095.0 ], [ -97.746178459541596, 18.485624132144089, 2095.0 ], [ -97.746182447983486, 18.485616061927765, 2095.0 ], [ -97.746185089930577, 18.485606785817051, 2095.0 ], [ -97.746186428252358, 18.485598128113715, 2095.0 ], [ -97.746186413763795, 18.485587615188237, 2095.0 ], [ -97.74618500970881, 18.485580194299665, 2095.0 ], [ -97.746182411503838, 18.485573391818473, 2095.0 ], [ -97.746173922688939, 18.485561632262243, 2095.0 ], [ -97.746162904618188, 18.48555287879315, 2095.0 ], [ -97.746135035380419, 18.485535742807915, 2095.0 ], [ -97.746117436380544, 18.48551897196894, 2095.0 ], [ -97.746110341939527, 18.485506603821317, 2095.0 ], [ -97.746109414928938, 18.485498564525365, 2095.0 ], [ -97.746110264481061, 18.485491143636793, 2095.0 ], [ -97.746113186853151, 18.485484341155601, 2095.0 ], [ -97.746117523862878, 18.48547815708179, 2095.0 ], [ -97.746122721066058, 18.485473153603888, 2095.0 ], [ -97.746129850405964, 18.485468262561476, 2095.0 ], [ -97.746145405329358, 18.485461972097212, 2095.0 ], [ -97.746165497105423, 18.485457791922478, 2095.0 ], [ -97.746172626445315, 18.485454699224881, 2095.0 ], [ -97.746179107663409, 18.485450343131209, 2095.0 ], [ -97.74618497779521, 18.485444144675832, 2095.0 ], [ -97.746195320679718, 18.485429921306068, 2095.0 ], [ -97.74620127026769, 18.485416316343684, 2095.0 ], [ -97.746201173950098, 18.485411987492014, 2095.0 ], [ -97.746199955581574, 18.485410132269873, 2095.0 ], [ -97.746194014465004, 18.485408267073417, 2095.0 ], [ -97.746191712971225, 18.485406421825587, 2095.0 ], [ -97.746191431236653, 18.485404566603442, 2095.0 ], [ -97.746193366343192, 18.485402058134067, 2095.0 ], [ -97.746199477205948, 18.485398382529631, 2095.0 ], [ -97.746198652586685, 18.48539652730749, 2095.0 ], [ -97.746193236718824, 18.485392816863204, 2095.0 ], [ -97.746188166296122, 18.485387251196773, 2095.0 ], [ -97.746184255246234, 18.485376738271295, 2095.0 ], [ -97.746181516719929, 18.485365606938437, 2095.0 ], [ -97.746181137308014, 18.48535633082772, 2095.0 ], [ -97.746182186241995, 18.485343962680098, 2095.0 ], [ -97.746189662790002, 18.485301910978187, 2095.0 ], [ -97.746189672936723, 18.485277793090326, 2095.0 ], [ -97.746187032032708, 18.485258004054131, 2095.0 ], [ -97.746181775295199, 18.485236359795792, 2095.0 ], [ -97.746168691420053, 18.485201110575073, 2095.0 ], [ -97.746159705378631, 18.48516957179864, 2095.0 ], [ -97.746148628421594, 18.485139269836967, 2095.0 ], [ -97.746139467697304, 18.48510711265315, 2095.0 ], [ -97.746137816903186, 18.485081757950528, 2095.0 ], [ -97.746135511551543, 18.485067534580764, 2095.0 ], [ -97.746136157129712, 18.48504836395195, 2095.0 ], [ -97.74613818525242, 18.485037851026473, 2095.0 ], [ -97.746141420069733, 18.485027956508375, 2095.0 ], [ -97.746147960781059, 18.485015588360753, 2095.0 ], [ -97.746154479034686, 18.485006884849465, 2095.0 ], [ -97.746194014465004, 18.484971681432125, 2095.0 ], [ -97.746223828068182, 18.484953871304125, 2095.0 ], [ -97.746234246626258, 18.48494385310455, 2095.0 ], [ -97.746238851531714, 18.484935813808598, 2095.0 ], [ -97.746242066443287, 18.484926537697881, 2095.0 ], [ -97.746244767388148, 18.484911695920736, 2095.0 ], [ -97.746246404311179, 18.484894380514067, 2095.0 ], [ -97.746246037042155, 18.484885722810731, 2095.0 ], [ -97.746244567961682, 18.4848801571443, 2095.0 ], [ -97.746237978727677, 18.484870262626206, 2095.0 ], [ -97.746234846138933, 18.484867789004145, 2095.0 ], [ -97.746221883702759, 18.484867170590153, 2095.0 ], [ -97.746219453245985, 18.484864078552395, 2095.0 ], [ -97.746219928712392, 18.48486160492287, 2095.0 ], [ -97.746222194801234, 18.484859131293344, 2095.0 ], [ -97.746231605529886, 18.484853092727153, 2095.0 ], [ -97.746232692701952, 18.484847999960486, 2095.0 ], [ -97.746231156830177, 18.484809658702861, 2095.0 ], [ -97.746229080089734, 18.484785540815, 2095.0 ], [ -97.746229494979389, 18.484772554259997, 2095.0 ], [ -97.746232002765836, 18.484754002038564, 2095.0 ], [ -97.746231020639485, 18.484747817964752, 2095.0 ], [ -97.746225677586523, 18.484736068224514, 2095.0 ], [ -97.746222987910286, 18.484723081669511, 2095.0 ], [ -97.746223077069899, 18.484720608039986, 2095.0 ], [ -97.746225086186996, 18.484718134410464, 2095.0 ], [ -97.746222945519349, 18.484714423966178, 2095.0 ], [ -97.746228051313523, 18.484708239892367, 2095.0 ], [ -97.746212809997445, 18.484695317310543, 2095.0 ], [ -97.746206004718459, 18.484685977226647, 2095.0 ], [ -97.746211042392517, 18.484671135449503, 2095.0 ], [ -97.746211652187611, 18.484664951375692, 2095.0 ], [ -97.7462089212666, 18.4846600482886, 2095.0 ], [ -97.746199281927701, 18.484653201635453, 2095.0 ], [ -97.746198366815833, 18.484644543932117, 2095.0 ], [ -97.746199199439459, 18.484640086580214, 2095.0 ], [ -97.746204481632205, 18.484634031006639, 2095.0 ], [ -97.746204447645326, 18.484625991710686, 2095.0 ], [ -97.746188709467972, 18.484588887267822, 2095.0 ], [ -97.746181210752539, 18.48455796689877, 2095.0 ], [ -97.746178577381926, 18.484550546010194, 2095.0 ], [ -97.746172663480849, 18.484539414677336, 2095.0 ], [ -97.74616163537965, 18.484525809714953, 2095.0 ], [ -97.746158367765531, 18.484524388300972, 2095.0 ], [ -97.746153830912874, 18.484525838164686, 2095.0 ], [ -97.746152067339324, 18.484524572900192, 2095.0 ], [ -97.746152032727096, 18.484521480863286, 2095.0 ] ] } },
{ "type": "Feature", "properties": { "FID": 62, "elev": 2094.0, "elevation": 2094.0, "ELEVATION": 2094.0, "is_master": false, "tipo": "Ordinaria (1m)" }, "geometry": { "type": "LineString", "coordinates": [ [ -97.746412386816402, 18.486132432090955, 2094.0 ], [ -97.746409798519608, 18.486127484831904, 2094.0 ], [ -97.746401413438591, 18.486120682350712, 2094.0 ], [ -97.746401649124365, 18.486116353499046, 2094.0 ], [ -97.746405302167801, 18.48611264305476, 2094.0 ], [ -97.746404654048632, 18.48610831420309, 2094.0 ], [ -97.746402061565519, 18.486105737505671, 2094.0 ], [ -97.746392555778996, 18.486101511721898, 2094.0 ], [ -97.74638896503518, 18.486095946055471, 2094.0 ], [ -97.746377270906351, 18.486051420724035, 2094.0 ], [ -97.746377298842631, 18.486036578946887, 2094.0 ], [ -97.746379269281931, 18.486027921243554, 2094.0 ], [ -97.746385282412035, 18.486013079466407, 2094.0 ], [ -97.746393587372879, 18.486001948133548, 2094.0 ], [ -97.746395680058484, 18.485997000874502, 2094.0 ], [ -97.746396228469251, 18.485991584713151, 2094.0 ], [ -97.746394932225627, 18.485989506366, 2094.0 ], [ -97.746388451007547, 18.485986418042103, 2094.0 ], [ -97.746375488571374, 18.485986574238424, 2094.0 ], [ -97.746368359231482, 18.48598474315677, 2094.0 ], [ -97.74636122989159, 18.485985265188972, 2094.0 ], [ -97.746357989282544, 18.485984114990469, 2094.0 ], [ -97.746353385050881, 18.485979685467832, 2094.0 ], [ -97.746353299930632, 18.485977830245687, 2094.0 ], [ -97.746355318708353, 18.485975356616162, 2094.0 ], [ -97.746359447556614, 18.485974119801401, 2094.0 ], [ -97.746363264692619, 18.485969790949735, 2094.0 ], [ -97.746365241240085, 18.485963606875924, 2094.0 ], [ -97.74636641486434, 18.485953712357826, 2094.0 ], [ -97.746365927435605, 18.485948146691396, 2094.0 ], [ -97.746361116470268, 18.485937633765918, 2094.0 ], [ -97.746359769665347, 18.485931449692107, 2094.0 ], [ -97.746359985086215, 18.485922791988774, 2094.0 ], [ -97.74636173623675, 18.485919699951868, 2094.0 ], [ -97.746359276064524, 18.485917844729723, 2094.0 ], [ -97.746357341160731, 18.485912563196415, 2094.0 ], [ -97.746354679110695, 18.48590918702639, 2094.0 ], [ -97.746354748673497, 18.485906960759817, 2094.0 ], [ -97.746357619631326, 18.485904858174724, 2094.0 ], [ -97.746358791251453, 18.485901147730434, 2094.0 ], [ -97.746355396795309, 18.485894247605973, 2094.0 ], [ -97.746350859942652, 18.485891274175302, 2094.0 ], [ -97.746343082480948, 18.485891109653483, 2094.0 ], [ -97.746337897506478, 18.485893031930477, 2094.0 ], [ -97.746332064410211, 18.485897378390209, 2094.0 ], [ -97.746330768166587, 18.485903017007292, 2094.0 ], [ -97.746328175679352, 18.485903508130441, 2094.0 ], [ -97.746320398217648, 18.485902281477301, 2094.0 ], [ -97.746315765852302, 18.485898055693532, 2094.0 ], [ -97.74632119636766, 18.48588568754591, 2094.0 ], [ -97.746321115079652, 18.485878266657338, 2094.0 ], [ -97.74631812979132, 18.485873319398287, 2094.0 ], [ -97.746308083903287, 18.485867835689461, 2094.0 ], [ -97.746295769588926, 18.485863346765573, 2094.0 ], [ -97.746287992127222, 18.485862662460132, 2094.0 ], [ -97.746284103396377, 18.485863993814981, 2094.0 ], [ -97.746281760186761, 18.485859714435904, 2094.0 ], [ -97.746275129402107, 18.485855385584237, 2094.0 ], [ -97.746272437203828, 18.485851145076481, 2094.0 ], [ -97.746272605235404, 18.485840543807093, 2094.0 ], [ -97.746264564430092, 18.485802202549465, 2094.0 ], [ -97.746261581163537, 18.485768808550887, 2094.0 ], [ -97.746258893119872, 18.485757058810648, 2094.0 ], [ -97.746254289786435, 18.485744072255645, 2094.0 ], [ -97.746248546713829, 18.485732940922787, 2094.0 ], [ -97.746242623600637, 18.485724813282921, 2094.0 ], [ -97.74623419801712, 18.485716862339743, 2094.0 ], [ -97.74621669872829, 18.485703875779254, 2094.0 ], [ -97.7462082070099, 18.485695836479923, 2094.0 ], [ -97.746202456667021, 18.485687797183971, 2094.0 ], [ -97.746199022678979, 18.48567728425849, 2094.0 ], [ -97.74619836162347, 18.485662442481345, 2094.0 ], [ -97.746199670800777, 18.485646982296821, 2094.0 ], [ -97.746202966060409, 18.485627193260626, 2094.0 ], [ -97.746206881589131, 18.485616061927765, 2094.0 ], [ -97.746211235987332, 18.485610496261337, 2094.0 ], [ -97.746217994971914, 18.485606129930435, 2094.0 ], [ -97.746223828068182, 18.485605017171942, 2094.0 ], [ -97.746230957408088, 18.48560612618251, 2094.0 ], [ -97.746235494260745, 18.485605458060025, 2094.0 ], [ -97.746238179941955, 18.485603075372765, 2094.0 ], [ -97.746238129956097, 18.485599364928476, 2094.0 ], [ -97.7462341143885, 18.485591944039903, 2094.0 ], [ -97.746227739148068, 18.485583904743951, 2094.0 ], [ -97.746222670707823, 18.485565970929901, 2094.0 ], [ -97.746215460352701, 18.485554221189659, 2094.0 ], [ -97.746196766140045, 18.485536287375609, 2094.0 ], [ -97.746173274567127, 18.485520243139668, 2094.0 ], [ -97.746165497105423, 18.485513749862164, 2094.0 ], [ -97.746160194290624, 18.485507840636082, 2094.0 ], [ -97.746157535440688, 18.485499801340126, 2094.0 ], [ -97.74615826694658, 18.485493617266314, 2094.0 ], [ -97.746160944635378, 18.485488051599887, 2094.0 ], [ -97.74617638422005, 18.485470736193218, 2094.0 ], [ -97.746179755785207, 18.485468832840311, 2094.0 ], [ -97.746188829490535, 18.485466475781891, 2094.0 ], [ -97.746194014465004, 18.485463323232942, 2094.0 ], [ -97.746201171984097, 18.485453420786545, 2094.0 ], [ -97.746205706756413, 18.485449710342259, 2094.0 ], [ -97.746207625022976, 18.485445319649855, 2094.0 ], [ -97.746214106241055, 18.485439737873651, 2094.0 ], [ -97.746227068677229, 18.485433571904476, 2094.0 ], [ -97.746236790504355, 18.485431908416039, 2094.0 ], [ -97.74623938299159, 18.485430219333718, 2094.0 ], [ -97.746240850313043, 18.485428066083923, 2094.0 ], [ -97.746241282313804, 18.485422500417492, 2094.0 ], [ -97.746243379199925, 18.485416934751065, 2094.0 ], [ -97.746245192519808, 18.485407040232968, 2094.0 ], [ -97.746250959788028, 18.48539652730749, 2094.0 ], [ -97.746256234158608, 18.485392139559881, 2094.0 ], [ -97.746273833158483, 18.485385395974628, 2094.0 ], [ -97.746278291207261, 18.485381685530342, 2094.0 ], [ -97.746280080571353, 18.485376738271295, 2094.0 ], [ -97.746278918421908, 18.485371761089308, 2094.0 ], [ -97.74627112687061, 18.485363751716292, 2094.0 ], [ -97.746261483945261, 18.48535138356867, 2094.0 ], [ -97.746254834215506, 18.485336541791526, 2094.0 ], [ -97.746250956595318, 18.485322936829142, 2094.0 ], [ -97.746247623397437, 18.485295726904376, 2094.0 ], [ -97.746246347123972, 18.485262951313178, 2094.0 ], [ -97.746249608913459, 18.485248109536034, 2094.0 ], [ -97.746253625468327, 18.485243162276983, 2094.0 ], [ -97.746253688523552, 18.485238215017937, 2094.0 ], [ -97.746251567681597, 18.485235122981031, 2094.0 ], [ -97.746249666524292, 18.485227702092459, 2094.0 ], [ -97.746247160453294, 18.485224512412284, 2094.0 ], [ -97.746242623600637, 18.48522455207986, 2094.0 ], [ -97.746236790504355, 18.485226857226035, 2094.0 ], [ -97.74623290177351, 18.485226556732311, 2094.0 ], [ -97.746229013042651, 18.485224083147223, 2094.0 ], [ -97.746225772432354, 18.485220281203887, 2094.0 ], [ -97.74622434656564, 18.485215952352217, 2094.0 ], [ -97.746223828060749, 18.485208531463645, 2094.0 ], [ -97.746213458116387, 18.485199873760312, 2094.0 ], [ -97.746206218460756, 18.485189360834834, 2094.0 ], [ -97.7462029538748, 18.485178229501972, 2094.0 ], [ -97.746201629896248, 18.485162150910067, 2094.0 ], [ -97.746203568542953, 18.485144835503398, 2094.0 ], [ -97.746208157408745, 18.485120099208153, 2094.0 ], [ -97.746214203459331, 18.485099691764578, 2094.0 ], [ -97.746215982383134, 18.4850891788391, 2094.0 ], [ -97.746219291215525, 18.485081724065193, 2094.0 ], [ -97.746223179946384, 18.485078028181011, 2094.0 ], [ -97.746225124311806, 18.48507745306814, 2094.0 ], [ -97.746227068677229, 18.485078124807163, 2094.0 ], [ -97.746230309286275, 18.485083667838516, 2094.0 ], [ -97.746238017306354, 18.485090415653861, 2094.0 ], [ -97.746233804962614, 18.485097218135053, 2094.0 ], [ -97.746234144690646, 18.485100928579342, 2094.0 ], [ -97.746235463688961, 18.485102783801484, 2094.0 ], [ -97.746241975478824, 18.485107077315586, 2094.0 ], [ -97.746253641671373, 18.485110390957342, 2094.0 ], [ -97.746255121634562, 18.485110204690056, 2094.0 ], [ -97.746260636495421, 18.485104020616244, 2094.0 ], [ -97.746259474767655, 18.485100582998747, 2094.0 ], [ -97.746255335150948, 18.485100928579342, 2094.0 ], [ -97.746254790862153, 18.485099073357198, 2094.0 ], [ -97.746256677610376, 18.485092889283386, 2094.0 ], [ -97.746263233874146, 18.485090415653861, 2094.0 ], [ -97.746263551112719, 18.485084849987434, 2094.0 ], [ -97.746260771011279, 18.485081964086323, 2094.0 ], [ -97.746260996444946, 18.485080521135767, 2094.0 ], [ -97.746264289386801, 18.485079902728383, 2094.0 ], [ -97.74626565098724, 18.485084231580053, 2094.0 ], [ -97.746267252229359, 18.485084736757912, 2094.0 ], [ -97.746268555517773, 18.485083613172669, 2094.0 ], [ -97.746268326747085, 18.485081139543148, 2094.0 ], [ -97.746265631924842, 18.485078665913623, 2094.0 ], [ -97.746270667064692, 18.485066916173384, 2094.0 ], [ -97.746273049973539, 18.48504836395195, 2094.0 ], [ -97.746272601516395, 18.485040943063378, 2094.0 ], [ -97.746269025392792, 18.485029193323136, 2094.0 ], [ -97.746269139407559, 18.485023009249328, 2094.0 ], [ -97.746272502016012, 18.485018061990278, 2094.0 ], [ -97.746271957113592, 18.485014351545992, 2094.0 ], [ -97.746272982449156, 18.485012496323847, 2094.0 ], [ -97.746276974056485, 18.485012979454616, 2094.0 ], [ -97.746280214665532, 18.485011938743423, 2094.0 ], [ -97.746287466623059, 18.485003220213134, 2094.0 ], [ -97.746286530676088, 18.48498528639908, 2094.0 ], [ -97.746292654422817, 18.484961786918603, 2094.0 ], [ -97.746295957753333, 18.484939524252884, 2094.0 ], [ -97.746296232533084, 18.484894998921447, 2094.0 ], [ -97.746298848167527, 18.484859749700725, 2094.0 ], [ -97.746302774290015, 18.48483934225715, 2094.0 ], [ -97.746315339705973, 18.484799764184764, 2094.0 ], [ -97.74632249689779, 18.484770080630472, 2094.0 ], [ -97.746326430736019, 18.48474039707618, 2094.0 ], [ -97.746327064613396, 18.484719371225225, 2094.0 ], [ -97.746325748670031, 18.484711331929272, 2094.0 ], [ -97.746323638826695, 18.484707766992603, 2094.0 ], [ -97.746321694461273, 18.48470706292348, 2094.0 ], [ -97.74631975009585, 18.484707716064939, 2094.0 ], [ -97.746313916999569, 18.484705936154981, 2094.0 ], [ -97.746308732025099, 18.484697108577237, 2094.0 ], [ -97.746306139567594, 18.484697726966889, 2094.0 ], [ -97.746304702398206, 18.484701437411175, 2094.0 ], [ -97.746304853114282, 18.484704529448081, 2094.0 ], [ -97.74630225080702, 18.484705535875779, 2094.0 ], [ -97.746295121467128, 18.484704593421256, 2094.0 ], [ -97.746291718827621, 18.484700200596411, 2094.0 ], [ -97.746287992127222, 18.484698448442167, 2094.0 ], [ -97.74628896430994, 18.484694634929983, 2094.0 ], [ -97.746285775968786, 18.484690306078317, 2094.0 ], [ -97.746286695883612, 18.484689655957734, 2094.0 ], [ -97.746289288370846, 18.484690397694223, 2094.0 ], [ -97.746290584614457, 18.484689563989459, 2094.0 ], [ -97.746291880850251, 18.484687832448792, 2094.0 ], [ -97.746291914095096, 18.484683503597125, 2094.0 ], [ -97.746282063973084, 18.484664332968311, 2094.0 ], [ -97.746281370774696, 18.484650109598547, 2094.0 ], [ -97.746282165385082, 18.484647017561642, 2094.0 ], [ -97.746286566259244, 18.484643307117356, 2094.0 ], [ -97.746294473345316, 18.484641234616941, 2094.0 ], [ -97.74629706583255, 18.484641359001397, 2094.0 ], [ -97.746299678323538, 18.484643307117356, 2094.0 ], [ -97.746300954563395, 18.4846481663002, 2094.0 ], [ -97.746304843294254, 18.484648071043242, 2094.0 ], [ -97.746310050952985, 18.484643307117356, 2094.0 ], [ -97.746309056086005, 18.484638978265686, 2094.0 ], [ -97.746310028268724, 18.484636688625137, 2094.0 ], [ -97.746313268877756, 18.484636469959113, 2094.0 ], [ -97.746315861364991, 18.484638411392254, 2094.0 ], [ -97.746317186737684, 18.484638359858305, 2094.0 ], [ -97.746317991893065, 18.484637123043544, 2094.0 ], [ -97.746316034197477, 18.4846352678214, 2094.0 ], [ -97.746315213243179, 18.484631474307466, 2094.0 ], [ -97.746313113328526, 18.484630320562353, 2094.0 ], [ -97.746305491416052, 18.484628304624167, 2094.0 ], [ -97.746293177101691, 18.48462855063778, 2094.0 ], [ -97.746288031407332, 18.484625373303302, 2094.0 ], [ -97.746288150205714, 18.484622281266397, 2094.0 ], [ -97.746293345133282, 18.484614860377825, 2094.0 ], [ -97.746295798394343, 18.484613005155683, 2094.0 ], [ -97.746298487519098, 18.484607439489253, 2094.0 ], [ -97.746294473345316, 18.484602377902789, 2094.0 ], [ -97.746286047761799, 18.484599681999196, 2094.0 ], [ -97.746280324516675, 18.484593834526869, 2094.0 ], [ -97.746278969589426, 18.484584558416152, 2094.0 ], [ -97.746280373559912, 18.484578374342345, 2094.0 ], [ -97.746280313292758, 18.484572190268533, 2094.0 ], [ -97.746264011615949, 18.484548690788053, 2094.0 ], [ -97.746247729535852, 18.484515296789475, 2094.0 ] ] } },
{ "type": "Feature", "properties": { "FID": 63, "elev": 2093.0, "elevation": 2093.0, "ELEVATION": 2093.0, "is_master": false, "tipo": "Ordinaria (1m)" }, "geometry": { "type": "LineString", "coordinates": [ [ -97.746464975675366, 18.486126248017143, 2093.0 ], [ -97.746458519189915, 18.48610769579571, 2093.0 ], [ -97.746444074493724, 18.486079249056182, 2093.0 ], [ -97.746436982755498, 18.486059460019987, 2093.0 ], [ -97.746431781238016, 18.486039052576412, 2093.0 ], [ -97.746427814876213, 18.486018026725457, 2093.0 ], [ -97.746426493793692, 18.486003184948313, 2093.0 ], [ -97.746426090681567, 18.485979685467832, 2093.0 ], [ -97.746421443493887, 18.485975356616162, 2093.0 ], [ -97.746420505574278, 18.485972882986641, 2093.0 ], [ -97.746421440407602, 18.485970409357115, 2093.0 ], [ -97.746424869280588, 18.485968554134971, 2093.0 ], [ -97.746425988062285, 18.485966698912829, 2093.0 ], [ -97.746422140877712, 18.485956804394732, 2093.0 ], [ -97.746422860924113, 18.485953093950446, 2093.0 ], [ -97.7464305789251, 18.485942503724043, 2093.0 ], [ -97.746436412021367, 18.485938552787999, 2093.0 ], [ -97.746437270344842, 18.485937015358537, 2093.0 ], [ -97.746433560285411, 18.485934541729012, 2093.0 ], [ -97.746432935731676, 18.485932686506871, 2093.0 ], [ -97.746433066876548, 18.485924028803534, 2093.0 ], [ -97.746431891171724, 18.485919081544488, 2093.0 ], [ -97.746425393950631, 18.485911042252265, 2093.0 ], [ -97.746421505219772, 18.485908604468712, 2093.0 ], [ -97.746416320245316, 18.485907243460336, 2093.0 ], [ -97.7464078946618, 18.485907299539512, 2093.0 ], [ -97.746397524712862, 18.485912956679893, 2093.0 ], [ -97.746395580347439, 18.485913601443858, 2093.0 ], [ -97.746392987860204, 18.485912969170084, 2093.0 ], [ -97.746391718251729, 18.48590856861901, 2093.0 ], [ -97.746392221898063, 18.485900529323054, 2093.0 ], [ -97.746390297640318, 18.485896200471387, 2093.0 ], [ -97.746391478030986, 18.485890016397576, 2093.0 ], [ -97.746391174428481, 18.48588568754591, 2093.0 ], [ -97.74637738580067, 18.485850438325187, 2093.0 ], [ -97.746372896084139, 18.485846027019203, 2093.0 ], [ -97.746365118622435, 18.485844006888424, 2093.0 ], [ -97.746363822395338, 18.48584487265876, 2093.0 ], [ -97.746365550703644, 18.485847346288285, 2093.0 ], [ -97.746365292063487, 18.485849819917807, 2093.0 ], [ -97.746361878013403, 18.485852446950712, 2093.0 ], [ -97.746359285526168, 18.485851606428021, 2093.0 ], [ -97.746357878963934, 18.485849819917807, 2093.0 ], [ -97.746357931671724, 18.485847964695665, 2093.0 ], [ -97.746361877963849, 18.485843635843995, 2093.0 ], [ -97.746356230094776, 18.485839306992329, 2093.0 ], [ -97.746350859942652, 18.485838194636916, 2093.0 ], [ -97.746348915577229, 18.48583661637776, 2093.0 ], [ -97.746345674968182, 18.48583269979768, 2093.0 ], [ -97.746343625759522, 18.48582755725209, 2093.0 ], [ -97.746345026844793, 18.485818281141373, 2093.0 ], [ -97.746348120155005, 18.485814570697087, 2093.0 ], [ -97.746350266335767, 18.485813952289707, 2093.0 ], [ -97.746351218902419, 18.485811478660182, 2093.0 ], [ -97.7463451446867, 18.485802820956845, 2093.0 ], [ -97.746343646065128, 18.485798492105179, 2093.0 ], [ -97.74634321591779, 18.485789834401846, 2093.0 ], [ -97.746344925577347, 18.485765098106601, 2093.0 ], [ -97.746344575979037, 18.485747782699931, 2093.0 ], [ -97.746341967108535, 18.485721191182545, 2093.0 ], [ -97.746338002607317, 18.485694599665162, 2093.0 ], [ -97.746329586297406, 18.485657495222299, 2093.0 ], [ -97.746320479232878, 18.485624719631101, 2093.0 ], [ -97.746310522887995, 18.485593799262048, 2093.0 ], [ -97.746302914360299, 18.485564115707756, 2093.0 ], [ -97.746298397109783, 18.485552984374898, 2093.0 ], [ -97.746288028133989, 18.485536287375609, 2093.0 ], [ -97.746283417149755, 18.485526392857512, 2093.0 ], [ -97.746281976227365, 18.485518353561559, 2093.0 ], [ -97.746282985068547, 18.485499182932745, 2093.0 ], [ -97.746280862781617, 18.485489906822028, 2093.0 ], [ -97.746277639695094, 18.485484959562982, 2093.0 ], [ -97.746273733447438, 18.485481753006191, 2093.0 ], [ -97.746258826645843, 18.485473198263723, 2093.0 ], [ -97.746249752940528, 18.485470010236725, 2093.0 ], [ -97.746245216087871, 18.485470133642433, 2093.0 ], [ -97.746243448482943, 18.485471354600598, 2093.0 ], [ -97.746236142382543, 18.485482548822343, 2093.0 ], [ -97.746225772433618, 18.48549047369546, 2093.0 ], [ -97.746219291215525, 18.485491324005611, 2093.0 ], [ -97.74621540248468, 18.485490553338838, 2093.0 ], [ -97.74621021751021, 18.485488109575577, 2093.0 ], [ -97.746208257713306, 18.485485577970362, 2093.0 ], [ -97.746208196895154, 18.485481249118696, 2093.0 ], [ -97.746210829118112, 18.485476920267025, 2093.0 ], [ -97.74621669872829, 18.485473580867168, 2093.0 ], [ -97.746221883702759, 18.485466333675465, 2093.0 ], [ -97.746227463186159, 18.485465170526787, 2093.0 ], [ -97.746233076941564, 18.485457131230834, 2093.0 ], [ -97.746240162616374, 18.485450947157023, 2093.0 ], [ -97.746250401062341, 18.485438579007671, 2093.0 ], [ -97.74625688228042, 18.48543421190573, 2093.0 ], [ -97.746268548472969, 18.48542988097515, 2093.0 ], [ -97.746278270300095, 18.485425006594774, 2093.0 ], [ -97.746289936492659, 18.485416371313228, 2093.0 ], [ -97.74630946209335, 18.485392816863204, 2093.0 ], [ -97.746317263424416, 18.485377356678676, 2093.0 ], [ -97.746323507450654, 18.485353857198195, 2093.0 ], [ -97.746329583029564, 18.485335923384145, 2093.0 ], [ -97.746330217263051, 18.485326647273428, 2093.0 ], [ -97.746328103665817, 18.485322318421762, 2093.0 ], [ -97.746318375292006, 18.485309331866759, 2093.0 ], [ -97.746313118151761, 18.485295726904376, 2093.0 ], [ -97.746311141347476, 18.485285213978898, 2093.0 ], [ -97.746310206502216, 18.485259240868892, 2093.0 ], [ -97.746308872159545, 18.485248109536034, 2093.0 ], [ -97.746299163700513, 18.485194926501261, 2093.0 ], [ -97.746290476594154, 18.485163387724828, 2093.0 ], [ -97.746288125075296, 18.485146690725539, 2093.0 ], [ -97.746282969183213, 18.485123809652439, 2093.0 ], [ -97.74628086278733, 18.485120019044235, 2093.0 ], [ -97.746277622178297, 18.485119984937224, 2093.0 ], [ -97.746276909657126, 18.485118243986012, 2093.0 ], [ -97.746278934114926, 18.485116388763867, 2093.0 ], [ -97.74627896343037, 18.485112059912201, 2093.0 ], [ -97.746284103396377, 18.485107308149679, 2093.0 ], [ -97.746295769588926, 18.485115835945148, 2093.0 ], [ -97.746304195172442, 18.485119645709407, 2093.0 ], [ -97.746310028268724, 18.485120040867834, 2093.0 ], [ -97.746315861364991, 18.48511901475463, 2093.0 ], [ -97.746319101974038, 18.485117073429183, 2093.0 ], [ -97.746321643628193, 18.485113915134342, 2093.0 ], [ -97.746323831384629, 18.48510711265315, 2093.0 ], [ -97.746323761628716, 18.485099073357198, 2093.0 ], [ -97.746325479492626, 18.485095981320292, 2093.0 ], [ -97.746328439728984, 18.485094126098151, 2093.0 ], [ -97.746327586279989, 18.485091652468626, 2093.0 ], [ -97.746325037405342, 18.4850891788391, 2093.0 ], [ -97.746324247668397, 18.485086086802195, 2093.0 ], [ -97.746324896568026, 18.485076810691478, 2093.0 ], [ -97.74632752755754, 18.485074951233671, 2093.0 ], [ -97.746332712532009, 18.485073806998486, 2093.0 ], [ -97.746336620049007, 18.485070008210286, 2093.0 ], [ -97.746336651118384, 18.485068771395525, 2093.0 ], [ -97.746333360653821, 18.4850672308017, 2093.0 ], [ -97.746333856872084, 18.48506567935862, 2093.0 ], [ -97.74633724938468, 18.485064821160623, 2093.0 ], [ -97.746340489993713, 18.485066963380053, 2093.0 ], [ -97.746341964153117, 18.48506567935862, 2093.0 ], [ -97.74634272360359, 18.485063205729094, 2093.0 ], [ -97.746339437666904, 18.485057640062667, 2093.0 ], [ -97.746344341975387, 18.485052692803617, 2093.0 ], [ -97.746343638013926, 18.485050219174095, 2093.0 ], [ -97.746339702988664, 18.48504836395195, 2093.0 ], [ -97.746337897506478, 18.485045550633863, 2093.0 ], [ -97.746335305019244, 18.485044267003051, 2093.0 ], [ -97.746334101364468, 18.485041561470759, 2093.0 ], [ -97.746330768166587, 18.485039373260026, 2093.0 ], [ -97.746330645246942, 18.485037851026473, 2093.0 ], [ -97.746332728149412, 18.485035377396947, 2093.0 ], [ -97.746332988720283, 18.485033522174806, 2093.0 ], [ -97.746332064410211, 18.485032318658902, 2093.0 ], [ -97.746328208085444, 18.485031666952661, 2093.0 ], [ -97.74632807114358, 18.485027956508375, 2093.0 ], [ -97.746329471922976, 18.485026444845889, 2093.0 ], [ -97.746333360653821, 18.485025656032917, 2093.0 ], [ -97.746338545628291, 18.485029276891701, 2093.0 ], [ -97.746342434359136, 18.48503032019881, 2093.0 ], [ -97.746344378724572, 18.485032909440886, 2093.0 ], [ -97.746346323089995, 18.485033619179884, 2093.0 ], [ -97.746347532917369, 18.485032903767426, 2093.0 ], [ -97.746341745303326, 18.485021772434564, 2093.0 ], [ -97.746341267739894, 18.485018680397658, 2093.0 ], [ -97.746341679696755, 18.485015588360753, 2093.0 ], [ -97.746345151485187, 18.485008167472181, 2093.0 ], [ -97.74634758522194, 18.484997036139323, 2093.0 ], [ -97.746356576376996, 18.484974773473603, 2093.0 ], [ -97.746369655475092, 18.484956107667141, 2093.0 ], [ -97.746371599840529, 18.4849546958473, 2093.0 ], [ -97.746377432936796, 18.484956773519727, 2093.0 ], [ -97.746379762549452, 18.484954984437412, 2093.0 ], [ -97.746379377302219, 18.484953045078207, 2093.0 ], [ -97.746374794155145, 18.4849488003636, 2093.0 ], [ -97.746374617657693, 18.484947563548836, 2093.0 ], [ -97.746378018739208, 18.484938905845503, 2093.0 ], [ -97.746383020532392, 18.484932721771692, 2093.0 ], [ -97.746382054511258, 18.484927774512645, 2093.0 ], [ -97.746383925202423, 18.484920972031453, 2093.0 ], [ -97.746385858520313, 18.484918761684277, 2093.0 ], [ -97.74638909912936, 18.484918488739311, 2093.0 ], [ -97.746393265626693, 18.484920972031453, 2093.0 ], [ -97.746394214662203, 18.48492530088312, 2093.0 ], [ -97.746396228469251, 18.484926418877247, 2093.0 ], [ -97.746398172834674, 18.484925833992932, 2093.0 ], [ -97.746398847961558, 18.484922208846214, 2093.0 ], [ -97.746402524509676, 18.484920353624069, 2093.0 ], [ -97.746409139467175, 18.484911077513356, 2093.0 ], [ -97.746420962913774, 18.484897472550973, 2093.0 ], [ -97.746423502709945, 18.484892525291922, 2093.0 ], [ -97.746424264366908, 18.484888196440256, 2093.0 ], [ -97.746422935557561, 18.484879538736919, 2093.0 ], [ -97.746415591108274, 18.484865933774536, 2093.0 ], [ -97.746414843130495, 18.484856657663823, 2093.0 ], [ -97.746417551676743, 18.484844907923581, 2093.0 ], [ -97.746426157808472, 18.484822645257864, 2093.0 ], [ -97.746427542354397, 18.484805948258575, 2093.0 ], [ -97.746427165483567, 18.484792343296192, 2093.0 ], [ -97.746428511107894, 18.484786777629761, 2093.0 ], [ -97.746435272898196, 18.484775646296903, 2093.0 ], [ -97.74643507977099, 18.484768843815711, 2093.0 ], [ -97.746432609706758, 18.484765133371425, 2093.0 ], [ -97.746429282681476, 18.484762600279652, 2093.0 ], [ -97.746420857097974, 18.484760055295428, 2093.0 ], [ -97.746411135270847, 18.484761277419519, 2093.0 ], [ -97.746405950246825, 18.484765751778806, 2093.0 ], [ -97.746404730302388, 18.484754620445944, 2093.0 ], [ -97.746400672733074, 18.48474472592785, 2093.0 ], [ -97.746394360353449, 18.48472122644737, 2093.0 ], [ -97.746370262050633, 18.484648872783783, 2093.0 ], [ -97.746360628621957, 18.484613623563064, 2093.0 ], [ -97.746345637932649, 18.484575282305439, 2093.0 ], [ -97.746335343144054, 18.484539414677336, 2093.0 ], [ -97.746330284647144, 18.484527664937097, 2093.0 ], [ -97.74632097008984, 18.484510349530424, 2093.0 ] ] } },
{ "type": "Feature", "properties": { "FID": 64, "elev": 2092.0, "elevation": 2092.0, "ELEVATION": 2092.0, "is_master": false, "tipo": "Ordinaria (1m)" }, "geometry": { "type": "LineString", "coordinates": [ [ -97.746526223186265, 18.486119445535952, 2092.0 ], [ -97.746516001379462, 18.486086051537374, 2092.0 ], [ -97.746514645724673, 18.486076157019276, 2092.0 ], [ -97.746514690733136, 18.486062552056893, 2092.0 ], [ -97.746517364016043, 18.486052039131415, 2092.0 ], [ -97.746528484999104, 18.48603101328046, 2092.0 ], [ -97.746529267724839, 18.486016789910696, 2092.0 ], [ -97.746527087348682, 18.486009369022121, 2092.0 ], [ -97.746520044662432, 18.486001329726168, 2092.0 ], [ -97.74651862182489, 18.485997619281882, 2092.0 ], [ -97.746519540124524, 18.485972264579257, 2092.0 ], [ -97.746515482876703, 18.485958041209493, 2092.0 ], [ -97.746500659172952, 18.485928357655201, 2092.0 ], [ -97.746490881638721, 18.485915371100202, 2092.0 ], [ -97.74647724369531, 18.485903604869097, 2092.0 ], [ -97.746457800041057, 18.485890679780042, 2092.0 ], [ -97.746450022579353, 18.485888647605631, 2092.0 ], [ -97.746439652630414, 18.485887692038798, 2092.0 ], [ -97.746429896082475, 18.485881977101624, 2092.0 ], [ -97.746428222118524, 18.485880121879479, 2092.0 ], [ -97.746427809677371, 18.485877648249957, 2092.0 ], [ -97.746427523493708, 18.485859714435904, 2092.0 ], [ -97.746426042072443, 18.485857537641923, 2092.0 ], [ -97.746420744053466, 18.485854148769477, 2092.0 ], [ -97.746418912732537, 18.485850471752613, 2092.0 ], [ -97.746412678418011, 18.485849201510426, 2092.0 ], [ -97.746411644011616, 18.48584487265876, 2092.0 ], [ -97.746412376355153, 18.485842399029234, 2092.0 ], [ -97.746415672123504, 18.485843703062191, 2092.0 ], [ -97.746420208976161, 18.485843935677877, 2092.0 ], [ -97.746421586611817, 18.485843017436615, 2092.0 ], [ -97.746422801463396, 18.485839252881682, 2092.0 ], [ -97.746427338316053, 18.485837584582509, 2092.0 ], [ -97.7464305789251, 18.48583752614908, 2092.0 ], [ -97.746432301077334, 18.485836214955423, 2092.0 ], [ -97.746435810751748, 18.485831886103757, 2092.0 ], [ -97.746436236259527, 18.485828794066851, 2092.0 ], [ -97.746434923092892, 18.485820136363518, 2092.0 ], [ -97.746435945828495, 18.485802820956845, 2092.0 ], [ -97.746434638857934, 18.485793544846132, 2092.0 ], [ -97.746429117203576, 18.485774992624698, 2092.0 ], [ -97.746425886523198, 18.485757677218029, 2092.0 ], [ -97.746421695843836, 18.485698928516829, 2092.0 ], [ -97.746416475794547, 18.48565935044444, 2092.0 ], [ -97.746410672326689, 18.485631522112293, 2092.0 ], [ -97.746406108726148, 18.485616061927765, 2092.0 ], [ -97.746397449929574, 18.485596272891573, 2092.0 ], [ -97.746381229078821, 18.485567826152042, 2092.0 ], [ -97.746373482480067, 18.485551747560134, 2092.0 ], [ -97.746369506481585, 18.485538142597751, 2092.0 ], [ -97.746368517035052, 18.485526392857512, 2092.0 ], [ -97.746366448103075, 18.485517116746795, 2092.0 ], [ -97.746363716129352, 18.485510932672984, 2092.0 ], [ -97.746351409864189, 18.485492380451554, 2092.0 ], [ -97.746346855130284, 18.485476920267025, 2092.0 ], [ -97.746344845753512, 18.485462696897262, 2092.0 ], [ -97.746344177086669, 18.485442907861067, 2092.0 ], [ -97.746344870042719, 18.485427447676543, 2092.0 ], [ -97.746346937100128, 18.485418171565826, 2092.0 ], [ -97.746351564422881, 18.485407040232968, 2092.0 ], [ -97.746352804308074, 18.485400518846038, 2092.0 ], [ -97.746354100551699, 18.485398846335169, 2092.0 ], [ -97.74636122989159, 18.485394789081337, 2092.0 ], [ -97.746374840449562, 18.48538342975629, 2092.0 ], [ -97.746398820956486, 18.485367462151714, 2092.0 ], [ -97.746422257877356, 18.485348909939148, 2092.0 ], [ -97.74643320464935, 18.485335304976765, 2092.0 ], [ -97.74643718694962, 18.485327265680809, 2092.0 ], [ -97.746440395024493, 18.485317371162711, 2092.0 ], [ -97.746441799533912, 18.485308713459379, 2092.0 ], [ -97.746441756533514, 18.485298818941281, 2092.0 ], [ -97.746440390148337, 18.485290779645329, 2092.0 ], [ -97.746437832903794, 18.485283358756753, 2092.0 ], [ -97.746429390701778, 18.48526975379437, 2092.0 ], [ -97.74641485244004, 18.485255530424606, 2092.0 ], [ -97.746408542782319, 18.48525181998032, 2092.0 ], [ -97.746404654052753, 18.485247601387332, 2092.0 ], [ -97.746398172834674, 18.485249688102243, 2092.0 ], [ -97.746397438296626, 18.485248727943414, 2092.0 ], [ -97.746396142053001, 18.485245017499128, 2092.0 ], [ -97.74638715476226, 18.485230175721984, 2092.0 ], [ -97.746384598283456, 18.485219662796506, 2092.0 ], [ -97.746380590806893, 18.485212860315315, 2092.0 ], [ -97.746380025424031, 18.485204121242585, 2092.0 ], [ -97.746376784814998, 18.485201110610532, 2092.0 ], [ -97.746374662738745, 18.48518874242745, 2092.0 ], [ -97.746374681075352, 18.485176374279831, 2092.0 ], [ -97.746378623364606, 18.485162769317448, 2092.0 ], [ -97.746402771413216, 18.485116388763867, 2092.0 ], [ -97.74641583415395, 18.485076192284097, 2092.0 ], [ -97.746426024555632, 18.485039706248617, 2092.0 ], [ -97.746440192731924, 18.485000746583609, 2092.0 ], [ -97.746445603567025, 18.484990852065511, 2092.0 ], [ -97.746459744387892, 18.484976010288367, 2092.0 ], [ -97.74646439397597, 18.484969207807175, 2092.0 ], [ -97.746467617886225, 18.484961786918603, 2092.0 ], [ -97.746470033340188, 18.484951273993122, 2092.0 ], [ -97.746477980197369, 18.484930866549547, 2092.0 ], [ -97.746481300457745, 18.484912932735497, 2092.0 ], [ -97.746482619918837, 18.484893143699303, 2092.0 ], [ -97.746481831715485, 18.484846763145725, 2092.0 ], [ -97.746483336040313, 18.484810895517622, 2092.0 ], [ -97.746480307543862, 18.484789251259286, 2092.0 ], [ -97.746480300669845, 18.484772554259997, 2092.0 ], [ -97.746481607715481, 18.484755857260708, 2092.0 ], [ -97.746485510555104, 18.484734213002369, 2092.0 ], [ -97.746488796466551, 18.484726173706417, 2092.0 ], [ -97.746496053630466, 18.484714423966178, 2092.0 ], [ -97.746501407997954, 18.484697726966889, 2092.0 ], [ -97.74649992795861, 18.484692697253521, 2092.0 ], [ -97.746497335471375, 18.484690306081539, 2092.0 ], [ -97.746494094862328, 18.484688997355718, 2092.0 ], [ -97.746489558009671, 18.484688978764911, 2092.0 ], [ -97.746481780547967, 18.484691662234852, 2092.0 ], [ -97.746475299329887, 18.484691653322965, 2092.0 ], [ -97.746468818111794, 18.484689795220046, 2092.0 ], [ -97.746462985015526, 18.484686650603575, 2092.0 ], [ -97.746446014457646, 18.484674845893789, 2092.0 ], [ -97.7464369636144, 18.484665569783072, 2092.0 ], [ -97.746429918095018, 18.484656293672359, 2092.0 ], [ -97.746411801396036, 18.484625991710686, 2092.0 ], [ -97.746394181768792, 18.484589505675203, 2092.0 ], [ -97.746382594764057, 18.484557348491386, 2092.0 ], [ -97.746368248912873, 18.484506639086138, 2092.0 ] ] } },
{ "type": "Feature", "properties": { "FID": 65, "elev": 2091.0, "elevation": 2091.0, "ELEVATION": 2091.0, "is_master": false, "tipo": "Ordinaria (1m)" }, "geometry": { "type": "LineString", "coordinates": [ [ -97.746616327132045, 18.486108932610474, 2091.0 ], [ -97.746614653055005, 18.486105222166188, 2091.0 ], [ -97.746610888437601, 18.486101511721898, 2091.0 ], [ -97.746601651466833, 18.486094709240707, 2091.0 ], [ -97.746597819279444, 18.486088525166899, 2091.0 ], [ -97.746595039834006, 18.486077393834037, 2091.0 ], [ -97.746596402796044, 18.486055749575701, 2091.0 ], [ -97.746595322445259, 18.486043381428079, 2091.0 ], [ -97.746591334040758, 18.486034723724746, 2091.0 ], [ -97.746581566849045, 18.486025447614029, 2091.0 ], [ -97.746578268541143, 18.486019263540218, 2091.0 ], [ -97.746578248849715, 18.486012461059026, 2091.0 ], [ -97.746579742253076, 18.48600813220736, 2091.0 ], [ -97.746589993742774, 18.485992672022832, 2091.0 ], [ -97.746605076720343, 18.485963606875924, 2091.0 ], [ -97.746605745536755, 18.485956185987352, 2091.0 ], [ -97.746604930813803, 18.485953093950446, 2091.0 ], [ -97.746599738717109, 18.485946892207853, 2091.0 ], [ -97.746584831915513, 18.485942532203332, 2091.0 ], [ -97.7465808135603, 18.485940107395443, 2091.0 ], [ -97.746574461966574, 18.485934000622553, 2091.0 ], [ -97.746542055866243, 18.485893108434482, 2091.0 ], [ -97.746521454861536, 18.485872082583526, 2091.0 ], [ -97.74652042201717, 18.485867135324476, 2091.0 ], [ -97.746521452138325, 18.485859714435904, 2091.0 ], [ -97.746520061795664, 18.485854767176857, 2091.0 ], [ -97.746517261062351, 18.485851056732571, 2091.0 ], [ -97.746516779125628, 18.485847873529956, 2091.0 ], [ -97.746514186638393, 18.485846344506857, 2091.0 ], [ -97.746506409176689, 18.485845525106914, 2091.0 ], [ -97.746503687065101, 18.485843017436615, 2091.0 ], [ -97.746502633609964, 18.485837451770188, 2091.0 ], [ -97.746503105336245, 18.485831267696376, 2091.0 ], [ -97.746508226897618, 18.485820136363518, 2091.0 ], [ -97.746506013102248, 18.485812715474943, 2091.0 ], [ -97.746508081749099, 18.485800965734704, 2091.0 ], [ -97.746505789648495, 18.485792926438751, 2091.0 ], [ -97.746496540999473, 18.485775611032079, 2091.0 ], [ -97.746492605149513, 18.485758295625409, 2091.0 ], [ -97.74649066078409, 18.485735414552313, 2091.0 ], [ -97.746489743187325, 18.485689652406112, 2091.0 ], [ -97.746487811376326, 18.485660587259204, 2091.0 ], [ -97.746483889889859, 18.485629048482767, 2091.0 ], [ -97.74647924096864, 18.485606785817051, 2091.0 ], [ -97.746473412575284, 18.485588852002998, 2091.0 ], [ -97.746466292098589, 18.485575247040614, 2091.0 ], [ -97.746457151919245, 18.485563457403124, 2091.0 ], [ -97.746438325523854, 18.485543708264181, 2091.0 ], [ -97.746428684415193, 18.485529484894418, 2091.0 ], [ -97.74642330868916, 18.485517735154176, 2091.0 ], [ -97.746417068078159, 18.485497946117984, 2091.0 ], [ -97.746412467521225, 18.485488670007268, 2091.0 ], [ -97.746403833980267, 18.485475065044884, 2091.0 ], [ -97.746402582377684, 18.485470736193218, 2091.0 ], [ -97.746402555758408, 18.485462696897262, 2091.0 ], [ -97.746403994560396, 18.48545651282345, 2091.0 ], [ -97.74640782818777, 18.485447855120118, 2091.0 ], [ -97.746412481369987, 18.485441052638926, 2091.0 ], [ -97.746422542214674, 18.485429921306068, 2091.0 ], [ -97.7464305789251, 18.485423073016921, 2091.0 ], [ -97.746457800041057, 18.485408242691765, 2091.0 ], [ -97.746466225624559, 18.485402220920275, 2091.0 ], [ -97.746475947451685, 18.485393435257688, 2091.0 ], [ -97.746481873136801, 18.485386632789393, 2091.0 ], [ -97.746488882882787, 18.485375501456531, 2091.0 ], [ -97.746493576364884, 18.485364988531053, 2091.0 ], [ -97.746498136092427, 18.485350146753909, 2091.0 ], [ -97.746502065623517, 18.485323555236523, 2091.0 ], [ -97.74650206676057, 18.485294490089615, 2091.0 ], [ -97.746497471918062, 18.4852524383877, 2091.0 ], [ -97.746490375206733, 18.485222754833408, 2091.0 ], [ -97.746483097045385, 18.485202347389833, 2091.0 ], [ -97.746479323086106, 18.485195544908642, 2091.0 ], [ -97.746474651208075, 18.485189979265854, 2091.0 ], [ -97.746470762477216, 18.485186792065711, 2091.0 ], [ -97.746465577502761, 18.485184357356932, 2091.0 ], [ -97.746452615066588, 18.485182403751796, 2091.0 ], [ -97.746447500159334, 18.485176374279831, 2091.0 ], [ -97.746448020603097, 18.485175137465067, 2091.0 ], [ -97.746449374457541, 18.485175013783593, 2091.0 ], [ -97.746459096284667, 18.485175910474293, 2091.0 ], [ -97.746464281259136, 18.485173282207466, 2091.0 ], [ -97.74646953824714, 18.485165861354353, 2091.0 ], [ -97.746476021522753, 18.485149782762445, 2091.0 ], [ -97.746480001660444, 18.485131230541011, 2091.0 ], [ -97.74648488136603, 18.485096599727672, 2091.0 ], [ -97.746492103360765, 18.485065060951239, 2091.0 ], [ -97.746500545699703, 18.485037851026473, 2091.0 ], [ -97.746521374143057, 18.484987141621225, 2091.0 ], [ -97.746529862639491, 18.484953747622647, 2091.0 ], [ -97.746537065338231, 18.484908603883831, 2091.0 ], [ -97.746537065338231, 18.484894380514067, 2091.0 ], [ -97.746532163115802, 18.484873354663108, 2091.0 ], [ -97.746531532608088, 18.484866552181916, 2091.0 ], [ -97.746532811237614, 18.484852947219533, 2091.0 ], [ -97.746536815348392, 18.484842434294055, 2091.0 ], [ -97.746547296009922, 18.484828210924292, 2091.0 ], [ -97.746552442028133, 18.484818934813575, 2091.0 ], [ -97.746555128967273, 18.484810895517622, 2091.0 ], [ -97.746556059936665, 18.484801619406905, 2091.0 ], [ -97.746555183519845, 18.484791724888808, 2091.0 ], [ -97.746552511426088, 18.484782448778095, 2091.0 ], [ -97.746540631972181, 18.48475771248285, 2091.0 ], [ -97.746536172924351, 18.484745344335231, 2091.0 ], [ -97.746534108200649, 18.484734213002369, 2091.0 ], [ -97.746532458346366, 18.484706384670222, 2091.0 ], [ -97.746527297902531, 18.484689069263553, 2091.0 ], [ -97.746523365594257, 18.484682266782361, 2091.0 ], [ -97.74651742724744, 18.484675567369067, 2091.0 ], [ -97.746495391105938, 18.484657375885273, 2091.0 ], [ -97.746484976458959, 18.484646399154261, 2091.0 ], [ -97.74645072962133, 18.484596308156394, 2091.0 ], [ -97.746439608689954, 18.4845765191202, 2091.0 ], [ -97.746431134458078, 18.48455796689877, 2091.0 ], [ -97.746423409077593, 18.484536941047811, 2091.0 ], [ -97.746413657960346, 18.484503547049233, 2091.0 ] ] } },
{ "type": "Feature", "properties": { "FID": 66, "elev": 2090.0, "elevation": 2090.0, "ELEVATION": 2090.0, "is_master": true, "tipo": "Maestra (5m)" }, "geometry": { "type": "LineString", "coordinates": [ [ -97.74667621708781, 18.486102130129282, 2090.0 ], [ -97.746673331903111, 18.486076157019276, 2090.0 ], [ -97.746673556379932, 18.48607182816761, 2090.0 ], [ -97.746676971461795, 18.486063170464273, 2090.0 ], [ -97.7466774207453, 18.486059460019987, 2090.0 ], [ -97.746675754146366, 18.486040907798557, 2090.0 ], [ -97.746673013873121, 18.48603039487308, 2090.0 ], [ -97.746667092552116, 18.486016789910696, 2090.0 ], [ -97.74666377075134, 18.486006276985215, 2090.0 ], [ -97.746657517576111, 18.485971027764496, 2090.0 ], [ -97.746650983548108, 18.485948146691396, 2090.0 ], [ -97.746639305763125, 18.485924028803534, 2090.0 ], [ -97.746615241790778, 18.485883832323765, 2090.0 ], [ -97.746600433133338, 18.48586342488019, 2090.0 ], [ -97.746583417831573, 18.485844254251379, 2090.0 ], [ -97.746574443963198, 18.485830030881612, 2090.0 ], [ -97.746568512354031, 18.485815807511848, 2090.0 ], [ -97.74656656020754, 18.485808386623276, 2090.0 ], [ -97.746566814129238, 18.485805912993751, 2090.0 ], [ -97.746570034965075, 18.485802202549465, 2090.0 ], [ -97.746569925113917, 18.485797205533501, 2090.0 ], [ -97.746567980748495, 18.485795713287597, 2090.0 ], [ -97.746566684504884, 18.485796208754849, 2090.0 ], [ -97.7465647401403, 18.485798492105179, 2090.0 ], [ -97.746562912648457, 18.48580529458637, 2090.0 ], [ -97.746558956898696, 18.48580467617899, 2090.0 ], [ -97.746559979796515, 18.485799728919943, 2090.0 ], [ -97.746559555164993, 18.485793639985729, 2090.0 ], [ -97.746551777700844, 18.48578179510589, 2090.0 ], [ -97.746547839872292, 18.485773137402557, 2090.0 ], [ -97.746542541967514, 18.485750874736837, 2090.0 ], [ -97.746541893845702, 18.48572366481207, 2090.0 ], [ -97.746549393933236, 18.485675429036348, 2090.0 ], [ -97.746550686129709, 18.485661205666585, 2090.0 ], [ -97.746551061358133, 18.485637087778723, 2090.0 ], [ -97.746548365143553, 18.485576483855379, 2090.0 ], [ -97.746546772762656, 18.485502893377031, 2090.0 ], [ -97.746544038366395, 18.485488670007268, 2090.0 ], [ -97.746536701826429, 18.485464552119407, 2090.0 ], [ -97.746536715352448, 18.485450328749643, 2090.0 ], [ -97.746540028771776, 18.48543734219464, 2090.0 ], [ -97.746550599299994, 18.485416316343684, 2090.0 ], [ -97.746556472985716, 18.485401474566537, 2090.0 ], [ -97.746563599445068, 18.485373027827009, 2090.0 ], [ -97.746566252423676, 18.485348909939148, 2090.0 ], [ -97.746567312986627, 18.485311187088904, 2090.0 ], [ -97.746566877562444, 18.485300055756042, 2090.0 ], [ -97.746563721662326, 18.485280885127231, 2090.0 ], [ -97.746564124423742, 18.485277174682945, 2090.0 ], [ -97.746567417626267, 18.485271609016515, 2090.0 ], [ -97.74656745806962, 18.485268516979609, 2090.0 ], [ -97.746564740139448, 18.485264078997226, 2090.0 ], [ -97.74655890704318, 18.485261791799338, 2090.0 ], [ -97.746555716289663, 18.485263569720562, 2090.0 ], [ -97.746553722068711, 18.485269181194944, 2090.0 ], [ -97.746549185216054, 18.485272347669774, 2090.0 ], [ -97.746544648363397, 18.48527156484456, 2090.0 ], [ -97.746541452972153, 18.485268516979609, 2090.0 ], [ -97.746540595739674, 18.485266043350084, 2090.0 ], [ -97.746542055876162, 18.485259710005526, 2090.0 ], [ -97.74654588824859, 18.485255530424606, 2090.0 ], [ -97.746550589479966, 18.4852524383877, 2090.0 ], [ -97.746552425825087, 18.485249037147106, 2090.0 ], [ -97.746553484950979, 18.485231412536745, 2090.0 ], [ -97.746553249708754, 18.485222754833408, 2090.0 ], [ -97.746551294358213, 18.48521162350055, 2090.0 ], [ -97.746541918395778, 18.485184413575784, 2090.0 ], [ -97.746541227720513, 18.485171427020781, 2090.0 ], [ -97.74654394880335, 18.485160914095303, 2090.0 ], [ -97.746549185216054, 18.485154101476287, 2090.0 ], [ -97.746552425825087, 18.485152230977967, 2090.0 ], [ -97.746556962677758, 18.485151508550484, 2090.0 ], [ -97.746562795774025, 18.485154614348172, 2090.0 ], [ -97.746566684504884, 18.485154854493267, 2090.0 ], [ -97.746570069907094, 18.48515163798459, 2090.0 ], [ -97.746569302711237, 18.4851479275403, 2090.0 ], [ -97.746564711960247, 18.485138651429587, 2090.0 ], [ -97.746553241978475, 18.485096599727672, 2090.0 ], [ -97.746543241013171, 18.485072481839811, 2090.0 ], [ -97.746542136891378, 18.485063824136478, 2090.0 ], [ -97.746542598897136, 18.485055784840522, 2090.0 ], [ -97.74654474963242, 18.485048982359331, 2090.0 ], [ -97.746547426028286, 18.485045271915045, 2090.0 ], [ -97.746561107642805, 18.485038469433853, 2090.0 ], [ -97.746564740139448, 18.485037796461114, 2090.0 ], [ -97.746567355773891, 18.485033522174806, 2090.0 ], [ -97.746566855438104, 18.485020535619803, 2090.0 ], [ -97.7465646207486, 18.485011259509086, 2090.0 ], [ -97.746564554961793, 18.484996417731942, 2090.0 ], [ -97.746568464977429, 18.48496673417765, 2090.0 ], [ -97.746573705824474, 18.48494385310455, 2090.0 ], [ -97.746580234571482, 18.484923445660975, 2090.0 ], [ -97.746593765194447, 18.484891288477161, 2090.0 ], [ -97.74662253985484, 18.484833776590722, 2090.0 ], [ -97.746626901915803, 18.484815842776673, 2090.0 ], [ -97.746628605856714, 18.484813987554528, 2090.0 ], [ -97.746611575468037, 18.484796053740478, 2090.0 ], [ -97.746609994806818, 18.484792343296192, 2090.0 ], [ -97.746608251687832, 18.484782448778095, 2090.0 ], [ -97.746602403217878, 18.484770080630472, 2090.0 ], [ -97.74658094318238, 18.484738541854039, 2090.0 ], [ -97.746570604851428, 18.48472122644737, 2090.0 ], [ -97.746540021493814, 18.484649491191163, 2090.0 ], [ -97.746534761759534, 18.484630938969733, 2090.0 ], [ -97.74653150665948, 18.484611768340919, 2090.0 ], [ -97.746531739937367, 18.484579611157105, 2090.0 ], [ -97.746533630280254, 18.484571571861153, 2090.0 ], [ -97.74654205586377, 18.484563532565197, 2090.0 ], [ -97.746545443785607, 18.48455858530615, 2090.0 ], [ -97.746546119101339, 18.484549927602814, 2090.0 ], [ -97.74654409067719, 18.484544361936386, 2090.0 ], [ -97.74654140775435, 18.484540857627891, 2090.0 ], [ -97.746536870901693, 18.484537479660691, 2090.0 ], [ -97.746534278414458, 18.484536971968179, 2090.0 ], [ -97.746529741576666, 18.484538796269955, 2090.0 ], [ -97.746520667856473, 18.484550958281783, 2090.0 ], [ -97.746516131003816, 18.484551164435306, 2090.0 ], [ -97.746510892019202, 18.484546217158528, 2090.0 ], [ -97.746508182983746, 18.484540033084716, 2090.0 ], [ -97.746508217095425, 18.484533230603525, 2090.0 ], [ -97.746510902821228, 18.484528283344478, 2090.0 ], [ -97.746518637074814, 18.484520244048522, 2090.0 ], [ -97.746520609815718, 18.484509731123044, 2090.0 ], [ -97.746520122069697, 18.484505402271378, 2090.0 ], [ -97.74651872349105, 18.484502801322687, 2090.0 ], [ -97.746512890389823, 18.484499836604947, 2090.0 ], [ -97.746509649785736, 18.484496881991905, 2090.0 ] ] } },
{ "type": "Feature", "properties": { "FID": 67, "elev": 2089.0, "elevation": 2089.0, "ELEVATION": 2089.0, "is_master": false, "tipo": "Ordinaria (1m)" }, "geometry": { "type": "LineString", "coordinates": [ [ -97.7467252891703, 18.486096564462851, 2089.0 ], [ -97.746722195160231, 18.486093472425946, 2089.0 ], [ -97.746722233738922, 18.486090115357307, 2089.0 ], [ -97.746724178104344, 18.486089514618708, 2089.0 ], [ -97.746730011200611, 18.486092562234802, 2089.0 ], [ -97.746733251809658, 18.486093206568569, 2089.0 ], [ -97.746734706131761, 18.486095327648091, 2089.0 ] ] } },
{ "type": "Feature", "properties": { "FID": 68, "elev": 2089.0, "elevation": 2089.0, "ELEVATION": 2089.0, "is_master": false, "tipo": "Ordinaria (1m)" }, "geometry": { "type": "LineString", "coordinates": [ [ -97.746739692520137, 18.486094709240707, 2089.0 ], [ -97.746742262793518, 18.486087906759515, 2089.0 ], [ -97.746741070205374, 18.486085433129993, 2089.0 ], [ -97.746738751025006, 18.486084196315229, 2089.0 ], [ -97.746728066835189, 18.486082909359329, 2089.0 ], [ -97.746724826226156, 18.48607957512553, 2089.0 ], [ -97.746723995820076, 18.486080485870943, 2089.0 ], [ -97.746726033073656, 18.486083577907849, 2089.0 ], [ -97.746724455870833, 18.486086669944754, 2089.0 ], [ -97.746721585617109, 18.486089111026523, 2089.0 ], [ -97.746718622774551, 18.486087906759515, 2089.0 ], [ -97.746717864143491, 18.486085433129993, 2089.0 ], [ -97.746718261915532, 18.486079867463562, 2089.0 ], [ -97.746730690185373, 18.486063788871654, 2089.0 ], [ -97.746734918408592, 18.486052039131415, 2089.0 ], [ -97.746734590322092, 18.486048328687129, 2089.0 ], [ -97.746730581934742, 18.486038434169032, 2089.0 ], [ -97.746725301515482, 18.486015553095932, 2089.0 ], [ -97.746722414610119, 18.485972882986641, 2089.0 ], [ -97.746720591830339, 18.485960514839018, 2089.0 ], [ -97.746720896987682, 18.485956804394732, 2089.0 ], [ -97.746722233729002, 18.485954330765207, 2089.0 ], [ -97.746728827673834, 18.485946291469254, 2089.0 ], [ -97.74673205158409, 18.485940725802823, 2089.0 ], [ -97.74673471471317, 18.485932068099491, 2089.0 ], [ -97.74673468449997, 18.485916607914962, 2089.0 ], [ -97.746732031815668, 18.485906713396865, 2089.0 ], [ -97.746724885146321, 18.485892490027101, 2089.0 ], [ -97.746715752520828, 18.485880612340505, 2089.0 ], [ -97.746707975059124, 18.485872701002727, 2089.0 ], [ -97.746689827648495, 18.485857240810954, 2089.0 ], [ -97.74667621709051, 18.485843635854128, 2089.0 ], [ -97.746665847141571, 18.485836855448785, 2089.0 ], [ -97.74666187199449, 18.485833122918518, 2089.0 ], [ -97.746654762023752, 18.485815189104468, 2089.0 ], [ -97.746656305348282, 18.485801584142084, 2089.0 ], [ -97.746654690187583, 18.485797873697798, 2089.0 ], [ -97.746645107243708, 18.485791931224004, 2089.0 ], [ -97.746641218512849, 18.485792221741967, 2089.0 ], [ -97.746632144807535, 18.485796188038968, 2089.0 ], [ -97.74663104696856, 18.485795400068273, 2089.0 ], [ -97.746629524141099, 18.48578674236494, 2089.0 ], [ -97.746623800239249, 18.485779321476368, 2089.0 ], [ -97.746622526999957, 18.485774992624698, 2089.0 ], [ -97.746619127445783, 18.485771282180412, 2089.0 ], [ -97.746618668765407, 18.485769426958271, 2089.0 ], [ -97.746618562428765, 18.485765716513985, 2089.0 ], [ -97.746619830493174, 18.485764527269019, 2089.0 ], [ -97.746624367345831, 18.48577136824742, 2089.0 ], [ -97.74662825607669, 18.485771301063082, 2089.0 ], [ -97.746632144807535, 18.485768645197997, 2089.0 ], [ -97.746633441051159, 18.485768932232364, 2089.0 ], [ -97.746634799020654, 18.485776229439463, 2089.0 ], [ -97.746637672185983, 18.48578241351327, 2089.0 ], [ -97.746637966190775, 18.48578612395756, 2089.0 ], [ -97.746644459121896, 18.485785878928219, 2089.0 ], [ -97.746648995974553, 18.485781850075437, 2089.0 ], [ -97.746648975720746, 18.485778084661604, 2089.0 ], [ -97.7466522365836, 18.485776457273758, 2089.0 ], [ -97.746653182131169, 18.485774374217318, 2089.0 ], [ -97.746652227550541, 18.485767571736126, 2089.0 ], [ -97.746655114553064, 18.48576386129184, 2089.0 ], [ -97.746655689896713, 18.485761387662315, 2089.0 ], [ -97.746653548539257, 18.485757058810648, 2089.0 ], [ -97.746654169375418, 18.485755203588504, 2089.0 ], [ -97.746656773436257, 18.485754657607213, 2089.0 ], [ -97.746659370536463, 18.485757677218029, 2089.0 ], [ -97.746659433821975, 18.485759532440174, 2089.0 ], [ -97.746657627000445, 18.485762624477079, 2089.0 ], [ -97.746658069679881, 18.485764557888661, 2089.0 ], [ -97.746662606532539, 18.485765114524497, 2089.0 ], [ -97.746665163013006, 18.485767571736126, 2089.0 ], [ -97.746666495263383, 18.485767628550938, 2089.0 ], [ -97.746667759100916, 18.48576447969922, 2089.0 ], [ -97.746672334745099, 18.485761387662315, 2089.0 ], [ -97.746674570332047, 18.485757058810648, 2089.0 ], [ -97.746673624603275, 18.485755542715133, 2089.0 ], [ -97.746667143385196, 18.485754847029295, 2089.0 ], [ -97.746665511367624, 18.485753348366362, 2089.0 ], [ -97.746666495263383, 18.485752166240687, 2089.0 ], [ -97.746670349882564, 18.485753348366362, 2089.0 ], [ -97.746672208538826, 18.485750256329457, 2089.0 ], [ -97.746675568968712, 18.485748510940283, 2089.0 ], [ -97.746675713866026, 18.485747164292551, 2089.0 ], [ -97.746674818511877, 18.48574098021874, 2089.0 ], [ -97.746673024490491, 18.485737269774454, 2089.0 ], [ -97.746669087750618, 18.485736379267827, 2089.0 ], [ -97.746666495263383, 18.48573417773909, 2089.0 ], [ -97.746665199019773, 18.485733729616257, 2089.0 ], [ -97.746660662167116, 18.485735398695713, 2089.0 ], [ -97.746657421558069, 18.485735496400348, 2089.0 ], [ -97.746656536318525, 18.485736651367073, 2089.0 ], [ -97.746657072569405, 18.485738506589215, 2089.0 ], [ -97.746662444502078, 18.485740361811359, 2089.0 ], [ -97.746660986228008, 18.48574159862612, 2089.0 ], [ -97.746658717801679, 18.485741650160069, 2089.0 ], [ -97.7466522365836, 18.485738582312568, 2089.0 ], [ -97.746649167925241, 18.485735414552313, 2089.0 ], [ -97.74664321688843, 18.485732940922787, 2089.0 ], [ -97.74664230643161, 18.485731704108023, 2089.0 ], [ -97.746642416129234, 18.485728612071121, 2089.0 ], [ -97.746646446695451, 18.48572366481207, 2089.0 ], [ -97.746652884705412, 18.485695218001627, 2089.0 ], [ -97.746658717801679, 18.485689033981, 2089.0 ], [ -97.746669087750618, 18.485684045512524, 2089.0 ], [ -97.746673624603275, 18.485683542541189, 2089.0 ], [ -97.746674642084827, 18.48568223151754, 2089.0 ], [ -97.746672328359665, 18.485679055152357, 2089.0 ], [ -97.746667143385196, 18.48568033212344, 2089.0 ], [ -97.746656773436257, 18.485677129656647, 2089.0 ], [ -97.746651588461788, 18.485677078122698, 2089.0 ], [ -97.74664575536552, 18.485671718620431, 2089.0 ], [ -97.746627508243833, 18.485627193260626, 2089.0 ], [ -97.746624198270581, 18.485614206705623, 2089.0 ], [ -97.746622314960106, 18.48560122015062, 2089.0 ], [ -97.746621592929671, 18.485565352522517, 2089.0 ], [ -97.746625845873709, 18.485518353561559, 2089.0 ], [ -97.746628062777205, 18.485462078489881, 2089.0 ], [ -97.74663005903372, 18.48543796060202, 2089.0 ], [ -97.74663595079943, 18.485402711381301, 2089.0 ], [ -97.746646298386494, 18.485362514901531, 2089.0 ], [ -97.746652375466851, 18.485343962680098, 2089.0 ], [ -97.746654180939728, 18.485329739310334, 2089.0 ], [ -97.746652433838065, 18.485318607977476, 2089.0 ], [ -97.746645613588868, 18.485301292570806, 2089.0 ], [ -97.746637920292983, 18.485276556275561, 2089.0 ], [ -97.746625738372742, 18.485227702092459, 2089.0 ], [ -97.74661321179471, 18.485190597649595, 2089.0 ], [ -97.746610565675013, 18.485176992687212, 2089.0 ], [ -97.746609272379843, 18.485161532502683, 2089.0 ], [ -97.746609927659051, 18.485135559392681, 2089.0 ], [ -97.746611967924565, 18.485125046467203, 2089.0 ], [ -97.746615941762329, 18.485118540821553, 2089.0 ], [ -97.746625076868654, 18.485110204690056, 2089.0 ], [ -97.746627145010734, 18.485103402208864, 2089.0 ], [ -97.746626365721411, 18.485099691764578, 2089.0 ], [ -97.746622185862677, 18.485092889283386, 2089.0 ], [ -97.7466270483431, 18.485085468394814, 2089.0 ], [ -97.746626702360018, 18.485078047506242, 2089.0 ], [ -97.746625663589455, 18.485076778773678, 2089.0 ], [ -97.746619830493174, 18.485077435045085, 2089.0 ], [ -97.746615293640517, 18.485073233629176, 2089.0 ], [ -97.746611941286332, 18.485067534580764, 2089.0 ], [ -97.74661122991678, 18.485063205729094, 2089.0 ], [ -97.746611404909672, 18.485055702386205, 2089.0 ], [ -97.746617097579545, 18.485050837581475, 2089.0 ], [ -97.746615941762329, 18.485049935737376, 2089.0 ], [ -97.746612701153282, 18.485051868260442, 2089.0 ], [ -97.746609979041679, 18.485048982359331, 2089.0 ], [ -97.746610173478231, 18.485041561470759, 2089.0 ], [ -97.746614744145944, 18.485033522174806, 2089.0 ], [ -97.746615103016453, 18.485031048545281, 2089.0 ], [ -97.746613833504028, 18.485020535619803, 2089.0 ], [ -97.746613550912983, 18.485001983398369, 2089.0 ], [ -97.746611878257056, 18.484990233658131, 2089.0 ], [ -97.746611879696573, 18.484974155066222, 2089.0 ], [ -97.746613238620142, 18.484963642140745, 2089.0 ], [ -97.74661786861094, 18.484946326734075, 2089.0 ], [ -97.746623699583978, 18.484932103364311, 2089.0 ], [ -97.746628937435503, 18.484922208846214, 2089.0 ], [ -97.746647720980832, 18.484892525291922, 2089.0 ], [ -97.746660719354324, 18.484864078552395, 2089.0 ], [ -97.746668578512057, 18.484836250220248, 2089.0 ], [ -97.746669937510319, 18.484825118887386, 2089.0 ], [ -97.746669929564007, 18.484813987554528, 2089.0 ], [ -97.74666649525976, 18.484802237814289, 2089.0 ], [ -97.74665551191346, 18.484786777629761, 2089.0 ], [ -97.746650323833876, 18.484773172667378, 2089.0 ], [ -97.746646492883428, 18.484766988593567, 2089.0 ], [ -97.746642669071193, 18.484751528409042, 2089.0 ], [ -97.746639427939044, 18.484742870705706, 2089.0 ], [ -97.746612784781902, 18.48469958218903, 2089.0 ], [ -97.746599630696807, 18.484671135449503, 2089.0 ], [ -97.746595037262082, 18.484654438450214, 2089.0 ], [ -97.746593064029824, 18.484637123043544, 2089.0 ], [ -97.746593734588686, 18.484620426044255, 2089.0 ], [ -97.746598592040073, 18.484596308156394, 2089.0 ], [ -97.746599600592788, 18.484585795230917, 2089.0 ], [ -97.746599275772965, 18.484569098231628, 2089.0 ], [ -97.746596612063556, 18.48455425645448, 2089.0 ], [ -97.746591977458451, 18.484540651492097, 2089.0 ], [ -97.746586099979922, 18.484529520159239, 2089.0 ], [ -97.746579017605384, 18.484520244048522, 2089.0 ], [ -97.746562710774441, 18.484502310234472, 2089.0 ], [ -97.746556962674376, 18.484493652531139, 2089.0 ] ] } },
{ "type": "Feature", "properties": { "FID": 69, "elev": 2088.0, "elevation": 2088.0, "ELEVATION": 2088.0, "is_master": false, "tipo": "Ordinaria (1m)" }, "geometry": { "type": "LineString", "coordinates": [ [ -97.746824588975642, 18.486084814722613, 2088.0 ], [ -97.746829357871903, 18.486055749575701, 2088.0 ], [ -97.746829368273865, 18.486035960539507, 2088.0 ], [ -97.746821887693756, 18.485987106356404, 2088.0 ], [ -97.74681832576573, 18.485943199432349, 2088.0 ], [ -97.74681563398353, 18.485928357655201, 2088.0 ], [ -97.746810507929226, 18.485914134285437, 2088.0 ], [ -97.746801356449296, 18.485897437286148, 2088.0 ], [ -97.746790358542341, 18.485881977101624, 2088.0 ], [ -97.746768191467154, 18.485854767176857, 2088.0 ], [ -97.746751399217203, 18.485828175659471, 2088.0 ], [ -97.746744759572437, 18.485813952289707, 2088.0 ], [ -97.746738955281572, 18.485789834401846, 2088.0 ], [ -97.746734548053283, 18.485786704309099, 2088.0 ], [ -97.746728832797331, 18.485784887142795, 2088.0 ], [ -97.746726710408836, 18.485778703068984, 2088.0 ], [ -97.746726915605137, 18.485773137402557, 2088.0 ], [ -97.746725390176294, 18.485771282180412, 2088.0 ], [ -97.746725239683173, 18.485768808550887, 2088.0 ], [ -97.746722847201809, 18.485766953328746, 2088.0 ], [ -97.746724196516894, 18.485758295625409, 2088.0 ], [ -97.746719570029512, 18.485749637922076, 2088.0 ], [ -97.746722196703388, 18.48574159862612, 2088.0 ], [ -97.746720037326128, 18.485739124996599, 2088.0 ], [ -97.746719538916665, 18.485733559330168, 2088.0 ], [ -97.74671769688625, 18.485732378734259, 2088.0 ], [ -97.74671769688625, 18.485731394904334, 2088.0 ], [ -97.746719641251687, 18.48573181654573, 2088.0 ], [ -97.746722723782241, 18.485735414552313, 2088.0 ], [ -97.746726569882881, 18.485737888181834, 2088.0 ], [ -97.746726742102709, 18.485742217033504, 2088.0 ], [ -97.746730662309162, 18.485749637922076, 2088.0 ], [ -97.746731879051666, 18.485756440403268, 2088.0 ], [ -97.746736680963224, 18.485762624477079, 2088.0 ], [ -97.746736425813296, 18.485768190143506, 2088.0 ], [ -97.746744593941315, 18.485776847846843, 2088.0 ], [ -97.746746214245832, 18.485777353816516, 2088.0 ], [ -97.746750143484292, 18.485773137402557, 2088.0 ], [ -97.746749940946231, 18.485757677218029, 2088.0 ], [ -97.746754786573902, 18.48574159862612, 2088.0 ], [ -97.746754125801701, 18.48572366481207, 2088.0 ], [ -97.746744390863142, 18.485693362850398, 2088.0 ], [ -97.74673639270766, 18.485674192221587, 2088.0 ], [ -97.746732673129472, 18.485658732037059, 2088.0 ], [ -97.746727431177263, 18.485645127074676, 2088.0 ], [ -97.746719122754243, 18.485630903704912, 2088.0 ], [ -97.746696331215603, 18.48560122015062, 2088.0 ], [ -97.746688369374425, 18.485586378373476, 2088.0 ], [ -97.746681351430468, 18.485565970929901, 2088.0 ], [ -97.746676697463144, 18.485542471449421, 2088.0 ], [ -97.746675328536426, 18.485515879932034, 2088.0 ], [ -97.746676682047465, 18.485487433192503, 2088.0 ], [ -97.746681946167243, 18.485458368045595, 2088.0 ], [ -97.746689790612962, 18.485431776528209, 2088.0 ], [ -97.746695786768456, 18.485418171565826, 2088.0 ], [ -97.746702719380465, 18.485407040232968, 2088.0 ], [ -97.746709919421747, 18.485398382529631, 2088.0 ], [ -97.746732066961982, 18.485376119863915, 2088.0 ], [ -97.746740354144478, 18.485364370123673, 2088.0 ], [ -97.746743767585997, 18.48535633082772, 2088.0 ], [ -97.746744299340492, 18.485349528346529, 2088.0 ], [ -97.746756058690593, 18.485330357717714, 2088.0 ], [ -97.746756243078025, 18.485319844792237, 2088.0 ], [ -97.74675719991049, 18.485316752755331, 2088.0 ], [ -97.746750102976677, 18.485310484829672, 2088.0 ], [ -97.746734548053283, 18.485308529022088, 2088.0 ], [ -97.746725474347954, 18.485308566994473, 2088.0 ], [ -97.746720289373485, 18.485309900133, 2088.0 ], [ -97.746718276456718, 18.485308095051998, 2088.0 ], [ -97.74671781670709, 18.485296963719136, 2088.0 ], [ -97.746719131155814, 18.48529325327485, 2088.0 ], [ -97.746718345008063, 18.485291521734183, 2088.0 ], [ -97.74671510439903, 18.485290855368678, 2088.0 ], [ -97.7467137942173, 18.485289542830564, 2088.0 ], [ -97.746712348519736, 18.485285832386278, 2088.0 ], [ -97.746712236951026, 18.485282121941992, 2088.0 ], [ -97.746713160033593, 18.485280953839162, 2088.0 ], [ -97.746717048764452, 18.485280171580253, 2088.0 ], [ -97.746720237523746, 18.485276556275561, 2088.0 ], [ -97.746721291016286, 18.48526975379437, 2088.0 ], [ -97.746720409954293, 18.485262332905798, 2088.0 ], [ -97.746716265617266, 18.485253056795081, 2088.0 ], [ -97.746693762673758, 18.485215333944836, 2088.0 ], [ -97.746682588457446, 18.485189360834834, 2088.0 ], [ -97.746679938564128, 18.485177611094592, 2088.0 ], [ -97.74667705964886, 18.485151019577206, 2088.0 ], [ -97.74667736376756, 18.48514730913292, 2088.0 ], [ -97.746682801185074, 18.485133085763156, 2088.0 ], [ -97.746682881112193, 18.485123191245059, 2088.0 ], [ -97.746678905202273, 18.485112059912201, 2088.0 ], [ -97.746669660509426, 18.485100928579342, 2088.0 ], [ -97.746669724979625, 18.485095362912912, 2088.0 ], [ -97.746671101065175, 18.485093507690767, 2088.0 ], [ -97.746670313365584, 18.485087942024339, 2088.0 ], [ -97.746671442758114, 18.485085468394814, 2088.0 ], [ -97.746671212987252, 18.485082376357909, 2088.0 ], [ -97.74666973587243, 18.485080567411149, 2088.0 ], [ -97.746664646916003, 18.485080521135767, 2088.0 ], [ -97.746661753065197, 18.485078665913623, 2088.0 ], [ -97.746661958410726, 18.485077334765531, 2088.0 ], [ -97.746665199019773, 18.485074831787859, 2088.0 ], [ -97.746668439628806, 18.48507567628813, 2088.0 ], [ -97.746670885063196, 18.485074337061956, 2088.0 ], [ -97.746667165734223, 18.485065060951239, 2088.0 ], [ -97.746667117968656, 18.485059495284808, 2088.0 ], [ -97.746668606288708, 18.485057021655287, 2088.0 ], [ -97.746667296577627, 18.485054548025762, 2088.0 ], [ -97.746667791507008, 18.485053358780796, 2088.0 ], [ -97.746671680237853, 18.485052556139003, 2088.0 ], [ -97.746673624603275, 18.485051069484243, 2088.0 ], [ -97.746681402064979, 18.485050106736388, 2088.0 ], [ -97.74668368410731, 18.485044653507664, 2088.0 ], [ -97.746683346430402, 18.485042696907261, 2088.0 ], [ -97.746678735506677, 18.485035995804328, 2088.0 ], [ -97.746676750837892, 18.4850304301379, 2088.0 ], [ -97.746676703181876, 18.485023009249328, 2088.0 ], [ -97.746679592724931, 18.485015588360753, 2088.0 ], [ -97.746680254570634, 18.485004457027895, 2088.0 ], [ -97.746673555161664, 18.484974773473603, 2088.0 ], [ -97.746673449713271, 18.484970444621936, 2088.0 ], [ -97.746674150437954, 18.484967352585031, 2088.0 ], [ -97.74667862440009, 18.484959313289078, 2088.0 ], [ -97.746677124461044, 18.484953129215267, 2088.0 ], [ -97.746677443266904, 18.4849488003636, 2088.0 ], [ -97.746680203039631, 18.484941997882409, 2088.0 ], [ -97.746682587989994, 18.484931484956931, 2088.0 ], [ -97.746687181151103, 18.484922208846214, 2088.0 ], [ -97.74669571365267, 18.484910459105972, 2088.0 ], [ -97.746702284769356, 18.484898090958353, 2088.0 ], [ -97.746707446590577, 18.484883867588589, 2088.0 ], [ -97.746711989813662, 18.484864696959775, 2088.0 ], [ -97.746715284888637, 18.484838105442389, 2088.0 ], [ -97.746715672926925, 18.4848214084431, 2088.0 ], [ -97.746715315038614, 18.484804711443811, 2088.0 ], [ -97.746712030449871, 18.484765133371425, 2088.0 ], [ -97.746708697964223, 18.484752765223803, 2088.0 ], [ -97.746704230355348, 18.484744107520466, 2088.0 ], [ -97.746706223993186, 18.484735449817133, 2088.0 ], [ -97.746704120439958, 18.484726173706417, 2088.0 ], [ -97.746700894634088, 18.484720608039986, 2088.0 ], [ -97.746686638889187, 18.484704529448081, 2088.0 ], [ -97.746679947391584, 18.484693398115219, 2088.0 ], [ -97.74665347766792, 18.484629702154972, 2088.0 ], [ -97.746646278044395, 18.484604965859727, 2088.0 ], [ -97.746639425079906, 18.484562914157816, 2088.0 ], [ -97.74663488758388, 18.484544980343767, 2088.0 ], [ -97.746627666875042, 18.484527046529713, 2088.0 ], [ -97.746607795760767, 18.484490560494233, 2088.0 ] ] } },
{ "type": "Feature", "properties": { "FID": 70, "elev": 2109.0, "elevation": 2109.0, "ELEVATION": 2109.0, "is_master": false, "tipo": "Ordinaria (1m)" }, "geometry": { "type": "LineString", "coordinates": [ [ -97.745211153173898, 18.486094090833326, 2109.0 ], [ -97.745212758046947, 18.486093029142779, 2109.0 ], [ -97.745212569882554, 18.486091617203805, 2109.0 ], [ -97.745208869316087, 18.486090049860959, 2109.0 ], [ -97.745207680580833, 18.486091617203805, 2109.0 ], [ -97.745208124729643, 18.486093472425946, 2109.0 ], [ -97.745211153173898, 18.486094090833326, 2109.0 ] ] } },
{ "type": "Feature", "properties": { "FID": 71, "elev": 2110.0, "elevation": 2110.0, "ELEVATION": 2110.0, "is_master": true, "tipo": "Maestra (5m)" }, "geometry": { "type": "LineString", "coordinates": [ [ -97.744818292032534, 18.486089143574279, 2110.0 ], [ -97.744819996231001, 18.486084681841685, 2110.0 ], [ -97.744824231631654, 18.486081722685707, 2110.0 ], [ -97.744825343235917, 18.486079867463562, 2110.0 ], [ -97.744825109191936, 18.486075538611896, 2110.0 ], [ -97.744822588718236, 18.4860736311594, 2110.0 ], [ -97.744818699987377, 18.486074207636339, 2110.0 ], [ -97.74481416313472, 18.486077519081103, 2110.0 ], [ -97.744811454911456, 18.486082341093088, 2110.0 ], [ -97.744813408041352, 18.486088525166899, 2110.0 ], [ -97.744816755621954, 18.486089589402855, 2110.0 ], [ -97.744818292032534, 18.486089143574279, 2110.0 ] ] } },
{ "type": "Feature", "properties": { "FID": 72, "elev": 2110.0, "elevation": 2110.0, "ELEVATION": 2110.0, "is_master": true, "tipo": "Maestra (5m)" }, "geometry": { "type": "LineString", "coordinates": [ [ -97.744758424659196, 18.486086715194077, 2110.0 ], [ -97.744753239684727, 18.486086809304165, 2110.0 ], [ -97.744749302344744, 18.486084196315229, 2110.0 ], [ -97.744747619786409, 18.486078630648802, 2110.0 ], [ -97.744749350953882, 18.486074444506528, 2110.0 ], [ -97.744756480293773, 18.486072895419056, 2110.0 ], [ -97.744759072781008, 18.486074195175171, 2110.0 ], [ -97.744760562082178, 18.486080485870943, 2110.0 ], [ -97.744758384151581, 18.486082341093088, 2110.0 ], [ -97.744759150555623, 18.486085433129993, 2110.0 ], [ -97.744758424659196, 18.486086715194077, 2110.0 ] ] } },
{ "type": "Feature", "properties": { "FID": 73, "elev": 2087.0, "elevation": 2087.0, "ELEVATION": 2087.0, "is_master": false, "tipo": "Ordinaria (1m)" }, "geometry": { "type": "LineString", "coordinates": [ [ -97.74686076853861, 18.486081104278323, 2087.0 ], [ -97.746863713525812, 18.486050183909271, 2087.0 ], [ -97.746863989611384, 18.485998856096643, 2087.0 ], [ -97.746872742973096, 18.485950620320921, 2087.0 ], [ -97.746874739618377, 18.485932068099491, 2087.0 ], [ -97.746874067074586, 18.485914134285437, 2087.0 ], [ -97.746872100333519, 18.485903621359959, 2087.0 ], [ -97.746868788629484, 18.485893726841862, 2087.0 ], [ -97.746861679638783, 18.485881358694243, 2087.0 ], [ -97.746856394953269, 18.485875062182725, 2087.0 ], [ -97.746830470080937, 18.485851162745263, 2087.0 ], [ -97.746822597772137, 18.485842399029234, 2087.0 ], [ -97.746812925574304, 18.485828794066851, 2087.0 ], [ -97.746804450690831, 18.485811478660182, 2087.0 ], [ -97.746800595334179, 18.485800347327324, 2087.0 ], [ -97.746797875826118, 18.485785505550176, 2087.0 ], [ -97.746794321609741, 18.485724901626831, 2087.0 ], [ -97.74678562140204, 18.485687178776587, 2087.0 ], [ -97.746778771062253, 18.48564141663039, 2087.0 ], [ -97.746774159733221, 18.485621627594195, 2087.0 ], [ -97.746769656482087, 18.485609877853957, 2087.0 ], [ -97.746760553940845, 18.485593799262048, 2087.0 ], [ -97.746733899928614, 18.48555978685609, 2087.0 ], [ -97.746725406124611, 18.485547418708467, 2087.0 ], [ -97.746718947487494, 18.485533195338704, 2087.0 ], [ -97.74671560592185, 18.485518353561559, 2087.0 ], [ -97.746714915060068, 18.485501038154887, 2087.0 ], [ -97.746716890502142, 18.485484959562982, 2087.0 ], [ -97.746722159902248, 18.485467025748928, 2087.0 ], [ -97.746731162469615, 18.485445381490592, 2087.0 ], [ -97.746740440069715, 18.485427447676543, 2087.0 ], [ -97.746752062773581, 18.485409513862493, 2087.0 ], [ -97.74679091150341, 18.485364370123673, 2087.0 ], [ -97.746803260749004, 18.485347054717003, 2087.0 ], [ -97.746808457943956, 18.485337160198906, 2087.0 ], [ -97.746812447746436, 18.485326028866048, 2087.0 ], [ -97.746813761720418, 18.485319844792237, 2087.0 ], [ -97.746814464767795, 18.485306858237234, 2087.0 ], [ -97.746811699476254, 18.485288924423184, 2087.0 ], [ -97.746804648908082, 18.485271609016515, 2087.0 ], [ -97.746795566021035, 18.485257385646751, 2087.0 ], [ -97.746769495797849, 18.485226465277698, 2087.0 ], [ -97.746756535279914, 18.485207294648884, 2087.0 ], [ -97.746744175608143, 18.485185031983164, 2087.0 ], [ -97.746740332782252, 18.485173282242926, 2087.0 ], [ -97.74673919928037, 18.485165861354353, 2087.0 ], [ -97.746736345674137, 18.485159058873162, 2087.0 ], [ -97.746736039762197, 18.485120099208153, 2087.0 ], [ -97.746733720845185, 18.485063205729094, 2087.0 ], [ -97.746742477203057, 18.485008785879561, 2087.0 ], [ -97.7467480118667, 18.484962405325984, 2087.0 ], [ -97.746758057198875, 18.484909222291211, 2087.0 ], [ -97.74676131008296, 18.484885722810731, 2087.0 ], [ -97.746763920933645, 18.484850473590011, 2087.0 ], [ -97.746764249481544, 18.48482079003572, 2087.0 ], [ -97.746763261554975, 18.484791724888808, 2087.0 ], [ -97.746760658103284, 18.484761422927136, 2087.0 ], [ -97.746758015113045, 18.48474472592785, 2087.0 ], [ -97.74675404497782, 18.484731739372847, 2087.0 ], [ -97.74674540609395, 18.484713187151414, 2087.0 ], [ -97.746742171200268, 18.484701437411175, 2087.0 ], [ -97.746742221815495, 18.484685977226647, 2087.0 ], [ -97.746748276451584, 18.484668043412597, 2087.0 ], [ -97.746750299377226, 18.484656293672359, 2087.0 ], [ -97.746750270233917, 18.484643925524736, 2087.0 ], [ -97.746748290432635, 18.484632794191878, 2087.0 ], [ -97.746742383382994, 18.484614241970444, 2087.0 ], [ -97.746737788662315, 18.484608676310462, 2087.0 ], [ -97.746734548053283, 18.48460678243141, 2087.0 ], [ -97.746730659319766, 18.484606202674492, 2087.0 ], [ -97.746731274207221, 18.484601873822822, 2087.0 ], [ -97.746728680845322, 18.48459878178592, 2087.0 ], [ -97.746726834603606, 18.484591979304728, 2087.0 ], [ -97.746719770876041, 18.484583940008772, 2087.0 ], [ -97.746709826835726, 18.484564769379961, 2087.0 ], [ -97.746706589419404, 18.484556111676625, 2087.0 ], [ -97.746705918948564, 18.484549309195433, 2087.0 ], [ -97.746708623180936, 18.484546205490464, 2087.0 ], [ -97.746712511887011, 18.484546217158528, 2087.0 ], [ -97.746711804869818, 18.484544361936386, 2087.0 ], [ -97.746715144406537, 18.484540651492097, 2087.0 ], [ -97.746715909641267, 18.484536941047811, 2087.0 ], [ -97.746714456277218, 18.484534720403126, 2087.0 ], [ -97.746709919424561, 18.484534394915354, 2087.0 ], [ -97.746704685840953, 18.484530138566619, 2087.0 ], [ -97.746704760374953, 18.484522717678047, 2087.0 ], [ -97.746708087775971, 18.484516533604236, 2087.0 ], [ -97.746708052833753, 18.484512204752569, 2087.0 ], [ -97.74669952001554, 18.484494270938519, 2087.0 ], [ -97.746696308866575, 18.484490541169002, 2087.0 ], [ -97.746689122339461, 18.484484994827802, 2087.0 ] ] } },
{ "type": "Feature", "properties": { "FID": 74, "elev": 2110.0, "elevation": 2110.0, "ELEVATION": 2110.0, "is_master": true, "tipo": "Maestra (5m)" }, "geometry": { "type": "LineString", "coordinates": [ [ -97.744895480817632, 18.486083577907849, 2110.0 ], [ -97.74489971521345, 18.486081732199665, 2110.0 ], [ -97.744902931365061, 18.486078630648802, 2110.0 ], [ -97.744902351115542, 18.486073064982371, 2110.0 ], [ -97.744900363335248, 18.486071414233635, 2110.0 ], [ -97.744897122726215, 18.486072015774344, 2110.0 ], [ -97.744893233995356, 18.486075748637045, 2110.0 ], [ -97.744887400899088, 18.486075452465595, 2110.0 ], [ -97.744886104655464, 18.486077615826431, 2110.0 ], [ -97.744886028405844, 18.486081722685707, 2110.0 ], [ -97.744888481102095, 18.486083577907849, 2110.0 ], [ -97.744895480817632, 18.486083577907849, 2110.0 ] ] } },
{ "type": "Feature", "properties": { "FID": 75, "elev": 2086.0, "elevation": 2086.0, "ELEVATION": 2086.0, "is_master": false, "tipo": "Ordinaria (1m)" }, "geometry": { "type": "LineString", "coordinates": [ [ -97.746930928950633, 18.486073064982371, 2086.0 ], [ -97.746937544273507, 18.486055749575701, 2086.0 ], [ -97.746938260839215, 18.486045236650224, 2086.0 ], [ -97.746936785625593, 18.486035960539507, 2086.0 ], [ -97.746932873326671, 18.48602784394263, 2086.0 ], [ -97.746927688352201, 18.486022923843365, 2086.0 ], [ -97.746919910890512, 18.48601856267852, 2086.0 ], [ -97.746916022159652, 18.486014957592527, 2086.0 ], [ -97.746914234237423, 18.486009369022121, 2086.0 ], [ -97.746920021209107, 18.485989579985926, 2086.0 ], [ -97.746924998646705, 18.485961751653779, 2086.0 ], [ -97.746931077710514, 18.485937015358537, 2086.0 ], [ -97.74693306972722, 18.485922173581393, 2086.0 ], [ -97.746933050087165, 18.485894963656627, 2086.0 ], [ -97.746928506473182, 18.485868990546621, 2086.0 ], [ -97.74692067118724, 18.48584487265876, 2086.0 ], [ -97.746910984485595, 18.48582260999304, 2086.0 ], [ -97.746878521530363, 18.485762624477079, 2086.0 ], [ -97.746864655058872, 18.48574098021874, 2086.0 ], [ -97.746862112827898, 18.485731704108023, 2086.0 ], [ -97.746862349572396, 18.485725520034215, 2086.0 ], [ -97.746860283678174, 18.485719954367784, 2086.0 ], [ -97.746853859653257, 18.485713151886593, 2086.0 ], [ -97.74684991373519, 18.485710719484228, 2086.0 ], [ -97.746834901832756, 18.485705730998021, 2086.0 ], [ -97.746831766321392, 18.485703257368495, 2086.0 ], [ -97.746828494852565, 18.485698310109449, 2086.0 ], [ -97.746827058439749, 18.485689652406112, 2086.0 ], [ -97.746830686121541, 18.485666152925631, 2086.0 ], [ -97.746831598292971, 18.485638943000865, 2086.0 ], [ -97.746836496234778, 18.485609259446573, 2086.0 ], [ -97.746836504815107, 18.485596272891573, 2086.0 ], [ -97.746833778913327, 18.485579575892285, 2086.0 ], [ -97.746828428497238, 18.485565970929901, 2086.0 ], [ -97.746820840842631, 18.485554221189659, 2086.0 ], [ -97.746811674548482, 18.485544301935267, 2086.0 ], [ -97.74678834215743, 18.485522682413226, 2086.0 ], [ -97.74678176835647, 18.485515261524654, 2086.0 ], [ -97.746776812417522, 18.485507840636082, 2086.0 ], [ -97.746773291334719, 18.485497946117984, 2086.0 ], [ -97.746772835849114, 18.485489288414648, 2086.0 ], [ -97.746774576056168, 18.485480630711312, 2086.0 ], [ -97.74677862033532, 18.485474446637504, 2086.0 ], [ -97.746777972214446, 18.485473172031178, 2086.0 ], [ -97.746772139118164, 18.485470679974362, 2086.0 ], [ -97.746768756238481, 18.485465788934167, 2086.0 ], [ -97.746768716028228, 18.48545589441607, 2086.0 ], [ -97.74677333660037, 18.485439815824162, 2086.0 ], [ -97.74678048196273, 18.485426829269162, 2086.0 ], [ -97.746792230892325, 18.485411987492014, 2086.0 ], [ -97.746807137695825, 18.485395830710669, 2086.0 ], [ -97.746818155766576, 18.485386003035085, 2086.0 ], [ -97.746825285106468, 18.485381591664936, 2086.0 ], [ -97.746842784395298, 18.48537412889381, 2086.0 ], [ -97.746853802466035, 18.48536808056307, 2086.0 ], [ -97.746860427711198, 18.485363133308912, 2086.0 ], [ -97.746867354103856, 18.485355094012956, 2086.0 ], [ -97.746872639367965, 18.485343962680098, 2086.0 ], [ -97.746875322755471, 18.485334686569381, 2086.0 ], [ -97.746877323395665, 18.485322318421762, 2086.0 ], [ -97.74687761678787, 18.485308095051998, 2086.0 ], [ -97.746877307683633, 18.485298200533901, 2086.0 ], [ -97.746874701551718, 18.485280885127231, 2086.0 ], [ -97.746870679557929, 18.485266661757464, 2086.0 ], [ -97.746865567285823, 18.485254912017226, 2086.0 ], [ -97.746856492171545, 18.485241307054842, 2086.0 ], [ -97.746831032923552, 18.485215952352217, 2086.0 ], [ -97.746816826285936, 18.485198018538167, 2086.0 ], [ -97.74680507810875, 18.485175755872451, 2086.0 ], [ -97.746799846325487, 18.485155966836256, 2086.0 ], [ -97.746798526934654, 18.485141743466492, 2086.0 ], [ -97.746798544080733, 18.485120099208153, 2086.0 ], [ -97.746800521452371, 18.485103402208864, 2086.0 ], [ -97.746805265343937, 18.485087323616959, 2086.0 ], [ -97.746815618606817, 18.485071245025051, 2086.0 ], [ -97.746817246305326, 18.485060732099573, 2086.0 ], [ -97.746812779543049, 18.485029193323136, 2086.0 ], [ -97.746810184835681, 18.484981575954794, 2086.0 ], [ -97.746810200737258, 18.484940761067644, 2086.0 ], [ -97.746812525208355, 18.484882012366445, 2086.0 ], [ -97.746813170829697, 18.484817697998814, 2086.0 ], [ -97.746811867441878, 18.484778738333809, 2086.0 ], [ -97.746807973431842, 18.484716279188319, 2086.0 ], [ -97.746806005764782, 18.484701437411175, 2086.0 ], [ -97.746802625770925, 18.484689687670933, 2086.0 ], [ -97.746800008355933, 18.484685249688553, 2086.0 ], [ -97.746791557355877, 18.484677319523314, 2086.0 ], [ -97.746788185989459, 18.484671135449503, 2086.0 ], [ -97.746788237627612, 18.484663714560931, 2086.0 ], [ -97.74679552551342, 18.484650109598547, 2086.0 ], [ -97.746798252684201, 18.484637123043544, 2086.0 ], [ -97.7467982467941, 18.484619807636875, 2086.0 ], [ -97.746796871446378, 18.484612386748303, 2086.0 ], [ -97.746778741318991, 18.484566006194722, 2086.0 ], [ -97.746772787239976, 18.484555321489417, 2086.0 ], [ -97.746769075269626, 18.484553019639719, 2086.0 ], [ -97.746769546630929, 18.484551995402494, 2086.0 ], [ -97.746772139118164, 18.484552772276768, 2086.0 ], [ -97.746773501835818, 18.484551782824958, 2086.0 ], [ -97.746774519719423, 18.484548690788053, 2086.0 ], [ -97.746773491720205, 18.484545598751147, 2086.0 ], [ -97.746768898509131, 18.484542394276534, 2086.0 ], [ -97.746759824803803, 18.484538910437472, 2086.0 ], [ -97.746755247943625, 18.484533230603525, 2086.0 ], [ -97.746753824089822, 18.484527046529713, 2086.0 ], [ -97.746753475407104, 18.484509112715664, 2086.0 ], [ -97.746750209883373, 18.484494270938519, 2086.0 ], [ -97.746745539118947, 18.484480665976136, 2086.0 ] ] } },
{ "type": "Feature", "properties": { "FID": 76, "elev": 2109.0, "elevation": 2109.0, "ELEVATION": 2109.0, "is_master": false, "tipo": "Ordinaria (1m)" }, "geometry": { "type": "LineString", "coordinates": [ [ -97.74511360965468, 18.486076775426657, 2109.0 ], [ -97.745112947288433, 18.486075614027431, 2109.0 ], [ -97.745112498588725, 18.486076157019276, 2109.0 ], [ -97.74511360965468, 18.486076775426657, 2109.0 ] ] } },
{ "type": "Feature", "properties": { "FID": 77, "elev": 2085.0, "elevation": 2085.0, "ELEVATION": 2085.0, "is_master": true, "tipo": "Maestra (5m)" }, "geometry": { "type": "LineString", "coordinates": [ [ -97.746993011727724, 18.486065644093799, 2085.0 ], [ -97.746993994031143, 18.486056986390462, 2085.0 ], [ -97.746993991213216, 18.48603039487308, 2085.0 ], [ -97.746990356745542, 18.485980922282593, 2085.0 ], [ -97.746989455248396, 18.485928357655201, 2085.0 ], [ -97.746986842604841, 18.485896818878768, 2085.0 ], [ -97.746982892565171, 18.485870227361382, 2085.0 ], [ -97.746968599794982, 18.485802202549465, 2085.0 ], [ -97.746946987979399, 18.485726756848976, 2085.0 ], [ -97.74694630385082, 18.485718717553024, 2085.0 ], [ -97.74694829622527, 18.485706349405401, 2085.0 ], [ -97.7469479441109, 18.485698310109449, 2085.0 ], [ -97.746945875282464, 18.485693362850398, 2085.0 ], [ -97.746936705699113, 18.485680994702779, 2085.0 ], [ -97.746934831336773, 18.485676047443729, 2085.0 ], [ -97.746928336474014, 18.485674411656461, 2085.0 ], [ -97.746925642473727, 18.485669863369917, 2085.0 ], [ -97.746925702321803, 18.485664916110871, 2085.0 ], [ -97.746931525233308, 18.485657495222299, 2085.0 ], [ -97.746933723986544, 18.485648837518962, 2085.0 ], [ -97.746933698208977, 18.485633377334437, 2085.0 ], [ -97.746932040027204, 18.485620390779435, 2085.0 ], [ -97.746932035510682, 18.485594417669429, 2085.0 ], [ -97.746937257680088, 18.485548037115848, 2085.0 ], [ -97.746960622541877, 18.485428066083923, 2085.0 ], [ -97.746966575660721, 18.485403175186836, 2085.0 ] ] } },
{ "type": "Feature", "properties": { "FID": 78, "elev": 2085.0, "elevation": 2085.0, "ELEVATION": 2085.0, "is_master": true, "tipo": "Maestra (5m)" }, "geometry": { "type": "LineString", "coordinates": [ [ -97.74695426134636, 18.485291173177298, 2085.0 ], [ -97.746952282869259, 18.485285832386278, 2085.0 ], [ -97.74693881707789, 18.485230175721984, 2085.0 ], [ -97.746927188372524, 18.485193689686501, 2085.0 ], [ -97.746909049262953, 18.48514730913292, 2085.0 ], [ -97.74689268977005, 18.485114533541726, 2085.0 ], [ -97.746884849081454, 18.485096599727672, 2085.0 ], [ -97.746873299245038, 18.485061350506953, 2085.0 ], [ -97.746862809886167, 18.485033522174806, 2085.0 ], [ -97.746860155410019, 18.485022390841944, 2085.0 ], [ -97.746858807763175, 18.485010641101706, 2085.0 ], [ -97.746859987086012, 18.484970444621936, 2085.0 ], [ -97.746858552817642, 18.484918498401928, 2085.0 ], [ -97.746857880535842, 18.484901801402639, 2085.0 ], [ -97.74685426455288, 18.484872117848347, 2085.0 ], [ -97.746854041247758, 18.48486222333025, 2085.0 ], [ -97.746854273271509, 18.484850473590011, 2085.0 ], [ -97.746857856828015, 18.484830684553817, 2085.0 ], [ -97.746858184543342, 18.484823263665245, 2085.0 ], [ -97.74685527370255, 18.484771935852617, 2085.0 ], [ -97.74685108302711, 18.484749054779517, 2085.0 ], [ -97.746849106640113, 18.484731739372847, 2085.0 ], [ -97.746846876458477, 18.48466309615355, 2085.0 ], [ -97.746844922529093, 18.484632175784494, 2085.0 ], [ -97.746839719906305, 18.484605584267111, 2085.0 ], [ -97.746823923230266, 18.484556111676625, 2085.0 ], [ -97.746818634813124, 18.48453570423305, 2085.0 ], [ -97.746817399624462, 18.484522717678047, 2085.0 ], [ -97.746820547112563, 18.484515296789475, 2085.0 ], [ -97.746812322670294, 18.484509834190941, 2085.0 ], [ -97.746808409482014, 18.484503547049233, 2085.0 ], [ -97.746805024641162, 18.484494270938519, 2085.0 ], [ -97.74680179069091, 18.48447695553185, 2085.0 ] ] } },
{ "type": "Feature", "properties": { "FID": 79, "elev": 2108.0, "elevation": 2108.0, "ELEVATION": 2108.0, "is_master": false, "tipo": "Ordinaria (1m)" }, "geometry": { "type": "LineString", "coordinates": [ [ -97.745256182208109, 18.48606916901587, 2108.0 ], [ -97.745255095036043, 18.486068736130704, 2108.0 ], [ -97.745255534086311, 18.486067518641171, 2108.0 ], [ -97.745256951852767, 18.486068117723324, 2108.0 ], [ -97.745256182208109, 18.48606916901587, 2108.0 ] ] } },
{ "type": "Feature", "properties": { "FID": 80, "elev": 2084.0, "elevation": 2084.0, "ELEVATION": 2084.0, "is_master": false, "tipo": "Ordinaria (1m)" }, "geometry": { "type": "LineString", "coordinates": [ [ -97.747039050928834, 18.486060696834748, 2084.0 ], [ -97.747039566521536, 18.486054512760941, 2084.0 ], [ -97.747039954833468, 18.486052657538796, 2084.0 ] ] } },
{ "type": "Feature", "properties": { "FID": 81, "elev": 2084.0, "elevation": 2084.0, "ELEVATION": 2084.0, "is_master": false, "tipo": "Ordinaria (1m)" }, "geometry": { "type": "LineString", "coordinates": [ [ -97.74703138784156, 18.48597298193182, 2084.0 ], [ -97.747031279821257, 18.485972882986641, 2084.0 ], [ -97.747030862006895, 18.485972264579257, 2084.0 ] ] } },
{ "type": "Feature", "properties": { "FID": 82, "elev": 2084.0, "elevation": 2084.0, "ELEVATION": 2084.0, "is_master": false, "tipo": "Ordinaria (1m)" }, "geometry": { "type": "LineString", "coordinates": [ [ -97.747030739719762, 18.485972145654763, 2084.0 ], [ -97.747028143051097, 18.485968554134971, 2084.0 ], [ -97.747026023780805, 18.485962988468543, 2084.0 ], [ -97.747026044502491, 18.485957422802112, 2084.0 ], [ -97.747028795354339, 18.485951410508129, 2084.0 ] ] } },
{ "type": "Feature", "properties": { "FID": 83, "elev": 2110.0, "elevation": 2110.0, "ELEVATION": 2110.0, "is_master": true, "tipo": "Maestra (5m)" }, "geometry": { "type": "LineString", "coordinates": [ [ -97.744762961511853, 18.486063232305014, 2110.0 ], [ -97.744759720902806, 18.486063190926284, 2110.0 ], [ -97.744757842822565, 18.486059460019987, 2110.0 ], [ -97.744761017146431, 18.486056064020133, 2110.0 ], [ -97.744764905877275, 18.486058605004565, 2110.0 ], [ -97.744766850242698, 18.486058173732633, 2110.0 ], [ -97.744769442729933, 18.486055168647557, 2110.0 ], [ -97.744770738973557, 18.486054910175891, 2110.0 ], [ -97.744772860336099, 18.486056367983082, 2110.0 ], [ -97.744772683341111, 18.486058841612607, 2110.0 ], [ -97.744771387095369, 18.486060042050465, 2110.0 ], [ -97.744768146486322, 18.486061955578851, 2110.0 ], [ -97.744762961511853, 18.486063232305014, 2110.0 ] ] } },
{ "type": "Feature", "properties": { "FID": 84, "elev": 2089.0, "elevation": 2089.0, "ELEVATION": 2089.0, "is_master": false, "tipo": "Ordinaria (1m)" }, "geometry": { "type": "LineString", "coordinates": [ [ -97.746756468973118, 18.486062552056893, 2089.0 ], [ -97.746768517261003, 18.486058841612607, 2089.0 ], [ -97.746768656543651, 18.486056367983082, 2089.0 ], [ -97.746765920999039, 18.486052657538796, 2089.0 ], [ -97.746767976181943, 18.486048328687129, 2089.0 ], [ -97.746766306021897, 18.486046432237828, 2089.0 ], [ -97.74676176916924, 18.486046005761924, 2089.0 ], [ -97.746758528560193, 18.486044026039163, 2089.0 ], [ -97.746752047342113, 18.486043007128877, 2089.0 ], [ -97.746746227609165, 18.486048328687129, 2089.0 ], [ -97.746746911800656, 18.486054512760941, 2089.0 ], [ -97.746750102976677, 18.486061403586042, 2089.0 ], [ -97.746752047342113, 18.48606267079111, 2089.0 ], [ -97.746756468973118, 18.486062552056893, 2089.0 ] ] } },
{ "type": "Feature", "properties": { "FID": 85, "elev": 2106.0, "elevation": 2106.0, "ELEVATION": 2106.0, "is_master": false, "tipo": "Ordinaria (1m)" }, "geometry": { "type": "LineString", "coordinates": [ [ -97.745434487718981, 18.486053894353557, 2106.0 ], [ -97.745433767657957, 18.486053894353557, 2106.0 ], [ -97.745434415705446, 18.486054031777421, 2106.0 ], [ -97.745434487718981, 18.486053894353557, 2106.0 ] ] } },
{ "type": "Feature", "properties": { "FID": 86, "elev": 2109.0, "elevation": 2109.0, "ELEVATION": 2109.0, "is_master": false, "tipo": "Ordinaria (1m)" }, "geometry": { "type": "LineString", "coordinates": [ [ -97.744946379983659, 18.48603352477166, 2109.0 ], [ -97.744943787496425, 18.486033543702497, 2109.0 ], [ -97.744943370846684, 18.48603163168784, 2109.0 ], [ -97.744945861486215, 18.48603163168784, 2109.0 ], [ -97.744946947090241, 18.486032868502601, 2109.0 ], [ -97.744946379983659, 18.48603352477166, 2109.0 ] ] } },
{ "type": "Feature", "properties": { "FID": 87, "elev": 2109.0, "elevation": 2109.0, "ELEVATION": 2109.0, "is_master": false, "tipo": "Ordinaria (1m)" }, "geometry": { "type": "LineString", "coordinates": [ [ -97.744960510744662, 18.48602668442879, 2109.0 ], [ -97.744961798460366, 18.486025447614029, 2109.0 ], [ -97.744958046176208, 18.486022273122806, 2109.0 ], [ -97.74495631785139, 18.486022355577123, 2109.0 ], [ -97.744956749932598, 18.486025346943059, 2109.0 ], [ -97.744960510744662, 18.48602668442879, 2109.0 ] ] } },
{ "type": "Feature", "properties": { "FID": 88, "elev": 2107.0, "elevation": 2107.0, "ELEVATION": 2107.0, "is_master": false, "tipo": "Ordinaria (1m)" }, "geometry": { "type": "LineString", "coordinates": [ [ -97.745260070938969, 18.486022355578527, 2107.0 ], [ -97.745258126573546, 18.486022662307185, 2107.0 ], [ -97.745256791286437, 18.486021737169743, 2107.0 ], [ -97.745256988133491, 18.486020500354982, 2107.0 ], [ -97.745259800888206, 18.486019881947598, 2107.0 ], [ -97.745260070938969, 18.486022355578527, 2107.0 ] ] } },
{ "type": "Feature", "properties": { "FID": 89, "elev": 2109.0, "elevation": 2109.0, "ELEVATION": 2109.0, "is_master": false, "tipo": "Ordinaria (1m)" }, "geometry": { "type": "LineString", "coordinates": [ [ -97.744901397048523, 18.486019881947598, 2109.0 ], [ -97.744902728979852, 18.486019263540218, 2109.0 ], [ -97.744902307700684, 18.486018070897412, 2109.0 ], [ -97.744899067091637, 18.486016800392175, 2109.0 ], [ -97.744898369801973, 18.486018026725457, 2109.0 ], [ -97.744898974502803, 18.486019881947598, 2109.0 ], [ -97.744901397048523, 18.486019881947598, 2109.0 ] ] } },
{ "type": "Feature", "properties": { "FID": 90, "elev": 2108.0, "elevation": 2108.0, "ELEVATION": 2108.0, "is_master": false, "tipo": "Ordinaria (1m)" }, "geometry": { "type": "LineString", "coordinates": [ [ -97.745165613186501, 18.486014934688551, 2108.0 ], [ -97.745166450861177, 18.486013697873791, 2108.0 ], [ -97.745164797033112, 18.486012371174233, 2108.0 ], [ -97.745161618149965, 18.486013079466407, 2108.0 ], [ -97.745162024512041, 18.486014934688551, 2108.0 ], [ -97.745165613186501, 18.486014934688551, 2108.0 ] ] } },
{ "type": "Feature", "properties": { "FID": 91, "elev": 2108.0, "elevation": 2108.0, "ELEVATION": 2108.0, "is_master": false, "tipo": "Ordinaria (1m)" }, "geometry": { "type": "LineString", "coordinates": [ [ -97.745091559268758, 18.486010040059917, 2108.0 ], [ -97.745090239877939, 18.48600875061474, 2108.0 ], [ -97.745091559268758, 18.486008870306492, 2108.0 ], [ -97.745091559268758, 18.486010040059917, 2108.0 ] ] } },
{ "type": "Feature", "properties": { "FID": 92, "elev": 2109.0, "elevation": 2109.0, "ELEVATION": 2109.0, "is_master": false, "tipo": "Ordinaria (1m)" }, "geometry": { "type": "LineString", "coordinates": [ [ -97.74487753357522, 18.486007513799979, 2109.0 ], [ -97.74487703095015, 18.486005711433165, 2109.0 ], [ -97.744874438462915, 18.486005833186979, 2109.0 ], [ -97.744872494097493, 18.486004569002926, 2109.0 ], [ -97.744871710322272, 18.486005658577835, 2109.0 ], [ -97.744872494097493, 18.486007334787317, 2109.0 ], [ -97.74487753357522, 18.486007513799979, 2109.0 ] ] } },
{ "type": "Feature", "properties": { "FID": 93, "elev": 2109.0, "elevation": 2109.0, "ELEVATION": 2109.0, "is_master": false, "tipo": "Ordinaria (1m)" }, "geometry": { "type": "LineString", "coordinates": [ [ -97.744865521001245, 18.486005040170454, 2109.0 ], [ -97.744866687347624, 18.486003803355693, 2109.0 ], [ -97.744866660999847, 18.486001948133548, 2109.0 ], [ -97.744865364757601, 18.486000695186419, 2109.0 ], [ -97.744863420392164, 18.486000706804866, 2109.0 ], [ -97.74486208653434, 18.486001948133548, 2109.0 ], [ -97.744862374138393, 18.486004421763074, 2109.0 ], [ -97.744865521001245, 18.486005040170454, 2109.0 ] ] } },
{ "type": "Feature", "properties": { "FID": 94, "elev": 2097.0, "elevation": 2097.0, "ELEVATION": 2097.0, "is_master": false, "tipo": "Ordinaria (1m)" }, "geometry": { "type": "LineString", "coordinates": [ [ -97.746149487751794, 18.485996382467121, 2097.0 ], [ -97.746152275420528, 18.485992672022832, 2097.0 ], [ -97.746151928361755, 18.485989579985926, 2097.0 ], [ -97.746150590303827, 18.485988293698576, 2097.0 ], [ -97.746142812842123, 18.485988301944008, 2097.0 ], [ -97.746143161830787, 18.485987106356404, 2097.0 ], [ -97.746148172310924, 18.485985251134259, 2097.0 ], [ -97.746149136749096, 18.485983395912118, 2097.0 ], [ -97.746147997816593, 18.485980887540606, 2097.0 ], [ -97.746144109085748, 18.485980493183593, 2097.0 ], [ -97.74613918336, 18.485985251134259, 2097.0 ], [ -97.74613849203007, 18.485988961578546, 2097.0 ], [ -97.746143460963935, 18.485995863802863, 2097.0 ], [ -97.746146701572982, 18.485996914984586, 2097.0 ], [ -97.746149487751794, 18.485996382467121, 2097.0 ] ] } },
{ "type": "Feature", "properties": { "FID": 95, "elev": 2108.0, "elevation": 2108.0, "ELEVATION": 2108.0, "is_master": false, "tipo": "Ordinaria (1m)" }, "geometry": { "type": "LineString", "coordinates": [ [ -97.7449424912528, 18.485990111358195, 2108.0 ], [ -97.744939383819471, 18.485987724763785, 2108.0 ], [ -97.744938769953421, 18.485984632726879, 2108.0 ], [ -97.744940546887378, 18.485983554177512, 2108.0 ], [ -97.744942287050037, 18.485984014319499, 2108.0 ], [ -97.744943176060758, 18.485986487949024, 2108.0 ], [ -97.744943428346119, 18.485988961578546, 2108.0 ], [ -97.7449424912528, 18.485990111358195, 2108.0 ] ] } },
{ "type": "Feature", "properties": { "FID": 96, "elev": 2093.0, "elevation": 2093.0, "ELEVATION": 2093.0, "is_master": false, "tipo": "Ordinaria (1m)" }, "geometry": { "type": "LineString", "coordinates": [ [ -97.746464281252941, 18.485986487949024, 2093.0 ], [ -97.746479836182544, 18.4859853543872, 2093.0 ], [ -97.746483724913389, 18.485984114517152, 2093.0 ], [ -97.746486430884985, 18.485980922282593, 2093.0 ], [ -97.746486336132477, 18.485975975023543, 2093.0 ], [ -97.746484373035202, 18.48597352517892, 2093.0 ], [ -97.746482428669779, 18.485975410390719, 2093.0 ], [ -97.746479836182544, 18.485974102299306, 2093.0 ], [ -97.746474003086263, 18.485973435498153, 2093.0 ], [ -97.746472415598035, 18.485971027764496, 2093.0 ], [ -97.74647523110653, 18.48596731732021, 2093.0 ], [ -97.746472706842653, 18.485960391157541, 2093.0 ], [ -97.746468169989996, 18.485956185994816, 2093.0 ], [ -97.746457800041057, 18.485951291358717, 2093.0 ], [ -97.746452615066588, 18.485947503042897, 2093.0 ], [ -97.74644807821393, 18.485946811289949, 2093.0 ], [ -97.746446568384712, 18.48595000191354, 2093.0 ], [ -97.746448327491549, 18.485952475543066, 2093.0 ], [ -97.746445809787602, 18.485955567579968, 2093.0 ], [ -97.746442612970569, 18.485956804394732, 2093.0 ], [ -97.746443951838415, 18.485959896431638, 2093.0 ], [ -97.746443687188673, 18.485962988468543, 2093.0 ], [ -97.746438827748108, 18.485970409357115, 2093.0 ], [ -97.7464388964883, 18.485975356616162, 2093.0 ], [ -97.746442831513576, 18.485982159097354, 2093.0 ], [ -97.746447430092118, 18.485985732117779, 2093.0 ], [ -97.746453911310198, 18.485987002268033, 2093.0 ], [ -97.746464281252941, 18.485986487949024, 2093.0 ] ] } },
{ "type": "Feature", "properties": { "FID": 97, "elev": 2107.0, "elevation": 2107.0, "ELEVATION": 2107.0, "is_master": false, "tipo": "Ordinaria (1m)" }, "geometry": { "type": "LineString", "coordinates": [ [ -97.745136279673545, 18.485982777506628, 2107.0 ], [ -97.745134335308123, 18.48598319492972, 2107.0 ], [ -97.745133515235622, 18.485982159097354, 2107.0 ], [ -97.745134335308123, 18.485981059706454, 2107.0 ], [ -97.745135631551733, 18.485981174226339, 2107.0 ], [ -97.745136279673545, 18.485982777506628, 2107.0 ] ] } },
{ "type": "Feature", "properties": { "FID": 98, "elev": 2093.0, "elevation": 2093.0, "ELEVATION": 2093.0, "is_master": false, "tipo": "Ordinaria (1m)" }, "geometry": { "type": "LineString", "coordinates": [ [ -97.746431276902427, 18.485980303875213, 2093.0 ], [ -97.7464305789251, 18.485978483009035, 2093.0 ], [ -97.746429620831989, 18.485979067060448, 2093.0 ], [ -97.746429714762684, 18.485980303875213, 2093.0 ], [ -97.746431276902427, 18.485980303875213, 2093.0 ] ] } },
{ "type": "Feature", "properties": { "FID": 99, "elev": 2108.0, "elevation": 2108.0, "ELEVATION": 2108.0, "is_master": false, "tipo": "Ordinaria (1m)" }, "geometry": { "type": "LineString", "coordinates": [ [ -97.744892949271332, 18.485977211838307, 2108.0 ], [ -97.744892585873558, 18.485975402003859, 2108.0 ], [ -97.744891289629933, 18.485975472567546, 2108.0 ], [ -97.744891289629933, 18.485977223963943, 2108.0 ], [ -97.744892949271332, 18.485977211838307, 2108.0 ] ] } },
{ "type": "Feature", "properties": { "FID": 100, "elev": 2097.0, "elevation": 2097.0, "ELEVATION": 2097.0, "is_master": false, "tipo": "Ordinaria (1m)" }, "geometry": { "type": "LineString", "coordinates": [ [ -97.746154126456418, 18.485975356616162, 2097.0 ], [ -97.74615520598212, 18.485974738208782, 2097.0 ], [ -97.746157863670788, 18.485968554134971, 2097.0 ], [ -97.746158422924836, 18.485961751653779, 2097.0 ], [ -97.746151238425639, 18.485956577224673, 2097.0 ], [ -97.746148645938405, 18.485956164662959, 2097.0 ], [ -97.746150081863448, 18.485961133246398, 2097.0 ], [ -97.746145405330793, 18.485963606875924, 2097.0 ], [ -97.746146164557771, 18.485966698912829, 2097.0 ], [ -97.746148825972242, 18.485969790949735, 2097.0 ], [ -97.746146128234457, 18.485974119801401, 2097.0 ], [ -97.746147754770917, 18.485974738208782, 2097.0 ], [ -97.746149294060217, 18.485972635623686, 2097.0 ], [ -97.746151238425639, 18.485975280671397, 2097.0 ], [ -97.746154126456418, 18.485975356616162, 2097.0 ] ] } },
{ "type": "Feature", "properties": { "FID": 101, "elev": 2100.0, "elevation": 2100.0, "ELEVATION": 2100.0, "is_master": true, "tipo": "Maestra (5m)" }, "geometry": { "type": "LineString", "coordinates": [ [ -97.745950425200775, 18.485975356616162, 2100.0 ], [ -97.745950320665003, 18.485973488374917, 2100.0 ], [ -97.745945783812346, 18.485970319406949, 2100.0 ], [ -97.745940598837876, 18.485971027835411, 2100.0 ], [ -97.745940922898782, 18.485972882986641, 2100.0 ], [ -97.745942543203299, 18.485974119793937, 2100.0 ], [ -97.745946431934158, 18.485975429700673, 2100.0 ], [ -97.745950425200775, 18.485975356616162, 2100.0 ] ] } },
{ "type": "Feature", "properties": { "FID": 102, "elev": 2106.0, "elevation": 2106.0, "ELEVATION": 2106.0, "is_master": false, "tipo": "Ordinaria (1m)" }, "geometry": { "type": "LineString", "coordinates": [ [ -97.745276273984175, 18.485975478021292, 2106.0 ], [ -97.745274329618752, 18.485975719594407, 2106.0 ], [ -97.74527268771017, 18.485974119801401, 2106.0 ], [ -97.745276922105987, 18.485972601892374, 2106.0 ], [ -97.745278218349597, 18.485973309474488, 2106.0 ], [ -97.745278249212546, 18.485974738208782, 2106.0 ], [ -97.745276273984175, 18.485975478021292, 2106.0 ] ] } },
{ "type": "Feature", "properties": { "FID": 103, "elev": 2108.0, "elevation": 2108.0, "ELEVATION": 2108.0, "is_master": false, "tipo": "Ordinaria (1m)" }, "geometry": { "type": "LineString", "coordinates": [ [ -97.744888851457418, 18.485974119801401, 2108.0 ], [ -97.744889259663509, 18.485973501394021, 2108.0 ], [ -97.744887400899088, 18.485971529361592, 2108.0 ], [ -97.744885534755255, 18.485972264579257, 2108.0 ], [ -97.744886104655464, 18.485974084463837, 2108.0 ], [ -97.744888851457418, 18.485974119801401, 2108.0 ] ] } },
{ "type": "Feature", "properties": { "FID": 104, "elev": 2107.0, "elevation": 2107.0, "ELEVATION": 2107.0, "is_master": false, "tipo": "Ordinaria (1m)" }, "geometry": { "type": "LineString", "coordinates": [ [ -97.745174972545513, 18.485970409357115, 2107.0 ], [ -97.745174750332325, 18.485968554134971, 2107.0 ], [ -97.745173571605292, 18.485968554134971, 2107.0 ], [ -97.745173452595338, 18.485970409357115, 2107.0 ], [ -97.745174972545513, 18.485970409357115, 2107.0 ] ] } },
{ "type": "Feature", "properties": { "FID": 105, "elev": 2108.0, "elevation": 2108.0, "ELEVATION": 2108.0, "is_master": false, "tipo": "Ordinaria (1m)" }, "geometry": { "type": "LineString", "coordinates": [ [ -97.74488873583654, 18.48596793572759, 2108.0 ], [ -97.744890606787308, 18.485964225283304, 2108.0 ], [ -97.744889345264511, 18.485962524663005, 2108.0 ], [ -97.74488786898705, 18.485962988468543, 2108.0 ], [ -97.744887275144109, 18.485964843690684, 2108.0 ], [ -97.744887655897827, 18.48596793572759, 2108.0 ], [ -97.74488873583654, 18.48596793572759, 2108.0 ] ] } },
{ "type": "Feature", "properties": { "FID": 106, "elev": 2100.0, "elevation": 2100.0, "ELEVATION": 2100.0, "is_master": true, "tipo": "Maestra (5m)" }, "geometry": { "type": "LineString", "coordinates": [ [ -97.745931875468671, 18.485966080505449, 2100.0 ], [ -97.745933303812706, 18.485964225283304, 2100.0 ], [ -97.74593286624615, 18.485958659616873, 2100.0 ], [ -97.745928284523515, 18.485957310364405, 2100.0 ], [ -97.745924395829832, 18.485960514839018, 2100.0 ], [ -97.74592439581744, 18.485963606875924, 2100.0 ], [ -97.74592958076714, 18.485966173266554, 2100.0 ], [ -97.745931875468671, 18.485966080505449, 2100.0 ] ] } },
{ "type": "Feature", "properties": { "FID": 107, "elev": 2108.0, "elevation": 2108.0, "ELEVATION": 2108.0, "is_master": false, "tipo": "Ordinaria (1m)" }, "geometry": { "type": "LineString", "coordinates": [ [ -97.744899474051834, 18.485963606875924, 2108.0 ], [ -97.744899455964728, 18.485961751653779, 2108.0 ], [ -97.744897618348773, 18.485961133246398, 2108.0 ], [ -97.744897122726215, 18.48596366507897, 2108.0 ], [ -97.744899474051834, 18.485963606875924, 2108.0 ] ] } },
{ "type": "Feature", "properties": { "FID": 108, "elev": 2108.0, "elevation": 2108.0, "ELEVATION": 2108.0, "is_master": false, "tipo": "Ordinaria (1m)" }, "geometry": { "type": "LineString", "coordinates": [ [ -97.744886889223977, 18.485959896431638, 2108.0 ], [ -97.744887773382885, 18.485957422802112, 2108.0 ], [ -97.744885456533652, 18.485956804396402, 2108.0 ], [ -97.744884265609841, 18.485959278024257, 2108.0 ], [ -97.744885456533652, 18.485960376389603, 2108.0 ], [ -97.744886889223977, 18.485959896431638, 2108.0 ] ] } },
{ "type": "Feature", "properties": { "FID": 109, "elev": 2100.0, "elevation": 2100.0, "ELEVATION": 2100.0, "is_master": true, "tipo": "Maestra (5m)" }, "geometry": { "type": "LineString", "coordinates": [ [ -97.745925115928003, 18.485948765098776, 2100.0 ], [ -97.745925043914468, 18.485947116012429, 2100.0 ], [ -97.745923348826665, 18.485946291469254, 2100.0 ], [ -97.745921296592016, 18.485946909876635, 2100.0 ], [ -97.745922451427248, 18.485948226485899, 2100.0 ], [ -97.745925115928003, 18.485948765098776, 2100.0 ] ] } },
{ "type": "Feature", "properties": { "FID": 110, "elev": 2106.0, "elevation": 2106.0, "ELEVATION": 2106.0, "is_master": false, "tipo": "Ordinaria (1m)" }, "geometry": { "type": "LineString", "coordinates": [ [ -97.745079893076209, 18.485938924023294, 2106.0 ], [ -97.745077300588974, 18.485938646901417, 2106.0 ], [ -97.745075356223552, 18.485935934590497, 2106.0 ], [ -97.745072010294706, 18.485935160136393, 2106.0 ], [ -97.745070707866063, 18.485932686506871, 2106.0 ], [ -97.74507080111394, 18.485928357655201, 2106.0 ], [ -97.745079893076209, 18.485915478649311, 2106.0 ], [ -97.745083781807054, 18.485913377428645, 2106.0 ], [ -97.745090911146946, 18.485913412810159, 2106.0 ], [ -97.745093902478374, 18.485915371100202, 2106.0 ], [ -97.745095558318212, 18.485918463137107, 2106.0 ], [ -97.74509560179122, 18.485921555174009, 2106.0 ], [ -97.745092908483869, 18.485931449692107, 2106.0 ], [ -97.745086374294289, 18.485933946657759, 2106.0 ], [ -97.745081189319819, 18.48593879041676, 2106.0 ], [ -97.745079893076209, 18.485938924023294, 2106.0 ] ] } },
{ "type": "Feature", "properties": { "FID": 111, "elev": 2105.0, "elevation": 2105.0, "ELEVATION": 2105.0, "is_master": true, "tipo": "Maestra (5m)" }, "geometry": { "type": "LineString", "coordinates": [ [ -97.745301573609595, 18.485934541729012, 2105.0 ], [ -97.745311364379091, 18.48592712084044, 2105.0 ], [ -97.745308031952788, 18.485925020588958, 2105.0 ], [ -97.745304327424989, 18.485920318359248, 2105.0 ], [ -97.745302198856521, 18.485919571853195, 2105.0 ], [ -97.74529861512417, 18.485920936766629, 2105.0 ], [ -97.745295141530164, 18.485927739247821, 2105.0 ], [ -97.745297662003864, 18.485934356206798, 2105.0 ], [ -97.745301573609595, 18.485934541729012, 2105.0 ] ] } },
{ "type": "Feature", "properties": { "FID": 112, "elev": 2105.0, "elevation": 2105.0, "ELEVATION": 2105.0, "is_master": true, "tipo": "Maestra (5m)" }, "geometry": { "type": "LineString", "coordinates": [ [ -97.745362538996886, 18.48592712084044, 2105.0 ], [ -97.745364244778344, 18.48592650243306, 2105.0 ], [ -97.745363122306514, 18.485924138742625, 2105.0 ], [ -97.745361483484231, 18.485925884025679, 2105.0 ], [ -97.745362538996886, 18.48592712084044, 2105.0 ] ] } },
{ "type": "Feature", "properties": { "FID": 113, "elev": 2096.0, "elevation": 2096.0, "ELEVATION": 2096.0, "is_master": false, "tipo": "Ordinaria (1m)" }, "geometry": { "type": "LineString", "coordinates": [ [ -97.746160960252766, 18.485924944522157, 2096.0 ], [ -97.746156991928004, 18.485924647210915, 2096.0 ], [ -97.74615252614133, 18.485920936766629, 2096.0 ], [ -97.746152460294624, 18.485919081544488, 2096.0 ], [ -97.746157719643719, 18.485916496601632, 2096.0 ], [ -97.746163552740001, 18.485916965940287, 2096.0 ], [ -97.746164794973467, 18.485917844729723, 2096.0 ], [ -97.746164101150754, 18.485922173581393, 2096.0 ], [ -97.746163000960621, 18.485924028803534, 2096.0 ], [ -97.746160960252766, 18.485924944522157, 2096.0 ] ] } },
{ "type": "Feature", "properties": { "FID": 114, "elev": 2103.0, "elevation": 2103.0, "ELEVATION": 2103.0, "is_master": false, "tipo": "Ordinaria (1m)" }, "geometry": { "type": "LineString", "coordinates": [ [ -97.745501820373534, 18.48591730877666, 2103.0 ], [ -97.745499876008111, 18.485917261659907, 2103.0 ], [ -97.745497363114779, 18.485913515878057, 2103.0 ], [ -97.745497896609066, 18.485911042248532, 2103.0 ], [ -97.745499876008111, 18.485909745101342, 2103.0 ], [ -97.745501496312627, 18.485909805433771, 2103.0 ], [ -97.745503795601905, 18.485911660655916, 2103.0 ], [ -97.745503863604995, 18.485915371100202, 2103.0 ], [ -97.745501820373534, 18.48591730877666, 2103.0 ] ] } },
{ "type": "Feature", "properties": { "FID": 115, "elev": 2107.0, "elevation": 2107.0, "ELEVATION": 2107.0, "is_master": false, "tipo": "Ordinaria (1m)" }, "geometry": { "type": "LineString", "coordinates": [ [ -97.745004030418528, 18.485911042248532, 2107.0 ], [ -97.745007303433653, 18.485909461874115, 2107.0 ], [ -97.745008180769275, 18.485907331804246, 2107.0 ], [ -97.745004710946418, 18.485903755069664, 2107.0 ], [ -97.744999363941503, 18.485901766137818, 2107.0 ], [ -97.744999525971949, 18.485900617666967, 2107.0 ], [ -97.745002118459183, 18.485901350312165, 2107.0 ], [ -97.745004422892279, 18.485900529323054, 2107.0 ], [ -97.745003463225288, 18.485898055693532, 2107.0 ], [ -97.744998877850136, 18.485893401750236, 2107.0 ], [ -97.744991259762656, 18.485898055693532, 2107.0 ], [ -97.744990441978985, 18.485905476582104, 2107.0 ], [ -97.744993692875681, 18.485905193881585, 2107.0 ], [ -97.744994487347569, 18.485903002952579, 2107.0 ], [ -97.744996933484714, 18.4859018087866, 2107.0 ], [ -97.744997792950599, 18.485903002952579, 2107.0 ], [ -97.744997515354072, 18.485906094989485, 2107.0 ], [ -97.744999525971949, 18.485909195299399, 2107.0 ], [ -97.745001470337371, 18.48591109944228, 2107.0 ], [ -97.745004030418528, 18.485911042248532, 2107.0 ] ] } },
{ "type": "Feature", "properties": { "FID": 116, "elev": 2093.0, "elevation": 2093.0, "ELEVATION": 2093.0, "is_master": false, "tipo": "Ordinaria (1m)" }, "geometry": { "type": "LineString", "coordinates": [ [ -97.746414656509941, 18.485898674100913, 2093.0 ], [ -97.74641437587988, 18.485896886230066, 2093.0 ], [ -97.746412994636685, 18.485898674100913, 2093.0 ], [ -97.746414656509941, 18.485898674100913, 2093.0 ] ] } },
{ "type": "Feature", "properties": { "FID": 117, "elev": 2095.0, "elevation": 2095.0, "ELEVATION": 2095.0, "is_master": true, "tipo": "Maestra (5m)" }, "geometry": { "type": "LineString", "coordinates": [ [ -97.7462266710899, 18.485896200471387, 2095.0 ], [ -97.746229661164463, 18.485894823701269, 2095.0 ], [ -97.746230688376386, 18.485893108434482, 2095.0 ], [ -97.746229673708754, 18.485888161175435, 2095.0 ], [ -97.746228364920853, 18.485887097341756, 2095.0 ], [ -97.746221883702759, 18.485886861895278, 2095.0 ], [ -97.746219939337337, 18.485889915019317, 2095.0 ], [ -97.746217994971914, 18.485890103702147, 2095.0 ], [ -97.746216346240999, 18.485891871619721, 2095.0 ], [ -97.746217346850102, 18.485894738781212, 2095.0 ], [ -97.746221235580961, 18.485896123170466, 2095.0 ], [ -97.7462266710899, 18.485896200471387, 2095.0 ] ] } },
{ "type": "Feature", "properties": { "FID": 118, "elev": 2097.0, "elevation": 2097.0, "ELEVATION": 2097.0, "is_master": false, "tipo": "Ordinaria (1m)" }, "geometry": { "type": "LineString", "coordinates": [ [ -97.746051427667126, 18.485895962622394, 2097.0 ], [ -97.746047428281329, 18.485894345249243, 2097.0 ], [ -97.746046761190115, 18.485891871619721, 2097.0 ], [ -97.746047538936281, 18.485890772228821, 2097.0 ], [ -97.746049483301704, 18.485890237257355, 2097.0 ], [ -97.746051427667126, 18.485891184500407, 2097.0 ], [ -97.746052864045197, 18.485894345249243, 2097.0 ], [ -97.746051427667126, 18.485895962622394, 2097.0 ] ] } },
{ "type": "Feature", "properties": { "FID": 119, "elev": 2104.0, "elevation": 2104.0, "ELEVATION": 2104.0, "is_master": false, "tipo": "Ordinaria (1m)" }, "geometry": { "type": "LineString", "coordinates": [ [ -97.745314642795236, 18.485895582064007, 2104.0 ], [ -97.745317220536847, 18.485893726841862, 2104.0 ], [ -97.745317105658117, 18.485892321144764, 2104.0 ], [ -97.74531516129268, 18.485891019657057, 2104.0 ], [ -97.745313661568971, 18.485893108434482, 2104.0 ], [ -97.745314642795236, 18.485895582064007, 2104.0 ] ] } },
{ "type": "Feature", "properties": { "FID": 120, "elev": 2103.0, "elevation": 2103.0, "ELEVATION": 2103.0, "is_master": false, "tipo": "Ordinaria (1m)" }, "geometry": { "type": "LineString", "coordinates": [ [ -97.745363122306514, 18.485890650580657, 2103.0 ], [ -97.745358534286339, 18.485890634804957, 2103.0 ], [ -97.74535923357567, 18.485885746658379, 2103.0 ], [ -97.745362474184702, 18.485885432330164, 2103.0 ], [ -97.745365714793749, 18.485886804668919, 2103.0 ], [ -97.745365668499332, 18.485890016397576, 2103.0 ], [ -97.745363122306514, 18.485890650580657, 2103.0 ] ] } },
{ "type": "Feature", "properties": { "FID": 121, "elev": 2103.0, "elevation": 2103.0, "ELEVATION": 2103.0, "is_master": false, "tipo": "Ordinaria (1m)" }, "geometry": { "type": "LineString", "coordinates": [ [ -97.745349511748543, 18.485890671181863, 2103.0 ], [ -97.745345623017684, 18.485891131478603, 2103.0 ], [ -97.745343030530449, 18.485890091531182, 2103.0 ], [ -97.745342506659981, 18.48588692436067, 2103.0 ], [ -97.745343571294654, 18.485884450731149, 2103.0 ], [ -97.745347567383106, 18.485883596863214, 2103.0 ], [ -97.745353400479388, 18.48588529401394, 2103.0 ], [ -97.745352876831305, 18.485888161175435, 2103.0 ], [ -97.745349511748543, 18.485890671181863, 2103.0 ] ] } },
{ "type": "Feature", "properties": { "FID": 122, "elev": 2103.0, "elevation": 2103.0, "ELEVATION": 2103.0, "is_master": false, "tipo": "Ordinaria (1m)" }, "geometry": { "type": "LineString", "coordinates": [ [ -97.745347567383106, 18.485880918184876, 2103.0 ], [ -97.745345623016462, 18.485880740286859, 2103.0 ], [ -97.745346271139496, 18.485879691419441, 2103.0 ], [ -97.745347567383106, 18.485880918184876, 2103.0 ] ] } },
{ "type": "Feature", "properties": { "FID": 123, "elev": 2105.0, "elevation": 2105.0, "ELEVATION": 2105.0, "is_master": true, "tipo": "Maestra (5m)" }, "geometry": { "type": "LineString", "coordinates": [ [ -97.745271128853261, 18.485870845768762, 2105.0 ], [ -97.745272106009352, 18.485869608954001, 2105.0 ], [ -97.745271737131517, 18.48586837214318, 2105.0 ], [ -97.745269792766095, 18.485868050843784, 2105.0 ], [ -97.745267842977057, 18.485868990546621, 2105.0 ], [ -97.745269144644283, 18.485871303931898, 2105.0 ], [ -97.745271128853261, 18.485870845768762, 2105.0 ] ] } },
{ "type": "Feature", "properties": { "FID": 124, "elev": 2108.0, "elevation": 2108.0, "ELEVATION": 2108.0, "is_master": false, "tipo": "Ordinaria (1m)" }, "geometry": { "type": "LineString", "coordinates": [ [ -97.744947357851643, 18.485870227361382, 2108.0 ], [ -97.744947945576598, 18.485868990546621, 2108.0 ], [ -97.744946955471121, 18.485864661694954, 2108.0 ], [ -97.744952866265194, 18.485857859213763, 2108.0 ], [ -97.744953649664879, 18.485855385584237, 2108.0 ], [ -97.744953509323551, 18.48585406304964, 2108.0 ], [ -97.744949856273351, 18.485850438325187, 2108.0 ], [ -97.744951564958129, 18.485849376277731, 2108.0 ], [ -97.744955453688974, 18.485851017091072, 2108.0 ], [ -97.744958046176208, 18.485850759075905, 2108.0 ], [ -97.744963003107813, 18.485843017436615, 2108.0 ], [ -97.744961016734493, 18.485838688584948, 2108.0 ], [ -97.744954805567161, 18.485835529329851, 2108.0 ], [ -97.744948972470894, 18.485835152907967, 2108.0 ], [ -97.744944435626977, 18.485836833362804, 2108.0 ], [ -97.744940383220253, 18.485847964695665, 2108.0 ], [ -97.744936658156533, 18.485851084217341, 2108.0 ], [ -97.744932232410463, 18.485852293547332, 2108.0 ], [ -97.744930096758424, 18.485854767176857, 2108.0 ], [ -97.744928406799318, 18.485859714435904, 2108.0 ], [ -97.744929014788994, 18.485862188065429, 2108.0 ], [ -97.744932769425674, 18.485865905231535, 2108.0 ], [ -97.744943139374612, 18.485867677167136, 2108.0 ], [ -97.744945731861847, 18.48587023710008, 2108.0 ], [ -97.744947357851643, 18.485870227361382, 2108.0 ] ] } },
{ "type": "Feature", "properties": { "FID": 125, "elev": 2091.0, "elevation": 2091.0, "ELEVATION": 2091.0, "is_master": false, "tipo": "Ordinaria (1m)" }, "geometry": { "type": "LineString", "coordinates": [ [ -97.746542828636777, 18.485865280102335, 2091.0 ], [ -97.746545037236473, 18.485860951250668, 2091.0 ], [ -97.746544000241585, 18.485859572273288, 2091.0 ], [ -97.746540056079255, 18.485862188065429, 2091.0 ], [ -97.746541268871098, 18.485865280102335, 2091.0 ], [ -97.746542828636777, 18.485865280102335, 2091.0 ] ] } },
{ "type": "Feature", "properties": { "FID": 126, "elev": 2091.0, "elevation": 2091.0, "ELEVATION": 2091.0, "is_master": false, "tipo": "Ordinaria (1m)" }, "geometry": { "type": "LineString", "coordinates": [ [ -97.746510946029346, 18.48586056842705, 2091.0 ], [ -97.74650770541956, 18.485859096028523, 2091.0 ], [ -97.746507029968058, 18.485856622398998, 2091.0 ], [ -97.746507705420314, 18.485854805827316, 2091.0 ], [ -97.746510946029346, 18.485854687445087, 2091.0 ], [ -97.746512282515823, 18.485856003991618, 2091.0 ], [ -97.746512436296698, 18.485858477621143, 2091.0 ], [ -97.746510946029346, 18.48586056842705, 2091.0 ] ] } },
{ "type": "Feature", "properties": { "FID": 127, "elev": 2091.0, "elevation": 2091.0, "ELEVATION": 2091.0, "is_master": false, "tipo": "Ordinaria (1m)" }, "geometry": { "type": "LineString", "coordinates": [ [ -97.746543037878894, 18.485856003991618, 2091.0 ], [ -97.746542379937054, 18.485856003991618, 2091.0 ], [ -97.74654270399796, 18.48585636650629, 2091.0 ], [ -97.746543037878894, 18.485856003991618, 2091.0 ] ] } },
{ "type": "Feature", "properties": { "FID": 128, "elev": 2106.0, "elevation": 2106.0, "ELEVATION": 2106.0, "is_master": false, "tipo": "Ordinaria (1m)" }, "geometry": { "type": "LineString", "coordinates": [ [ -97.745177940943393, 18.485851675139951, 2106.0 ], [ -97.745178973224668, 18.485851056732571, 2106.0 ], [ -97.745179144276136, 18.485848583103046, 2106.0 ], [ -97.745175166982051, 18.485844172881986, 2106.0 ], [ -97.745173870738441, 18.485844101386633, 2106.0 ], [ -97.745172421995576, 18.485846727880901, 2106.0 ], [ -97.745172964626391, 18.485849201510426, 2106.0 ], [ -97.745175558421963, 18.485851675139951, 2106.0 ], [ -97.745177940943393, 18.485851675139951, 2106.0 ] ] } },
{ "type": "Feature", "properties": { "FID": 129, "elev": 2108.0, "elevation": 2108.0, "ELEVATION": 2108.0, "is_master": false, "tipo": "Ordinaria (1m)" }, "geometry": { "type": "LineString", "coordinates": [ [ -97.744948324349082, 18.48585017597054, 2108.0 ], [ -97.744947028105457, 18.485849696236333, 2108.0 ], [ -97.744947491049615, 18.485848583103046, 2108.0 ], [ -97.744948940064802, 18.485849819917807, 2108.0 ], [ -97.744948324349082, 18.48585017597054, 2108.0 ] ] } },
{ "type": "Feature", "properties": { "FID": 130, "elev": 2106.0, "elevation": 2106.0, "ELEVATION": 2106.0, "is_master": false, "tipo": "Ordinaria (1m)" }, "geometry": { "type": "LineString", "coordinates": [ [ -97.745166451093979, 18.485846727880901, 2106.0 ], [ -97.745166741398549, 18.485845601005231, 2106.0 ], [ -97.745165445154925, 18.485845028053433, 2106.0 ], [ -97.745163430341478, 18.48584549106614, 2106.0 ], [ -97.745163492089873, 18.485846727880901, 2106.0 ], [ -97.745164797033112, 18.485847327162283, 2106.0 ], [ -97.745166451093979, 18.485846727880901, 2106.0 ] ] } },
{ "type": "Feature", "properties": { "FID": 131, "elev": 2093.0, "elevation": 2093.0, "ELEVATION": 2093.0, "is_master": false, "tipo": "Ordinaria (1m)" }, "geometry": { "type": "LineString", "coordinates": [ [ -97.746352804308074, 18.485845702229636, 2093.0 ], [ -97.74635067336213, 18.485843635843995, 2093.0 ], [ -97.746352156186276, 18.485841644572229, 2093.0 ], [ -97.746354100551699, 18.485842300084055, 2093.0 ], [ -97.746354394231886, 18.485843635843995, 2093.0 ], [ -97.746352804308074, 18.485845702229636, 2093.0 ] ] } },
{ "type": "Feature", "properties": { "FID": 132, "elev": 2106.0, "elevation": 2106.0, "ELEVATION": 2106.0, "is_master": false, "tipo": "Ordinaria (1m)" }, "geometry": { "type": "LineString", "coordinates": [ [ -97.745176519098237, 18.485839925399709, 2106.0 ], [ -97.745175149306007, 18.485838688584948, 2106.0 ], [ -97.745175166982051, 18.485840319634416, 2106.0 ], [ -97.745176519098237, 18.485839925399709, 2106.0 ] ] } },
{ "type": "Feature", "properties": { "FID": 133, "elev": 2096.0, "elevation": 2096.0, "ELEVATION": 2096.0, "is_master": false, "tipo": "Ordinaria (1m)" }, "geometry": { "type": "LineString", "coordinates": [ [ -97.746092907462867, 18.485836315626393, 2096.0 ], [ -97.746093312539003, 18.485835596548043, 2096.0 ], [ -97.746093987665887, 18.485835596548043, 2096.0 ], [ -97.746093231523773, 18.485836214955423, 2096.0 ], [ -97.746092907462867, 18.485836315626393, 2096.0 ] ] } },
{ "type": "Feature", "properties": { "FID": 134, "elev": 2099.0, "elevation": 2099.0, "ELEVATION": 2099.0, "is_master": false, "tipo": "Ordinaria (1m)" }, "geometry": { "type": "LineString", "coordinates": [ [ -97.745817536709495, 18.485831886103757, 2099.0 ], [ -97.745821398435268, 18.485828175659471, 2099.0 ], [ -97.745822473411494, 18.48582322840042, 2099.0 ], [ -97.745819472073222, 18.485813952289707, 2099.0 ], [ -97.745818103816077, 18.48581267799571, 2099.0 ], [ -97.745815511328843, 18.485812611222357, 2099.0 ], [ -97.74581177758364, 18.485814570697087, 2099.0 ], [ -97.745810891092091, 18.485817044326613, 2099.0 ], [ -97.745806105658687, 18.48582260999304, 2099.0 ], [ -97.745807085745327, 18.485825231691937, 2099.0 ], [ -97.745811622597984, 18.485830106297147, 2099.0 ], [ -97.745815511328843, 18.485832367087276, 2099.0 ], [ -97.745817536709495, 18.485831886103757, 2099.0 ] ] } },
{ "type": "Feature", "properties": { "FID": 135, "elev": 2097.0, "elevation": 2097.0, "ELEVATION": 2097.0, "is_master": false, "tipo": "Ordinaria (1m)" }, "geometry": { "type": "LineString", "coordinates": [ [ -97.745963283101176, 18.485828463290812, 2097.0 ], [ -97.745960690613941, 18.48582809499764, 2097.0 ], [ -97.745958098126707, 18.485823135639315, 2097.0 ], [ -97.745956801883096, 18.485821858390224, 2097.0 ], [ -97.745954209395862, 18.485821595804936, 2097.0 ], [ -97.74595356126531, 18.485820754770899, 2097.0 ], [ -97.745960042492129, 18.485819327676943, 2097.0 ], [ -97.745964579344786, 18.485821903811708, 2097.0 ], [ -97.745967027804951, 18.485826320437326, 2097.0 ], [ -97.745963283101176, 18.485828463290812, 2097.0 ] ] } },
{ "type": "Feature", "properties": { "FID": 136, "elev": 2099.0, "elevation": 2099.0, "ELEVATION": 2099.0, "is_master": false, "tipo": "Ordinaria (1m)" }, "geometry": { "type": "LineString", "coordinates": [ [ -97.745779216507572, 18.485826331681096, 2099.0 ], [ -97.745780246855048, 18.485825702029945, 2099.0 ], [ -97.74577986462937, 18.485825998350151, 2099.0 ], [ -97.745779216507572, 18.485826331681096, 2099.0 ] ] } },
{ "type": "Feature", "properties": { "FID": 137, "elev": 2100.0, "elevation": 2100.0, "ELEVATION": 2100.0, "is_master": true, "tipo": "Maestra (5m)" }, "geometry": { "type": "LineString", "coordinates": [ [ -97.745712459961297, 18.48582488685658, 2100.0 ], [ -97.74571051559586, 18.485824796504854, 2100.0 ], [ -97.745709895653263, 18.485823846807804, 2100.0 ], [ -97.745711811839485, 18.485821579314074, 2100.0 ], [ -97.74571357617107, 18.48582260999304, 2100.0 ], [ -97.745712459961297, 18.48582488685658, 2100.0 ] ] } },
{ "type": "Feature", "properties": { "FID": 138, "elev": 2097.0, "elevation": 2097.0, "ELEVATION": 2097.0, "is_master": false, "tipo": "Ordinaria (1m)" }, "geometry": { "type": "LineString", "coordinates": [ [ -97.745945783812346, 18.485822344961306, 2097.0 ], [ -97.745944117213412, 18.485821373178279, 2097.0 ], [ -97.745945135690533, 18.485820638819515, 2097.0 ], [ -97.745945783812346, 18.485822344961306, 2097.0 ] ] } },
{ "type": "Feature", "properties": { "FID": 139, "elev": 2106.0, "elevation": 2106.0, "ELEVATION": 2106.0, "is_master": false, "tipo": "Ordinaria (1m)" }, "geometry": { "type": "LineString", "coordinates": [ [ -97.745180248257029, 18.485810860252801, 2106.0 ], [ -97.745180449786233, 18.485808386623276, 2106.0 ], [ -97.74517905571291, 18.485807363872606, 2106.0 ], [ -97.745177871644216, 18.485808386623276, 2106.0 ], [ -97.74517796522224, 18.485810241845421, 2106.0 ], [ -97.74517905571291, 18.4858114786574, 2106.0 ], [ -97.745180248257029, 18.485810860252801, 2106.0 ] ] } },
{ "type": "Feature", "properties": { "FID": 140, "elev": 2109.0, "elevation": 2109.0, "ELEVATION": 2109.0, "is_master": false, "tipo": "Ordinaria (1m)" }, "geometry": { "type": "LineString", "coordinates": [ [ -97.744820840494938, 18.48580467617899, 2109.0 ], [ -97.744823925469461, 18.485802202549465, 2109.0 ], [ -97.744823972209019, 18.485799728919943, 2109.0 ], [ -97.744821940596424, 18.48579780302267, 2109.0 ], [ -97.744819348109189, 18.48579782899365, 2109.0 ], [ -97.744817392373207, 18.485799728919943, 2109.0 ], [ -97.744817356778412, 18.485802820956845, 2109.0 ], [ -97.744818699987377, 18.485804562593962, 2109.0 ], [ -97.744820840494938, 18.48580467617899, 2109.0 ] ] } },
{ "type": "Feature", "properties": { "FID": 141, "elev": 2111.0, "elevation": 2111.0, "ELEVATION": 2111.0, "is_master": false, "tipo": "Ordinaria (1m)" }, "geometry": { "type": "LineString", "coordinates": [ [ -97.744576565183095, 18.485802820956845, 2111.0 ], [ -97.744578284921246, 18.485802202549465, 2111.0 ], [ -97.744577857923346, 18.485799728919943, 2111.0 ], [ -97.744573709943779, 18.485797856598978, 2111.0 ], [ -97.744571117456545, 18.485798234435439, 2111.0 ], [ -97.744570678624072, 18.485799728919943, 2111.0 ], [ -97.744572935015526, 18.485802202549465, 2111.0 ], [ -97.744576565183095, 18.485802820956845, 2111.0 ] ] } },
{ "type": "Feature", "properties": { "FID": 142, "elev": 2088.0, "elevation": 2088.0, "ELEVATION": 2088.0, "is_master": false, "tipo": "Ordinaria (1m)" }, "geometry": { "type": "LineString", "coordinates": [ [ -97.746731307444236, 18.4857961492926, 2088.0 ], [ -97.746729585292002, 18.485795400068273, 2088.0 ], [ -97.746728836101269, 18.485792308031368, 2088.0 ], [ -97.746730011200611, 18.485790097224982, 2088.0 ], [ -97.746731955566048, 18.485789400200918, 2088.0 ], [ -97.746733477898658, 18.485791071216607, 2088.0 ], [ -97.746733812347443, 18.485793544846132, 2088.0 ], [ -97.746733089779212, 18.485795400068273, 2088.0 ], [ -97.746731307444236, 18.4857961492926, 2088.0 ] ] } },
{ "type": "Feature", "properties": { "FID": 143, "elev": 2089.0, "elevation": 2089.0, "ELEVATION": 2089.0, "is_master": false, "tipo": "Ordinaria (1m)" }, "geometry": { "type": "LineString", "coordinates": [ [ -97.746663298844467, 18.485792308031368, 2089.0 ], [ -97.746662606532539, 18.485790394468907, 2089.0 ], [ -97.746659998390186, 18.485791071216607, 2089.0 ], [ -97.746660014045304, 18.48579231825298, 2089.0 ], [ -97.746663298844467, 18.485792308031368, 2089.0 ] ] } },
{ "type": "Feature", "properties": { "FID": 144, "elev": 2110.0, "elevation": 2110.0, "ELEVATION": 2110.0, "is_master": true, "tipo": "Maestra (5m)" }, "geometry": { "type": "LineString", "coordinates": [ [ -97.744700021682903, 18.485792308031368, 2110.0 ], [ -97.744701137892676, 18.485791071216607, 2110.0 ], [ -97.744700741818235, 18.485789826951152, 2110.0 ], [ -97.744698683747231, 18.485789834401846, 2110.0 ], [ -97.744697090205122, 18.485791689623987, 2110.0 ], [ -97.744698149331001, 18.48579271561805, 2110.0 ], [ -97.744700021682903, 18.485792308031368, 2110.0 ] ] } },
{ "type": "Feature", "properties": { "FID": 145, "elev": 2089.0, "elevation": 2089.0, "ELEVATION": 2089.0, "is_master": false, "tipo": "Ordinaria (1m)" }, "geometry": { "type": "LineString", "coordinates": [ [ -97.746642514756473, 18.485764123646486, 2089.0 ], [ -97.746641277433014, 18.48576386129184, 2089.0 ], [ -97.746641866634661, 18.485762968036735, 2089.0 ], [ -97.746642514756473, 18.485763284111616, 2089.0 ], [ -97.746642514756473, 18.485764123646486, 2089.0 ] ] } },
{ "type": "Feature", "properties": { "FID": 146, "elev": 2089.0, "elevation": 2089.0, "ELEVATION": 2089.0, "is_master": false, "tipo": "Ordinaria (1m)" }, "geometry": { "type": "LineString", "coordinates": [ [ -97.746643162878286, 18.485759738575965, 2089.0 ], [ -97.746639992336455, 18.485757058810648, 2089.0 ], [ -97.746641849117864, 18.485753348366362, 2089.0 ], [ -97.746641799121974, 18.485750874736837, 2089.0 ], [ -97.746636169985081, 18.485747164292551, 2089.0 ], [ -97.746636681660192, 18.485745869137471, 2089.0 ], [ -97.746641866634661, 18.485742551307762, 2089.0 ], [ -97.746643893603846, 18.485744072255645, 2089.0 ], [ -97.746643940624452, 18.485746545885171, 2089.0 ], [ -97.746648360081466, 18.485750256329457, 2089.0 ], [ -97.746648347854588, 18.485753966773743, 2089.0 ], [ -97.74664575536552, 18.485754951644758, 2089.0 ], [ -97.746644348015309, 18.485758914032793, 2089.0 ], [ -97.746643162878286, 18.485759738575965, 2089.0 ] ] } },
{ "type": "Feature", "properties": { "FID": 147, "elev": 2088.0, "elevation": 2088.0, "ELEVATION": 2088.0, "is_master": false, "tipo": "Ordinaria (1m)" }, "geometry": { "type": "LineString", "coordinates": [ [ -97.746744269880409, 18.485749428882961, 2088.0 ], [ -97.746742629065693, 18.485749019514696, 2088.0 ], [ -97.746743621758597, 18.48574811064324, 2088.0 ], [ -97.746744269880409, 18.485749428882961, 2088.0 ] ] } },
{ "type": "Feature", "properties": { "FID": 148, "elev": 2089.0, "elevation": 2089.0, "ELEVATION": 2089.0, "is_master": false, "tipo": "Ordinaria (1m)" }, "geometry": { "type": "LineString", "coordinates": [ [ -97.746666495263383, 18.485746054330587, 2089.0 ], [ -97.746663811276605, 18.485744690663026, 2089.0 ], [ -97.746663788401719, 18.48574159862612, 2089.0 ], [ -97.746667143385196, 18.485741560570283, 2089.0 ], [ -97.746669582744744, 18.485743453848265, 2089.0 ], [ -97.746668439628806, 18.485745290249312, 2089.0 ], [ -97.746666495263383, 18.485746054330587, 2089.0 ] ] } },
{ "type": "Feature", "properties": { "FID": 149, "elev": 2088.0, "elevation": 2088.0, "ELEVATION": 2088.0, "is_master": false, "tipo": "Ordinaria (1m)" }, "geometry": { "type": "LineString", "coordinates": [ [ -97.746722233738922, 18.485728755541633, 2088.0 ], [ -97.746719641251687, 18.485728739785689, 2088.0 ], [ -97.746718277181358, 18.485727375256356, 2088.0 ], [ -97.746718421257697, 18.485724283219451, 2088.0 ], [ -97.746719641251687, 18.485723307628497, 2088.0 ], [ -97.746722538737416, 18.485724283219451, 2088.0 ], [ -97.746723254288923, 18.485727993663737, 2088.0 ], [ -97.746722233738922, 18.485728755541633, 2088.0 ] ] } },
{ "type": "Feature", "properties": { "FID": 150, "elev": 2089.0, "elevation": 2089.0, "ELEVATION": 2089.0, "is_master": false, "tipo": "Ordinaria (1m)" }, "geometry": { "type": "LineString", "coordinates": [ [ -97.746666784849722, 18.485713770293973, 2089.0 ], [ -97.746670250557401, 18.485710678257067, 2089.0 ], [ -97.746667791507008, 18.485708342051407, 2089.0 ], [ -97.746662606532539, 18.485708890091146, 2089.0 ], [ -97.746659365923492, 18.485707254930496, 2089.0 ], [ -97.746657613594152, 18.485708823034926, 2089.0 ], [ -97.746658717801679, 18.485710519691072, 2089.0 ], [ -97.746666784849722, 18.485713770293973, 2089.0 ] ] } },
{ "type": "Feature", "properties": { "FID": 151, "elev": 2089.0, "elevation": 2089.0, "ELEVATION": 2089.0, "is_master": false, "tipo": "Ordinaria (1m)" }, "geometry": { "type": "LineString", "coordinates": [ [ -97.746669171379239, 18.485707586220162, 2089.0 ], [ -97.746671032116041, 18.485705332025518, 2089.0 ], [ -97.746672698714988, 18.48570511259064, 2089.0 ], [ -97.74667374352471, 18.485701402146354, 2089.0 ], [ -97.746670383994243, 18.485698928520204, 2089.0 ], [ -97.746665847141571, 18.485698912242949, 2089.0 ], [ -97.746663223791401, 18.485701402146354, 2089.0 ], [ -97.746663158636295, 18.485704494183256, 2089.0 ], [ -97.746665847141571, 18.485707878245872, 2089.0 ], [ -97.746669171379239, 18.485707586220162, 2089.0 ] ] } },
{ "type": "Feature", "properties": { "FID": 152, "elev": 2109.0, "elevation": 2109.0, "ELEVATION": 2109.0, "is_master": false, "tipo": "Ordinaria (1m)" }, "geometry": { "type": "LineString", "coordinates": [ [ -97.74470097283195, 18.485698310109449, 2109.0 ], [ -97.744703925449542, 18.485696454887304, 2109.0 ], [ -97.744704392350471, 18.485694599665162, 2109.0 ], [ -97.744700093696423, 18.485690221776785, 2109.0 ], [ -97.744698368177325, 18.485696454887304, 2109.0 ], [ -97.744698797454078, 18.485697691702065, 2109.0 ], [ -97.74470097283195, 18.485698310109449, 2109.0 ] ] } },
{ "type": "Feature", "properties": { "FID": 153, "elev": 2109.0, "elevation": 2109.0, "ELEVATION": 2109.0, "is_master": false, "tipo": "Ordinaria (1m)" }, "geometry": { "type": "LineString", "coordinates": [ [ -97.74459120923261, 18.485696042615718, 2109.0 ], [ -97.744586672379938, 18.485695939547821, 2109.0 ], [ -97.744581487405483, 18.48569100517226, 2109.0 ], [ -97.744576950552812, 18.485689598631559, 2109.0 ], [ -97.744574941375205, 18.485687797183971, 2109.0 ], [ -97.744575006187389, 18.485685115178043, 2109.0 ], [ -97.744579543040047, 18.485682262056176, 2109.0 ], [ -97.744581487405483, 18.485682618022153, 2109.0 ], [ -97.744584079892704, 18.485685975940253, 2109.0 ], [ -97.744590561110797, 18.485683878120327, 2109.0 ], [ -97.744591857354408, 18.485684241341527, 2109.0 ], [ -97.744595189732919, 18.485687178776587, 2109.0 ], [ -97.744595717906051, 18.485693362850398, 2109.0 ], [ -97.74459120923261, 18.485696042615718, 2109.0 ] ] } },
{ "type": "Feature", "properties": { "FID": 154, "elev": 2109.0, "elevation": 2109.0, "ELEVATION": 2109.0, "is_master": false, "tipo": "Ordinaria (1m)" }, "geometry": { "type": "LineString", "coordinates": [ [ -97.744601579181534, 18.485687897466246, 2109.0 ], [ -97.744600252074974, 18.485687178776587, 2109.0 ], [ -97.744602227303346, 18.485686534054, 2109.0 ], [ -97.74460190324244, 18.485687797183971, 2109.0 ], [ -97.744601579181534, 18.485687897466246, 2109.0 ] ] } },
{ "type": "Feature", "properties": { "FID": 155, "elev": 2107.0, "elevation": 2107.0, "ELEVATION": 2107.0, "is_master": false, "tipo": "Ordinaria (1m)" }, "geometry": { "type": "LineString", "coordinates": [ [ -97.74481416313472, 18.485687311292455, 2107.0 ], [ -97.744811570647485, 18.485686890186479, 2107.0 ], [ -97.744810922525687, 18.485684562946435, 2107.0 ], [ -97.74481286689111, 18.485683622040494, 2107.0 ], [ -97.74481416313472, 18.48568413827363, 2107.0 ], [ -97.744814965921961, 18.485685323554446, 2107.0 ], [ -97.74481416313472, 18.485687311292455, 2107.0 ] ] } },
{ "type": "Feature", "properties": { "FID": 156, "elev": 2103.0, "elevation": 2103.0, "ELEVATION": 2103.0, "is_master": false, "tipo": "Ordinaria (1m)" }, "geometry": { "type": "LineString", "coordinates": [ [ -97.745472564875229, 18.485679757888015, 2103.0 ], [ -97.745473951132226, 18.485678521073254, 2103.0 ], [ -97.745473303013952, 18.485676883600188, 2103.0 ], [ -97.745470531734497, 18.485679757888015, 2103.0 ], [ -97.745472564875229, 18.485679757888015, 2103.0 ] ] } },
{ "type": "Feature", "properties": { "FID": 157, "elev": 2107.0, "elevation": 2107.0, "ELEVATION": 2107.0, "is_master": false, "tipo": "Ordinaria (1m)" }, "geometry": { "type": "LineString", "coordinates": [ [ -97.744831014301738, 18.485678591346819, 2107.0 ], [ -97.744823625713124, 18.485678521073254, 2107.0 ], [ -97.74481752918669, 18.485671718592062, 2107.0 ], [ -97.744812218769297, 18.485668617845192, 2107.0 ], [ -97.744810848353708, 18.485666771333012, 2107.0 ], [ -97.744810922525687, 18.485664796501212, 2107.0 ], [ -97.744819422892476, 18.485656258407534, 2107.0 ], [ -97.744824507995077, 18.485647600704201, 2107.0 ], [ -97.744833606788973, 18.485640156740725, 2107.0 ], [ -97.744843976737911, 18.485635744819408, 2107.0 ], [ -97.74485564293046, 18.485634719929408, 2107.0 ], [ -97.744859531661319, 18.485635086640229, 2107.0 ], [ -97.744864068513976, 18.485637228325853, 2107.0 ], [ -97.744867419777961, 18.48564203503777, 2107.0 ], [ -97.744868349318509, 18.485650074333723, 2107.0 ], [ -97.744867479392312, 18.485657495222299, 2107.0 ], [ -97.744864068513976, 18.485664933530796, 2107.0 ], [ -97.744858235417695, 18.485670531249891, 2107.0 ], [ -97.744849809834193, 18.485674927493353, 2107.0 ], [ -97.744831014301738, 18.485678591346819, 2107.0 ] ] } },
{ "type": "Feature", "properties": { "FID": 158, "elev": 2111.0, "elevation": 2111.0, "ELEVATION": 2111.0, "is_master": false, "tipo": "Ordinaria (1m)" }, "geometry": { "type": "LineString", "coordinates": [ [ -97.744620052386026, 18.485671718592062, 2111.0 ], [ -97.744621055031914, 18.485671100184682, 2111.0 ], [ -97.744620374713989, 18.485669487908293, 2111.0 ], [ -97.744618582377129, 18.485671100184682, 2111.0 ], [ -97.744620052386026, 18.485671718592062, 2111.0 ] ] } },
{ "type": "Feature", "properties": { "FID": 159, "elev": 2093.0, "elevation": 2093.0, "ELEVATION": 2093.0, "is_master": false, "tipo": "Ordinaria (1m)" }, "geometry": { "type": "LineString", "coordinates": [ [ -97.746266604107547, 18.485658174257853, 2093.0 ], [ -97.746260122889467, 18.48565630105632, 2093.0 ], [ -97.746258826645843, 18.485657007005944, 2093.0 ], [ -97.746257801709035, 18.485655640000154, 2093.0 ], [ -97.746261419133077, 18.485653138577039, 2093.0 ], [ -97.746265955985734, 18.485653331279266, 2093.0 ], [ -97.746268548472969, 18.485654335628283, 2093.0 ], [ -97.746269111128171, 18.485655640000154, 2093.0 ], [ -97.746268548472969, 18.48565750943856, 2093.0 ], [ -97.746266604107547, 18.485658174257853, 2093.0 ] ] } },
{ "type": "Feature", "properties": { "FID": 160, "elev": 2093.0, "elevation": 2093.0, "ELEVATION": 2093.0, "is_master": false, "tipo": "Ordinaria (1m)" }, "geometry": { "type": "LineString", "coordinates": [ [ -97.746245216087871, 18.485653611010648, 2093.0 ], [ -97.746244561880403, 18.485652547963248, 2093.0 ], [ -97.746245864209683, 18.485651265340532, 2093.0 ], [ -97.74624649142433, 18.485652547963248, 2093.0 ], [ -97.746245216087871, 18.485653611010648, 2093.0 ] ] } },
{ "type": "Feature", "properties": { "FID": 161, "elev": 2108.0, "elevation": 2108.0, "ELEVATION": 2108.0, "is_master": false, "tipo": "Ordinaria (1m)" }, "geometry": { "type": "LineString", "coordinates": [ [ -97.744942250091199, 18.485612969890859, 2108.0 ], [ -97.744943470049009, 18.485611733076098, 2108.0 ], [ -97.744943149999557, 18.485609877853957, 2108.0 ], [ -97.74494119500919, 18.485608541094567, 2108.0 ], [ -97.744939142623466, 18.485608641039192, 2108.0 ], [ -97.744937727947942, 18.485610496261337, 2108.0 ], [ -97.744937835357362, 18.485612351483478, 2108.0 ], [ -97.744939898765566, 18.485613456278688, 2108.0 ], [ -97.744942250091199, 18.485612969890859, 2108.0 ] ] } },
{ "type": "Feature", "properties": { "FID": 162, "elev": 2101.0, "elevation": 2101.0, "ELEVATION": 2101.0, "is_master": false, "tipo": "Ordinaria (1m)" }, "geometry": { "type": "LineString", "coordinates": [ [ -97.745455155603324, 18.485595119928657, 2101.0 ], [ -97.745449322507042, 18.485595080248764, 2101.0 ], [ -97.745447688112918, 18.485593180854668, 2101.0 ], [ -97.745449437728695, 18.485588852002998, 2101.0 ], [ -97.74544966501044, 18.485585141558712, 2101.0 ], [ -97.74545164736189, 18.48558266792919, 2101.0 ], [ -97.745451782582293, 18.485577102262759, 2101.0 ], [ -97.745453211237901, 18.48557524703417, 2101.0 ], [ -97.745457748090558, 18.485572015644301, 2101.0 ], [ -97.745465525552262, 18.48557060898526, 2101.0 ], [ -97.74547135864853, 18.485571393037475, 2101.0 ], [ -97.745475895501187, 18.485574216361648, 2101.0 ], [ -97.745479191663534, 18.485578957484901, 2101.0 ], [ -97.745479250484678, 18.48558266792919, 2101.0 ], [ -97.745477191744811, 18.485586466717386, 2101.0 ], [ -97.745472654892154, 18.485589978387871, 2101.0 ], [ -97.745466821795873, 18.485592675821973, 2101.0 ], [ -97.745455155603324, 18.485595119928657, 2101.0 ] ] } },
{ "type": "Feature", "properties": { "FID": 163, "elev": 2097.0, "elevation": 2097.0, "ELEVATION": 2097.0, "is_master": false, "tipo": "Ordinaria (1m)" }, "geometry": { "type": "LineString", "coordinates": [ [ -97.745864120464475, 18.485558479366198, 2097.0 ], [ -97.745863063002574, 18.485557313226565, 2097.0 ], [ -97.745864120464475, 18.485556568157431, 2097.0 ], [ -97.745864953763942, 18.485557313226565, 2097.0 ], [ -97.745864120464475, 18.485558479366198, 2097.0 ] ] } },
{ "type": "Feature", "properties": { "FID": 164, "elev": 2097.0, "elevation": 2097.0, "ELEVATION": 2097.0, "is_master": false, "tipo": "Ordinaria (1m)" }, "geometry": { "type": "LineString", "coordinates": [ [ -97.745834954983096, 18.485557362371523, 2097.0 ], [ -97.745831714374049, 18.485557514208963, 2097.0 ], [ -97.745827891928386, 18.485553602782279, 2097.0 ], [ -97.745829121886814, 18.485552284500677, 2097.0 ], [ -97.745833010617673, 18.485551481874001, 2097.0 ], [ -97.745835481277496, 18.485554839597039, 2097.0 ], [ -97.745834954983096, 18.485557362371523, 2097.0 ] ] } },
{ "type": "Feature", "properties": { "FID": 165, "elev": 2099.0, "elevation": 2099.0, "ELEVATION": 2099.0, "is_master": false, "tipo": "Ordinaria (1m)" }, "geometry": { "type": "LineString", "coordinates": [ [ -97.745754299824711, 18.485555458004423, 2099.0 ], [ -97.745755095104599, 18.485554221189659, 2099.0 ], [ -97.745754294063616, 18.485551747560134, 2099.0 ], [ -97.745751995391615, 18.48555155516673, 2099.0 ], [ -97.745751995391615, 18.485553031342548, 2099.0 ], [ -97.745754299824711, 18.485555458004423, 2099.0 ] ] } },
{ "type": "Feature", "properties": { "FID": 166, "elev": 2097.0, "elevation": 2097.0, "ELEVATION": 2097.0, "is_master": false, "tipo": "Ordinaria (1m)" }, "geometry": { "type": "LineString", "coordinates": [ [ -97.745859583611818, 18.485554914103954, 2097.0 ], [ -97.745848595001149, 18.485554221189659, 2097.0 ], [ -97.745849774068958, 18.485552365967518, 2097.0 ], [ -97.745852454271926, 18.485551275321772, 2097.0 ], [ -97.745856991124583, 18.48555128649901, 2097.0 ], [ -97.745860249737007, 18.485552365967518, 2097.0 ], [ -97.745859583611818, 18.485554914103954, 2097.0 ] ] } },
{ "type": "Feature", "properties": { "FID": 167, "elev": 2097.0, "elevation": 2097.0, "ELEVATION": 2097.0, "is_master": false, "tipo": "Ordinaria (1m)" }, "geometry": { "type": "LineString", "coordinates": [ [ -97.745920574108894, 18.485530721709178, 2097.0 ], [ -97.745922023800475, 18.485530103301798, 2097.0 ], [ -97.745921803305436, 18.485528930618173, 2097.0 ], [ -97.745918983975571, 18.485530721709178, 2097.0 ], [ -97.745920574108894, 18.485530721709178, 2097.0 ] ] } },
{ "type": "Feature", "properties": { "FID": 168, "elev": 2085.0, "elevation": 2085.0, "ELEVATION": 2085.0, "is_master": true, "tipo": "Maestra (5m)" }, "geometry": { "type": "LineString", "coordinates": [ [ -97.746835006933594, 18.485456554050611, 2085.0 ], [ -97.746822692619233, 18.4854566267406, 2085.0 ], [ -97.746816859522951, 18.485455080722147, 2085.0 ], [ -97.746811655486084, 18.485450947157023, 2085.0 ], [ -97.746809551390839, 18.485444763083212, 2085.0 ], [ -97.746811736274381, 18.485436105379875, 2085.0 ], [ -97.746819506020344, 18.485426829269162, 2085.0 ], [ -97.746819266559413, 18.4854156979363, 2085.0 ], [ -97.74682197211834, 18.485407040232968, 2085.0 ], [ -97.74682722947189, 18.485401983595743, 2085.0 ], [ -97.746831766324547, 18.485400160930983, 2085.0 ], [ -97.746835006933594, 18.485400020163993, 2085.0 ], [ -97.746840840029876, 18.485401407711684, 2085.0 ], [ -97.746847359941796, 18.485407658640348, 2085.0 ], [ -97.746855746834925, 18.485420645195351, 2085.0 ], [ -97.746857592996619, 18.485429921306068, 2085.0 ], [ -97.746855839420292, 18.485440434231545, 2085.0 ], [ -97.746850623582887, 18.485449091934878, 2085.0 ], [ -97.746842367745558, 18.485454657601309, 2085.0 ], [ -97.746835006933594, 18.485456554050611, 2085.0 ] ] } },
{ "type": "Feature", "properties": { "FID": 169, "elev": 2100.0, "elevation": 2100.0, "ELEVATION": 2100.0, "is_master": true, "tipo": "Maestra (5m)" }, "geometry": { "type": "LineString", "coordinates": [ [ -97.745787642091074, 18.485428784358334, 2100.0 ], [ -97.74578591553707, 18.485428066083923, 2100.0 ], [ -97.745787642091074, 18.485425735163794, 2100.0 ], [ -97.745788744798318, 18.485427447676543, 2100.0 ], [ -97.745787642091074, 18.485428784358334, 2100.0 ] ] } },
{ "type": "Feature", "properties": { "FID": 170, "elev": 2095.0, "elevation": 2095.0, "ELEVATION": 2095.0, "is_master": true, "tipo": "Maestra (5m)" }, "geometry": { "type": "LineString", "coordinates": [ [ -97.746211569307121, 18.485403329788682, 2095.0 ], [ -97.746214634340319, 18.485400856159156, 2095.0 ], [ -97.746214863392709, 18.48539652730749, 2095.0 ], [ -97.746212809997445, 18.485394580242666, 2095.0 ], [ -97.746209569388398, 18.485394272499036, 2095.0 ], [ -97.746204215338679, 18.485397764122251, 2095.0 ], [ -97.7462037363169, 18.485400856159156, 2095.0 ], [ -97.746207625022976, 18.485403389634556, 2095.0 ], [ -97.746211569307121, 18.485403329788682, 2095.0 ] ] } },
{ "type": "Feature", "properties": { "FID": 171, "elev": 2097.0, "elevation": 2097.0, "ELEVATION": 2097.0, "is_master": false, "tipo": "Ordinaria (1m)" }, "geometry": { "type": "LineString", "coordinates": [ [ -97.74603716898163, 18.485326028866048, 2097.0 ], [ -97.746038506710761, 18.485324173643903, 2097.0 ], [ -97.746035844967082, 18.485323555236523, 2097.0 ], [ -97.746034760295842, 18.485324792051287, 2097.0 ], [ -97.746035185734613, 18.485326028866048, 2097.0 ], [ -97.74603716898163, 18.485326028866048, 2097.0 ] ] } },
{ "type": "Feature", "properties": { "FID": 172, "elev": 2089.0, "elevation": 2089.0, "ELEVATION": 2089.0, "is_master": false, "tipo": "Ordinaria (1m)" }, "geometry": { "type": "LineString", "coordinates": [ [ -97.746680926775653, 18.485321081606997, 2089.0 ], [ -97.74668324921214, 18.485317989570095, 2089.0 ], [ -97.746684755157972, 18.485306858237234, 2089.0 ], [ -97.746682698308604, 18.485304350488683, 2089.0 ], [ -97.746679457699557, 18.485303827483943, 2089.0 ], [ -97.746675554724277, 18.485305621422473, 2089.0 ], [ -97.746674441236763, 18.485314279125806, 2089.0 ], [ -97.74667621709051, 18.485319917546047, 2089.0 ], [ -97.746677513334134, 18.485321184674895, 2089.0 ], [ -97.746680926775653, 18.485321081606997, 2089.0 ] ] } },
{ "type": "Feature", "properties": { "FID": 173, "elev": 2093.0, "elevation": 2093.0, "ELEVATION": 2093.0, "is_master": false, "tipo": "Ordinaria (1m)" }, "geometry": { "type": "LineString", "coordinates": [ [ -97.746354305221743, 18.485318607977476, 2093.0 ], [ -97.746355882886661, 18.485316752755331, 2093.0 ], [ -97.746354748673497, 18.485314538856908, 2093.0 ], [ -97.746350319841142, 18.485316752755331, 2093.0 ], [ -97.746350859942652, 18.485318649204633, 2093.0 ], [ -97.746354305221743, 18.485318607977476, 2093.0 ] ] } },
{ "type": "Feature", "properties": { "FID": 174, "elev": 2084.0, "elevation": 2084.0, "ELEVATION": 2084.0, "is_master": false, "tipo": "Ordinaria (1m)" }, "geometry": { "type": "LineString", "coordinates": [ [ -97.746912781550606, 18.484924539766343, 2084.0 ], [ -97.746910725010252, 18.484917879994548, 2084.0 ], [ -97.746907451307464, 18.484898090958353, 2084.0 ], [ -97.746907128488175, 18.484889433255017, 2084.0 ], [ -97.746908244697948, 18.484884771414759, 2084.0 ] ] } },
{ "type": "Feature", "properties": { "FID": 175, "elev": 2084.0, "elevation": 2084.0, "ELEVATION": 2084.0, "is_master": false, "tipo": "Ordinaria (1m)" }, "geometry": { "type": "LineString", "coordinates": [ [ -97.746902411601681, 18.484833621988876, 2084.0 ], [ -97.74690097038345, 18.484828829331672, 2084.0 ], [ -97.746901115358057, 18.484820274696236, 2084.0 ] ] } },
{ "type": "Feature", "properties": { "FID": 176, "elev": 2084.0, "elevation": 2084.0, "ELEVATION": 2084.0, "is_master": false, "tipo": "Ordinaria (1m)" }, "geometry": { "type": "LineString", "coordinates": [ [ -97.746893337896353, 18.484753795902773, 2084.0 ], [ -97.746890636087372, 18.484749673186897, 2084.0 ], [ -97.74688807842513, 18.484741633890945, 2084.0 ], [ -97.746884748501842, 18.48472184485475, 2084.0 ], [ -97.746883356820504, 18.484690924485697, 2084.0 ], [ -97.746883486444872, 18.484682885189741, 2084.0 ], [ -97.746884912312851, 18.48467582503881, 2084.0 ] ] } },
{ "type": "Feature", "properties": { "FID": 177, "elev": 2084.0, "elevation": 2084.0, "ELEVATION": 2084.0, "is_master": false, "tipo": "Ordinaria (1m)" }, "geometry": { "type": "LineString", "coordinates": [ [ -97.746875190485724, 18.484591979324989, 2084.0 ], [ -97.74687121980844, 18.484580847971866, 2084.0 ], [ -97.746864029145939, 18.484551164417578, 2084.0 ], [ -97.746861403739288, 18.484532612196144, 2084.0 ], [ -97.746860473958421, 18.484512204752569, 2084.0 ], [ -97.746857726042151, 18.484497362975425, 2084.0 ], [ -97.746853285993978, 18.484486850049947, 2084.0 ], [ -97.746844711477479, 18.484479429161372, 2084.0 ], [ -97.746845119868709, 18.484473863494944, 2084.0 ] ] } },
{ "type": "Feature", "properties": { "FID": 178, "elev": 2096.0, "elevation": 2096.0, "ELEVATION": 2096.0, "is_master": false, "tipo": "Ordinaria (1m)" }, "geometry": { "type": "LineString", "coordinates": [ [ -97.746118298072645, 18.485272227423895, 2096.0 ], [ -97.746117536091603, 18.485270515491266, 2096.0 ], [ -97.746115553601356, 18.485270372201754, 2096.0 ], [ -97.746115153806031, 18.485271609016515, 2096.0 ], [ -97.746116239847979, 18.485272819516069, 2096.0 ], [ -97.746118298072645, 18.485272227423895, 2096.0 ] ] } },
{ "type": "Feature", "properties": { "FID": 179, "elev": 2092.0, "elevation": 2092.0, "ELEVATION": 2092.0, "is_master": false, "tipo": "Ordinaria (1m)" }, "geometry": { "type": "LineString", "coordinates": [ [ -97.746411135270847, 18.485267367264477, 2092.0 ], [ -97.746409818773415, 18.485267280164848, 2092.0 ], [ -97.74640919090541, 18.485265424939406, 2092.0 ], [ -97.746412431514457, 18.48526356971988, 2092.0 ], [ -97.746415688742005, 18.485264188127942, 2092.0 ], [ -97.746414485938303, 18.485266661757464, 2092.0 ], [ -97.746411135270847, 18.485267367264477, 2092.0 ] ] } },
{ "type": "Feature", "properties": { "FID": 180, "elev": 2105.0, "elevation": 2105.0, "ELEVATION": 2105.0, "is_master": true, "tipo": "Maestra (5m)" }, "geometry": { "type": "LineString", "coordinates": [ [ -97.745284699567691, 18.485257600616933, 2105.0 ], [ -97.745282217555769, 18.485256767239367, 2105.0 ], [ -97.745284699567691, 18.485254521444144, 2105.0 ], [ -97.745286036318916, 18.485254912017226, 2105.0 ], [ -97.745286335680063, 18.485256148831986, 2105.0 ], [ -97.745284699567691, 18.485257600616933, 2105.0 ] ] } },
{ "type": "Feature", "properties": { "FID": 181, "elev": 2096.0, "elevation": 2096.0, "ELEVATION": 2096.0, "is_master": false, "tipo": "Ordinaria (1m)" }, "geometry": { "type": "LineString", "coordinates": [ [ -97.746108030305066, 18.485256767239367, 2096.0 ], [ -97.746110014139447, 18.485255530424606, 2096.0 ], [ -97.746109110508087, 18.485254366035935, 2096.0 ], [ -97.746107814264462, 18.485254327037271, 2096.0 ], [ -97.746106188067927, 18.485256148831986, 2096.0 ], [ -97.746108030305066, 18.485256767239367, 2096.0 ] ] } },
{ "type": "Feature", "properties": { "FID": 182, "elev": 2111.0, "elevation": 2111.0, "ELEVATION": 2111.0, "is_master": false, "tipo": "Ordinaria (1m)" }, "geometry": { "type": "LineString", "coordinates": [ [ -97.744780383026068, 18.485217189166981, 2111.0 ], [ -97.744781179626685, 18.485216570759601, 2111.0 ], [ -97.744780460800683, 18.485214715542185, 2111.0 ], [ -97.744778999079159, 18.485216570759601, 2111.0 ], [ -97.744779812678871, 18.485217798344401, 2111.0 ], [ -97.744780383026068, 18.485217189166981, 2111.0 ] ] } },
{ "type": "Feature", "properties": { "FID": 183, "elev": 2091.0, "elevation": 2091.0, "ELEVATION": 2091.0, "is_master": false, "tipo": "Ordinaria (1m)" }, "geometry": { "type": "LineString", "coordinates": [ [ -97.746440948874039, 18.485216474562897, 2091.0 ], [ -97.746440254457809, 18.485215952352217, 2091.0 ], [ -97.746440948874039, 18.485214738441435, 2091.0 ], [ -97.746441564589745, 18.485215952352217, 2091.0 ], [ -97.746440948874039, 18.485216474562897, 2091.0 ] ] } },
{ "type": "Feature", "properties": { "FID": 184, "elev": 2092.0, "elevation": 2092.0, "ELEVATION": 2092.0, "is_master": false, "tipo": "Ordinaria (1m)" }, "geometry": { "type": "LineString", "coordinates": [ [ -97.746392214295469, 18.485214097130076, 2092.0 ], [ -97.746396291190706, 18.485212860315315, 2092.0 ], [ -97.746397003900697, 18.48521100509317, 2092.0 ], [ -97.746396382783956, 18.485209768278409, 2092.0 ], [ -97.746393635982017, 18.485207665693313, 2092.0 ], [ -97.746386506642125, 18.485207937072087, 2092.0 ], [ -97.746385407296273, 18.485209149871025, 2092.0 ], [ -97.746386697266175, 18.485212241907931, 2092.0 ], [ -97.746389747251158, 18.485214154088649, 2092.0 ], [ -97.746392214295469, 18.485214097130076, 2092.0 ] ] } },
{ "type": "Feature", "properties": { "FID": 185, "elev": 2091.0, "elevation": 2091.0, "ELEVATION": 2091.0, "is_master": false, "tipo": "Ordinaria (1m)" }, "geometry": { "type": "LineString", "coordinates": [ [ -97.746441596995837, 18.485207921087529, 2091.0 ], [ -97.746439004508602, 18.485207984410962, 2091.0 ], [ -97.746437030683097, 18.485206676241503, 2091.0 ], [ -97.746436712935065, 18.485202347389833, 2091.0 ], [ -97.746434416319573, 18.485198636945547, 2091.0 ], [ -97.746434545877548, 18.485196781723406, 2091.0 ], [ -97.746439652630414, 18.485192135311191, 2091.0 ], [ -97.746444837604884, 18.485191677051571, 2091.0 ], [ -97.746447933179681, 18.485193689686501, 2091.0 ], [ -97.746448137134095, 18.485197400130787, 2091.0 ], [ -97.746444075108641, 18.485205439426739, 2091.0 ], [ -97.746441596995837, 18.485207921087529, 2091.0 ] ] } },
{ "type": "Feature", "properties": { "FID": 186, "elev": 2110.0, "elevation": 2110.0, "ELEVATION": 2110.0, "is_master": true, "tipo": "Maestra (5m)" }, "geometry": { "type": "LineString", "coordinates": [ [ -97.744888697142699, 18.485194833407679, 2110.0 ], [ -97.744887046266399, 18.485194308093881, 2110.0 ], [ -97.744886800786304, 18.48519245287174, 2110.0 ], [ -97.744889993386323, 18.485189353726703, 2110.0 ], [ -97.744890097548748, 18.485193689686501, 2110.0 ], [ -97.744888697142699, 18.485194833407679, 2110.0 ] ] } },
{ "type": "Feature", "properties": { "FID": 187, "elev": 2112.0, "elevation": 2112.0, "ELEVATION": 2112.0, "is_master": false, "tipo": "Ordinaria (1m)" }, "geometry": { "type": "LineString", "coordinates": [ [ -97.744639818368242, 18.485193937049452, 2112.0 ], [ -97.744637225881007, 18.485192578843613, 2112.0 ], [ -97.744636821979014, 18.485189979242215, 2112.0 ], [ -97.744637874002819, 18.485187041807155, 2112.0 ], [ -97.744639818368242, 18.485186320331877, 2112.0 ], [ -97.744642410855477, 18.485187505608391, 2112.0 ], [ -97.74464300405171, 18.485189979242215, 2112.0 ], [ -97.744642410855477, 18.485191968900743, 2112.0 ], [ -97.744639818368242, 18.485193937049452, 2112.0 ] ] } },
{ "type": "Feature", "properties": { "FID": 188, "elev": 2091.0, "elevation": 2091.0, "ELEVATION": 2091.0, "is_master": false, "tipo": "Ordinaria (1m)" }, "geometry": { "type": "LineString", "coordinates": [ [ -97.746431227046898, 18.485191722026652, 2091.0 ], [ -97.746429564473573, 18.485190597649595, 2091.0 ], [ -97.7464305789251, 18.48518927909133, 2091.0 ], [ -97.746432114475226, 18.485189979242215, 2091.0 ], [ -97.746431227046898, 18.485191722026652, 2091.0 ] ] } },
{ "type": "Feature", "properties": { "FID": 189, "elev": 2110.0, "elevation": 2110.0, "ELEVATION": 2110.0, "is_master": true, "tipo": "Maestra (5m)" }, "geometry": { "type": "LineString", "coordinates": [ [ -97.744868605366634, 18.485186312969883, 2110.0 ], [ -97.744867309123023, 18.48518575168141, 2110.0 ], [ -97.744867098195797, 18.485184413575784, 2110.0 ], [ -97.744869253488446, 18.485180093818343, 2110.0 ], [ -97.744875734706525, 18.485178447763403, 2110.0 ], [ -97.744877755321582, 18.485178847909356, 2110.0 ], [ -97.744877708532044, 18.485181321538878, 2110.0 ], [ -97.744875988319407, 18.485183176761023, 2110.0 ], [ -97.744868605366634, 18.485186312969883, 2110.0 ] ] } },
{ "type": "Feature", "properties": { "FID": 190, "elev": 2106.0, "elevation": 2106.0, "ELEVATION": 2106.0, "is_master": false, "tipo": "Ordinaria (1m)" }, "geometry": { "type": "LineString", "coordinates": [ [ -97.745263959665905, 18.485181939946258, 2106.0 ], [ -97.745264953456584, 18.485180703131498, 2106.0 ], [ -97.745262663426203, 18.485177874490329, 2106.0 ], [ -97.745260149978208, 18.485179466316737, 2106.0 ], [ -97.745261367182579, 18.485181987516057, 2106.0 ], [ -97.745263959665905, 18.485181939946258, 2106.0 ] ] } },
{ "type": "Feature", "properties": { "FID": 191, "elev": 2111.0, "elevation": 2111.0, "ELEVATION": 2111.0, "is_master": false, "tipo": "Ordinaria (1m)" }, "geometry": { "type": "LineString", "coordinates": [ [ -97.74481158890444, 18.48517019020602, 2111.0 ], [ -97.74481357814166, 18.485165242946973, 2111.0 ], [ -97.744811570647485, 18.485164500422616, 2111.0 ], [ -97.744808872488221, 18.485165861354353, 2111.0 ], [ -97.744810449178289, 18.485167716576495, 2111.0 ], [ -97.744809328675117, 18.48516957179864, 2111.0 ], [ -97.744810274403875, 18.485170657975704, 2111.0 ], [ -97.74481158890444, 18.48517019020602, 2111.0 ] ] } },
{ "type": "Feature", "properties": { "FID": 192, "elev": 2088.0, "elevation": 2088.0, "ELEVATION": 2088.0, "is_master": false, "tipo": "Ordinaria (1m)" }, "geometry": { "type": "LineString", "coordinates": [ [ -97.74665094033999, 18.485154768500173, 2088.0 ], [ -97.746643162878286, 18.485154506707715, 2088.0 ], [ -97.746639905964287, 18.485152874799351, 2088.0 ], [ -97.746637895863074, 18.485149782762445, 2088.0 ], [ -97.746637881698234, 18.48514730913292, 2088.0 ], [ -97.746639922269239, 18.485144388875842, 2088.0 ], [ -97.746645107243708, 18.485141630488219, 2088.0 ], [ -97.746649644096365, 18.485141277543121, 2088.0 ], [ -97.746654180949022, 18.485142306494108, 2088.0 ], [ -97.746657421558069, 18.485145213419017, 2088.0 ], [ -97.746660662167116, 18.485144611597274, 2088.0 ], [ -97.746663254658586, 18.485145453910778, 2088.0 ], [ -97.746663254654351, 18.485148545952573, 2088.0 ], [ -97.746661310288914, 18.48514840852382, 2088.0 ], [ -97.746658069679881, 18.485145704616471, 2088.0 ], [ -97.746656773436257, 18.485146572933658, 2088.0 ], [ -97.746656394047889, 18.48515225639197, 2088.0 ], [ -97.746654180949022, 18.485154074509669, 2088.0 ], [ -97.74665094033999, 18.485154768500173, 2088.0 ] ] } },
{ "type": "Feature", "properties": { "FID": 193, "elev": 2102.0, "elevation": 2102.0, "ELEVATION": 2102.0, "is_master": false, "tipo": "Ordinaria (1m)" }, "geometry": { "type": "LineString", "coordinates": [ [ -97.745549133265555, 18.48514703857969, 2102.0 ], [ -97.745545892656509, 18.485146553301679, 2102.0 ], [ -97.745545458201235, 18.485144835503398, 2102.0 ], [ -97.745546540778321, 18.485143700623915, 2102.0 ], [ -97.74555010544826, 18.485144835503398, 2102.0 ], [ -97.74555064554977, 18.485146072318159, 2102.0 ], [ -97.745549133265555, 18.48514703857969, 2102.0 ] ] } },
{ "type": "Feature", "properties": { "FID": 194, "elev": 2105.0, "elevation": 2105.0, "ELEVATION": 2105.0, "is_master": true, "tipo": "Maestra (5m)" }, "geometry": { "type": "LineString", "coordinates": [ [ -97.745328730481191, 18.485138033022203, 2105.0 ], [ -97.745330563023657, 18.485137414614822, 2105.0 ], [ -97.745330068094276, 18.485134428590612, 2105.0 ], [ -97.745328771850666, 18.485134569940872, 2105.0 ], [ -97.745327112658828, 18.485136796207442, 2105.0 ], [ -97.745328730481191, 18.485138033022203, 2105.0 ] ] } },
{ "type": "Feature", "properties": { "FID": 195, "elev": 2093.0, "elevation": 2093.0, "ELEVATION": 2093.0, "is_master": false, "tipo": "Ordinaria (1m)" }, "geometry": { "type": "LineString", "coordinates": [ [ -97.746275029691063, 18.485126283282778, 2093.0 ], [ -97.746274134235861, 18.485124428059819, 2093.0 ], [ -97.746275029691063, 18.485123228724294, 2093.0 ], [ -97.746276361286775, 18.485125664874584, 2093.0 ], [ -97.746275029691063, 18.485126283282778, 2093.0 ] ] } },
{ "type": "Feature", "properties": { "FID": 196, "elev": 2095.0, "elevation": 2095.0, "ELEVATION": 2095.0, "is_master": true, "tipo": "Maestra (5m)" }, "geometry": { "type": "LineString", "coordinates": [ [ -97.74610586989904, 18.485123869984868, 2095.0 ], [ -97.746105048944756, 18.485123191245059, 2095.0 ], [ -97.74610636157766, 18.485121954430298, 2095.0 ], [ -97.746109422566732, 18.485121336022917, 2095.0 ], [ -97.746109110508087, 18.485122926213325, 2095.0 ], [ -97.74610586989904, 18.485123869984868, 2095.0 ] ] } },
{ "type": "Feature", "properties": { "FID": 197, "elev": 2097.0, "elevation": 2097.0, "ELEVATION": 2097.0, "is_master": false, "tipo": "Ordinaria (1m)" }, "geometry": { "type": "LineString", "coordinates": [ [ -97.746021153177324, 18.485123809652439, 2097.0 ], [ -97.746022757278794, 18.485121954430298, 2097.0 ], [ -97.746021672322087, 18.485119480800773, 2097.0 ], [ -97.746016920090838, 18.485114533541726, 2097.0 ], [ -97.746015503201178, 18.48510711265315, 2097.0 ], [ -97.746016169840743, 18.485104639023628, 2097.0 ], [ -97.746013836602231, 18.485106399106172, 2097.0 ], [ -97.74601124411501, 18.485104838666956, 2097.0 ], [ -97.746006059140541, 18.485105891494271, 2097.0 ], [ -97.746003907043757, 18.485102783801484, 2097.0 ], [ -97.746004777516205, 18.485099691764578, 2097.0 ], [ -97.746004207363939, 18.485097218135053, 2097.0 ], [ -97.74600152228787, 18.485097161916201, 2097.0 ], [ -97.745998281678837, 18.485099271247559, 2097.0 ], [ -97.745997836095086, 18.485100928579342, 2097.0 ], [ -97.746000156602634, 18.485103402208864, 2097.0 ], [ -97.745998760725385, 18.485108349467914, 2097.0 ], [ -97.746000226044259, 18.485111584214213, 2097.0 ], [ -97.746003466653306, 18.485113989769715, 2097.0 ], [ -97.74601254035862, 18.485116442538423, 2097.0 ], [ -97.746014484724043, 18.485117694290562, 2097.0 ], [ -97.746016338125003, 18.485121336022917, 2097.0 ], [ -97.746018957406235, 18.485123809652439, 2097.0 ], [ -97.746021153177324, 18.485123809652439, 2097.0 ] ] } },
{ "type": "Feature", "properties": { "FID": 198, "elev": 2095.0, "elevation": 2095.0, "ELEVATION": 2095.0, "is_master": true, "tipo": "Maestra (5m)" }, "geometry": { "type": "LineString", "coordinates": [ [ -97.746114295482556, 18.485115323728934, 2095.0 ], [ -97.746113161269392, 18.485114533541726, 2095.0 ], [ -97.746113647360744, 18.485113473414785, 2095.0 ], [ -97.746114871590834, 18.485114533541726, 2095.0 ], [ -97.746114295482556, 18.485115323728934, 2095.0 ] ] } },
{ "type": "Feature", "properties": { "FID": 199, "elev": 2098.0, "elevation": 2098.0, "ELEVATION": 2098.0, "is_master": false, "tipo": "Ordinaria (1m)" }, "geometry": { "type": "LineString", "coordinates": [ [ -97.745872546047991, 18.485099117529153, 2098.0 ], [ -97.745868009193899, 18.485093507690767, 2098.0 ], [ -97.745867582024133, 18.485091034061245, 2098.0 ], [ -97.745868816504952, 18.485086705209575, 2098.0 ], [ -97.745871249804367, 18.485083692967173, 2098.0 ], [ -97.745877082900648, 18.48508096595511, 2098.0 ], [ -97.745882267875118, 18.485080366533921, 2098.0 ], [ -97.745884860362352, 18.485081448746836, 2098.0 ], [ -97.745886847935893, 18.485084231580053, 2098.0 ], [ -97.745886264626265, 18.485087323616959, 2098.0 ], [ -97.745880420971616, 18.485094126098151, 2098.0 ], [ -97.745872546047991, 18.485099117529153, 2098.0 ] ] } },
{ "type": "Feature", "properties": { "FID": 200, "elev": 2094.0, "elevation": 2094.0, "ELEVATION": 2094.0, "is_master": false, "tipo": "Ordinaria (1m)" }, "geometry": { "type": "LineString", "coordinates": [ [ -97.746265385416962, 18.485094126098151, 2094.0 ], [ -97.746264011620312, 18.485091795178022, 2094.0 ], [ -97.746263509554126, 18.485094126098151, 2094.0 ], [ -97.746265385416962, 18.485094126098151, 2094.0 ] ] } },
{ "type": "Feature", "properties": { "FID": 201, "elev": 2094.0, "elevation": 2094.0, "ELEVATION": 2094.0, "is_master": false, "tipo": "Ordinaria (1m)" }, "geometry": { "type": "LineString", "coordinates": [ [ -97.746247160453294, 18.485085345532422, 2094.0 ], [ -97.746247160453294, 18.485084396488688, 2094.0 ], [ -97.746247575388423, 18.485084849987434, 2094.0 ], [ -97.746247160453294, 18.485085345532422, 2094.0 ] ] } },
{ "type": "Feature", "properties": { "FID": 202, "elev": 2094.0, "elevation": 2094.0, "ELEVATION": 2094.0, "is_master": false, "tipo": "Ordinaria (1m)" }, "geometry": { "type": "LineString", "coordinates": [ [ -97.746251049184139, 18.485078797705359, 2094.0 ], [ -97.746249384534451, 18.485077429098862, 2094.0 ], [ -97.746250401062341, 18.485076509553974, 2094.0 ], [ -97.746252090107049, 18.485077429098862, 2094.0 ], [ -97.746251049184139, 18.485078797705359, 2094.0 ] ] } },
{ "type": "Feature", "properties": { "FID": 203, "elev": 2093.0, "elevation": 2093.0, "ELEVATION": 2093.0, "is_master": false, "tipo": "Ordinaria (1m)" }, "geometry": { "type": "LineString", "coordinates": [ [ -97.746318453852226, 18.485073100259015, 2093.0 ], [ -97.746318453852226, 18.485073100241024, 2093.0 ], [ -97.746318453864617, 18.485073100247192, 2093.0 ], [ -97.746318453852226, 18.485073100259015, 2093.0 ] ] } },
{ "type": "Feature", "properties": { "FID": 204, "elev": 2110.0, "elevation": 2110.0, "ELEVATION": 2110.0, "is_master": true, "tipo": "Maestra (5m)" }, "geometry": { "type": "LineString", "coordinates": [ [ -97.744890641508121, 18.485066916177434, 2110.0 ], [ -97.744888697142699, 18.485067342661232, 2110.0 ], [ -97.744886752777276, 18.485066115881477, 2110.0 ], [ -97.744885792900675, 18.485063824136478, 2110.0 ], [ -97.744887400899088, 18.48506129553741, 2110.0 ], [ -97.744889993386323, 18.485061474188431, 2110.0 ], [ -97.744891289629933, 18.485063013809565, 2110.0 ], [ -97.744890641508121, 18.485066916177434, 2110.0 ] ] } },
{ "type": "Feature", "properties": { "FID": 205, "elev": 2098.0, "elevation": 2098.0, "ELEVATION": 2098.0, "is_master": false, "tipo": "Ordinaria (1m)" }, "geometry": { "type": "LineString", "coordinates": [ [ -97.745888749093197, 18.485066688339085, 2098.0 ], [ -97.745887386564391, 18.485066297766, 2098.0 ], [ -97.745887452849587, 18.485064429923298, 2098.0 ], [ -97.745889239136517, 18.485065060951239, 2098.0 ], [ -97.745888749093197, 18.485066688339085, 2098.0 ] ] } },
{ "type": "Feature", "properties": { "FID": 206, "elev": 2111.0, "elevation": 2111.0, "ELEVATION": 2111.0, "is_master": false, "tipo": "Ordinaria (1m)" }, "geometry": { "type": "LineString", "coordinates": [ [ -97.744781108922496, 18.485046172402985, 2111.0 ], [ -97.744779812678871, 18.485046056816721, 2111.0 ], [ -97.744779812678871, 18.485044874367443, 2111.0 ], [ -97.744781757044294, 18.485043985275993, 2111.0 ], [ -97.744782211142379, 18.485045271915045, 2111.0 ], [ -97.744781108922496, 18.485046172402985, 2111.0 ] ] } },
{ "type": "Feature", "properties": { "FID": 207, "elev": 2088.0, "elevation": 2088.0, "ELEVATION": 2088.0, "is_master": false, "tipo": "Ordinaria (1m)" }, "geometry": { "type": "LineString", "coordinates": [ [ -97.746654829070835, 18.485041375948544, 2088.0 ], [ -97.746652884705412, 18.485040059624261, 2088.0 ], [ -97.746652884705412, 18.485038942333617, 2088.0 ], [ -97.746654829070835, 18.485039797864523, 2088.0 ], [ -97.746654829070835, 18.485041375948544, 2088.0 ] ] } },
{ "type": "Feature", "properties": { "FID": 208, "elev": 2109.0, "elevation": 2109.0, "ELEVATION": 2109.0, "is_master": false, "tipo": "Ordinaria (1m)" }, "geometry": { "type": "LineString", "coordinates": [ [ -97.744994845092222, 18.485035377396947, 2109.0 ], [ -97.744993836902751, 18.485035377396947, 2109.0 ], [ -97.744994340997479, 18.485035694142191, 2109.0 ], [ -97.744994845092222, 18.485035377396947, 2109.0 ] ] } },
{ "type": "Feature", "properties": { "FID": 209, "elev": 2109.0, "elevation": 2109.0, "ELEVATION": 2109.0, "is_master": false, "tipo": "Ordinaria (1m)" }, "geometry": { "type": "LineString", "coordinates": [ [ -97.744993908916285, 18.485034758989567, 2109.0 ], [ -97.744993653595571, 18.485034758989567, 2109.0 ], [ -97.744993692875681, 18.485034913591413, 2109.0 ], [ -97.744993908916285, 18.485034758989567, 2109.0 ] ] } },
{ "type": "Feature", "properties": { "FID": 210, "elev": 2100.0, "elevation": 2100.0, "ELEVATION": 2100.0, "is_master": true, "tipo": "Maestra (5m)" }, "geometry": { "type": "LineString", "coordinates": [ [ -97.745707923108625, 18.485033950302991, 2100.0 ], [ -97.745706626865015, 18.48503364585628, 2100.0 ], [ -97.745706626865015, 18.485032397797749, 2100.0 ], [ -97.745707923108625, 18.485032644435297, 2100.0 ], [ -97.745707923108625, 18.485033950302991, 2100.0 ] ] } },
{ "type": "Feature", "properties": { "FID": 211, "elev": 2097.0, "elevation": 2097.0, "ELEVATION": 2097.0, "is_master": false, "tipo": "Ordinaria (1m)" }, "geometry": { "type": "LineString", "coordinates": [ [ -97.745956153761284, 18.485030647238364, 2097.0 ], [ -97.745954543910344, 18.48502981173052, 2097.0 ], [ -97.745954209395862, 18.485027488524413, 2097.0 ], [ -97.745957450004894, 18.485026544672657, 2097.0 ], [ -97.745960690613941, 18.485021261888935, 2097.0 ], [ -97.745963715182384, 18.485022390841944, 2097.0 ], [ -97.745964072631381, 18.48502486447147, 2097.0 ], [ -97.745959512210646, 18.485027338100995, 2097.0 ], [ -97.745958077219555, 18.48502981173052, 2097.0 ], [ -97.745956153761284, 18.485030647238364, 2097.0 ] ] } },
{ "type": "Feature", "properties": { "FID": 212, "elev": 2094.0, "elevation": 2094.0, "ELEVATION": 2094.0, "is_master": false, "tipo": "Ordinaria (1m)" }, "geometry": { "type": "LineString", "coordinates": [ [ -97.746277622178297, 18.485005732493118, 2094.0 ], [ -97.746272437203828, 18.485006206396523, 2094.0 ], [ -97.746270437679101, 18.485005075435275, 2094.0 ], [ -97.746270339979489, 18.485003220213134, 2094.0 ], [ -97.746275029691063, 18.484998845553513, 2094.0 ], [ -97.746280214665532, 18.4849988913553, 2094.0 ], [ -97.746281316472604, 18.485000128176228, 2094.0 ], [ -97.74628130122268, 18.485002601805753, 2094.0 ], [ -97.746277622178297, 18.485005732493118, 2094.0 ] ] } },
{ "type": "Feature", "properties": { "FID": 213, "elev": 2098.0, "elevation": 2098.0, "ELEVATION": 2098.0, "is_master": false, "tipo": "Ordinaria (1m)" }, "geometry": { "type": "LineString", "coordinates": [ [ -97.745914983936842, 18.484995180917178, 2098.0 ], [ -97.745917093620292, 18.484992707287656, 2098.0 ], [ -97.745915970209154, 18.484990940409425, 2098.0 ], [ -97.74590881386419, 18.484993325695037, 2098.0 ], [ -97.745908192756204, 18.484994562509797, 2098.0 ], [ -97.745913377721919, 18.484995570989526, 2098.0 ], [ -97.745914983936842, 18.484995180917178, 2098.0 ] ] } },
{ "type": "Feature", "properties": { "FID": 214, "elev": 2108.0, "elevation": 2108.0, "ELEVATION": 2108.0, "is_master": false, "tipo": "Ordinaria (1m)" }, "geometry": { "type": "LineString", "coordinates": [ [ -97.745096744243227, 18.484994081001762, 2108.0 ], [ -97.745091525600088, 18.484993944102417, 2108.0 ], [ -97.745090191889815, 18.484992707287656, 2108.0 ], [ -97.745090533075896, 18.484990852065511, 2108.0 ], [ -97.745096096121415, 18.484990075392734, 2108.0 ], [ -97.745098040486837, 18.484990960558036, 2108.0 ], [ -97.745098431354151, 18.484992707287656, 2108.0 ], [ -97.745096744243227, 18.484994081001762, 2108.0 ] ] } },
{ "type": "Feature", "properties": { "FID": 215, "elev": 2107.0, "elevation": 2107.0, "ELEVATION": 2107.0, "is_master": false, "tipo": "Ordinaria (1m)" }, "geometry": { "type": "LineString", "coordinates": [ [ -97.745191370027271, 18.484989271691095, 2107.0 ], [ -97.745189518250669, 18.484988378435986, 2107.0 ], [ -97.745190073783647, 18.484987218922146, 2107.0 ], [ -97.745191629275993, 18.484988378435986, 2107.0 ], [ -97.745191370027271, 18.484989271691095, 2107.0 ] ] } },
{ "type": "Feature", "properties": { "FID": 216, "elev": 2098.0, "elevation": 2098.0, "ELEVATION": 2098.0, "is_master": false, "tipo": "Ordinaria (1m)" }, "geometry": { "type": "LineString", "coordinates": [ [ -97.745935197822803, 18.484987141621225, 2098.0 ], [ -97.745935413863407, 18.48498614501429, 2098.0 ], [ -97.745934117619797, 18.484985616216353, 2098.0 ], [ -97.745933493955405, 18.484986523213845, 2098.0 ], [ -97.745935197822803, 18.484987141621225, 2098.0 ] ] } },
{ "type": "Feature", "properties": { "FID": 217, "elev": 2098.0, "elevation": 2098.0, "ELEVATION": 2098.0, "is_master": false, "tipo": "Ordinaria (1m)" }, "geometry": { "type": "LineString", "coordinates": [ [ -97.745911197675838, 18.484987141621225, 2098.0 ], [ -97.745910137112872, 18.484986007874362, 2098.0 ], [ -97.7459089663122, 18.484986523213845, 2098.0 ], [ -97.745909488991074, 18.484987643347967, 2098.0 ], [ -97.745911197675838, 18.484987141621225, 2098.0 ] ] } },
{ "type": "Feature", "properties": { "FID": 218, "elev": 2108.0, "elevation": 2108.0, "ELEVATION": 2108.0, "is_master": false, "tipo": "Ordinaria (1m)" }, "geometry": { "type": "LineString", "coordinates": [ [ -97.745136927795357, 18.484985701279982, 2108.0 ], [ -97.745134643937547, 18.484983431176939, 2108.0 ], [ -97.745135685885302, 18.484983431176939, 2108.0 ], [ -97.745136927795357, 18.484985701279982, 2108.0 ] ] } },
{ "type": "Feature", "properties": { "FID": 219, "elev": 2108.0, "elevation": 2108.0, "ELEVATION": 2108.0, "is_master": false, "tipo": "Ordinaria (1m)" }, "geometry": { "type": "LineString", "coordinates": [ [ -97.745113595410245, 18.484976029765765, 2108.0 ], [ -97.745108325898144, 18.484974773473603, 2108.0 ], [ -97.745100986495061, 18.484964878955505, 2108.0 ], [ -97.745105462526908, 18.484960550103839, 2108.0 ], [ -97.745106466070354, 18.484957563648681, 2108.0 ], [ -97.745109058557588, 18.484957505636732, 2108.0 ], [ -97.745114099504988, 18.484964260548125, 2108.0 ], [ -97.745113467136136, 18.484970444621936, 2108.0 ], [ -97.745114347968737, 18.484974773473603, 2108.0 ], [ -97.745113595410245, 18.484976029765765, 2108.0 ] ] } },
{ "type": "Feature", "properties": { "FID": 220, "elev": 2088.0, "elevation": 2088.0, "ELEVATION": 2088.0, "is_master": false, "tipo": "Ordinaria (1m)" }, "geometry": { "type": "LineString", "coordinates": [ [ -97.746688049692722, 18.48496611577027, 2088.0 ], [ -97.746690320221063, 18.484963023733364, 2088.0 ], [ -97.746689878481575, 18.484960550103839, 2088.0 ], [ -97.746688531404871, 18.484959266908525, 2088.0 ], [ -97.746685290795838, 18.484959265719279, 2088.0 ], [ -97.7466841673847, 18.484961168511219, 2088.0 ], [ -97.746684509237184, 18.484964260548125, 2088.0 ], [ -97.746685938917636, 18.484965983254401, 2088.0 ], [ -97.746688049692722, 18.48496611577027, 2088.0 ] ] } },
{ "type": "Feature", "properties": { "FID": 221, "elev": 2108.0, "elevation": 2108.0, "ELEVATION": 2108.0, "is_master": false, "tipo": "Ordinaria (1m)" }, "geometry": { "type": "LineString", "coordinates": [ [ -97.745095447999603, 18.484965548896838, 2108.0 ], [ -97.745094105461575, 18.484964878955505, 2108.0 ], [ -97.745095447999603, 18.484963410237977, 2108.0 ], [ -97.745096605359976, 18.484964878955505, 2108.0 ], [ -97.745095447999603, 18.484965548896838, 2108.0 ] ] } },
{ "type": "Feature", "properties": { "FID": 222, "elev": 2099.0, "elevation": 2099.0, "ELEVATION": 2099.0, "is_master": false, "tipo": "Ordinaria (1m)" }, "geometry": { "type": "LineString", "coordinates": [ [ -97.745854469085373, 18.484961168511219, 2099.0 ], [ -97.745855214903969, 18.484959313289078, 2099.0 ], [ -97.745851806150114, 18.484954907136487, 2099.0 ], [ -97.745845973053832, 18.484953979525415, 2099.0 ], [ -97.745846517629559, 18.484956221252173, 2099.0 ], [ -97.745848565541067, 18.484955860514532, 2099.0 ], [ -97.745849406962364, 18.484956839659553, 2099.0 ], [ -97.745851158028302, 18.484960721152689, 2099.0 ], [ -97.745854469085373, 18.484961168511219, 2099.0 ] ] } },
{ "type": "Feature", "properties": { "FID": 223, "elev": 2111.0, "elevation": 2111.0, "ELEVATION": 2111.0, "is_master": false, "tipo": "Ordinaria (1m)" }, "geometry": { "type": "LineString", "coordinates": [ [ -97.744845282952639, 18.484956221252173, 2111.0 ], [ -97.744844624859724, 18.484954620264176, 2111.0 ], [ -97.744843469512148, 18.484954984437412, 2111.0 ], [ -97.744843976737911, 18.484956551418826, 2111.0 ], [ -97.744845282952639, 18.484956221252173, 2111.0 ] ] } },
{ "type": "Feature", "properties": { "FID": 224, "elev": 2108.0, "elevation": 2108.0, "ELEVATION": 2108.0, "is_master": false, "tipo": "Ordinaria (1m)" }, "geometry": { "type": "LineString", "coordinates": [ [ -97.745131094699076, 18.484955047540204, 2108.0 ], [ -97.745126557846419, 18.484954998412718, 2108.0 ], [ -97.745126593457499, 18.484953747622647, 2108.0 ], [ -97.745129938390846, 18.484951892400506, 2108.0 ], [ -97.745131094699076, 18.484949388266582, 2108.0 ], [ -97.745133039064498, 18.484949428745292, 2108.0 ], [ -97.745134101984263, 18.484950655585742, 2108.0 ], [ -97.745133030186125, 18.484951892400506, 2108.0 ], [ -97.74513369747396, 18.484953129215267, 2108.0 ], [ -97.745131094699076, 18.484955047540204, 2108.0 ] ] } },
{ "type": "Feature", "properties": { "FID": 225, "elev": 2109.0, "elevation": 2109.0, "ELEVATION": 2109.0, "is_master": false, "tipo": "Ordinaria (1m)" }, "geometry": { "type": "LineString", "coordinates": [ [ -97.745144091701746, 18.484953129215267, 2109.0 ], [ -97.745143964546415, 18.484953129215267, 2109.0 ], [ -97.745144057135249, 18.484953201969077, 2109.0 ], [ -97.745144091701746, 18.484953129215267, 2109.0 ] ] } },
{ "type": "Feature", "properties": { "FID": 226, "elev": 2106.0, "elevation": 2106.0, "ELEVATION": 2106.0, "is_master": false, "tipo": "Ordinaria (1m)" }, "geometry": { "type": "LineString", "coordinates": [ [ -97.745318612330891, 18.484946326734075, 2106.0 ], [ -97.745320287346985, 18.48494323469717, 2106.0 ], [ -97.745317753779915, 18.484941173339234, 2106.0 ], [ -97.7453150348299, 18.48494323469717, 2106.0 ], [ -97.74531508504306, 18.484945089919314, 2106.0 ], [ -97.745316457536305, 18.484946326730775, 2106.0 ], [ -97.745318612330891, 18.484946326734075, 2106.0 ] ] } },
{ "type": "Feature", "properties": { "FID": 227, "elev": 2108.0, "elevation": 2108.0, "ELEVATION": 2108.0, "is_master": false, "tipo": "Ordinaria (1m)" }, "geometry": { "type": "LineString", "coordinates": [ [ -97.745131742820888, 18.484941867065462, 2108.0 ], [ -97.745130307694026, 18.484938905845503, 2108.0 ], [ -97.745130446577264, 18.484936704682596, 2108.0 ], [ -97.745131742820888, 18.484935215610609, 2108.0 ], [ -97.745133587363981, 18.484938287438123, 2108.0 ], [ -97.745133043886838, 18.484940761067644, 2108.0 ], [ -97.745131742820888, 18.484941867065462, 2108.0 ] ] } },
{ "type": "Feature", "properties": { "FID": 228, "elev": 2106.0, "elevation": 2106.0, "ELEVATION": 2106.0, "is_master": false, "tipo": "Ordinaria (1m)" }, "geometry": { "type": "LineString", "coordinates": [ [ -97.745302482167247, 18.484934576993837, 2106.0 ], [ -97.745302903939148, 18.484932103364311, 2106.0 ], [ -97.745301550734709, 18.484931722046021, 2106.0 ], [ -97.745300567486495, 18.484933340179072, 2106.0 ], [ -97.745302482167247, 18.484934576993837, 2106.0 ] ] } },
{ "type": "Feature", "properties": { "FID": 229, "elev": 2100.0, "elevation": 2100.0, "ELEVATION": 2100.0, "is_master": true, "tipo": "Maestra (5m)" }, "geometry": { "type": "LineString", "coordinates": [ [ -97.745799747333891, 18.484932103364311, 2100.0 ], [ -97.745800613226862, 18.484931484956931, 2100.0 ], [ -97.745800604524433, 18.484927774512645, 2100.0 ], [ -97.745797239279398, 18.484923445660975, 2100.0 ], [ -97.745796344694384, 18.484917261587164, 2100.0 ], [ -97.745794123309153, 18.484916489193882, 2100.0 ], [ -97.745790234578308, 18.48491712747472, 2100.0 ], [ -97.74578504139977, 18.484919735216689, 2100.0 ], [ -97.745782967989086, 18.484923445660975, 2100.0 ], [ -97.745782933895867, 18.484926537697881, 2100.0 ], [ -97.745784401482027, 18.484928919711496, 2100.0 ], [ -97.745785697725651, 18.484929629731148, 2100.0 ], [ -97.745791530821933, 18.484927465308953, 2100.0 ], [ -97.745793475187355, 18.48492796776495, 2100.0 ], [ -97.745798012040012, 18.484932160700094, 2100.0 ], [ -97.745799747333891, 18.484932103364311, 2100.0 ] ] } },
{ "type": "Feature", "properties": { "FID": 230, "elev": 2109.0, "elevation": 2109.0, "ELEVATION": 2109.0, "is_master": false, "tipo": "Ordinaria (1m)" }, "geometry": { "type": "LineString", "coordinates": [ [ -97.74514184146301, 18.484927774512645, 2109.0 ], [ -97.745143099778844, 18.484926537697881, 2109.0 ], [ -97.745142760891625, 18.484920935385087, 2109.0 ], [ -97.74513887216078, 18.484918694332979, 2109.0 ], [ -97.745133687186311, 18.484919208049742, 2109.0 ], [ -97.745133479787327, 18.484920972031453, 2109.0 ], [ -97.745134983429921, 18.484921155882294, 2109.0 ], [ -97.74514016840439, 18.484927344316205, 2109.0 ], [ -97.74514184146301, 18.484927774512645, 2109.0 ] ] } },
{ "type": "Feature", "properties": { "FID": 231, "elev": 2098.0, "elevation": 2098.0, "ELEVATION": 2098.0, "is_master": false, "tipo": "Ordinaria (1m)" }, "geometry": { "type": "LineString", "coordinates": [ [ -97.745909488991074, 18.484926830627693, 2098.0 ], [ -97.74590743660535, 18.484926537697881, 2098.0 ], [ -97.745906464422632, 18.484924064068355, 2098.0 ], [ -97.74590819274745, 18.484922253018169, 2098.0 ], [ -97.745910785234685, 18.484922140134284, 2098.0 ], [ -97.745911711122986, 18.484922827253595, 2098.0 ], [ -97.745911271326051, 18.48492530088312, 2098.0 ], [ -97.745909488991074, 18.484926830627693, 2098.0 ] ] } },
{ "type": "Feature", "properties": { "FID": 232, "elev": 2107.0, "elevation": 2107.0, "ELEVATION": 2107.0, "is_master": false, "tipo": "Ordinaria (1m)" }, "geometry": { "type": "LineString", "coordinates": [ [ -97.745269211514, 18.4849259192905, 2107.0 ], [ -97.74527238525333, 18.484922735150366, 2107.0 ], [ -97.745276273984175, 18.484914686993172, 2107.0 ], [ -97.745278772469007, 18.484911695920736, 2107.0 ], [ -97.74527707208459, 18.484909222291211, 2107.0 ], [ -97.745271737131517, 18.484907703290556, 2107.0 ], [ -97.745269693690148, 18.48490798547645, 2107.0 ], [ -97.745268104238221, 18.484910459105972, 2107.0 ], [ -97.745269144644283, 18.484911763794717, 2107.0 ], [ -97.74527238525333, 18.484910928433003, 2107.0 ], [ -97.74527495004304, 18.484912314328117, 2107.0 ], [ -97.745272977364607, 18.484914169550262, 2107.0 ], [ -97.74527238525333, 18.484917305759122, 2107.0 ], [ -97.745270440887907, 18.484918103599476, 2107.0 ], [ -97.745267848400673, 18.484915351220415, 2107.0 ], [ -97.745265904035236, 18.484915027240898, 2107.0 ], [ -97.745262015304391, 18.484918991335348, 2107.0 ], [ -97.745261633534014, 18.484920972031453, 2107.0 ], [ -97.745262077030276, 18.484923445660975, 2107.0 ], [ -97.745263703435612, 18.48492530088312, 2107.0 ], [ -97.745266552157048, 18.484926422645344, 2107.0 ], [ -97.745269211514, 18.4849259192905, 2107.0 ] ] } },
{ "type": "Feature", "properties": { "FID": 233, "elev": 2104.0, "elevation": 2104.0, "ELEVATION": 2104.0, "is_master": false, "tipo": "Ordinaria (1m)" }, "geometry": { "type": "LineString", "coordinates": [ [ -97.745424045756508, 18.484909929042505, 2104.0 ], [ -97.745419508903851, 18.484909299592132, 2104.0 ], [ -97.745418020624143, 18.484906748661686, 2104.0 ], [ -97.74541821266024, 18.484904893433377, 2104.0 ], [ -97.745420805147475, 18.48490484763159, 2104.0 ], [ -97.745424045770022, 18.484906748661686, 2104.0 ], [ -97.745425666061038, 18.484908603883831, 2104.0 ], [ -97.745424045756508, 18.484909929042505, 2104.0 ] ] } },
{ "type": "Feature", "properties": { "FID": 234, "elev": 2110.0, "elevation": 2110.0, "ELEVATION": 2110.0, "is_master": true, "tipo": "Maestra (5m)" }, "geometry": { "type": "LineString", "coordinates": [ [ -97.745004912087666, 18.484891906884542, 2110.0 ], [ -97.745007303433653, 18.484890764548684, 2110.0 ], [ -97.7450105440427, 18.484886454298319, 2110.0 ], [ -97.745018403805574, 18.48488510440335, 2110.0 ], [ -97.745030768389128, 18.484875209885253, 2110.0 ], [ -97.745033356505914, 18.484869644218822, 2110.0 ], [ -97.745033791428227, 18.484863460145014, 2110.0 ], [ -97.745035804985378, 18.484859131293344, 2110.0 ], [ -97.745035954532653, 18.484854802441678, 2110.0 ], [ -97.745033876427797, 18.48485252959377, 2110.0 ], [ -97.74502933957514, 18.484852899386919, 2110.0 ], [ -97.745021562113436, 18.484858012478579, 2110.0 ], [ -97.745013136529934, 18.484858494697512, 2110.0 ], [ -97.7450105440427, 18.484861048835612, 2110.0 ], [ -97.74500535906823, 18.484860259746693, 2110.0 ], [ -97.745003544327162, 18.48486160492287, 2110.0 ], [ -97.745004062824606, 18.484863650424206, 2110.0 ], [ -97.745007838134143, 18.484865315367156, 2110.0 ], [ -97.745009097251099, 18.484869644218822, 2110.0 ], [ -97.745006007190042, 18.484873758797757, 2110.0 ], [ -97.745004710946418, 18.48487769903965, 2110.0 ], [ -97.74499885139619, 18.484881393959064, 2110.0 ], [ -97.744997840855248, 18.48488510440335, 2110.0 ], [ -97.744998207379311, 18.484887578032875, 2110.0 ], [ -97.745000822215573, 18.484891811744944, 2110.0 ], [ -97.745004912087666, 18.484891906884542, 2110.0 ] ] } },
{ "type": "Feature", "properties": { "FID": 235, "elev": 2109.0, "elevation": 2109.0, "ELEVATION": 2109.0, "is_master": false, "tipo": "Ordinaria (1m)" }, "geometry": { "type": "LineString", "coordinates": [ [ -97.745071147499502, 18.484887578032875, 2109.0 ], [ -97.745071467492693, 18.484886547353906, 2109.0 ], [ -97.745070171249083, 18.48488606232851, 2109.0 ], [ -97.745069038236139, 18.484886959625491, 2109.0 ], [ -97.745070171249083, 18.484887967714236, 2109.0 ], [ -97.745071147499502, 18.484887578032875, 2109.0 ] ] } },
{ "type": "Feature", "properties": { "FID": 236, "elev": 2098.0, "elevation": 2098.0, "ELEVATION": 2098.0, "is_master": false, "tipo": "Ordinaria (1m)" }, "geometry": { "type": "LineString", "coordinates": [ [ -97.745915322087342, 18.484886113383816, 2098.0 ], [ -97.745912081478309, 18.484885821193725, 2098.0 ], [ -97.745910007488519, 18.484883249181205, 2098.0 ], [ -97.745910785234685, 18.484881948393266, 2098.0 ], [ -97.745913377721919, 18.484881949263652, 2098.0 ], [ -97.745915970209154, 18.484879527493149, 2098.0 ], [ -97.745917266452778, 18.48487960057766, 2098.0 ], [ -97.745917824557665, 18.484883249181205, 2098.0 ], [ -97.745915322087342, 18.484886113383816, 2098.0 ] ] } },
{ "type": "Feature", "properties": { "FID": 237, "elev": 2098.0, "elevation": 2098.0, "ELEVATION": 2098.0, "is_master": false, "tipo": "Ordinaria (1m)" }, "geometry": { "type": "LineString", "coordinates": [ [ -97.745927636401703, 18.484878531434177, 2098.0 ], [ -97.745925060532983, 18.484877683514778, 2098.0 ], [ -97.745924574751669, 18.484875828292633, 2098.0 ], [ -97.74592512640271, 18.484873973070492, 2098.0 ], [ -97.745926988279905, 18.484873039275346, 2098.0 ], [ -97.745928398897959, 18.484873354663108, 2098.0 ], [ -97.745929707467639, 18.484875209885253, 2098.0 ], [ -97.745929728067551, 18.484877065107398, 2098.0 ], [ -97.745927636401703, 18.484878531434177, 2098.0 ] ] } },
{ "type": "Feature", "properties": { "FID": 238, "elev": 2111.0, "elevation": 2111.0, "ELEVATION": 2111.0, "is_master": false, "tipo": "Ordinaria (1m)" }, "geometry": { "type": "LineString", "coordinates": [ [ -97.744875734706525, 18.484874273917324, 2111.0 ], [ -97.744875086584727, 18.484873414508986, 2111.0 ], [ -97.744875993955247, 18.484873973070492, 2111.0 ], [ -97.744875734706525, 18.484874273917324, 2111.0 ] ] } },
{ "type": "Feature", "properties": { "FID": 239, "elev": 2096.0, "elevation": 2096.0, "ELEVATION": 2096.0, "is_master": false, "tipo": "Ordinaria (1m)" }, "geometry": { "type": "LineString", "coordinates": [ [ -97.74618655575172, 18.484873354663108, 2096.0 ], [ -97.746191217307725, 18.484871499440967, 2096.0 ], [ -97.746191510761577, 18.484867788996681, 2096.0 ], [ -97.746187984968174, 18.48486222333025, 2096.0 ], [ -97.746185588881488, 18.484860361159711, 2096.0 ], [ -97.746182348272441, 18.484859749703809, 2096.0 ], [ -97.746180403907019, 18.484860394995383, 2096.0 ], [ -97.746177686480635, 18.484865315367156, 2096.0 ], [ -97.746178345167152, 18.484870262626206, 2096.0 ], [ -97.746181052028831, 18.484872736252644, 2096.0 ], [ -97.74618655575172, 18.484873354663108, 2096.0 ] ] } },
{ "type": "Feature", "properties": { "FID": 240, "elev": 2100.0, "elevation": 2100.0, "ELEVATION": 2100.0, "is_master": true, "tipo": "Maestra (5m)" }, "geometry": { "type": "LineString", "coordinates": [ [ -97.745785285284498, 18.484869025811442, 2100.0 ], [ -97.745786409219363, 18.484867788996681, 2100.0 ], [ -97.745786328090702, 18.484865933774536, 2100.0 ], [ -97.745785049603839, 18.48486475141074, 2100.0 ], [ -97.745781160872994, 18.484863010394189, 2100.0 ], [ -97.745778568385759, 18.484859660827809, 2100.0 ], [ -97.745775504537207, 18.484860368108109, 2100.0 ], [ -97.74577513612779, 18.48486160492287, 2100.0 ], [ -97.745777808242892, 18.484865315367156, 2100.0 ], [ -97.745781808994792, 18.484866436230533, 2100.0 ], [ -97.745783105238417, 18.484869118905028, 2100.0 ], [ -97.745785285284498, 18.484869025811442, 2100.0 ] ] } },
{ "type": "Feature", "properties": { "FID": 241, "elev": 2107.0, "elevation": 2107.0, "ELEVATION": 2107.0, "is_master": false, "tipo": "Ordinaria (1m)" }, "geometry": { "type": "LineString", "coordinates": [ [ -97.745246820940224, 18.484867788996681, 2107.0 ], [ -97.745247152894706, 18.484865933774536, 2107.0 ], [ -97.745245812259185, 18.484865844449025, 2107.0 ], [ -97.745245439529782, 18.4848671705893, 2107.0 ], [ -97.745246460380983, 18.484868313998781, 2107.0 ], [ -97.745246820940224, 18.484867788996681, 2107.0 ] ] } },
{ "type": "Feature", "properties": { "FID": 242, "elev": 2104.0, "elevation": 2104.0, "ELEVATION": 2104.0, "is_master": false, "tipo": "Ordinaria (1m)" }, "geometry": { "type": "LineString", "coordinates": [ [ -97.745503116617144, 18.484846305066181, 2104.0 ], [ -97.745501820373534, 18.484846704249783, 2104.0 ], [ -97.745501376659377, 18.484845526330961, 2104.0 ], [ -97.745502468495346, 18.484844863968153, 2104.0 ], [ -97.745503116617144, 18.484846305066181, 2104.0 ] ] } },
{ "type": "Feature", "properties": { "FID": 243, "elev": 2104.0, "elevation": 2104.0, "ELEVATION": 2104.0, "is_master": false, "tipo": "Ordinaria (1m)" }, "geometry": { "type": "LineString", "coordinates": [ [ -97.745519974397652, 18.4848442895162, 2104.0 ], [ -97.745519927276561, 18.4848442895162, 2104.0 ], [ -97.745519967784162, 18.484844306229913, 2104.0 ], [ -97.745519974397652, 18.4848442895162, 2104.0 ] ] } },
{ "type": "Feature", "properties": { "FID": 244, "elev": 2104.0, "elevation": 2104.0, "ELEVATION": 2104.0, "is_master": false, "tipo": "Ordinaria (1m)" }, "geometry": { "type": "LineString", "coordinates": [ [ -97.745485617328313, 18.484830878382997, 2104.0 ], [ -97.745484507831662, 18.484829447739056, 2104.0 ], [ -97.745486265450126, 18.484827950273246, 2104.0 ], [ -97.74548756169375, 18.484828159029966, 2104.0 ], [ -97.745487104196002, 18.484830066146436, 2104.0 ], [ -97.745485617328313, 18.484830878382997, 2104.0 ] ] } },
{ "type": "Feature", "properties": { "FID": 245, "elev": 2110.0, "elevation": 2110.0, "ELEVATION": 2110.0, "is_master": true, "tipo": "Maestra (5m)" }, "geometry": { "type": "LineString", "coordinates": [ [ -97.74502283058041, 18.48482202685048, 2110.0 ], [ -97.745023327144196, 18.4848214084431, 2110.0 ], [ -97.745022210235248, 18.484820211669103, 2110.0 ], [ -97.745021099850092, 18.4848214084431, 2110.0 ], [ -97.745022210235248, 18.484822551322566, 2110.0 ], [ -97.74502283058041, 18.48482202685048, 2110.0 ] ] } },
{ "type": "Feature", "properties": { "FID": 246, "elev": 2098.0, "elevation": 2098.0, "ELEVATION": 2098.0, "is_master": false, "tipo": "Ordinaria (1m)" }, "geometry": { "type": "LineString", "coordinates": [ [ -97.745990756264504, 18.484775646296903, 2098.0 ], [ -97.745990504217133, 18.484774091444059, 2098.0 ], [ -97.745988503219706, 18.484773791074758, 2098.0 ], [ -97.745988559852577, 18.484775646296903, 2098.0 ], [ -97.745990756264504, 18.484775646296903, 2098.0 ] ] } },
{ "type": "Feature", "properties": { "FID": 247, "elev": 2111.0, "elevation": 2111.0, "ELEVATION": 2111.0, "is_master": false, "tipo": "Ordinaria (1m)" }, "geometry": { "type": "LineString", "coordinates": [ [ -97.744939250643768, 18.484759085045575, 2111.0 ], [ -97.744937271244723, 18.484758330890234, 2111.0 ], [ -97.744939250643768, 18.484754911461184, 2111.0 ], [ -97.744940330846774, 18.48475771248285, 2111.0 ], [ -97.744939250643768, 18.484759085045575, 2111.0 ] ] } },
{ "type": "Feature", "properties": { "FID": 248, "elev": 2112.0, "elevation": 2112.0, "ELEVATION": 2112.0, "is_master": false, "tipo": "Ordinaria (1m)" }, "geometry": { "type": "LineString", "coordinates": [ [ -97.744950097336144, 18.484753383631183, 2112.0 ], [ -97.74495188185746, 18.484750910001658, 2112.0 ], [ -97.744950456878897, 18.484745962742611, 2112.0 ], [ -97.744950786658009, 18.484742252298325, 2112.0 ], [ -97.744952887476956, 18.484738541854039, 2112.0 ], [ -97.744956811293235, 18.484734831409753, 2112.0 ], [ -97.744958094543506, 18.484730502558083, 2112.0 ], [ -97.744943139374612, 18.484724771402355, 2112.0 ], [ -97.744938602521955, 18.484725500503444, 2112.0 ], [ -97.744934713791096, 18.48472800467729, 2112.0 ], [ -97.744933625963128, 18.484730502558083, 2112.0 ], [ -97.744934468769443, 18.484736686631894, 2112.0 ], [ -97.744933926786047, 18.484742252298325, 2112.0 ], [ -97.744936010034721, 18.484744539902863, 2112.0 ], [ -97.744939250643768, 18.48474447418679, 2112.0 ], [ -97.744943787496425, 18.484746544230148, 2112.0 ], [ -97.744945083740035, 18.484750329073513, 2112.0 ], [ -97.744948324349082, 18.484753458069108, 2112.0 ], [ -97.744950097336144, 18.484753383631183, 2112.0 ] ] } },
{ "type": "Feature", "properties": { "FID": 249, "elev": 2097.0, "elevation": 2097.0, "ELEVATION": 2097.0, "is_master": false, "tipo": "Ordinaria (1m)" }, "geometry": { "type": "LineString", "coordinates": [ [ -97.746056591037544, 18.484752146816422, 2097.0 ], [ -97.746055964519783, 18.484750959474251, 2097.0 ], [ -97.746054826354666, 18.484752146816422, 2097.0 ], [ -97.746055964519783, 18.484752606657807, 2097.0 ], [ -97.746056591037544, 18.484752146816422, 2097.0 ] ] } },
{ "type": "Feature", "properties": { "FID": 250, "elev": 2111.0, "elevation": 2111.0, "ELEVATION": 2111.0, "is_master": false, "tipo": "Ordinaria (1m)" }, "geometry": { "type": "LineString", "coordinates": [ [ -97.745030419778161, 18.484750910001658, 2111.0 ], [ -97.745030393530229, 18.484748436372136, 2111.0 ], [ -97.74502804333153, 18.484747279487578, 2111.0 ], [ -97.745027395209718, 18.484750436730703, 2111.0 ], [ -97.74502933957514, 18.484751392149786, 2111.0 ], [ -97.745030419778161, 18.484750910001658, 2111.0 ] ] } },
{ "type": "Feature", "properties": { "FID": 251, "elev": 2098.0, "elevation": 2098.0, "ELEVATION": 2098.0, "is_master": false, "tipo": "Ordinaria (1m)" }, "geometry": { "type": "LineString", "coordinates": [ [ -97.746021141110191, 18.484745962742611, 2098.0 ], [ -97.746021614063935, 18.484744663190867, 2098.0 ], [ -97.746019129597002, 18.484744107520466, 2098.0 ], [ -97.746020317820324, 18.484746005525512, 2098.0 ], [ -97.746021141110191, 18.484745962742611, 2098.0 ] ] } },
{ "type": "Feature", "properties": { "FID": 252, "elev": 2096.0, "elevation": 2096.0, "ELEVATION": 2096.0, "is_master": false, "tipo": "Ordinaria (1m)" }, "geometry": { "type": "LineString", "coordinates": [ [ -97.746165424282751, 18.484728647335942, 2096.0 ], [ -97.746167568633993, 18.484726792113797, 2096.0 ], [ -97.746167154726052, 18.484724318484275, 2096.0 ], [ -97.746164200861813, 18.484722591876771, 2096.0 ], [ -97.746162256496376, 18.484723008268041, 2096.0 ], [ -97.746161798998628, 18.484727410521177, 2096.0 ], [ -97.746163552740001, 18.484728895540265, 2096.0 ], [ -97.746165424282751, 18.484728647335942, 2096.0 ] ] } },
{ "type": "Feature", "properties": { "FID": 253, "elev": 2095.0, "elevation": 2095.0, "ELEVATION": 2095.0, "is_master": true, "tipo": "Maestra (5m)" }, "geometry": { "type": "LineString", "coordinates": [ [ -97.746246861320145, 18.484725555299036, 2095.0 ], [ -97.746247782650229, 18.484724318484275, 2095.0 ], [ -97.746246512331481, 18.484722750893471, 2095.0 ], [ -97.746244882551494, 18.484724936891656, 2095.0 ], [ -97.746245864209683, 18.484726015743661, 2095.0 ], [ -97.746246861320145, 18.484725555299036, 2095.0 ] ] } },
{ "type": "Feature", "properties": { "FID": 254, "elev": 2106.0, "elevation": 2106.0, "ELEVATION": 2106.0, "is_master": false, "tipo": "Ordinaria (1m)" }, "geometry": { "type": "LineString", "coordinates": [ [ -97.745366456619919, 18.484724318484275, 2106.0 ], [ -97.745367716515091, 18.484723081669511, 2106.0 ], [ -97.745367011037359, 18.484720731721463, 2106.0 ], [ -97.745365066671937, 18.484720657022748, 2106.0 ], [ -97.745362227763394, 18.484723700076891, 2106.0 ], [ -97.745363770428327, 18.484724773312927, 2106.0 ], [ -97.745366456619919, 18.484724318484275, 2106.0 ] ] } },
{ "type": "Feature", "properties": { "FID": 255, "elev": 2099.0, "elevation": 2099.0, "ELEVATION": 2099.0, "is_master": false, "tipo": "Ordinaria (1m)" }, "geometry": { "type": "LineString", "coordinates": [ [ -97.745913377721919, 18.484704009985879, 2099.0 ], [ -97.745911433356497, 18.484703896659131, 2099.0 ], [ -97.745910738663056, 18.484702055818556, 2099.0 ], [ -97.745913398629071, 18.484701437411175, 2099.0 ], [ -97.745913377721919, 18.484704009985879, 2099.0 ] ] } },
{ "type": "Feature", "properties": { "FID": 256, "elev": 2095.0, "elevation": 2095.0, "ELEVATION": 2095.0, "is_master": true, "tipo": "Maestra (5m)" }, "geometry": { "type": "LineString", "coordinates": [ [ -97.746243320331573, 18.484634031006639, 2095.0 ], [ -97.746246636439921, 18.484627228525447, 2095.0 ], [ -97.746246512331481, 18.484625053437416, 2095.0 ], [ -97.746244567966059, 18.484622917862232, 2095.0 ], [ -97.746241975478824, 18.484622801290786, 2095.0 ], [ -97.746236790504355, 18.484624557531866, 2095.0 ], [ -97.746227716799041, 18.4846198177747, 2095.0 ], [ -97.746225124311806, 18.484619745796135, 2095.0 ], [ -97.746222585834715, 18.484624754895922, 2095.0 ], [ -97.746223095408752, 18.484627228525447, 2095.0 ], [ -97.746224440183227, 18.484628465340208, 2095.0 ], [ -97.746236142382543, 18.484630461109486, 2095.0 ], [ -97.746240679235214, 18.484634231571196, 2095.0 ], [ -97.746243320331573, 18.484634031006639, 2095.0 ] ] } },
{ "type": "Feature", "properties": { "FID": 257, "elev": 2108.0, "elevation": 2108.0, "ELEVATION": 2108.0, "is_master": false, "tipo": "Ordinaria (1m)" }, "geometry": { "type": "LineString", "coordinates": [ [ -97.745299842049945, 18.484625373303302, 2108.0 ], [ -97.745305535387587, 18.484621662859016, 2108.0 ], [ -97.745306099265235, 18.484615478785205, 2108.0 ], [ -97.745297662003864, 18.484607538434435, 2108.0 ], [ -97.745293773273005, 18.484606055434639, 2108.0 ], [ -97.745291288806072, 18.484606202674492, 2108.0 ], [ -97.745287903141204, 18.484609294711397, 2108.0 ], [ -97.745288523486352, 18.48461795241473, 2108.0 ], [ -97.745293125151193, 18.484624245619255, 2108.0 ], [ -97.745295717638427, 18.484625514653562, 2108.0 ], [ -97.745299842049945, 18.484625373303302, 2108.0 ] ] } },
{ "type": "Feature", "properties": { "FID": 258, "elev": 2107.0, "elevation": 2107.0, "ELEVATION": 2107.0, "is_master": false, "tipo": "Ordinaria (1m)" }, "geometry": { "type": "LineString", "coordinates": [ [ -97.745339141799604, 18.484611958961118, 2107.0 ], [ -97.745337542713358, 18.484611149933539, 2107.0 ], [ -97.74533797821249, 18.484609294711397, 2107.0 ], [ -97.745340438043215, 18.484607271350839, 2107.0 ], [ -97.745341802838183, 18.484608057896633, 2107.0 ], [ -97.745341804874357, 18.484609294711397, 2107.0 ], [ -97.745339141799604, 18.484611958961118, 2107.0 ] ] } },
{ "type": "Feature", "properties": { "FID": 259, "elev": 2094.0, "elevation": 2094.0, "ELEVATION": 2094.0, "is_master": false, "tipo": "Ordinaria (1m)" }, "geometry": { "type": "LineString", "coordinates": [ [ -97.746246512331481, 18.484594500051003, 2094.0 ], [ -97.746245821001551, 18.484592597712108, 2094.0 ], [ -97.74624839087204, 18.484587032045678, 2094.0 ], [ -97.746252345427763, 18.484583255343459, 2094.0 ], [ -97.746258826645843, 18.484581341225372, 2094.0 ], [ -97.746264714901429, 18.484582084786631, 2094.0 ], [ -97.746265138117749, 18.484583940008772, 2094.0 ], [ -97.746262067254889, 18.48458986641284, 2094.0 ], [ -97.746256234158608, 18.484592700780006, 2094.0 ], [ -97.746246512331481, 18.484594500051003, 2094.0 ] ] } },
{ "type": "Feature", "properties": { "FID": 260, "elev": 2096.0, "elevation": 2096.0, "ELEVATION": 2096.0, "is_master": false, "tipo": "Ordinaria (1m)" }, "geometry": { "type": "LineString", "coordinates": [ [ -97.746117162649981, 18.484590124082583, 2096.0 ], [ -97.746123479246293, 18.484587650453058, 2096.0 ], [ -97.746127209309591, 18.484583321601392, 2096.0 ], [ -97.746127572720738, 18.484581466379247, 2096.0 ], [ -97.746124665431495, 18.484573461439261, 2096.0 ], [ -97.746120776700636, 18.484570226553867, 2096.0 ], [ -97.746117536091603, 18.484569031736211, 2096.0 ], [ -97.746107814264462, 18.484567894664572, 2096.0 ], [ -97.746105221777228, 18.484565945426365, 2096.0 ], [ -97.746101333046383, 18.484566039622148, 2096.0 ], [ -97.746098717308143, 18.484568479824247, 2096.0 ], [ -97.746096069850324, 18.484573427083294, 2096.0 ], [ -97.746096495844597, 18.484578992749725, 2096.0 ], [ -97.746111702995321, 18.484588951003399, 2096.0 ], [ -97.746115591726166, 18.48459056072166, 2096.0 ], [ -97.746117162649981, 18.484590124082583, 2096.0 ] ] } },
{ "type": "Feature", "properties": { "FID": 261, "elev": 2096.0, "elevation": 2096.0, "ELEVATION": 2096.0, "is_master": false, "tipo": "Ordinaria (1m)" }, "geometry": { "type": "LineString", "coordinates": [ [ -97.746134465818841, 18.484581466379247, 2096.0 ], [ -97.746134459674465, 18.484577755934961, 2096.0 ], [ -97.746131794771387, 18.48457612558823, 2096.0 ], [ -97.746129339764536, 18.484579611157105, 2096.0 ], [ -97.746134465818841, 18.484581466379247, 2096.0 ] ] } },
{ "type": "Feature", "properties": { "FID": 262, "elev": 2098.0, "elevation": 2098.0, "ELEVATION": 2098.0, "is_master": false, "tipo": "Ordinaria (1m)" }, "geometry": { "type": "LineString", "coordinates": [ [ -97.745949797697747, 18.484579611157105, 2098.0 ], [ -97.745950939981398, 18.484578374342345, 2098.0 ], [ -97.74594967254319, 18.484577215806997, 2098.0 ], [ -97.74594729609656, 18.484578374342345, 2098.0 ], [ -97.745947728177768, 18.484579629709327, 2098.0 ], [ -97.745949797697747, 18.484579611157105, 2098.0 ] ] } },
{ "type": "Feature", "properties": { "FID": 263, "elev": 2125.0, "elevation": 2125.0, "ELEVATION": 2125.0, "is_master": true, "tipo": "Maestra (5m)" }, "geometry": { "type": "LineString", "coordinates": [ [ -97.742102421413676, 18.48662530277366, 2125.0 ], [ -97.742110198949703, 18.486622767303398, 2125.0 ], [ -97.742122513264064, 18.486620792037467, 2125.0 ], [ -97.742140012701526, 18.486620973921994, 2125.0 ] ] } },
{ "type": "Feature", "properties": { "FID": 264, "elev": 2124.0, "elevation": 2124.0, "ELEVATION": 2124.0, "is_master": false, "tipo": "Ordinaria (1m)" }, "geometry": { "type": "LineString", "coordinates": [ [ -97.742543252338081, 18.486574593368413, 2124.0 ], [ -97.742508145740118, 18.486553533161491, 2124.0 ], [ -97.742449814777359, 18.486521442881397, 2124.0 ], [ -97.742412871834276, 18.486497910857459, 2124.0 ], [ -97.74239926127629, 18.486488039239042, 2124.0 ], [ -97.742385650711554, 18.486475648187444, 2124.0 ], [ -97.742373248023711, 18.486460188002916, 2124.0 ], [ -97.742365429317886, 18.486445346225771, 2124.0 ], [ -97.742360887064208, 18.486430504448624, 2124.0 ], [ -97.742359482800296, 18.486412570634574, 2124.0 ], [ -97.742360909372749, 18.486394018413144, 2124.0 ], [ -97.742366742469031, 18.486372992562188, 2124.0 ], [ -97.742374598535889, 18.48635691397028, 2124.0 ], [ -97.742382410101015, 18.486346401044802, 2124.0 ], [ -97.742389539449164, 18.4863395258098, 2124.0 ], [ -97.742425186148637, 18.486310592312641, 2124.0 ], [ -97.742440741072031, 18.486295722559923, 2124.0 ], [ -97.742453727512711, 18.486278994640266, 2124.0 ], [ -97.742462129083464, 18.486262916048357, 2124.0 ], [ -97.742468084805637, 18.486243745419543, 2124.0 ], [ -97.742471412998697, 18.486222719568588, 2124.0 ], [ -97.742472904116781, 18.486185615125724, 2124.0 ], [ -97.742472567264002, 18.486180049459296, 2124.0 ], [ -97.742470554675222, 18.486175596926152, 2124.0 ], [ -97.742448518533735, 18.486155261630103, 2124.0 ], [ -97.742434907975763, 18.486149747502875, 2124.0 ], [ -97.742424538026825, 18.486142984489241, 2124.0 ], [ -97.742420001174168, 18.486141577481408, 2124.0 ], [ -97.742414168077886, 18.486141608951101, 2124.0 ], [ -97.742401853763525, 18.486147908132079, 2124.0 ], [ -97.74239263778756, 18.486154694756671, 2124.0 ], [ -97.74238163853569, 18.486165207682149, 2124.0 ], [ -97.742363968097806, 18.486184996718343, 2124.0 ], [ -97.742353892749705, 18.486192947670386, 2124.0 ], [ -97.742340930313532, 18.486198074889256, 2124.0 ], [ -97.742329264120983, 18.486199034565892, 2124.0 ], [ -97.742316949806622, 18.486198739104591, 2124.0 ], [ -97.742302043005026, 18.486195604783418, 2124.0 ], [ -97.742283247472571, 18.486188826087126, 2124.0 ], [ -97.742217139048108, 18.486158405208837, 2124.0 ], [ -97.742165937425241, 18.486137863320995, 2124.0 ], [ -97.742140660674707, 18.486133503588892, 2124.0 ], [ -97.742110198949703, 18.486131967348438, 2124.0 ], [ -97.742100477122577, 18.486129249354299, 2124.0 ], [ -97.74209594026992, 18.486126323859558, 2124.0 ], [ -97.742092075250838, 18.486121919165477, 2124.0 ], [ -97.742089405989233, 18.486115735091666, 2124.0 ], [ -97.742087980004627, 18.48610831420309, 2124.0 ], [ -97.742087969339025, 18.486097801277612, 2124.0 ], [ -97.742089409738213, 18.48608976198166, 2124.0 ], [ -97.742100644123298, 18.486061315242132, 2124.0 ], [ -97.742099998076029, 18.48604894709451, 2124.0 ], [ -97.742094114947278, 18.486035342132126, 2124.0 ], [ -97.742093377555065, 18.48603039487308, 2124.0 ], [ -97.742094644026309, 18.486025913750247, 2124.0 ], [ -97.742106277263503, 18.486014316281171, 2124.0 ], [ -97.742109582290126, 18.486007513799979, 2124.0 ], [ -97.742110907832938, 18.486001948133548, 2124.0 ], [ -97.742114087680562, 18.485996368412405, 2124.0 ], [ -97.742121865142266, 18.485989518824759, 2124.0 ], [ -97.742125753873111, 18.485988485592259, 2124.0 ], [ -97.742129010551295, 18.485988961578546, 2124.0 ], [ -97.742131429318135, 18.48599081680069, 2124.0 ], [ -97.74213365381452, 18.485994527244976, 2124.0 ], [ -97.742136116197088, 18.486011224244265, 2124.0 ], [ -97.74213742006566, 18.486013763661809, 2124.0 ], [ -97.742144549405552, 18.486019986762411, 2124.0 ], [ -97.742154919354491, 18.486023144579644, 2124.0 ], [ -97.742167881790664, 18.48602246538778, 2124.0 ], [ -97.74218278859226, 18.486018535415401, 2124.0 ], [ -97.742198343515668, 18.486015991602983, 2124.0 ], [ -97.742256674478426, 18.486016342634915, 2124.0 ], [ -97.74227093315821, 18.486015111376375, 2124.0 ], [ -97.742286488081618, 18.48601187108417, 2124.0 ], [ -97.742296858030556, 18.48600700040517, 2124.0 ], [ -97.742306715511077, 18.485998237689262, 2124.0 ], [ -97.742324264324168, 18.485979067060448, 2124.0 ], [ -97.742332504730015, 18.485972161511363, 2124.0 ], [ -97.742340282191719, 18.485967368854158, 2124.0 ], [ -97.742353244627893, 18.485962897969902, 2124.0 ], [ -97.742366855185864, 18.485962894770456, 2124.0 ], [ -97.742373984525756, 18.48596553939899, 2124.0 ], [ -97.74237792311213, 18.485969172542351, 2124.0 ], [ -97.742378665405496, 18.485973501394021, 2124.0 ], [ -97.742375088084515, 18.485986487949024, 2124.0 ], [ -97.742375092907992, 18.485993908837596, 2124.0 ], [ -97.742377857448759, 18.486001948133548, 2124.0 ], [ -97.742383058231084, 18.486006966067727, 2124.0 ], [ -97.742392131936398, 18.486010717208828, 2124.0 ], [ -97.742403798128947, 18.486012936757014, 2124.0 ], [ -97.74241546432151, 18.486018712903508, 2124.0 ], [ -97.742425834270435, 18.486020424631629, 2124.0 ], [ -97.742442037315655, 18.486025200251078, 2124.0 ], [ -97.742443333559265, 18.486024829171189, 2124.0 ], [ -97.742443091489676, 18.486021737169743, 2124.0 ], [ -97.74244538715871, 18.486018645132837, 2124.0 ], [ -97.742446574168312, 18.486011997253492, 2124.0 ], [ -97.742450521819322, 18.486007513799979, 2124.0 ], [ -97.742453703508204, 18.486001241382258, 2124.0 ], [ -97.742457592239063, 18.485998237683805, 2124.0 ], [ -97.742466017822565, 18.48599880727501, 2124.0 ], [ -97.742467962187987, 18.485999845548452, 2124.0 ], [ -97.742467667587164, 18.486001329726168, 2124.0 ], [ -97.742462730919115, 18.486007513799979, 2124.0 ], [ -97.742458280868476, 18.486019263540218, 2124.0 ], [ -97.742451759142781, 18.486024087117791, 2124.0 ], [ -97.742449814777359, 18.486028116530093, 2124.0 ], [ -97.742444493906376, 18.486029776465696, 2124.0 ], [ -97.742443326979355, 18.48603163168784, 2124.0 ], [ -97.74244338833013, 18.486035342132126, 2124.0 ], [ -97.742445277924702, 18.486037284658842, 2124.0 ], [ -97.742451759142781, 18.48603970533976, 2124.0 ], [ -97.7424686103098, 18.486051479619974, 2124.0 ], [ -97.742477684015114, 18.486055234236218, 2124.0 ], [ -97.74248740584224, 18.486054560330739, 2124.0 ], [ -97.742501664522038, 18.486047794131597, 2124.0 ], [ -97.7425067289157, 18.486042763020698, 2124.0 ], [ -97.742511342159034, 18.486032250095221, 2124.0 ], [ -97.742519811932667, 18.486025468227609, 2124.0 ], [ -97.742525645028948, 18.486019308515299, 2124.0 ], [ -97.742530324325955, 18.486010605836885, 2124.0 ], [ -97.742531311940141, 18.485991435208071, 2124.0 ], [ -97.742529612320013, 18.48596793572759, 2124.0 ], [ -97.742530016083009, 18.485950620320921, 2124.0 ], [ -97.742533931729213, 18.485933304914251, 2124.0 ], [ -97.742541755485334, 18.485918463137107, 2124.0 ], [ -97.742550921771226, 18.485907331804246, 2124.0 ], [ -97.742559995484797, 18.485899233612351, 2124.0 ], [ -97.742624807665649, 18.485854816649447, 2124.0 ], [ -97.742641658832667, 18.485840656244797, 2124.0 ], [ -97.742654002607111, 18.48582755725209, 2124.0 ], [ -97.74266230614171, 18.485815189104468, 2124.0 ], [ -97.742669058740844, 18.485799110512559, 2124.0 ], [ -97.742671614212497, 18.485787360772321, 2124.0 ], [ -97.742677210220108, 18.485745309070406, 2124.0 ], [ -97.742682490506596, 18.485735922529802, 2124.0 ], [ -97.742691564211924, 18.485727980220098, 2124.0 ], [ -97.742700637917238, 18.485722985577734, 2124.0 ], [ -97.742708415378942, 18.485719946826229, 2124.0 ], [ -97.74272526654596, 18.485715757654447, 2124.0 ], [ -97.742733044007664, 18.485712461779805, 2124.0 ], [ -97.742740954039732, 18.485706967812781, 2124.0 ], [ -97.742744791215443, 18.48570078373897, 2124.0 ], [ -97.742744872230674, 18.485693981257779, 2124.0 ], [ -97.742743356769381, 18.485690270813492, 2124.0 ], [ -97.742736284616711, 18.485683510022685, 2124.0 ], [ -97.742707119135332, 18.485670445533643, 2124.0 ], [ -97.742698045430004, 18.485669064230802, 2124.0 ], [ -97.742679249897563, 18.485669387125153, 2124.0 ], [ -97.742668879948624, 18.485665543817611, 2124.0 ], [ -97.74265980624331, 18.485659928520906, 2124.0 ], [ -97.742651332050656, 18.485652547963248, 2124.0 ], [ -97.742634529491141, 18.485632758927053, 2124.0 ], [ -97.742629226044428, 18.485624719631101, 2124.0 ], [ -97.742624712353617, 18.485614206705623, 2124.0 ], [ -97.742622682953282, 18.485603693780146, 2124.0 ], [ -97.742622711132498, 18.485593799262048, 2124.0 ], [ -97.742624764457531, 18.485583286336571, 2124.0 ], [ -97.742628819316153, 18.485573391818473, 2124.0 ], [ -97.742634485799172, 18.485564734115137, 2124.0 ], [ -97.742641658832667, 18.485557830806655, 2124.0 ], [ -97.742650084416184, 18.485552491581515, 2124.0 ], [ -97.742660454365108, 18.485547989546049, 2124.0 ], [ -97.74268508299383, 18.485541707029185, 2124.0 ], [ -97.742701286039051, 18.485539816925218, 2124.0 ], [ -97.74274665456565, 18.485538942889658, 2124.0 ], [ -97.742771283194372, 18.485537082470813, 2124.0 ], [ -97.742908036895955, 18.485519729202466, 2124.0 ], [ -97.742961831006056, 18.485511041312119, 2124.0 ], [ -97.743002014558186, 18.485502981720941, 2124.0 ], [ -97.74303895750127, 18.485493674792583, 2124.0 ], [ -97.743062289886382, 18.485485577962482, 2124.0 ], [ -97.743081733540635, 18.485475729260219, 2124.0 ], [ -97.743102473438498, 18.485462078478971, 2124.0 ], [ -97.743124509579985, 18.485444763062947, 2124.0 ], [ -97.74313628379285, 18.48543301334297, 2124.0 ], [ -97.74314589758481, 18.485420645195351, 2124.0 ], [ -97.743152378799181, 18.485408895455109, 2124.0 ], [ -97.74315390653345, 18.485399000937011, 2124.0 ], [ -97.743151616321512, 18.485389106418918, 2124.0 ], [ -97.743152270797452, 18.48537426464177, 2124.0 ], [ -97.743157486017608, 18.485359422864626, 2124.0 ], [ -97.743164646837698, 18.485345817902243, 2124.0 ], [ -97.743172470593819, 18.485335854672215, 2124.0 ], [ -97.743182840542758, 18.48532723396761, 2124.0 ], [ -97.743197747344354, 18.485319192028889, 2124.0 ], [ -97.74321395038956, 18.485312911133722, 2124.0 ], [ -97.743244412114564, 18.485306134419506, 2124.0 ], [ -97.743302743077322, 18.485298648737416, 2124.0 ], [ -97.743349407847532, 18.485293717080388, 2124.0 ], [ -97.743405794444882, 18.485289698649748, 2124.0 ], [ -97.743465421651251, 18.48528101151706, 2124.0 ], [ -97.74358013921136, 18.485255362062386, 2124.0 ], [ -97.743730503470928, 18.485229646569277, 2124.0 ], [ -97.743749947125181, 18.485224662168534, 2124.0 ], [ -97.743768742657636, 18.485218510644657, 2124.0 ], [ -97.743799204382626, 18.4852048655091, 2124.0 ], [ -97.743818648036878, 18.485193071277251, 2124.0 ], [ -97.743838739812944, 18.485177695663122, 2124.0 ], [ -97.7438581834639, 18.485159677280542, 2124.0 ], [ -97.743889293314012, 18.485127403100737, 2124.0 ], [ -97.743915218186345, 18.485104628542146, 2124.0 ], [ -97.743939846815067, 18.48508664430582, 2124.0 ], [ -97.743983919098042, 18.48505944048922, 2124.0 ], [ -97.744009195848577, 18.485042231412088, 2124.0 ], [ -97.744030583868266, 18.485024876250659, 2124.0 ], [ -97.744046817485255, 18.485008785879561, 2124.0 ], [ -97.744075322616112, 18.484974773473603, 2124.0 ], [ -97.744128407053225, 18.484901801402639, 2124.0 ], [ -97.744191337917229, 18.484828210924292, 2124.0 ], [ -97.744228921143915, 18.48477997514857, 2124.0 ], [ -97.744271809819821, 18.48472184485475, 2124.0 ], [ -97.74432106707728, 18.484648254376403, 2124.0 ] ] } },
{ "type": "Feature", "properties": { "FID": 265, "elev": 2125.0, "elevation": 2125.0, "ELEVATION": 2125.0, "is_master": true, "tipo": "Maestra (5m)" }, "geometry": { "type": "LineString", "coordinates": [ [ -97.742353892749705, 18.486596752966236, 2125.0 ], [ -97.742278062498102, 18.486559751603089, 2125.0 ], [ -97.742259915066228, 18.486549238665788, 2125.0 ], [ -97.742246304529488, 18.486539962569257, 2125.0 ], [ -97.742233342093314, 18.486529449647325, 2125.0 ], [ -97.74221973151883, 18.486515844667213, 2125.0 ], [ -97.74220806532928, 18.486501002890066, 2125.0 ], [ -97.742198250926833, 18.486483069076016, 2125.0 ], [ -97.742189849708808, 18.48645771437339, 2125.0 ], [ -97.742185292699247, 18.486434833300294, 2125.0 ], [ -97.742182614097928, 18.486413807449338, 2125.0 ], [ -97.742182626561799, 18.486387834339332, 2125.0 ], [ -97.742184554165462, 18.486369900525283, 2125.0 ], [ -97.74218782953966, 18.48635258511861, 2125.0 ], [ -97.742193308107758, 18.486334032897179, 2125.0 ], [ -97.74219530232871, 18.486322901564321, 2125.0 ], [ -97.742195187444253, 18.486303730935507, 2125.0 ], [ -97.742190678770797, 18.486286415528838, 2125.0 ], [ -97.742183436702632, 18.486272810566454, 2125.0 ], [ -97.7421737148657, 18.486260442418832, 2125.0 ], [ -97.742151678745444, 18.486239357671934, 2125.0 ], [ -97.742126293974621, 18.486219627531682, 2125.0 ], [ -97.742119808059996, 18.486210969828349, 2125.0 ], [ -97.742119005781333, 18.486205404161918, 2125.0 ], [ -97.742119866766686, 18.486199220088107, 2125.0 ], [ -97.742129087070978, 18.486179431051912, 2125.0 ], [ -97.742132403306016, 18.486166444496913, 2125.0 ], [ -97.742132430750615, 18.486154694756671, 2125.0 ], [ -97.742130938847581, 18.48614908099189, 2125.0 ], [ -97.742123161385877, 18.486147713199983, 2125.0 ], [ -97.742114087680562, 18.486148464685616, 2125.0 ], [ -97.742101773366201, 18.486155237440698, 2125.0 ], [ -97.742094644026309, 18.486157906783067, 2125.0 ], [ -97.742081681590136, 18.486161041569268, 2125.0 ], [ -97.742073904128432, 18.486160940671219, 2125.0 ], [ -97.742069367275775, 18.486159023614505, 2125.0 ], [ -97.742064734405062, 18.486154694756671, 2125.0 ], [ -97.742061487479049, 18.486149129090244, 2125.0 ], [ -97.74205882929526, 18.486140471386907, 2125.0 ], [ -97.742057451805607, 18.486121919165477, 2125.0 ], [ -97.74205889303137, 18.486099656499757, 2125.0 ], [ -97.742064276573572, 18.486086051537374, 2125.0 ], [ -97.742079015452688, 18.486065025686418, 2125.0 ], [ -97.742082464294612, 18.486058223205227, 2125.0 ], [ -97.742084463112889, 18.486048328687129, 2125.0 ], [ -97.742083768623885, 18.486022973984504, 2125.0 ], [ -97.742084793379931, 18.486012461059026, 2125.0 ], [ -97.742095812197945, 18.485985251134259, 2125.0 ], [ -97.742098532757154, 18.485980851201283, 2125.0 ], [ -97.742102421487999, 18.485977132892682, 2125.0 ], [ -97.742108254584281, 18.485973988458241, 2125.0 ], [ -97.742116032045985, 18.485972127679915, 2125.0 ], [ -97.742122513264064, 18.48597190004438, 2125.0 ], [ -97.742132883213003, 18.485972779918743, 2125.0 ], [ -97.742152326867256, 18.485978509622811, 2125.0 ], [ -97.742169178034274, 18.485981113901783, 2125.0 ], [ -97.742211954073639, 18.485979874979769, 2125.0 ], [ -97.74222297214439, 18.485978639797167, 2125.0 ], [ -97.742233990215126, 18.485976106599583, 2125.0 ], [ -97.742256846040078, 18.485966698912829, 2125.0 ], [ -97.742269047712952, 18.485954949172587, 2125.0 ], [ -97.742279393775334, 18.485941344210204, 2125.0 ], [ -97.742315715288882, 18.485880121879479, 2125.0 ], [ -97.742327967868064, 18.485856003991618, 2125.0 ], [ -97.74233509720581, 18.485846727880901, 2125.0 ], [ -97.74235259650608, 18.485830601719197, 2125.0 ], [ -97.742388243205554, 18.485805335813531, 2125.0 ], [ -97.742405243939146, 18.485791689623987, 2125.0 ], [ -97.74242194553959, 18.485775611008439, 2125.0 ], [ -97.742436852322598, 18.485758914032793, 2125.0 ], [ -97.742444031536607, 18.485749019514696, 2125.0 ], [ -97.742451007321478, 18.485736651367073, 2125.0 ], [ -97.74246083284315, 18.485724283219451, 2125.0 ], [ -97.742472499040659, 18.485714344529399, 2125.0 ], [ -97.742482868989583, 18.485707486477036, 2125.0 ], [ -97.742491294573099, 18.485703824241927, 2125.0 ], [ -97.742501016400226, 18.485701878487173, 2125.0 ], [ -97.742521108176291, 18.48570252444123, 2125.0 ], [ -97.74253147812523, 18.48570573099472, 2125.0 ], [ -97.742538607465121, 18.485710029683474, 2125.0 ], [ -97.742553514266717, 18.485726447645284, 2125.0 ], [ -97.742562587972031, 18.485732303190176, 2125.0 ], [ -97.742567124824689, 18.485733702039564, 2125.0 ], [ -97.742575550408205, 18.485734334516884, 2125.0 ], [ -97.742582031626284, 18.485732940918616, 2125.0 ], [ -97.74258824597068, 18.485729230478501, 2125.0 ], [ -97.74259556362405, 18.485719954367784, 2125.0 ], [ -97.742603573960679, 18.485702638961115, 2125.0 ], [ -97.742607493554473, 18.485689652406112, 2125.0 ], [ -97.742607488410655, 18.485680994702779, 2125.0 ], [ -97.742602182322514, 18.485663679296106, 2125.0 ], [ -97.742585763913937, 18.485627811668007, 2125.0 ], [ -97.742583233787713, 18.485620390779435, 2125.0 ], [ -97.74258177746087, 18.485606167409667, 2125.0 ], [ -97.742583161460246, 18.485591325632523, 2125.0 ], [ -97.742589142448409, 18.485573391818473, 2125.0 ], [ -97.742598197635971, 18.485558550041326, 2125.0 ], [ -97.742611145669429, 18.485545563486326, 2125.0 ], [ -97.742627400152884, 18.485533145866114, 2125.0 ], [ -97.742637770101823, 18.48552702363304, 2125.0 ], [ -97.742648140050747, 18.485522529473766, 2125.0 ], [ -97.742661750608733, 18.485518258421962, 2125.0 ], [ -97.742676009288516, 18.485515165075796, 2125.0 ], [ -97.742700637917238, 18.485512002786628, 2125.0 ], [ -97.742739525225744, 18.485509874137829, 2125.0 ], [ -97.742769986950748, 18.485506734638264, 2125.0 ], [ -97.74281081862469, 18.485500527022257, 2125.0 ], [ -97.742842576593304, 18.48549431210607, 2125.0 ], [ -97.742878871414575, 18.485484402125341, 2125.0 ], [ -97.742900259434251, 18.485476425541123, 2125.0 ], [ -97.74292294369755, 18.485466274825683, 2125.0 ], [ -97.742957294153399, 18.48544785511395, 2125.0 ], [ -97.742974145320417, 18.485436788882772, 2125.0 ], [ -97.742987755878403, 18.485426307487934, 2125.0 ], [ -97.743007847643028, 18.485407040232968, 2125.0 ], [ -97.743031119278157, 18.485376738271295, 2125.0 ], [ -97.74305516054649, 18.485352586956008, 2125.0 ], [ -97.743128398310844, 18.485295670685524, 2125.0 ], [ -97.74314460135605, 18.485285972933411, 2125.0 ], [ -97.743163396888505, 18.485279532785814, 2125.0 ], [ -97.743192562369885, 18.485275152966505, 2125.0 ], [ -97.743269688865098, 18.485272419817303, 2125.0 ], [ -97.743335797289561, 18.485267118299827, 2125.0 ], [ -97.743399313226789, 18.485264370478834, 2125.0 ], [ -97.743440793022529, 18.485260638011493, 2125.0 ], [ -97.743482272818284, 18.485255059428287, 2125.0 ], [ -97.743573657993281, 18.485238723946498, 2125.0 ], [ -97.743669580020935, 18.485223494555157, 2125.0 ], [ -97.743717541034755, 18.485214264615408, 2125.0 ], [ -97.743736984689008, 18.485209178467901, 2125.0 ], [ -97.743758372708697, 18.485201816781032, 2125.0 ], [ -97.74377781636295, 18.48519315962303, 2125.0 ], [ -97.743794667529968, 18.485183852252163, 2125.0 ], [ -97.743812814940611, 18.485171530954794, 2125.0 ], [ -97.743830339645982, 18.485157203651017, 2125.0 ], [ -97.743850406005507, 18.485138103697334, 2125.0 ], [ -97.743876978999651, 18.485110709628195, 2125.0 ], [ -97.743898367019327, 18.485091585474493, 2125.0 ], [ -97.743918458795392, 18.485076791663559, 2125.0 ], [ -97.743959938591132, 18.485050248622063, 2125.0 ], [ -97.743987807828901, 18.485031070243785, 2125.0 ], [ -97.744007352752192, 18.485015588360753, 2125.0 ], [ -97.744028658020596, 18.484995180917178, 2125.0 ], [ -97.74403966894414, 18.484982194362178, 2125.0 ], [ -97.744052637216527, 18.484964260548125, 2125.0 ], [ -97.744087551770733, 18.484908603883831, 2125.0 ], [ -97.74410634289768, 18.484882630773825, 2125.0 ], [ -97.744127138586251, 18.484858512885964, 2125.0 ], [ -97.74418229570783, 18.484799764184764, 2125.0 ], [ -97.744216605906303, 18.484757094075469, 2125.0 ], [ -97.74424314875904, 18.484718752817844, 2125.0 ], [ -97.744285441112112, 18.484650728005928, 2125.0 ] ] } },
{ "type": "Feature", "properties": { "FID": 266, "elev": 2123.0, "elevation": 2123.0, "ELEVATION": 2123.0, "is_master": false, "tipo": "Ordinaria (1m)" }, "geometry": { "type": "LineString", "coordinates": [ [ -97.742667907765906, 18.486560369998649, 2123.0 ], [ -97.742558051119374, 18.486503952217575, 2123.0 ], [ -97.742530830003417, 18.486494175672579, 2123.0 ], [ -97.742514626958197, 18.486490303275566, 2123.0 ], [ -97.742499720156601, 18.486488153758927, 2123.0 ], [ -97.742488702085865, 18.486483745009664, 2123.0 ], [ -97.742478332136926, 18.486475142217767, 2123.0 ], [ -97.742473633253823, 18.486467608891488, 2123.0 ], [ -97.742469767670173, 18.486453385521724, 2123.0 ], [ -97.742468423351582, 18.48643854374458, 2123.0 ], [ -97.742469075266754, 18.486427412411722, 2123.0 ], [ -97.742471721294478, 18.48641566267148, 2123.0 ], [ -97.742485371459907, 18.48638041345076, 2123.0 ], [ -97.742497127665132, 18.486359387599801, 2123.0 ], [ -97.742513994644241, 18.486336506526705, 2123.0 ], [ -97.742522404413705, 18.486322901564321, 2123.0 ], [ -97.742530261243459, 18.486305586157652, 2123.0 ], [ -97.742536165434728, 18.486285797121457, 2123.0 ], [ -97.742539436211032, 18.486266008085263, 2123.0 ], [ -97.742541396352905, 18.486240653382641, 2123.0 ], [ -97.742542954108117, 18.486139234572146, 2123.0 ], [ -97.742545583485878, 18.486098419684996, 2123.0 ], [ -97.742548215336768, 18.486078630648802, 2123.0 ], [ -97.742552116510041, 18.486060078427368, 2123.0 ], [ -97.74255599873365, 18.486048328687129, 2123.0 ], [ -97.742562737538606, 18.486033486909982, 2123.0 ], [ -97.742572287058039, 18.486017408318077, 2123.0 ], [ -97.742581383504472, 18.4860050401664, 2123.0 ], [ -97.742589809087988, 18.485997000870668, 2123.0 ], [ -97.742601475280537, 18.485989636204781, 2123.0 ], [ -97.742610548985866, 18.485985813322788, 2123.0 ], [ -97.74262091893479, 18.485983272230641, 2123.0 ], [ -97.742677953653939, 18.48598042279971, 2123.0 ], [ -97.742693508577347, 18.485976606051484, 2123.0 ], [ -97.742703230404473, 18.485972341880181, 2123.0 ], [ -97.742710476073924, 18.48596731732021, 2123.0 ], [ -97.742715004617324, 18.485962370061159, 2123.0 ], [ -97.742722025932409, 18.485950620320921, 2123.0 ], [ -97.742725914667773, 18.485946266732959, 2123.0 ], [ -97.742731099642242, 18.485943675130333, 2123.0 ], [ -97.742741469591181, 18.485941962612859, 2123.0 ], [ -97.742747444958098, 18.485938870580682, 2123.0 ], [ -97.742751964616247, 18.485933304914251, 2123.0 ], [ -97.742758278943882, 18.485906713396865, 2123.0 ], [ -97.742772683137474, 18.485873937805668, 2123.0 ], [ -97.742779194750241, 18.485850438325187, 2123.0 ], [ -97.7427844308082, 18.485817044326613, 2123.0 ], [ -97.742785361840319, 18.485788597587081, 2123.0 ], [ -97.742784407660992, 18.485766334921365, 2123.0 ], [ -97.742781480310825, 18.485742835440885, 2123.0 ], [ -97.742781839723818, 18.485702020553735, 2123.0 ], [ -97.742780464919989, 18.485693362850398, 2123.0 ], [ -97.742777747356612, 18.485685323554446, 2123.0 ], [ -97.74277193131617, 18.485676842538933, 2123.0 ], [ -97.742764153854466, 18.485671705148423, 2123.0 ], [ -97.742755080149152, 18.485669138213645, 2123.0 ], [ -97.742727859033195, 18.485665606987865, 2123.0 ], [ -97.742711655987989, 18.485659255304842, 2123.0 ], [ -97.742705764929596, 18.485654403185393, 2123.0 ], [ -97.742705978440938, 18.485650692741107, 2123.0 ], [ -97.742708842376842, 18.485648219111582, 2123.0 ], [ -97.742707119135332, 18.485645684174429, 2123.0 ], [ -97.742703230404473, 18.485644978022641, 2123.0 ], [ -97.742699967446399, 18.485645745482056, 2123.0 ], [ -97.742696101064581, 18.485647785141488, 2123.0 ], [ -97.742691696353262, 18.485653166370628, 2123.0 ], [ -97.742689619846502, 18.485653912832063, 2123.0 ], [ -97.742681842384798, 18.485653205021091, 2123.0 ], [ -97.742677305532141, 18.485651260459356, 2123.0 ], [ -97.742672768679469, 18.485647789662011, 2123.0 ], [ -97.742668792701451, 18.485643271852531, 2123.0 ], [ -97.742665649013048, 18.485637706186104, 2123.0 ], [ -97.742659055315968, 18.485621009186815, 2123.0 ], [ -97.742655791049657, 18.485609259446573, 2123.0 ], [ -97.742655329086077, 18.48559998333586, 2123.0 ], [ -97.742656517877919, 18.485591944039903, 2123.0 ], [ -97.742659239136728, 18.485585759966092, 2123.0 ], [ -97.742664333702891, 18.485578957484901, 2123.0 ], [ -97.742672120557671, 18.485572751325115, 2123.0 ], [ -97.742679898019375, 18.485568942887703, 2123.0 ], [ -97.742687675481065, 18.485566520625351, 2123.0 ], [ -97.742699989795426, 18.485564559450456, 2123.0 ], [ -97.742737580860322, 18.485565604466267, 2123.0 ], [ -97.742763505732668, 18.485564913127799, 2123.0 ], [ -97.742836743497023, 18.485555287250143, 2123.0 ], [ -97.742868501465637, 18.485553421444777, 2123.0 ], [ -97.742891833850749, 18.485553163912524, 2123.0 ], [ -97.742924888062973, 18.48555068389944, 2123.0 ], [ -97.742970256589572, 18.485543529709936, 2123.0 ], [ -97.742985163391168, 18.485543167157722, 2123.0 ], [ -97.742998125827341, 18.485544175840495, 2123.0 ], [ -97.743039605623082, 18.4855562441155, 2123.0 ], [ -97.743072011713508, 18.485559967224908, 2123.0 ], [ -97.743100529073075, 18.485560590785685, 2123.0 ], [ -97.743111547143826, 18.485559945422086, 2123.0 ], [ -97.743136823894361, 18.48555549923158, 2123.0 ], [ -97.743154971304989, 18.485547954661531, 2123.0 ], [ -97.74316993983247, 18.48553752419037, 2123.0 ], [ -97.743186729273603, 18.485520236893127, 2123.0 ], [ -97.743199730989886, 18.485502274969651, 2123.0 ], [ -97.743216038782052, 18.485471973007979, 2123.0 ], [ -97.743228314885158, 18.485441052638926, 2123.0 ], [ -97.743234167241766, 18.485418171565826, 2123.0 ], [ -97.743237136030103, 18.485389724826298, 2123.0 ], [ -97.743240372657709, 18.485377356678676, 2123.0 ], [ -97.743243745474985, 18.485371172604864, 2123.0 ], [ -97.743249597089033, 18.485364327474887, 2123.0 ], [ -97.743256726428925, 18.485358737602393, 2123.0 ], [ -97.743265152012441, 18.485353908732144, 2123.0 ], [ -97.743282651301257, 18.485346923900057, 2123.0 ], [ -97.743304039320947, 18.485341387672314, 2123.0 ], [ -97.743402553835836, 18.48532494665313, 2123.0 ], [ -97.743458940433172, 18.485312520529817, 2123.0 ], [ -97.743492642767208, 18.485302609549485, 2123.0 ], [ -97.743549677486357, 18.485283193848119, 2123.0 ], [ -97.743584676064017, 18.485274006254539, 2123.0 ], [ -97.743639118295931, 18.485263464387433, 2123.0 ], [ -97.743716892912957, 18.485250686790579, 2123.0 ], [ -97.743743465907102, 18.485245090869494, 2123.0 ], [ -97.74378300133742, 18.485233354552907, 2123.0 ], [ -97.743799852504438, 18.485226609183815, 2123.0 ], [ -97.743817351793268, 18.485217866686831, 2123.0 ], [ -97.743834202960286, 18.485207353081076, 2123.0 ], [ -97.743851702249117, 18.485193790977366, 2123.0 ], [ -97.743905371720416, 18.485141125059108, 2123.0 ], [ -97.743930773109753, 18.485119463935117, 2123.0 ], [ -97.743963827321991, 18.485095353018394, 2123.0 ], [ -97.744011788335811, 18.485065791796327, 2123.0 ], [ -97.744032528233689, 18.485051503968737, 2123.0 ], [ -97.744053268131552, 18.485034224637559, 2123.0 ], [ -97.7440753237167, 18.485012496323847, 2123.0 ], [ -97.744112928405372, 18.484968589399795, 2123.0 ], [ -97.744234114583136, 18.484815842776673, 2123.0 ], [ -97.744327446265444, 18.484693398115219, 2123.0 ], [ -97.744348834823441, 18.484663714560931, 2123.0 ], [ -97.744360630368035, 18.484645162339497, 2123.0 ] ] } },
{ "type": "Feature", "properties": { "FID": 267, "elev": 2122.0, "elevation": 2122.0, "ELEVATION": 2122.0, "is_master": false, "tipo": "Ordinaria (1m)" }, "geometry": { "type": "LineString", "coordinates": [ [ -97.742789374246584, 18.486546765036266, 2122.0 ], [ -97.74277193131617, 18.486536222662817, 2122.0 ], [ -97.742751839540105, 18.486526199701444, 2122.0 ], [ -97.742719433449693, 18.486513942772813, 2122.0 ], [ -97.74270647101352, 18.486510753113109, 2122.0 ], [ -97.742694804820971, 18.486509491936843, 2122.0 ], [ -97.742659158121498, 18.486510427790527, 2122.0 ], [ -97.742644251319902, 18.486507322826103, 2122.0 ], [ -97.742633233249151, 18.486502341876484, 2122.0 ], [ -97.742624099946426, 18.486494818816254, 2122.0 ], [ -97.742616925908479, 18.486485542705541, 2122.0 ], [ -97.742603303909931, 18.486458332780774, 2122.0 ], [ -97.742587178475944, 18.486433596485529, 2122.0 ], [ -97.742580598935973, 18.486419373115766, 2122.0 ], [ -97.742576056259367, 18.486400820894335, 2122.0 ], [ -97.742575662153342, 18.486388452746713, 2122.0 ], [ -97.742576726071022, 18.48637546619171, 2122.0 ], [ -97.742582031622746, 18.486355058748135, 2122.0 ], [ -97.742591911883196, 18.486331559267654, 2122.0 ], [ -97.742597708072523, 18.486313007046224, 2122.0 ], [ -97.742601627779791, 18.486293218010029, 2122.0 ], [ -97.742603631531949, 18.486273428973835, 2122.0 ], [ -97.742603627534095, 18.486246219049068, 2122.0 ], [ -97.74260166382507, 18.486224574790732, 2122.0 ], [ -97.742597745737498, 18.486201075310252, 2122.0 ], [ -97.742591607103321, 18.486175102200246, 2122.0 ], [ -97.742588986843899, 18.486157168386196, 2122.0 ], [ -97.742588094265699, 18.486134905720476, 2122.0 ], [ -97.742588980932339, 18.48611202464738, 2122.0 ], [ -97.742590992614765, 18.486096564462851, 2122.0 ], [ -97.742595520661425, 18.486079249056182, 2122.0 ], [ -97.74260145127603, 18.486065644093799, 2122.0 ], [ -97.742609844505637, 18.486053275946176, 2122.0 ], [ -97.742618974569368, 18.486044526139615, 2122.0 ], [ -97.742629992640119, 18.48603773046408, 2122.0 ], [ -97.742652028781606, 18.486028444511337, 2122.0 ], [ -97.742677953653939, 18.486020347030838, 2122.0 ], [ -97.742689619846502, 18.486018495362298, 2122.0 ], [ -97.742705174769895, 18.486018173597209, 2122.0 ], [ -97.742711655987989, 18.486018477022093, 2122.0 ], [ -97.742739525225744, 18.486023134312344, 2122.0 ], [ -97.742753783905542, 18.486023154981787, 2122.0 ], [ -97.742775171925217, 18.486018141245342, 2122.0 ], [ -97.742791374970423, 18.486011289339778, 2122.0 ], [ -97.742799260452429, 18.486005040170454, 2122.0 ], [ -97.742801501873686, 18.486000092911407, 2122.0 ], [ -97.742800561392585, 18.485993908837596, 2122.0 ], [ -97.742795834435412, 18.485980922282593, 2122.0 ], [ -97.742794745203838, 18.485972264579257, 2122.0 ], [ -97.742795749792634, 18.485954330765207, 2122.0 ], [ -97.742797798081043, 18.48594938350616, 2122.0 ], [ -97.742800448675752, 18.485946962667509, 2122.0 ], [ -97.742806281772019, 18.485945832994815, 2122.0 ], [ -97.742823132939051, 18.485948333195211, 2122.0 ], [ -97.742836743497023, 18.485948321113991, 2122.0 ], [ -97.742846465324149, 18.48594567305399, 2122.0 ], [ -97.742853594664041, 18.485942065685482, 2122.0 ], [ -97.742867205222026, 18.485930315945243, 2122.0 ], [ -97.742886587150394, 18.485907950211626, 2122.0 ], [ -97.742909981261377, 18.485885000426595, 2122.0 ], [ -97.742928776793832, 18.485869572577098, 2122.0 ], [ -97.742950164813507, 18.48585411239257, 2122.0 ], [ -97.743039605623082, 18.485792926426928, 2122.0 ], [ -97.743068771104461, 18.485776229427639, 2122.0 ], [ -97.743116083996483, 18.485753348350602, 2122.0 ], [ -97.743133583285314, 18.485743518943778, 2122.0 ], [ -97.743156915670411, 18.485728032314199, 2122.0 ], [ -97.743180248055523, 18.485709441422042, 2122.0 ], [ -97.743209413515672, 18.485680994702779, 2122.0 ], [ -97.743234076277304, 18.485651311148487, 2122.0 ], [ -97.74325616668736, 18.48561853555729, 2122.0 ], [ -97.743294363788237, 18.485555458004423, 2122.0 ], [ -97.743314373263118, 18.485527011264892, 2122.0 ], [ -97.74333142246735, 18.485505367006557, 2122.0 ], [ -97.74333402575661, 18.485499182932745, 2122.0 ], [ -97.743334047360676, 18.485491143636793, 2122.0 ], [ -97.743327336672436, 18.485470736193218, 2122.0 ], [ -97.743326585685978, 18.485459604860356, 2122.0 ], [ -97.743329284455783, 18.485450328749643, 2122.0 ], [ -97.743334155380978, 18.485443526268451, 2122.0 ], [ -97.743340334142218, 18.485438656310322, 2122.0 ], [ -97.743356537187438, 18.485429409187454, 2122.0 ], [ -97.743373388354456, 18.4854274726627, 2122.0 ], [ -97.743381813937958, 18.4854218930531, 2122.0 ], [ -97.74338764703424, 18.485420820410774, 2122.0 ], [ -97.743392832008709, 18.485421776749281, 2122.0 ], [ -97.743396013697591, 18.485424974047017, 2122.0 ], [ -97.743396157896939, 18.485430539713448, 2122.0 ], [ -97.743392129876753, 18.48543796060202, 2122.0 ], [ -97.743392109815829, 18.485448473527498, 2122.0 ], [ -97.743396634323318, 18.485457131230834, 2122.0 ], [ -97.743403201957648, 18.485463933683658, 2122.0 ], [ -97.743409683175727, 18.485465273594684, 2122.0 ], [ -97.743414220028384, 18.485463933691761, 2122.0 ], [ -97.743418108759244, 18.485461460058861, 2122.0 ], [ -97.743427222972173, 18.485452183971784, 2122.0 ], [ -97.743433800129338, 18.485442907861067, 2122.0 ], [ -97.743440209712901, 18.485429921306068, 2122.0 ], [ -97.743445889616751, 18.485410750677254, 2122.0 ], [ -97.7434526179388, 18.485392816863204, 2122.0 ], [ -97.7434530319739, 18.485387251196773, 2122.0 ], [ -97.743450494907449, 18.485377975086056, 2122.0 ], [ -97.743450343981181, 18.485368080567959, 2122.0 ], [ -97.743438848657107, 18.485360586634823, 2122.0 ], [ -97.743433015560839, 18.485361260417985, 2122.0 ], [ -97.743429774951792, 18.485359833727539, 2122.0 ], [ -97.74342783058637, 18.485360080535965, 2122.0 ], [ -97.743427533412614, 18.485363751716292, 2122.0 ], [ -97.743423293733713, 18.485366869736701, 2122.0 ], [ -97.743414220028384, 18.485368877254945, 2122.0 ], [ -97.74340644256668, 18.485368102266463, 2122.0 ], [ -97.743402553835836, 18.485371121496819, 2122.0 ], [ -97.743397368861366, 18.4853720383752, 2122.0 ], [ -97.743394762584302, 18.485371172604864, 2122.0 ], [ -97.74339074701308, 18.485366225345818, 2122.0 ], [ -97.743390816616227, 18.485363751716292, 2122.0 ], [ -97.743393480130521, 18.485361201740179, 2122.0 ], [ -97.743398665104976, 18.48535875397501, 2122.0 ], [ -97.743407738810305, 18.48535209095553, 2122.0 ], [ -97.743415516272009, 18.485350341907058, 2122.0 ], [ -97.743443385509764, 18.485349387539923, 2122.0 ], [ -97.74345181109328, 18.485351259155351, 2122.0 ], [ -97.743461532920406, 18.485355823936423, 2122.0 ], [ -97.74346931038211, 18.485356516349935, 2122.0 ], [ -97.743472550991157, 18.485355808617044, 2122.0 ], [ -97.743477735965612, 18.485353297686757, 2122.0 ], [ -97.743503012716147, 18.485335258826957, 2122.0 ], [ -97.743528289466681, 18.485319830737524, 2122.0 ], [ -97.743549677486357, 18.48530869156885, 2122.0 ], [ -97.743570417384234, 18.485300664864067, 2122.0 ], [ -97.743594397891144, 18.485293837086015, 2122.0 ], [ -97.743617082154444, 18.485288792762258, 2122.0 ], [ -97.743718837278379, 18.485271096286343, 2122.0 ], [ -97.743745410272524, 18.485265513286617, 2122.0 ], [ -97.743776520119326, 18.485256801124706, 2122.0 ], [ -97.743810222453376, 18.485243785198289, 2122.0 ], [ -97.743833554838474, 18.48523208632389, 2122.0 ], [ -97.743854294736352, 18.48521850775462, 2122.0 ], [ -97.743869873664266, 18.485205439426739, 2122.0 ], [ -97.743908088846453, 18.485168953389838, 2122.0 ], [ -97.743948920520396, 18.485134940983837, 2122.0 ], [ -97.743992344681558, 18.485102745151021, 2122.0 ], [ -97.744040953817191, 18.485071878515537, 2122.0 ], [ -97.74406234183688, 18.485056488349837, 2122.0 ], [ -97.744087425902549, 18.485034758989567, 2122.0 ], [ -97.744109696997711, 18.485012496323847, 2122.0 ], [ -97.744137622593897, 18.484981575954794, 2122.0 ], [ -97.744167985687753, 18.484945708326695, 2122.0 ], [ -97.744216572478265, 18.484883249181205, 2122.0 ], [ -97.744256845716748, 18.484836250220248, 2122.0 ], [ -97.744309832868169, 18.484763896556661, 2122.0 ], [ -97.744375473454184, 18.484685358819267, 2122.0 ], [ -97.744391604334098, 18.484662477746166, 2122.0 ], [ -97.744402534651016, 18.484642688709972, 2122.0 ] ] } },
{ "type": "Feature", "properties": { "FID": 268, "elev": 2121.0, "elevation": 2121.0, "ELEVATION": 2121.0, "is_master": false, "tipo": "Ordinaria (1m)" }, "geometry": { "type": "LineString", "coordinates": [ [ -97.742915274256148, 18.486532541666502, 2121.0 ], [ -97.742901555677875, 18.486523806662245, 2121.0 ], [ -97.742885352632655, 18.486515741599316, 2121.0 ], [ -97.742833502887976, 18.48649614220805, 2121.0 ], [ -97.742814059233723, 18.486487439154843, 2121.0 ], [ -97.742800448675752, 18.486479905684412, 2121.0 ], [ -97.742768690707138, 18.486458951196035, 2121.0 ], [ -97.742752487661917, 18.486450293489547, 2121.0 ], [ -97.742744998254352, 18.486444727818391, 2121.0 ], [ -97.742738798543726, 18.48643854374458, 2121.0 ], [ -97.742727318931685, 18.486422465152671, 2121.0 ], [ -97.742720081571491, 18.486414549538193, 2121.0 ], [ -97.742710359744365, 18.486407623380103, 2121.0 ], [ -97.742692860455534, 18.48639843888072, 2121.0 ], [ -97.742683323806077, 18.486389071154093, 2121.0 ], [ -97.742681142413247, 18.486384123895046, 2121.0 ], [ -97.742680426118625, 18.486379176635996, 2121.0 ], [ -97.742680357976781, 18.486360006007185, 2121.0 ], [ -97.742684620049687, 18.486327230415988, 2121.0 ], [ -97.742685283602967, 18.486291981195269, 2121.0 ], [ -97.742681012788879, 18.486242508604782, 2121.0 ], [ -97.742681009085331, 18.486201693717632, 2121.0 ], [ -97.742683013185484, 18.486183141496202, 2121.0 ], [ -97.742686962547083, 18.486164589274768, 2121.0 ], [ -97.7426902679683, 18.486153973281393, 2121.0 ], [ -97.742694934445325, 18.486145418645954, 2121.0 ], [ -97.742701286039051, 18.486139852955887, 2121.0 ], [ -97.74270647101352, 18.486139028436352, 2121.0 ], [ -97.74272915527682, 18.486141898480863, 2121.0 ], [ -97.742766746341701, 18.486143135295624, 2121.0 ], [ -97.742829614157131, 18.486143135295624, 2121.0 ], [ -97.7428574833949, 18.486141284150893, 2121.0 ], [ -97.742876927049153, 18.4861387810734, 2121.0 ], [ -97.742908036895955, 18.486132593414617, 2121.0 ], [ -97.742964423493291, 18.486117054360744, 2121.0 ], [ -97.743000718314576, 18.486104088419321, 2121.0 ], [ -97.743036365014035, 18.486086669921114, 2121.0 ], [ -97.743130990798079, 18.486030394837616, 2121.0 ], [ -97.743152378817754, 18.486016171467853, 2121.0 ], [ -97.743167933741162, 18.486004421727614, 2121.0 ], [ -97.743183488627395, 18.485989579985926, 2121.0 ], [ -97.743197099197772, 18.485970409357115, 2121.0 ], [ -97.743204358186802, 18.485953712357826, 2121.0 ], [ -97.743209993435372, 18.485932686506871, 2121.0 ], [ -97.743215184907299, 18.485917844729723, 2121.0 ], [ -97.743221691844496, 18.48590423976734, 2121.0 ], [ -97.743228209061527, 18.485893726841862, 2121.0 ], [ -97.743234690287437, 18.485885599201996, 2121.0 ], [ -97.743244412114564, 18.485875793018948, 2121.0 ], [ -97.743272929474131, 18.485854221523283, 2121.0 ], [ -97.743287882570144, 18.485841162214474, 2121.0 ], [ -97.743299545676408, 18.485828175659471, 2121.0 ], [ -97.743307928036927, 18.485816425919229, 2121.0 ], [ -97.743319594229476, 18.485796018475654, 2121.0 ], [ -97.743331260423389, 18.485771900587793, 2121.0 ], [ -97.743374011548497, 18.485673573814204, 2121.0 ], [ -97.743385097755123, 18.485653166370628, 2121.0 ], [ -97.743398565393932, 18.485632140519673, 2121.0 ], [ -97.743412175951917, 18.485614206705623, 2121.0 ], [ -97.743427830580416, 18.485596272891573, 2121.0 ], [ -97.743488754036363, 18.485535732941404, 2121.0 ], [ -97.743499211569329, 18.485522682413226, 2121.0 ], [ -97.743509466929154, 18.485507222228698, 2121.0 ], [ -97.743517412291979, 18.485492380451554, 2121.0 ], [ -97.743523835352974, 18.485477538674409, 2121.0 ], [ -97.743529074691182, 18.485462078489881, 2121.0 ], [ -97.743532331389957, 18.485447855120118, 2121.0 ], [ -97.743534393869766, 18.485422500417492, 2121.0 ], [ -97.7435336708417, 18.485403329788682, 2121.0 ], [ -97.74353163809603, 18.485387251196773, 2121.0 ], [ -97.743532718299036, 18.485375501456531, 2121.0 ], [ -97.743535968728111, 18.485366225345818, 2121.0 ], [ -97.743539895832612, 18.485358804457245, 2121.0 ], [ -97.743550325608169, 18.485345280156693, 2121.0 ], [ -97.743558103069873, 18.485338362173817, 2121.0 ], [ -97.743570417384234, 18.485330357716027, 2121.0 ], [ -97.74358532418583, 18.485323471989375, 2121.0 ], [ -97.743597638500191, 18.485319215341868, 2121.0 ], [ -97.743620970885289, 18.485313504859654, 2121.0 ], [ -97.743718837278379, 18.485295853507463, 2121.0 ], [ -97.74375383585604, 18.48528834724296, 2121.0 ], [ -97.743794667529968, 18.485275997020192, 2121.0 ], [ -97.743823833011348, 18.485262979422604, 2121.0 ], [ -97.743846517274648, 18.4852500420591, 2121.0 ], [ -97.743867257172525, 18.485235791081863, 2121.0 ], [ -97.743921051282626, 18.485190557752343, 2121.0 ], [ -97.743966419809226, 18.485158514674666, 2121.0 ], [ -97.744013084579436, 18.485118782598892, 2121.0 ], [ -97.744090859196447, 18.485064479280929, 2121.0 ], [ -97.744117522626198, 18.485041561470759, 2121.0 ], [ -97.744149264655974, 18.485010022694325, 2121.0 ], [ -97.744190723965104, 18.484964260548125, 2121.0 ], [ -97.74423409411412, 18.484911695920736, 2121.0 ], [ -97.744248990946616, 18.484896235736208, 2121.0 ], [ -97.744276222033676, 18.484871018457447, 2121.0 ], [ -97.744284691557652, 18.48486160492287, 2121.0 ], [ -97.74431057248502, 18.484828210924292, 2121.0 ], [ -97.744329293238692, 18.484794198518333, 2121.0 ], [ -97.744341577235502, 18.484776264704283, 2121.0 ], [ -97.744355941013993, 18.484759567704995, 2121.0 ], [ -97.744385187512734, 18.484729884150703, 2121.0 ], [ -97.744412425275655, 18.484696490152125, 2121.0 ], [ -97.74443245262654, 18.484665569783072, 2121.0 ], [ -97.744445534324939, 18.48463959667307, 2121.0 ] ] } },
{ "type": "Feature", "properties": { "FID": 269, "elev": 2120.0, "elevation": 2120.0, "ELEVATION": 2120.0, "is_master": true, "tipo": "Maestra (5m)" }, "geometry": { "type": "LineString", "coordinates": [ [ -97.743134555468018, 18.486507186963877, 2120.0 ], [ -97.743093399733183, 18.486486779529759, 2120.0 ], [ -97.743077844809775, 18.486476266610584, 2120.0 ], [ -97.743068771079692, 18.486466990484107, 2120.0 ], [ -97.74306455831271, 18.486458951188155, 2120.0 ], [ -97.743073956078931, 18.486453385498084, 2120.0 ], [ -97.743077309404811, 18.486447819855297, 2120.0 ], [ -97.743077954131536, 18.486444109411007, 2120.0 ], [ -97.743077353686417, 18.486431122856008, 2120.0 ], [ -97.743071363591696, 18.486417505273064, 2120.0 ], [ -97.743068771104461, 18.486416965744176, 2120.0 ], [ -97.743062613947288, 18.486418136301005, 2120.0 ], [ -97.743058324905903, 18.486424938782196, 2120.0 ], [ -97.743055901257122, 18.48643916215196, 2120.0 ], [ -97.743052568207872, 18.486444109411007, 2120.0 ], [ -97.743055808742611, 18.486450911892199, 2120.0 ], [ -97.743056456938731, 18.486454622336488, 2120.0 ], [ -97.743050623743372, 18.486459569595535, 2120.0 ], [ -97.743042198110317, 18.486462816234287, 2120.0 ], [ -97.743034420648613, 18.486462843516964, 2120.0 ], [ -97.743026643186909, 18.486460915541013, 2120.0 ], [ -97.742994237096482, 18.486445964643284, 2120.0 ], [ -97.742979978416699, 18.486436688534255, 2120.0 ], [ -97.742967015967011, 18.486424320374816, 2120.0 ], [ -97.742947572289111, 18.486402057709096, 2120.0 ], [ -97.742914518089265, 18.486367426895757, 2120.0 ], [ -97.742897666917287, 18.486347637859563, 2120.0 ], [ -97.742878385323223, 18.486319809527416, 2120.0 ], [ -97.742871612450315, 18.486306204565032, 2120.0 ], [ -97.742866557100214, 18.486291981337082, 2120.0 ], [ -97.742861048064839, 18.486283323491932, 2120.0 ], [ -97.742852298420431, 18.486277757896417, 2120.0 ], [ -97.742831558522553, 18.486271450070216, 2120.0 ], [ -97.7428121148683, 18.486267733116378, 2120.0 ], [ -97.742790078726813, 18.486266772000263, 2120.0 ], [ -97.742779060656062, 18.486262986723485, 2120.0 ], [ -97.742772579432483, 18.48625796878931, 2120.0 ], [ -97.742768000771008, 18.486250547900735, 2120.0 ], [ -97.742767250436444, 18.486239416567877, 2120.0 ], [ -97.742769954544656, 18.486233232494065, 2120.0 ], [ -97.742776468168827, 18.486227666820881, 2120.0 ], [ -97.742783597508733, 18.486225065251759, 2120.0 ], [ -97.742793967457658, 18.486224430495675, 2120.0 ], [ -97.742806281772019, 18.486225626083279, 2120.0 ], [ -97.742810170502878, 18.48622534246886, 2120.0 ], [ -97.742821188573615, 18.486221946559361, 2120.0 ], [ -97.74283609537521, 18.486222054488952, 2120.0 ], [ -97.742849705933196, 18.486228847423547, 2120.0 ], [ -97.742852384836667, 18.486231995679304, 2120.0 ], [ -97.742855623567095, 18.486238798160496, 2120.0 ], [ -97.742857422822766, 18.486240034975257, 2120.0 ], [ -97.742857803643318, 18.486243127012163, 2120.0 ], [ -97.742859427760322, 18.486243856732873, 2120.0 ], [ -97.742866557100214, 18.486244319122779, 2120.0 ], [ -97.742869797709261, 18.486246172668515, 2120.0 ], [ -97.742871093952871, 18.486245820752789, 2120.0 ], [ -97.742870942264787, 18.486241271790021, 2120.0 ], [ -97.742867704815922, 18.486239416567877, 2120.0 ], [ -97.742870445831059, 18.486237738033555, 2120.0 ], [ -97.742877575170951, 18.48623879815543, 2120.0 ], [ -97.742883408267232, 18.486242588399282, 2120.0 ], [ -97.742890301926465, 18.486243745419543, 2120.0 ], [ -97.742890969688332, 18.486245600641688, 2120.0 ], [ -97.742888563781619, 18.486248692678593, 2120.0 ], [ -97.742888130297558, 18.486251166308119, 2120.0 ], [ -97.742889889497704, 18.486256731974546, 2120.0 ], [ -97.742891185728936, 18.48626786316559, 2120.0 ], [ -97.742895074459781, 18.486272810495539, 2120.0 ], [ -97.742900907556063, 18.486276026284838, 2120.0 ], [ -97.742914518114048, 18.48627978973547, 2120.0 ], [ -97.742948868569897, 18.486286415515941, 2120.0 ], [ -97.742953405437419, 18.486288270750983, 2120.0 ], [ -97.742962479127868, 18.486296825386418, 2120.0 ], [ -97.742966367858727, 18.486297678039019, 2120.0 ], [ -97.74296831222415, 18.486297598395645, 2120.0 ], [ -97.742974793442229, 18.486293407748658, 2120.0 ], [ -97.742978034051276, 18.486294869068971, 2120.0 ], [ -97.74297997841245, 18.48629445482479, 2120.0 ], [ -97.742980766133968, 18.486291981195269, 2120.0 ], [ -97.742979735371023, 18.486290744380504, 2120.0 ], [ -97.742980524203489, 18.486289507565743, 2120.0 ], [ -97.742987107756591, 18.48628761369314, 2120.0 ], [ -97.742998125827341, 18.486279613041972, 2120.0 ], [ -97.743003958923609, 18.486276551931109, 2120.0 ], [ -97.74300979201989, 18.486275160514502, 2120.0 ], [ -97.743018217603407, 18.48627604811098, 2120.0 ], [ -97.743021535987054, 18.486278376232885, 2120.0 ], [ -97.743022374522582, 18.486284560306693, 2120.0 ], [ -97.743024942629063, 18.486288270750983, 2120.0 ], [ -97.743024717398228, 18.486290125973124, 2120.0 ], [ -97.74302253841546, 18.486291362787885, 2120.0 ], [ -97.743021881051263, 18.486293218010029, 2120.0 ], [ -97.743024050699674, 18.486296777749995, 2120.0 ], [ -97.743027939430533, 18.486297042141331, 2120.0 ], [ -97.74303247628319, 18.486294628751867, 2120.0 ], [ -97.743034368798874, 18.486291981195269, 2120.0 ], [ -97.74303895750127, 18.486290991743459, 2120.0 ], [ -97.743046734962974, 18.486291237173887, 2120.0 ], [ -97.743052568059255, 18.486293736674284, 2120.0 ], [ -97.743057753033725, 18.486298055329989, 2120.0 ], [ -97.743060002397641, 18.48629878367646, 2120.0 ], [ -97.743065495143327, 18.486304349342888, 2120.0 ], [ -97.743068072149569, 18.486313625453604, 2120.0 ], [ -97.743075252322541, 18.486321664731829, 2120.0 ], [ -97.743081733540635, 18.486322981358821, 2120.0 ], [ -97.743093399733183, 18.486328529071489, 2120.0 ], [ -97.743097936585841, 18.48632898799486, 2120.0 ], [ -97.743106362169357, 18.486327086120934, 2120.0 ], [ -97.743115435874671, 18.486321046334297, 2120.0 ], [ -97.743124612690281, 18.486311151824079, 2120.0 ], [ -97.743136175766821, 18.48629445482479, 2120.0 ], [ -97.743148490086909, 18.486285107359379, 2120.0 ], [ -97.743165341253928, 18.486278307520951, 2120.0 ], [ -97.74321265414595, 18.486268619138649, 2120.0 ], [ -97.743230801556578, 18.486262916024717, 2120.0 ], [ -97.743244412114564, 18.486256113543526, 2120.0 ], [ -97.743256222334182, 18.486248692678593, 2120.0 ], [ -97.743270336986896, 18.486238179717656, 2120.0 ], [ -97.743283947544882, 18.486226429977414, 2120.0 ], [ -97.743302743040161, 18.486207877791443, 2120.0 ], [ -97.743324822426942, 18.486183759903582, 2120.0 ], [ -97.743348183617456, 18.48615345794191, 2120.0 ], [ -97.743361074025231, 18.486132432090955, 2120.0 ], [ -97.743371443975519, 18.48611264305476, 2120.0 ], [ -97.743381254196407, 18.486090998796421, 2120.0 ], [ -97.743391028539321, 18.486065644093799, 2120.0 ], [ -97.743403962796293, 18.486024210799268, 2120.0 ], [ -97.743422113226131, 18.485951857135682, 2120.0 ], [ -97.743431865667304, 18.485899292508293, 2120.0 ], [ -97.743440660074469, 18.485829412474232, 2120.0 ], [ -97.743447825144159, 18.485787360772321, 2120.0 ], [ -97.743458244887819, 18.48574098021874, 2120.0 ], [ -97.743468535797504, 18.485706349405401, 2120.0 ], [ -97.743479680327027, 18.485678521073254, 2120.0 ], [ -97.7434964954913, 18.485646363889437, 2120.0 ], [ -97.743512699509665, 18.485620390779435, 2120.0 ], [ -97.743560668552036, 18.485548655523232, 2120.0 ], [ -97.743572307739512, 18.485528866487037, 2120.0 ], [ -97.743586055046592, 18.485500419747506, 2120.0 ], [ -97.743598424520258, 18.485467025748928, 2120.0 ], [ -97.743603016532219, 18.485444144675832, 2120.0 ], [ -97.743603000235154, 18.485420645195351, 2120.0 ], [ -97.743601028675798, 18.485410132269873, 2120.0 ], [ -97.743598934737051, 18.485405185010823, 2120.0 ], [ -97.743588463525839, 18.485392816863204, 2120.0 ], [ -97.74358597230551, 18.485388488011534, 2120.0 ], [ -97.743585201124731, 18.485377975086056, 2120.0 ], [ -97.743587304558019, 18.485373027827009, 2120.0 ], [ -97.743591805403909, 18.48536811001593, 2120.0 ], [ -97.743598934743801, 18.48536309465845, 2120.0 ], [ -97.743612545301787, 18.485355699262733, 2120.0 ], [ -97.743624211494335, 18.485351257790899, 2120.0 ], [ -97.743707171085831, 18.485330875454128, 2120.0 ], [ -97.743774575753903, 18.485316220637351, 2120.0 ], [ -97.743794667529968, 18.485310658187853, 2120.0 ], [ -97.743808926209752, 18.485305028782065, 2120.0 ], [ -97.743828369864005, 18.485294587732884, 2120.0 ], [ -97.743851702249117, 18.485279103525013, 2120.0 ], [ -97.743903551993796, 18.485238119878339, 2120.0 ], [ -97.743932069353363, 18.485217831359261, 2120.0 ], [ -97.743956049860287, 18.485204313925308, 2120.0 ], [ -97.743987159707089, 18.485191119430823, 2120.0 ], [ -97.743997529656028, 18.485184340821974, 2120.0 ], [ -97.744003389206256, 18.485178229501972, 2120.0 ], [ -97.744020157560911, 18.485155348428876, 2120.0 ], [ -97.74403965757358, 18.485135559390738, 2120.0 ], [ -97.744057156862411, 18.48512135273663, 2120.0 ], [ -97.744120672799639, 18.485073751548583, 2120.0 ], [ -97.744159539854337, 18.485039706248617, 2120.0 ], [ -97.744197167376086, 18.485001983398369, 2120.0 ], [ -97.744247704672034, 18.484946326734075, 2120.0 ], [ -97.744262611475705, 18.484931507042909, 2120.0 ], [ -97.744282055129958, 18.484916595609985, 2120.0 ], [ -97.744302795027821, 18.48490497700811, 2120.0 ], [ -97.744326127412933, 18.484889433253286, 2120.0 ], [ -97.744347515432608, 18.484879522246057, 2120.0 ], [ -97.744354759146944, 18.484873354663108, 2120.0 ], [ -97.744359879988977, 18.484865315367156, 2120.0 ], [ -97.744363213324064, 18.484855420849058, 2120.0 ], [ -97.744364336454439, 18.484843052701439, 2120.0 ], [ -97.74436290232444, 18.484832539775958, 2120.0 ], [ -97.744362896632637, 18.48482079003572, 2120.0 ], [ -97.744364915596933, 18.484811513925003, 2120.0 ], [ -97.74436947055888, 18.484801619406905, 2120.0 ], [ -97.744378640710892, 18.484788632851906, 2120.0 ], [ -97.744391083620854, 18.484774409482139, 2120.0 ], [ -97.74441103136985, 18.484759645756412, 2120.0 ], [ -97.744417557285985, 18.484752765223803, 2120.0 ], [ -97.744427185805918, 18.484736068224514, 2120.0 ], [ -97.744447369399239, 18.484710095114508, 2120.0 ], [ -97.74446285353487, 18.484686595634027, 2120.0 ], [ -97.744477031774011, 18.484661240931406, 2120.0 ], [ -97.74448887712218, 18.484636504636164, 2120.0 ] ] } },
{ "type": "Feature", "properties": { "FID": 270, "elev": 2120.0, "elevation": 2120.0, "ELEVATION": 2120.0, "is_master": true, "tipo": "Maestra (5m)" }, "geometry": { "type": "LineString", "coordinates": [ [ -97.743261911403394, 18.486492345202493, 2120.0 ], [ -97.743250893332643, 18.486490913085429, 2120.0 ], [ -97.743235338409249, 18.486491576355935, 2120.0 ], [ -97.743220431607654, 18.486494647036427, 2120.0 ], [ -97.743210969029249, 18.486498529260544, 2120.0 ] ] } },
{ "type": "Feature", "properties": { "FID": 271, "elev": 2119.0, "elevation": 2119.0, "ELEVATION": 2119.0, "is_master": false, "tipo": "Ordinaria (1m)" }, "geometry": { "type": "LineString", "coordinates": [ [ -97.743435319993935, 18.486472556150538, 2119.0 ], [ -97.74343026752436, 18.486413807449338, 2119.0 ], [ -97.743429279329234, 18.486381650265521, 2119.0 ], [ -97.743430909164957, 18.486346401044802, 2119.0 ], [ -97.743436753063264, 18.486302494120746, 2119.0 ], [ -97.743445231674926, 18.486261679233596, 2119.0 ], [ -97.743456275932402, 18.486222101161207, 2119.0 ], [ -97.743464002790006, 18.486199838495487, 2119.0 ], [ -97.74348297495024, 18.48615407634929, 2119.0 ], [ -97.743497971768747, 18.486113879869521, 2119.0 ], [ -97.743509630380927, 18.486077393834037, 2119.0 ], [ -97.743518052465802, 18.486043999835463, 2119.0 ], [ -97.743525229728846, 18.486000711318788, 2119.0 ], [ -97.74352850048308, 18.485959278024257, 2119.0 ], [ -97.743528500810754, 18.485914134285437, 2119.0 ], [ -97.74352356198996, 18.485847346288285, 2119.0 ], [ -97.743524215558168, 18.485810860252801, 2119.0 ], [ -97.743526811294132, 18.485785505550176, 2119.0 ], [ -97.743534038547168, 18.485747782699931, 2119.0 ], [ -97.74354249829095, 18.485719954367784, 2119.0 ], [ -97.743556017808402, 18.485689033998732, 2119.0 ], [ -97.743571663772329, 18.485660587259204, 2119.0 ], [ -97.743652746857293, 18.485535050560848, 2119.0 ], [ -97.743713624124695, 18.485428066083923, 2119.0 ], [ -97.743728559097249, 18.485403948196062, 2119.0 ], [ -97.743738929054444, 18.485389724817431, 2119.0 ], [ -97.743746706516148, 18.485383460090652, 2119.0 ], [ -97.743755780221463, 18.485378529520261, 2119.0 ], [ -97.743766798292199, 18.485374161573873, 2119.0 ], [ -97.743781705093795, 18.485369905623891, 2119.0 ], [ -97.743811518696987, 18.485364914911127, 2119.0 ], [ -97.74382448113316, 18.485364436381609, 2119.0 ], [ -97.743836147325709, 18.485365230516553, 2119.0 ], [ -97.743842628543803, 18.485363628034815, 2119.0 ], [ -97.743845925511252, 18.485359422864626, 2119.0 ], [ -97.743846992563974, 18.485347673124384, 2119.0 ], [ -97.74384961809271, 18.485339015421051, 2119.0 ], [ -97.743854334016461, 18.485329739310334, 2119.0 ], [ -97.743861413622668, 18.485319226384856, 2119.0 ], [ -97.743878275243262, 18.485299946038605, 2119.0 ], [ -97.743891885801247, 18.48528706919889, 2119.0 ], [ -97.74391262569911, 18.485270262074412, 2119.0 ], [ -97.743937254327832, 18.485253097125998, 2119.0 ], [ -97.743961882956555, 18.485239928077462, 2119.0 ], [ -97.74398067848901, 18.485233814118807, 2119.0 ], [ -97.744013732701234, 18.485230215300056, 2119.0 ], [ -97.74402345452836, 18.485226546954141, 2119.0 ], [ -97.744031231990064, 18.485221003920945, 2119.0 ], [ -97.744036374464741, 18.485214715537456, 2119.0 ], [ -97.744039657571363, 18.485208531463645, 2119.0 ], [ -97.74404606984254, 18.485187505612689, 2119.0 ], [ -97.744050591472657, 18.485178229501972, 2119.0 ], [ -97.744057137222356, 18.485168953391259, 2119.0 ], [ -97.744066878689537, 18.485158429803583, 2119.0 ], [ -97.744081785491133, 18.485144825529083, 2119.0 ], [ -97.744121969043263, 18.485111477881723, 2119.0 ], [ -97.744190021833148, 18.485051495630355, 2119.0 ], [ -97.744228909136865, 18.485014351545992, 2119.0 ], [ -97.744283351373568, 18.484958716206091, 2119.0 ], [ -97.744304091271445, 18.484941935258874, 2119.0 ], [ -97.744345571067186, 18.484912334493576, 2119.0 ], [ -97.744357885381547, 18.484901663978775, 2119.0 ], [ -97.744368903452298, 18.484890079147171, 2119.0 ], [ -97.744376770653943, 18.484878920329539, 2119.0 ], [ -97.744382533800248, 18.484868407404061, 2119.0 ], [ -97.744395385709382, 18.484832539775958, 2119.0 ], [ -97.744402605784472, 18.484818934813575, 2119.0 ], [ -97.744417494070163, 18.484799145777384, 2119.0 ], [ -97.744460306630671, 18.484750910001658, 2119.0 ], [ -97.74448043090635, 18.484724936891656, 2119.0 ], [ -97.744503712785431, 18.484688450856172, 2119.0 ], [ -97.74453356741202, 18.484633412599258, 2119.0 ] ] } },
{ "type": "Feature", "properties": { "FID": 272, "elev": 2121.0, "elevation": 2121.0, "ELEVATION": 2121.0, "is_master": false, "tipo": "Ordinaria (1m)" }, "geometry": { "type": "LineString", "coordinates": [ [ -97.742660454365108, 18.486485600681231, 2121.0 ], [ -97.742653973147029, 18.486485077771523, 2121.0 ], [ -97.742650732537982, 18.486483625642659, 2121.0 ], [ -97.742646195685325, 18.486479441086047, 2121.0 ], [ -97.7426442122091, 18.486475648187444, 2121.0 ], [ -97.742643427351098, 18.486468845706252, 2121.0 ], [ -97.742644782663007, 18.486463898447202, 2121.0 ], [ -97.742648140050747, 18.48645954603716, 2121.0 ], [ -97.742653973147029, 18.486456348218525, 2121.0 ], [ -97.742660454365108, 18.486456311644453, 2121.0 ], [ -97.74266628746139, 18.486458901316592, 2121.0 ], [ -97.742670824314047, 18.486463186559636, 2121.0 ], [ -97.742672884760992, 18.486467608891488, 2121.0 ], [ -97.742672803578344, 18.486476266594824, 2121.0 ], [ -97.742670849483829, 18.48647997703911, 2121.0 ], [ -97.74266628746139, 18.486483798330003, 2121.0 ], [ -97.742660454365108, 18.486485600681231, 2121.0 ] ] } },
{ "type": "Feature", "properties": { "FID": 273, "elev": 2118.0, "elevation": 2118.0, "ELEVATION": 2118.0, "is_master": false, "tipo": "Ordinaria (1m)" }, "geometry": { "type": "LineString", "coordinates": [ [ -97.743541251899472, 18.486460806410296, 2118.0 ], [ -97.743537831259971, 18.486436070115055, 2118.0 ], [ -97.74353560028068, 18.486390307968858, 2118.0 ], [ -97.743529398752088, 18.486327848823368, 2118.0 ], [ -97.743529402279592, 18.486287652343599, 2118.0 ], [ -97.743531355581396, 18.486265389677882, 2118.0 ], [ -97.743534643602061, 18.486243745419543, 2118.0 ], [ -97.743540538968858, 18.486219009124301, 2118.0 ], [ -97.743548897094797, 18.48619489123644, 2118.0 ], [ -97.743588074324308, 18.486116971906426, 2118.0 ], [ -97.743606790765725, 18.486073683389751, 2118.0 ], [ -97.743619112936116, 18.486035342132126, 2118.0 ], [ -97.743623736205009, 18.486014934688551, 2118.0 ], [ -97.743626992145963, 18.485992672022832, 2118.0 ], [ -97.743627963778493, 18.485962988468543, 2118.0 ], [ -97.743625010844568, 18.485932068099491, 2118.0 ], [ -97.743617186690216, 18.485898674100913, 2118.0 ], [ -97.743601437214124, 18.485850438325187, 2118.0 ], [ -97.743598132307284, 18.485831886103757, 2118.0 ], [ -97.743597076794629, 18.485814570697087, 2118.0 ], [ -97.743597469424941, 18.485792308031368, 2118.0 ], [ -97.743601438850789, 18.485766334921365, 2118.0 ], [ -97.743607300036913, 18.485746545885171, 2118.0 ], [ -97.743617892306702, 18.48572366481207, 2118.0 ], [ -97.743626138342961, 18.485710678257067, 2118.0 ], [ -97.74366376544242, 18.485660587259204, 2118.0 ], [ -97.743684396386925, 18.485627193260626, 2118.0 ], [ -97.743698657918287, 18.485607404224432, 2118.0 ], [ -97.743746756371664, 18.485550510745373, 2118.0 ], [ -97.743812944564965, 18.485481867526076, 2118.0 ], [ -97.743845244178246, 18.485441671046306, 2118.0 ], [ -97.743878893904991, 18.485393435270584, 2118.0 ], [ -97.743884803313534, 18.485380448715581, 2118.0 ], [ -97.743894987527042, 18.485348909939148, 2118.0 ], [ -97.743900331638557, 18.485339015421051, 2118.0 ], [ -97.743907388874902, 18.485329739310334, 2118.0 ], [ -97.743917751753415, 18.485319226384856, 2118.0 ], [ -97.743928180622518, 18.485310494472635, 2118.0 ], [ -97.743954105494865, 18.48529258539488, 2118.0 ], [ -97.743995585290605, 18.485269082979585, 2118.0 ], [ -97.744035120720923, 18.485251819977236, 2118.0 ], [ -97.74404484254805, 18.485245635902078, 2118.0 ], [ -97.744053916253364, 18.485238234966562, 2118.0 ], [ -97.744062989953377, 18.48522893890722, 2118.0 ], [ -97.74407592538978, 18.485212860315315, 2118.0 ], [ -97.74408502610018, 18.485204112113337, 2118.0 ], [ -97.744103173510808, 18.485189979238577, 2118.0 ], [ -97.744127802139531, 18.485173856478351, 2118.0 ], [ -97.744134931479422, 18.485167217860866, 2118.0 ], [ -97.744142035891556, 18.485157822058397, 2118.0 ], [ -97.744154341022011, 18.485137414614822, 2118.0 ], [ -97.744166057944739, 18.485120717615533, 2118.0 ], [ -97.744180880413609, 18.485102783801484, 2118.0 ], [ -97.744195254816646, 18.485087942024339, 2118.0 ], [ -97.744259370866658, 18.485031731562387, 2118.0 ], [ -97.744315811474152, 18.484976010288367, 2118.0 ], [ -97.744368255325838, 18.484929629734786, 2118.0 ], [ -97.744381306146906, 18.484915406365023, 2118.0 ], [ -97.744392966698157, 18.484900564587878, 2118.0 ], [ -97.744418760222416, 18.484859131293344, 2118.0 ], [ -97.744435650870088, 18.484835013405483, 2118.0 ], [ -97.744481746714186, 18.484779356741189, 2118.0 ], [ -97.744509651204524, 18.484743489113086, 2118.0 ], [ -97.744527613933514, 18.484716279188319, 2118.0 ], [ -97.744561378795083, 18.484659385709261, 2118.0 ], [ -97.744580796075553, 18.484630320562353, 2118.0 ] ] } },
{ "type": "Feature", "properties": { "FID": 274, "elev": 2117.0, "elevation": 2117.0, "ELEVATION": 2117.0, "is_master": false, "tipo": "Ordinaria (1m)" }, "geometry": { "type": "LineString", "coordinates": [ [ -97.743710989749459, 18.486441017374105, 2117.0 ], [ -97.743711581475694, 18.486432359670768, 2117.0 ], [ -97.743716381237846, 18.48641628107886, 2117.0 ], [ -97.743716539391968, 18.486409478597668, 2117.0 ], [ -97.74371567145262, 18.486402057709096, 2117.0 ], [ -97.743709816480958, 18.486383505487666, 2117.0 ], [ -97.743687322355441, 18.486360624414566, 2117.0 ], [ -97.743679949969874, 18.486354323056595, 2117.0 ], [ -97.743651432610292, 18.48633466757844, 2117.0 ], [ -97.743622915250725, 18.486323481321239, 2117.0 ], [ -97.743615259311852, 18.48631609908313, 2117.0 ], [ -97.743610561656254, 18.486306204565032, 2117.0 ], [ -97.743607818754938, 18.486290125973124, 2117.0 ], [ -97.743607818754938, 18.486272192159074, 2117.0 ], [ -97.743610487515042, 18.486254876752405, 2117.0 ], [ -97.743614438499705, 18.486240653382641, 2117.0 ], [ -97.743619566621376, 18.486227666827638, 2117.0 ], [ -97.743627371088152, 18.48621282505049, 2117.0 ], [ -97.743635164752902, 18.486201075310252, 2117.0 ], [ -97.743645653524169, 18.486188088755249, 2117.0 ], [ -97.743674764995404, 18.486156667770697, 2117.0 ], [ -97.743703347167155, 18.486123155980238, 2117.0 ], [ -97.743759089053853, 18.486053894353557, 2117.0 ], [ -97.743775223875716, 18.486031726827438, 2117.0 ], [ -97.743784327041112, 18.486017408318077, 2117.0 ], [ -97.743792187759567, 18.486000711318788, 2117.0 ], [ -97.743798652278869, 18.485980303875213, 2117.0 ], [ -97.743802579085838, 18.485959278024257, 2117.0 ], [ -97.743805529157513, 18.485931449692107, 2117.0 ], [ -97.743810781179064, 18.485912279063296, 2117.0 ], [ -97.743814111178921, 18.48590423976734, 2117.0 ], [ -97.743819206762581, 18.485895582064007, 2117.0 ], [ -97.74384006620177, 18.485868990546621, 2117.0 ], [ -97.743845896157922, 18.485859714435904, 2117.0 ], [ -97.743851167832887, 18.48584549106614, 2117.0 ], [ -97.743853497047965, 18.485828175659471, 2117.0 ], [ -97.743853133518115, 18.485817044326613, 2117.0 ], [ -97.743849757876617, 18.485805912993751, 2117.0 ], [ -97.743843276665601, 18.485796636898797, 2117.0 ], [ -97.743835499203911, 18.485790373014726, 2117.0 ], [ -97.743820592402315, 18.485782413521616, 2117.0 ], [ -97.743805685600719, 18.485777333738355, 2117.0 ], [ -97.743797260017203, 18.485776031549101, 2117.0 ], [ -97.743778464484762, 18.485775734713556, 2117.0 ], [ -97.743766150140672, 18.485773137402557, 2117.0 ], [ -97.743756428343275, 18.485768190157692, 2117.0 ], [ -97.743749428627737, 18.485760769254934, 2117.0 ], [ -97.743745410260132, 18.485752111551601, 2117.0 ], [ -97.74374393726842, 18.485744072255645, 2117.0 ], [ -97.743743951998454, 18.485737269774454, 2117.0 ], [ -97.743745958683292, 18.485727993663737, 2117.0 ], [ -97.743749299003369, 18.485721809572198, 2117.0 ], [ -97.743754483962974, 18.485716862330879, 2117.0 ], [ -97.743764853926777, 18.485710101076847, 2117.0 ], [ -97.743768742657636, 18.485705819341931, 2117.0 ], [ -97.74377080641392, 18.485701402146354, 2117.0 ], [ -97.743773895946148, 18.485685941961826, 2117.0 ], [ -97.743779760728373, 18.485682882616061, 2117.0 ], [ -97.743781700464353, 18.485679139480634, 2117.0 ], [ -97.743780408850185, 18.485677290262448, 2117.0 ], [ -97.743775223875716, 18.485674989279989, 2117.0 ], [ -97.743774575753903, 18.48567344586785, 2117.0 ], [ -97.743772631388481, 18.485673728416049, 2117.0 ], [ -97.743773279510293, 18.485676665866869, 2117.0 ], [ -97.743770038901246, 18.485677335023276, 2117.0 ], [ -97.743757724586885, 18.485671611970098, 2117.0 ], [ -97.743746058394336, 18.485670529347097, 2117.0 ], [ -97.743742817785289, 18.485669112446669, 2117.0 ], [ -97.743738280932632, 18.485664998565188, 2117.0 ], [ -97.743736863166177, 18.485661205666585, 2117.0 ], [ -97.743736870314578, 18.485657495222299, 2117.0 ], [ -97.743738417379333, 18.485653166370628, 2117.0 ], [ -97.743742073645436, 18.485648837518962, 2117.0 ], [ -97.743748002759759, 18.485645608058196, 2117.0 ], [ -97.743775871997528, 18.48564036533784, 2117.0 ], [ -97.743788978460756, 18.485635232556579, 2117.0 ], [ -97.743797389641571, 18.485627811668007, 2117.0 ], [ -97.743805623874835, 18.485614825113004, 2117.0 ], [ -97.743811518696987, 18.48560798398135, 2117.0 ], [ -97.74381799991508, 18.485603042825005, 2117.0 ], [ -97.743827721742207, 18.48559923473745, 2117.0 ], [ -97.743857535345398, 18.485599837828239, 2117.0 ], [ -97.74386466468529, 18.48560115143869, 2117.0 ], [ -97.743870497781558, 18.485603178440659, 2117.0 ], [ -97.743876330877839, 18.485606713063241, 2117.0 ], [ -97.743885307364891, 18.485617917149909, 2117.0 ], [ -97.743891885801247, 18.48562237938356, 2117.0 ], [ -97.743899663262951, 18.485623323227337, 2117.0 ], [ -97.743903551993796, 18.485622276921944, 2117.0 ], [ -97.743906144481031, 18.485620328938694, 2117.0 ], [ -97.743908825348512, 18.485616061927765, 2117.0 ], [ -97.743908807035481, 18.485609259446573, 2117.0 ], [ -97.743907135726147, 18.485601838558001, 2117.0 ], [ -97.743907980826151, 18.485597509706334, 2117.0 ], [ -97.743909976853459, 18.485593799262048, 2117.0 ], [ -97.743926838084491, 18.485574010225854, 2117.0 ], [ -97.743937383952201, 18.485564115707756, 2117.0 ], [ -97.743938567189957, 18.485562260485615, 2117.0 ], [ -97.743939047464835, 18.485557313226565, 2117.0 ], [ -97.743950216764006, 18.485553672602467, 2117.0 ], [ -97.743953457373053, 18.485551077618805, 2117.0 ], [ -97.743956697979385, 18.485546181893707, 2117.0 ], [ -97.743958975667312, 18.485534432153464, 2117.0 ], [ -97.743956508946567, 18.485510932672984, 2117.0 ], [ -97.743956503545547, 18.485495472488459, 2117.0 ], [ -97.743958529630689, 18.485484959562982, 2117.0 ], [ -97.743961173108872, 18.485479393896551, 2117.0 ], [ -97.743980030352333, 18.485451565564404, 2117.0 ], [ -97.743996233397539, 18.485424974047017, 2117.0 ], [ -97.74400611726999, 18.485405185010823, 2117.0 ], [ -97.744013640112414, 18.485384777567248, 2117.0 ], [ -97.744022065695916, 18.485371791012245, 2117.0 ], [ -97.744037713197528, 18.485353238790815, 2117.0 ], [ -97.744051323766129, 18.485339592601271, 2117.0 ], [ -97.744116135946982, 18.485283934515351, 2117.0 ], [ -97.744125209652296, 18.485278495825984, 2117.0 ], [ -97.744147893915596, 18.485268398055112, 2117.0 ], [ -97.744154375133675, 18.48526846241425, 2117.0 ], [ -97.74415696762091, 18.485271418737319, 2117.0 ], [ -97.744159435469342, 18.485267898572229, 2117.0 ], [ -97.744162790092247, 18.485259240868892, 2117.0 ], [ -97.744173150412323, 18.485246254313889, 2117.0 ], [ -97.744180948127834, 18.485239342701984, 2117.0 ], [ -97.744195206807618, 18.485230238458964, 2117.0 ], [ -97.744206224878354, 18.485218569540599, 2117.0 ], [ -97.74421028164079, 18.48521100509317, 2117.0 ], [ -97.744210303535013, 18.485201110575073, 2117.0 ], [ -97.744208114318212, 18.485194308093881, 2117.0 ], [ -97.744201597428031, 18.485185650390548, 2117.0 ], [ -97.74419837116703, 18.485178847909356, 2117.0 ], [ -97.744197608670788, 18.485164006132209, 2117.0 ], [ -97.744199597832875, 18.485153493206731, 2117.0 ], [ -97.74420417249263, 18.485140506651728, 2117.0 ], [ -97.744210094823075, 18.485128756911489, 2117.0 ], [ -97.744216594825104, 18.485118862393392, 2117.0 ], [ -97.744226964776232, 18.485106416944848, 2117.0 ], [ -97.744244332243682, 18.485089797246481, 2117.0 ], [ -97.744293721322506, 18.485050878132778, 2117.0 ], [ -97.744325243610461, 18.485023009249328, 2117.0 ], [ -97.744383810253893, 18.484963035185352, 2117.0 ], [ -97.744405289415695, 18.484938905845503, 2117.0 ], [ -97.74442409712978, 18.484915406365023, 2117.0 ], [ -97.744448639951543, 18.484882012366445, 2117.0 ], [ -97.744478455980129, 18.484844907923581, 2117.0 ], [ -97.744507610647787, 18.484805948258575, 2117.0 ], [ -97.744547136946522, 18.484749054779517, 2117.0 ], [ -97.74459564706666, 18.484674227486408, 2117.0 ], [ -97.744611301006543, 18.484652583228069, 2117.0 ], [ -97.744632040904136, 18.484626610118067, 2117.0 ] ] } },
{ "type": "Feature", "properties": { "FID": 275, "elev": 2120.0, "elevation": 2120.0, "ELEVATION": 2120.0, "is_master": true, "tipo": "Maestra (5m)" }, "geometry": { "type": "LineString", "coordinates": [ [ -97.743049327435344, 18.486445346225771, 2120.0 ], [ -97.74304943547051, 18.486444109411007, 2120.0 ], [ -97.743047795525939, 18.486444109411007, 2120.0 ], [ -97.743048031206584, 18.486445941729176, 2120.0 ], [ -97.743049327435344, 18.486445346225771, 2120.0 ] ] } },
{ "type": "Feature", "properties": { "FID": 276, "elev": 2116.0, "elevation": 2116.0, "ELEVATION": 2116.0, "is_master": false, "tipo": "Ordinaria (1m)" }, "geometry": { "type": "LineString", "coordinates": [ [ -97.743890453661123, 18.48642060993053, 2116.0 ], [ -97.743889941435825, 18.486416449735419, 2116.0 ], [ -97.743881515852308, 18.486411828545716, 2116.0 ], [ -97.743880219608684, 18.486410055381477, 2116.0 ], [ -97.743877627121464, 18.486410321880463, 2116.0 ], [ -97.743875034634229, 18.486412560660263, 2116.0 ], [ -97.743871794025182, 18.486409991875796, 2116.0 ], [ -97.74386984965976, 18.486410039287026, 2116.0 ], [ -97.743867905294323, 18.486412024981004, 2116.0 ], [ -97.743860127832633, 18.486413365729778, 2116.0 ], [ -97.743850406005507, 18.48641327493187, 2116.0 ], [ -97.743847043873615, 18.486411952227193, 2116.0 ], [ -97.743843480868364, 18.486407623375527, 2116.0 ], [ -97.743843419472114, 18.486403912931241, 2116.0 ], [ -97.743839863620494, 18.486391544783618, 2116.0 ], [ -97.743839890787882, 18.486385360709807, 2116.0 ], [ -97.743841932412963, 18.48638041345076, 2116.0 ], [ -97.743843924787413, 18.486378504454063, 2116.0 ], [ -97.743847813518272, 18.486376661080548, 2116.0 ], [ -97.743856239101774, 18.486374962304215, 2116.0 ], [ -97.743859479710821, 18.486376526318651, 2116.0 ], [ -97.743859948564889, 18.486378558228616, 2116.0 ], [ -97.74385955546532, 18.486382268672902, 2116.0 ], [ -97.743857616360614, 18.486383505487666, 2116.0 ], [ -97.743858183467196, 18.48638498753294, 2116.0 ], [ -97.743861424076243, 18.486384618620949, 2116.0 ], [ -97.743863368441666, 18.486382932888237, 2116.0 ], [ -97.743868553416135, 18.486384742294081, 2116.0 ], [ -97.743869163413137, 18.486382887080282, 2116.0 ], [ -97.743867522313266, 18.48638041345076, 2116.0 ], [ -97.743868553416135, 18.486379263735628, 2116.0 ], [ -97.743875034634229, 18.486381600124382, 2116.0 ], [ -97.743879571486886, 18.486385438010732, 2116.0 ], [ -97.743885404583153, 18.486384072361098, 2116.0 ], [ -97.743889941435825, 18.486379765595409, 2116.0 ], [ -97.743898445033992, 18.486374847784329, 2116.0 ], [ -97.743897150369619, 18.486366808488377, 2116.0 ], [ -97.743900848851624, 18.486363098044091, 2116.0 ], [ -97.743899015138282, 18.486361242821946, 2116.0 ], [ -97.743898377821353, 18.48635691397028, 2116.0 ], [ -97.743896542044766, 18.486353203525994, 2116.0 ], [ -97.743890589557623, 18.486351777353931, 2116.0 ], [ -97.743886052704966, 18.486352346285415, 2116.0 ], [ -97.743882163974121, 18.486356351781751, 2116.0 ], [ -97.743878923365074, 18.486356113082032, 2116.0 ], [ -97.743876330877839, 18.486357068572126, 2116.0 ], [ -97.743870497781558, 18.486356188940935, 2116.0 ], [ -97.74386466468529, 18.486358150794498, 2116.0 ], [ -97.743855590979962, 18.486363204056783, 2116.0 ], [ -97.743852998492741, 18.486363503873932, 2116.0 ], [ -97.743849109761882, 18.486362391292797, 2116.0 ], [ -97.743847350574114, 18.486360624414566, 2116.0 ], [ -97.743845808862446, 18.48635258511861, 2116.0 ], [ -97.743843924787413, 18.486350154137874, 2116.0 ], [ -97.743831610473052, 18.486344616096222, 2116.0 ], [ -97.743827754148299, 18.486340216970991, 2116.0 ], [ -97.743826276846789, 18.486335888119324, 2116.0 ], [ -97.743826250724169, 18.486328467230749, 2116.0 ], [ -97.743828661518819, 18.48631609908313, 2116.0 ], [ -97.743826641539187, 18.486312388638844, 2116.0 ], [ -97.743822536767738, 18.486310438277101, 2116.0 ], [ -97.74380179686986, 18.486310756266207, 2116.0 ], [ -97.743799852504438, 18.486310091697142, 2116.0 ], [ -97.743798556260828, 18.48630780961328, 2116.0 ], [ -97.743796784379427, 18.486309296601938, 2116.0 ], [ -97.743796682599594, 18.48631177023146, 2116.0 ], [ -97.743785593824654, 18.486315757140225, 2116.0 ], [ -97.743781056971997, 18.486314089259139, 2116.0 ], [ -97.743779760728373, 18.486310449848133, 2116.0 ], [ -97.743776520119326, 18.48630744138525, 2116.0 ], [ -97.743770038901246, 18.486304839803914, 2116.0 ], [ -97.743766798292199, 18.486304817833329, 2116.0 ], [ -97.743761613317744, 18.486309359490825, 2116.0 ], [ -97.743756428343275, 18.486308495483286, 2116.0 ], [ -97.743751243368806, 18.486309127945379, 2116.0 ], [ -97.743738929054444, 18.48631279787902, 2116.0 ], [ -97.743732447836351, 18.486311816039414, 2116.0 ], [ -97.743729207224277, 18.486309915009318, 2116.0 ], [ -97.743726717850365, 18.486304967750268, 2116.0 ], [ -97.743730418933296, 18.486291362787885, 2116.0 ], [ -97.74373000784837, 18.486286415528838, 2116.0 ], [ -97.743727759755274, 18.486281468269791, 2116.0 ], [ -97.743727791330443, 18.48627652101074, 2116.0 ], [ -97.743730017379576, 18.48627095534431, 2116.0 ], [ -97.743735688445398, 18.486265990416481, 2116.0 ], [ -97.743738280932632, 18.486265262825086, 2116.0 ], [ -97.743755780221463, 18.486265502115586, 2116.0 ], [ -97.743769390779434, 18.486260507514348, 2116.0 ], [ -97.743787538190077, 18.486246871812416, 2116.0 ], [ -97.743818648022014, 18.486219009124301, 2116.0 ], [ -97.743826425498582, 18.486214571141922, 2116.0 ], [ -97.743837443569333, 18.486210852036464, 2116.0 ], [ -97.743844572909225, 18.486209604178715, 2116.0 ], [ -97.743860775954431, 18.486208937918381, 2116.0 ], [ -97.743899663262951, 18.486212729910893, 2116.0 ], [ -97.743906244192075, 18.486215298680015, 2116.0 ], [ -97.743921051282626, 18.486225369885936, 2116.0 ], [ -97.743927532500706, 18.486226901180402, 2116.0 ], [ -97.743932717475175, 18.486226557959231, 2116.0 ], [ -97.743936606206034, 18.486224059451246, 2116.0 ], [ -97.743938625934462, 18.486220864346446, 2116.0 ], [ -97.743943689251509, 18.486199838495487, 2116.0 ], [ -97.743954855951685, 18.486187470347868, 2116.0 ], [ -97.74396197897461, 18.486174483792865, 2116.0 ], [ -97.743965271707737, 18.486162115645243, 2116.0 ], [ -97.743966630010888, 18.486150984312385, 2116.0 ], [ -97.743965952558611, 18.486126866424524, 2116.0 ], [ -97.743962693108827, 18.486108932610474, 2116.0 ], [ -97.743956154961111, 18.486087906759515, 2116.0 ], [ -97.743948272390753, 18.486068117723324, 2116.0 ], [ -97.743940652057319, 18.486052039131415, 2116.0 ], [ -97.743920322145584, 18.486014316281171, 2116.0 ], [ -97.743911837442866, 18.485993290430216, 2116.0 ], [ -97.743906044769986, 18.485972882986641, 2116.0 ], [ -97.743902749557279, 18.485956185987352, 2116.0 ], [ -97.743900138552277, 18.485935778543777, 2116.0 ], [ -97.743899825293397, 18.485924028803534, 2116.0 ], [ -97.743900149354303, 18.485906713396865, 2116.0 ], [ -97.743902704449894, 18.485884450731149, 2116.0 ], [ -97.743908609658618, 18.485852911954712, 2116.0 ], [ -97.743915123914093, 18.485825083622565, 2116.0 ], [ -97.743925513351996, 18.485794163253512, 2116.0 ], [ -97.743944393487752, 18.485756440403268, 2116.0 ], [ -97.743949052790143, 18.485744072255645, 2116.0 ], [ -97.743949753819862, 18.485726756848976, 2116.0 ], [ -97.743947695723278, 18.485715625516118, 2116.0 ], [ -97.743942929345621, 18.485698928516829, 2116.0 ], [ -97.743942288283634, 18.485679757888015, 2116.0 ], [ -97.743945635213294, 18.485664916110871, 2116.0 ], [ -97.743954622351495, 18.48564141663039, 2116.0 ], [ -97.743967716050477, 18.485614825113004, 2116.0 ], [ -97.743990349483056, 18.485578957484901, 2116.0 ], [ -97.744009195844953, 18.485554221189659, 2116.0 ], [ -97.7440311978784, 18.485530103301798, 2116.0 ], [ -97.744053268131552, 18.485508459039288, 2116.0 ], [ -97.744074656151241, 18.485490506489793, 2116.0 ], [ -97.744142708941126, 18.485442384593284, 2116.0 ], [ -97.744162800717191, 18.485426829253399, 2116.0 ], [ -97.744177059375744, 18.485413842714159, 2116.0 ], [ -97.744190623660543, 18.485397764122251, 2116.0 ], [ -97.74421004538587, 18.485368080567959, 2116.0 ], [ -97.744245076180107, 18.485321700014381, 2116.0 ], [ -97.744253004023008, 18.485308713459379, 2116.0 ], [ -97.744256944178019, 18.485298200533901, 2116.0 ], [ -97.744258684620036, 18.485283977164137, 2116.0 ], [ -97.744257538676166, 18.485266661757464, 2116.0 ], [ -97.744252951967979, 18.485249964758175, 2116.0 ], [ -97.744241781837886, 18.485223991648173, 2116.0 ], [ -97.744238446934204, 18.485204202611978, 2116.0 ], [ -97.744238442275091, 18.485187505612689, 2116.0 ], [ -97.744241149384962, 18.485171427020781, 2116.0 ], [ -97.744245778312063, 18.485158440465781, 2116.0 ], [ -97.74425284163955, 18.485145453910778, 2116.0 ], [ -97.744265203962939, 18.485129360594886, 2116.0 ], [ -97.744284647617192, 18.485110798361141, 2116.0 ], [ -97.744305387515055, 18.485094698697576, 2116.0 ], [ -97.74434686731081, 18.485065717220298, 2116.0 ], [ -97.744371632386219, 18.485045890322425, 2116.0 ], [ -97.74439169322379, 18.485026719693614, 2116.0 ], [ -97.744416273955139, 18.484998891361464, 2116.0 ], [ -97.744469388786555, 18.484932721771692, 2116.0 ], [ -97.744501729142925, 18.484888814847636, 2116.0 ], [ -97.74452702811773, 18.484850473590011, 2116.0 ], [ -97.744572349800819, 18.484776883111664, 2116.0 ], [ -97.744628123996478, 18.484694634929983, 2116.0 ], [ -97.74465529227642, 18.484659385709261, 2116.0 ], [ -97.744687617351616, 18.484622899673781, 2116.0 ] ] } },
{ "type": "Feature", "properties": { "FID": 277, "elev": 2119.0, "elevation": 2119.0, "ELEVATION": 2119.0, "is_master": false, "tipo": "Ordinaria (1m)" }, "geometry": { "type": "LineString", "coordinates": [ [ -97.74316598937574, 18.486434261273466, 2119.0 ], [ -97.743151730695942, 18.486433048206823, 2119.0 ], [ -97.74314460135605, 18.486430553640123, 2119.0 ], [ -97.743138073843554, 18.486426794004338, 2119.0 ], [ -97.743128964131472, 18.48641689948624, 2119.0 ], [ -97.74312379822679, 18.486406386560763, 2119.0 ], [ -97.743121182784535, 18.48639834726481, 2119.0 ], [ -97.743119777313723, 18.486389071154093, 2119.0 ], [ -97.743119792237721, 18.48637608459909, 2119.0 ], [ -97.743122527966193, 18.486354440340754, 2119.0 ], [ -97.743126367277966, 18.486346401044802, 2119.0 ], [ -97.743130884257511, 18.486341453785752, 2119.0 ], [ -97.743142008868816, 18.486336400134036, 2119.0 ], [ -97.743153675061379, 18.486335505295706, 2119.0 ], [ -97.743167933741162, 18.48633639305746, 2119.0 ], [ -97.743180896177336, 18.486339541698563, 2119.0 ], [ -97.743191914248072, 18.486343943689153, 2119.0 ], [ -97.743200339831589, 18.486349480461147, 2119.0 ], [ -97.743206834276648, 18.486356295562899, 2119.0 ], [ -97.743211318622215, 18.486363716451471, 2119.0 ], [ -97.74321472395431, 18.486372992562188, 2119.0 ], [ -97.743216046658532, 18.48638041345076, 2119.0 ], [ -97.743215334514105, 18.486395873635285, 2119.0 ], [ -97.743212171000593, 18.486405768153382, 2119.0 ], [ -97.74320746917148, 18.486413840876761, 2119.0 ], [ -97.743201636075199, 18.486419991526166, 2119.0 ], [ -97.74319126612626, 18.486426814967302, 2119.0 ], [ -97.743178303690101, 18.486431885826153, 2119.0 ], [ -97.74316598937574, 18.486434261273466, 2119.0 ] ] } },
{ "type": "Feature", "properties": { "FID": 278, "elev": 2116.0, "elevation": 2116.0, "ELEVATION": 2116.0, "is_master": false, "tipo": "Ordinaria (1m)" }, "geometry": { "type": "LineString", "coordinates": [ [ -97.743913310507068, 18.486418136301005, 2116.0 ], [ -97.743912496074756, 18.486411952227193, 2116.0 ], [ -97.743917253610206, 18.48639834726481, 2116.0 ], [ -97.743917162551782, 18.486391859821342, 2116.0 ], [ -97.743913921942735, 18.486387953681106, 2116.0 ], [ -97.743908736968265, 18.486389522424346, 2116.0 ], [ -97.743903551993796, 18.486386445230213, 2116.0 ], [ -97.743897070775716, 18.486385482114937, 2116.0 ], [ -97.74389512641028, 18.486386052487557, 2116.0 ], [ -97.743890019996044, 18.486391544783618, 2116.0 ], [ -97.743891960584534, 18.486395255227904, 2116.0 ], [ -97.743891026663036, 18.486397110450049, 2116.0 ], [ -97.743884756461355, 18.486401196107803, 2116.0 ], [ -97.743881515852308, 18.486401402924809, 2116.0 ], [ -97.743879456265233, 18.486403912931241, 2116.0 ], [ -97.743879501148086, 18.486405768153382, 2116.0 ], [ -97.743882812095919, 18.486409258486567, 2116.0 ], [ -97.743887997070388, 18.48640951360186, 2116.0 ], [ -97.743891125338322, 18.486412570634574, 2116.0 ], [ -97.743890994633759, 18.486415044264099, 2116.0 ], [ -97.743891885801247, 18.486415840697848, 2116.0 ], [ -97.743894478288482, 18.486415633223508, 2116.0 ], [ -97.743899015141139, 18.486412200694446, 2116.0 ], [ -97.743900959506561, 18.486412484057542, 2116.0 ], [ -97.743901102820629, 18.486417517893624, 2116.0 ], [ -97.743903510712158, 18.486419373115766, 2116.0 ] ] } },
{ "type": "Feature", "properties": { "FID": 279, "elev": 2116.0, "elevation": 2116.0, "ELEVATION": 2116.0, "is_master": false, "tipo": "Ordinaria (1m)" }, "geometry": { "type": "LineString", "coordinates": [ [ -97.743926245385566, 18.48641689948624, 2116.0 ], [ -97.743925588135284, 18.486415250399894, 2116.0 ], [ -97.743924234913933, 18.48641689948624, 2116.0 ] ] } },
{ "type": "Feature", "properties": { "FID": 280, "elev": 2116.0, "elevation": 2116.0, "ELEVATION": 2116.0, "is_master": false, "tipo": "Ordinaria (1m)" }, "geometry": { "type": "LineString", "coordinates": [ [ -97.744068312182478, 18.486400202486955, 2116.0 ], [ -97.744066797674307, 18.486386597524572, 2116.0 ], [ -97.744064934324115, 18.486384653958517, 2116.0 ], [ -97.744058453106021, 18.486386463536302, 2116.0 ], [ -97.744052620009754, 18.486396492045156, 2116.0 ], [ -97.744047435035284, 18.486400149480605, 2116.0 ], [ -97.744042250060815, 18.486402126825215, 2116.0 ], [ -97.744037065086346, 18.486402540655813, 2116.0 ], [ -97.744027343259219, 18.486400859455532, 2116.0 ], [ -97.744015028944858, 18.486394623781813, 2116.0 ], [ -97.744001418386873, 18.48639049569967, 2116.0 ], [ -97.743999659199119, 18.486391544783618, 2116.0 ], [ -97.743997529656028, 18.486395907754314, 2116.0 ], [ -97.743994937168793, 18.486396635757057, 2116.0 ], [ -97.743992344681558, 18.486395839903974, 2116.0 ], [ -97.743991304486059, 18.486394018413144, 2116.0 ], [ -97.743991984613885, 18.486392163190999, 2116.0 ], [ -97.743998365392045, 18.486388452746713, 2116.0 ], [ -97.743996706001226, 18.486382887080282, 2116.0 ], [ -97.743996370300209, 18.486374229376949, 2116.0 ], [ -97.743999296868154, 18.486355677155515, 2116.0 ], [ -97.744001353574703, 18.486351348303849, 2116.0 ], [ -97.744007251483154, 18.486348162670151, 2116.0 ], [ -97.744032528233689, 18.486342709925744, 2116.0 ], [ -97.744039690810595, 18.48633959856361, 2116.0 ], [ -97.744044762779211, 18.486334032897179, 2116.0 ], [ -97.744051172078045, 18.486322283156941, 2116.0 ], [ -97.744052123998159, 18.486319809527416, 2116.0 ], [ -97.744052027047246, 18.486313625453604, 2116.0 ], [ -97.744050027519535, 18.486309915009318, 2116.0 ], [ -97.74404613879166, 18.486306738092967, 2116.0 ], [ -97.744026047015595, 18.486293813929869, 2116.0 ], [ -97.744018269553905, 18.486291440088809, 2116.0 ], [ -97.74401567706667, 18.486291902488873, 2116.0 ], [ -97.74401202401647, 18.48629445482479, 2116.0 ], [ -97.743996233412417, 18.486309967416723, 2116.0 ], [ -97.743986511585277, 18.486314841992716, 2116.0 ], [ -97.743981773094731, 18.486315480675749, 2116.0 ], [ -97.743978503541783, 18.486306204565032, 2116.0 ], [ -97.74397549351454, 18.486303631286926, 2116.0 ], [ -97.743966980346997, 18.486300020491221, 2116.0 ], [ -97.743960564363917, 18.48629383641741, 2116.0 ], [ -97.743954669079045, 18.486285797121457, 2116.0 ], [ -97.74395475360015, 18.486283323491932, 2116.0 ], [ -97.743955864682619, 18.486282705084552, 2116.0 ], [ -97.743963871512108, 18.486280849862407, 2116.0 ], [ -97.743967248203319, 18.486274047381215, 2116.0 ], [ -97.743966419809226, 18.486271664693955, 2116.0 ], [ -97.743963827321991, 18.486270213255455, 2116.0 ], [ -97.74395929046932, 18.486270223562244, 2116.0 ], [ -97.743958210266314, 18.48627095534431, 2116.0 ], [ -97.743958038541734, 18.486272810566454, 2116.0 ], [ -97.74395151300763, 18.48627987807938, 2116.0 ], [ -97.743947624276771, 18.486278256243391, 2116.0 ], [ -97.743945679911349, 18.486280798328458, 2116.0 ], [ -97.743943087424114, 18.486282032566525, 2116.0 ], [ -97.743939198693269, 18.48628221288276, 2116.0 ], [ -97.743933365596988, 18.486287332717314, 2116.0 ], [ -97.743929476866143, 18.486285874422379, 2116.0 ], [ -97.743926241569568, 18.486290125973124, 2116.0 ], [ -97.743923643769861, 18.486291527052348, 2116.0 ], [ -97.743918458795392, 18.486292234180105, 2116.0 ], [ -97.743903551993796, 18.486291826593423, 2116.0 ], [ -97.743898367019327, 18.486294434549141, 2116.0 ], [ -97.743889884803821, 18.486303730935507, 2116.0 ], [ -97.743885404585342, 18.48631177023146, 2116.0 ], [ -97.743881290418642, 18.486314862268365, 2116.0 ], [ -97.743880968549448, 18.486317954305271, 2116.0 ], [ -97.743879486487302, 18.486320427934796, 2116.0 ], [ -97.743876015902757, 18.486322283156941, 2116.0 ], [ -97.743878365678867, 18.486325993601227, 2116.0 ], [ -97.743878411572339, 18.486328467230749, 2116.0 ], [ -97.743870231885438, 18.486338361748846, 2116.0 ], [ -97.743871121898863, 18.486340216970991, 2116.0 ], [ -97.743872442146994, 18.486340536836877, 2116.0 ], [ -97.743878275243262, 18.486338886971556, 2116.0 ], [ -97.743881515852308, 18.486340717255612, 2116.0 ], [ -97.743886052704966, 18.486341395644889, 2116.0 ], [ -97.743889941435825, 18.486344545820817, 2116.0 ], [ -97.743892533923045, 18.486344937720357, 2116.0 ], [ -97.743900311384749, 18.486342006405113, 2116.0 ], [ -97.74390228986185, 18.486338980156226, 2116.0 ], [ -97.743904200115608, 18.486338590788616, 2116.0 ], [ -97.74390621974679, 18.486340835378371, 2116.0 ], [ -97.743906976237355, 18.486350729896468, 2116.0 ], [ -97.743906792602843, 18.486352035423163, 2116.0 ], [ -97.743903270733384, 18.486354440340754, 2116.0 ], [ -97.743904200115608, 18.486357579947459, 2116.0 ], [ -97.743905947226565, 18.486359387599801, 2116.0 ], [ -97.743909385090078, 18.486358130509391, 2116.0 ], [ -97.743911977577312, 18.486361815421372, 2116.0 ], [ -97.743914570064547, 18.486360006006269, 2116.0 ], [ -97.74391781067358, 18.486360500733088, 2116.0 ], [ -97.743921771417973, 18.486355058748135, 2116.0 ], [ -97.74392193087651, 18.486361242821946, 2116.0 ], [ -97.743920403160814, 18.486361918755595, 2116.0 ], [ -97.743918458795392, 18.486361345889843, 2116.0 ], [ -97.743917162551782, 18.486362999098908, 2116.0 ], [ -97.743911977577312, 18.486364528111157, 2116.0 ], [ -97.743906741769763, 18.486373610969569, 2116.0 ], [ -97.74390672555576, 18.48637608459909, 2116.0 ], [ -97.743909157371604, 18.486381031858141, 2116.0 ], [ -97.7439113294555, 18.486381592124655, 2116.0 ], [ -97.743914570064547, 18.486380735022596, 2116.0 ], [ -97.743920403160814, 18.486386536697616, 2116.0 ], [ -97.743923643769861, 18.486385122860813, 2116.0 ], [ -97.743924457621446, 18.486382887080282, 2116.0 ], [ -97.743922995648049, 18.486380058195454, 2116.0 ], [ -97.743920403160814, 18.486379714381545, 2116.0 ], [ -97.743919046378352, 18.486377321413855, 2116.0 ], [ -97.743919709154284, 18.486371137340043, 2116.0 ], [ -97.743921699404439, 18.48636858875205, 2116.0 ], [ -97.743926236257096, 18.486368122604059, 2116.0 ], [ -97.743932717475175, 18.486370016476666, 2116.0 ], [ -97.743950864885818, 18.486382311321687, 2116.0 ], [ -97.743955401738475, 18.486383638003531, 2116.0 ], [ -97.743957394112925, 18.486381031858141, 2116.0 ], [ -97.743957943722705, 18.486366808488377, 2116.0 ], [ -97.743959938591132, 18.486365788116196, 2116.0 ], [ -97.743961882956555, 18.486366408342423, 2116.0 ], [ -97.743963189171282, 18.486368663710518, 2116.0 ], [ -97.743965083884675, 18.48637979504338, 2116.0 ], [ -97.743968364174648, 18.486382143058904, 2116.0 ], [ -97.743976141636352, 18.486384106596937, 2116.0 ], [ -97.743978112188515, 18.486385979117188, 2116.0 ], [ -97.743978344478919, 18.486387834339332, 2116.0 ], [ -97.743974506259221, 18.486391544783618, 2116.0 ], [ -97.743969660418259, 18.486392286872476, 2116.0 ], [ -97.743967716052836, 18.48639539367732, 2116.0 ], [ -97.743961882956555, 18.486400756644215, 2116.0 ], [ -97.743952161129428, 18.486403853085363, 2116.0 ], [ -97.743948272398583, 18.486407694730225, 2116.0 ], [ -97.743941143058692, 18.486410020501044, 2116.0 ], [ -97.74393905234318, 18.486411952227193, 2116.0 ], [ -97.743939371525741, 18.486415044264099, 2116.0 ] ] } },
{ "type": "Feature", "properties": { "FID": 281, "elev": 2116.0, "elevation": 2116.0, "ELEVATION": 2116.0, "is_master": false, "tipo": "Ordinaria (1m)" }, "geometry": { "type": "LineString", "coordinates": [ [ -97.744167726442939, 18.486389071154093, 2116.0 ], [ -97.744165874483002, 18.486384742302427, 2116.0 ], [ -97.744165450496965, 18.486376703006474, 2116.0 ], [ -97.744163438214059, 18.486369282117899, 2116.0 ], [ -97.744162152595379, 18.486368010298946, 2116.0 ], [ -97.744155023255487, 18.486369655495942, 2116.0 ], [ -97.744148542037408, 18.486369508278315, 2116.0 ], [ -97.744147483438454, 18.486370518932663, 2116.0 ], [ -97.744147826402909, 18.486373610969569, 2116.0 ], [ -97.744146747238545, 18.48637546619171, 2116.0 ], [ -97.744142060819314, 18.486378022275552, 2116.0 ], [ -97.74413169087039, 18.486379001339415, 2116.0 ], [ -97.744125857774108, 18.486378451939846, 2116.0 ], [ -97.744123265286873, 18.486380084921837, 2116.0 ], [ -97.744120906123484, 18.486379176635996, 2116.0 ], [ -97.74411987686058, 18.48637546619171, 2116.0 ], [ -97.744117432190592, 18.486373753203264, 2116.0 ], [ -97.744111599094325, 18.486371017296257, 2116.0 ], [ -97.744105765998043, 18.48637042923999, 2116.0 ], [ -97.744100581023574, 18.486373910803451, 2116.0 ], [ -97.744095936767877, 18.48637979504338, 2116.0 ], [ -97.744095558984753, 18.486392163190999, 2116.0 ], [ -97.744097291190087, 18.486397110450049, 2116.0 ] ] } },
{ "type": "Feature", "properties": { "FID": 282, "elev": 2115.0, "elevation": 2115.0, "ELEVATION": 2115.0, "is_master": true, "tipo": "Maestra (5m)" }, "geometry": { "type": "LineString", "coordinates": [ [ -97.744291128833183, 18.486374847784329, 2115.0 ], [ -97.744284647617192, 18.48636296646805, 2115.0 ], [ -97.744280758886333, 18.486359411384701, 2115.0 ], [ -97.744275573911864, 18.486357031762161, 2115.0 ], [ -97.744272193511847, 18.486351966711229, 2115.0 ], [ -97.744267796450174, 18.486350229280969, 2115.0 ], [ -97.744265203962939, 18.486347478270563, 2115.0 ], [ -97.744259370866658, 18.486347653128881, 2115.0 ], [ -97.744254185892189, 18.486352036719612, 2115.0 ], [ -97.744252241526766, 18.486352294103373, 2115.0 ], [ -97.744251197605379, 18.486351348303849, 2115.0 ], [ -97.744249742743889, 18.486342072193132, 2115.0 ], [ -97.744247056552297, 18.48633826578908, 2115.0 ], [ -97.74424251969964, 18.486334651308105, 2115.0 ], [ -97.744234094116123, 18.486330805318932, 2115.0 ], [ -97.744219187314528, 18.486327371766247, 2115.0 ], [ -97.744212706096448, 18.486324795436925, 2115.0 ], [ -97.744210658031534, 18.486322901564321, 2115.0 ], [ -97.744206873000167, 18.486315426565103, 2115.0 ], [ -97.744202336147509, 18.48631181145862, 2115.0 ], [ -97.74419585492943, 18.486310172679062, 2115.0 ], [ -97.744196108542312, 18.486308059787174, 2115.0 ], [ -97.744195206807618, 18.486307216504382, 2115.0 ], [ -97.744194081122373, 18.486309915009318, 2115.0 ], [ -97.744190669954961, 18.486311195515906, 2115.0 ], [ -97.744186781224101, 18.486311247064034, 2115.0 ], [ -97.744184836858679, 18.486310295215336, 2115.0 ], [ -97.744182892493257, 18.486306144232604, 2115.0 ], [ -97.744178263051765, 18.486303730935507, 2115.0 ], [ -97.744175043018018, 18.486299402083841, 2115.0 ], [ -97.744175009523346, 18.486295073232174, 2115.0 ], [ -97.744175939913859, 18.48629383641741, 2115.0 ], [ -97.744181596249632, 18.486294286971358, 2115.0 ], [ -97.744182870646455, 18.486293218010029, 2115.0 ], [ -97.744181596249632, 18.486288023388028, 2115.0 ], [ -97.744177189021343, 18.486288889158363, 2115.0 ], [ -97.744175115031553, 18.486292118619129, 2115.0 ], [ -97.744173818787942, 18.486292599608557, 2115.0 ], [ -97.744162800717191, 18.48628394190111, 2115.0 ], [ -97.7441556713773, 18.486280204091869, 2115.0 ], [ -97.744147893915596, 18.486277596501839, 2115.0 ], [ -97.744139468332094, 18.486276478361955, 2115.0 ], [ -97.744120024677827, 18.486265859071437, 2115.0 ], [ -97.744088914831025, 18.486256173029414, 2115.0 ], [ -97.744081785491133, 18.486253061427512, 2115.0 ], [ -97.744071313207172, 18.486241890197402, 2115.0 ], [ -97.744061545187151, 18.486225193198113, 2115.0 ], [ -97.74405258261811, 18.486204167347157, 2115.0 ], [ -97.744045412448259, 18.486180049459296, 2115.0 ], [ -97.744039567833639, 18.486152221127146, 2115.0 ], [ -97.744030092866893, 18.486095327648091, 2115.0 ], [ -97.744022906977179, 18.486058841612607, 2115.0 ], [ -97.744016452271183, 18.486033486909982, 2115.0 ], [ -97.743998028211266, 18.485974738208782, 2115.0 ], [ -97.743992809999781, 18.485952475543066, 2115.0 ], [ -97.743989606366924, 18.485933304914251, 2115.0 ], [ -97.743987338499309, 18.485903621359959, 2115.0 ], [ -97.743987641643827, 18.48588568754591, 2115.0 ], [ -97.743988978048833, 18.485874556213052, 2115.0 ], [ -97.743992930081902, 18.485857240806379, 2115.0 ], [ -97.743997425956536, 18.485843635843995, 2115.0 ], [ -97.744002876660943, 18.485831886103757, 2115.0 ], [ -97.744011279097251, 18.485818281141373, 2115.0 ], [ -97.744011212227534, 18.485810241845421, 2115.0 ], [ -97.74399508569671, 18.485760150847554, 2115.0 ], [ -97.743989104067865, 18.485748401107312, 2115.0 ], [ -97.743979235153915, 18.485732940922787, 2115.0 ], [ -97.743978587655377, 18.485727993663737, 2115.0 ], [ -97.743981263889353, 18.48572366481207, 2115.0 ], [ -97.743980816214886, 18.485716862330879, 2115.0 ], [ -97.743976817634362, 18.485711915071832, 2115.0 ], [ -97.743970308540071, 18.485709258731035, 2115.0 ], [ -97.743966455161313, 18.485706349405401, 2115.0 ], [ -97.743964313413343, 18.485701402146354, 2115.0 ], [ -97.743964312394283, 18.485695218072543, 2115.0 ], [ -97.74396705009282, 18.485688415591351, 2115.0 ], [ -97.743980678486679, 18.485671100184682, 2115.0 ], [ -97.74399950160111, 18.485650074333723, 2115.0 ], [ -97.74405447795894, 18.485584523151331, 2115.0 ], [ -97.744073359907617, 18.485564253131621, 2115.0 ], [ -97.744088914831025, 18.485551053207988, 2115.0 ], [ -97.744116784068794, 18.485533142931299, 2115.0 ], [ -97.744142060819314, 18.485520727447955, 2115.0 ], [ -97.74417317066613, 18.485509674895262, 2115.0 ], [ -97.744228909141654, 18.485494276004612, 2115.0 ], [ -97.744247704674109, 18.485486962024975, 2115.0 ], [ -97.744260667110268, 18.485480630703847, 2115.0 ], [ -97.7442775182773, 18.485470200240151, 2115.0 ], [ -97.744295017566131, 18.485456512809268, 2115.0 ], [ -97.744311868718285, 18.485439815824162, 2115.0 ], [ -97.744322886791494, 18.485426210861778, 2115.0 ], [ -97.744334552987155, 18.485407658640348, 2115.0 ], [ -97.744343726412808, 18.485386632789393, 2115.0 ], [ -97.74434834234664, 18.485368080567959, 2115.0 ], [ -97.744349351777743, 18.485346436309623, 2115.0 ], [ -97.744346293972285, 18.485326028866048, 2115.0 ], [ -97.744336994255249, 18.485298818941281, 2115.0 ], [ -97.7443294516506, 18.485270372201754, 2115.0 ], [ -97.744322907057693, 18.485253056795081, 2115.0 ], [ -97.744310449037755, 18.485227702092459, 2115.0 ], [ -97.744306541488029, 18.485215333944836, 2115.0 ], [ -97.744305217768868, 18.485206057834123, 2115.0 ], [ -97.744305919307308, 18.485193689686501, 2115.0 ], [ -97.744308502100424, 18.485184413575784, 2115.0 ], [ -97.744311415047875, 18.485178229501972, 2115.0 ], [ -97.744316981694084, 18.48516957179864, 2115.0 ], [ -97.744323483075959, 18.485162150910067, 2115.0 ], [ -97.744341682336341, 18.485147286228944, 2115.0 ], [ -97.744361125990594, 18.485135497551941, 2115.0 ], [ -97.744399365177287, 18.485117625567717, 2115.0 ], [ -97.74441232761346, 18.48510896785503, 2115.0 ], [ -97.744420845785797, 18.485100310171958, 2115.0 ], [ -97.744454475784821, 18.485058876877428, 2115.0 ], [ -97.744517357458108, 18.484973536658842, 2115.0 ], [ -97.744539359481465, 18.484940761067644, 2115.0 ], [ -97.744550392288716, 18.484920353624069, 2115.0 ], [ -97.744570355629151, 18.484875209885253, 2115.0 ], [ -97.744587817395143, 18.484838723849769, 2115.0 ], [ -97.744609314143446, 18.484799764184764, 2115.0 ], [ -97.744631392782253, 18.484764514964041, 2115.0 ], [ -97.744659262020022, 18.484723700076891, 2115.0 ], [ -97.744685736150601, 18.484688450856172, 2115.0 ], [ -97.744714932274675, 18.484653820042833, 2115.0 ], [ -97.744747546722891, 18.484618570822111, 2115.0 ] ] } },
{ "type": "Feature", "properties": { "FID": 283, "elev": 2120.0, "elevation": 2120.0, "ELEVATION": 2120.0, "is_master": true, "tipo": "Maestra (5m)" }, "geometry": { "type": "LineString", "coordinates": [ [ -97.743061641727408, 18.48641566267148, 2120.0 ], [ -97.743064177893388, 18.486411952227193, 2120.0 ], [ -97.743064450292408, 18.486410097005049, 2120.0 ], [ -97.743063586129992, 18.486409203749943, 2120.0 ], [ -97.743060993642757, 18.486410218477928, 2120.0 ], [ -97.7430589566885, 18.486412570634574, 2120.0 ], [ -97.743059049277335, 18.486414549538193, 2120.0 ], [ -97.743060993642757, 18.486416074943069, 2120.0 ], [ -97.743061641727408, 18.48641566267148, 2120.0 ] ] } },
{ "type": "Feature", "properties": { "FID": 284, "elev": 2116.0, "elevation": 2116.0, "ELEVATION": 2116.0, "is_master": false, "tipo": "Ordinaria (1m)" }, "geometry": { "type": "LineString", "coordinates": [ [ -97.743930217576775, 18.486409478597668, 2116.0 ], [ -97.743931200870151, 18.486405768153382, 2116.0 ], [ -97.743929476866143, 18.486403946358667, 2116.0 ], [ -97.743928577858469, 18.486405149746002, 2116.0 ], [ -97.743928763932146, 18.486407623375527, 2116.0 ], [ -97.743925605652095, 18.486408860190288, 2116.0 ], [ -97.743927532500706, 18.48640981916985, 2116.0 ], [ -97.743930217576775, 18.486409478597668, 2116.0 ] ] } },
{ "type": "Feature", "properties": { "FID": 285, "elev": 2116.0, "elevation": 2116.0, "ELEVATION": 2116.0, "is_master": false, "tipo": "Ordinaria (1m)" }, "geometry": { "type": "LineString", "coordinates": [ [ -97.743897718897514, 18.486410052833094, 2116.0 ], [ -97.743896247763885, 18.486409478597668, 2116.0 ], [ -97.743897070775716, 18.486408246614214, 2116.0 ], [ -97.743897880927975, 18.486409478597668, 2116.0 ], [ -97.743897718897514, 18.486410052833094, 2116.0 ] ] } },
{ "type": "Feature", "properties": { "FID": 286, "elev": 2120.0, "elevation": 2120.0, "ELEVATION": 2120.0, "is_master": true, "tipo": "Maestra (5m)" }, "geometry": { "type": "LineString", "coordinates": [ [ -97.743067946222155, 18.486408860190288, 2120.0 ], [ -97.743067042779643, 18.486408860190288, 2120.0 ], [ -97.743067474860851, 18.486409354916194, 2120.0 ], [ -97.743067946222155, 18.486408860190288, 2120.0 ] ] } },
{ "type": "Feature", "properties": { "FID": 287, "elev": 2118.0, "elevation": 2118.0, "ELEVATION": 2118.0, "is_master": false, "tipo": "Ordinaria (1m)" }, "geometry": { "type": "LineString", "coordinates": [ [ -97.743151082574144, 18.486401519096216, 2118.0 ], [ -97.743145249477863, 18.486400843381876, 2118.0 ], [ -97.743140051540962, 18.48639772885743, 2118.0 ], [ -97.743136687068642, 18.486392781598379, 2118.0 ], [ -97.743136010899448, 18.486386597524572, 2118.0 ], [ -97.743138930290229, 18.486381031858141, 2118.0 ], [ -97.743143953234252, 18.486376703004723, 2118.0 ], [ -97.743147841965097, 18.486374729992448, 2118.0 ], [ -97.743153675061379, 18.486374083869329, 2118.0 ], [ -97.743158860035848, 18.48637601588716, 2118.0 ], [ -97.743162146939298, 18.486379176635996, 2118.0 ], [ -97.743164090492542, 18.486382887080282, 2118.0 ], [ -97.743164467043115, 18.486388452746713, 2118.0 ], [ -97.743162819470896, 18.486394636820524, 2118.0 ], [ -97.743158986498628, 18.486398965672191, 2118.0 ], [ -97.743151082574144, 18.486401519096216, 2118.0 ] ] } },
{ "type": "Feature", "properties": { "FID": 288, "elev": 2117.0, "elevation": 2117.0, "ELEVATION": 2117.0, "is_master": false, "tipo": "Ordinaria (1m)" }, "geometry": { "type": "LineString", "coordinates": [ [ -97.743792374175882, 18.486399584079571, 2117.0 ], [ -97.743792656446118, 18.48639834726481, 2117.0 ], [ -97.743791426920922, 18.486397279106605, 2117.0 ], [ -97.743789556205712, 18.48639834726481, 2117.0 ], [ -97.743790778799124, 18.486400083888277, 2117.0 ], [ -97.743792374175882, 18.486399584079571, 2117.0 ] ] } },
{ "type": "Feature", "properties": { "FID": 289, "elev": 2116.0, "elevation": 2116.0, "ELEVATION": 2116.0, "is_master": false, "tipo": "Ordinaria (1m)" }, "geometry": { "type": "LineString", "coordinates": [ [ -97.743951550399274, 18.486392781598379, 2116.0 ], [ -97.743951080926422, 18.486391544783618, 2116.0 ], [ -97.743949739200573, 18.486392163190999, 2116.0 ], [ -97.743950864885818, 18.486392992419077, 2116.0 ], [ -97.743951550399274, 18.486392781598379, 2116.0 ] ] } },
{ "type": "Feature", "properties": { "FID": 290, "elev": 2116.0, "elevation": 2116.0, "ELEVATION": 2116.0, "is_master": false, "tipo": "Ordinaria (1m)" }, "geometry": { "type": "LineString", "coordinates": [ [ -97.743969130136776, 18.486391544783618, 2116.0 ], [ -97.743969775639911, 18.486390307968858, 2116.0 ], [ -97.743969012296461, 18.486387897442125, 2116.0 ], [ -97.743964475443789, 18.486387252308855, 2116.0 ], [ -97.743961882956555, 18.486385505649039, 2116.0 ], [ -97.743958561332292, 18.486385979117188, 2116.0 ], [ -97.743958858388126, 18.486388452746713, 2116.0 ], [ -97.743967067931024, 18.486391608358208, 2116.0 ], [ -97.743969130136776, 18.486391544783618, 2116.0 ] ] } },
{ "type": "Feature", "properties": { "FID": 291, "elev": 2116.0, "elevation": 2116.0, "ELEVATION": 2116.0, "is_master": false, "tipo": "Ordinaria (1m)" }, "geometry": { "type": "LineString", "coordinates": [ [ -97.743875158085999, 18.486391544783618, 2116.0 ], [ -97.743876168847393, 18.486389071154093, 2116.0 ], [ -97.743875034634229, 18.486387934621611, 2116.0 ], [ -97.743872442146994, 18.486387847496935, 2116.0 ], [ -97.743870936216908, 18.486390307968858, 2116.0 ], [ -97.743871253923672, 18.486391544783618, 2116.0 ], [ -97.743875158085999, 18.486391544783618, 2116.0 ] ] } },
{ "type": "Feature", "properties": { "FID": 292, "elev": 2115.0, "elevation": 2115.0, "ELEVATION": 2115.0, "is_master": true, "tipo": "Maestra (5m)" }, "geometry": { "type": "LineString", "coordinates": [ [ -97.744034472599111, 18.486390945551658, 2115.0 ], [ -97.744029935746454, 18.486391067565137, 2115.0 ], [ -97.744015028944858, 18.486385943267486, 2115.0 ], [ -97.744009785712251, 18.486381031858141, 2115.0 ], [ -97.744007248576779, 18.486376703006474, 2115.0 ], [ -97.744007251483154, 18.486374165126833, 2115.0 ], [ -97.744013732701234, 18.486369797457385, 2115.0 ], [ -97.744024102650172, 18.48636875563594, 2115.0 ], [ -97.744030583868266, 18.486370449252956, 2115.0 ], [ -97.744041010758124, 18.486381650265521, 2115.0 ], [ -97.744040389324013, 18.486387215931952, 2115.0 ], [ -97.744037065086346, 18.48639027263129, 2115.0 ], [ -97.744034472599111, 18.486390945551658, 2115.0 ] ] } },
{ "type": "Feature", "properties": { "FID": 293, "elev": 2114.0, "elevation": 2114.0, "ELEVATION": 2114.0, "is_master": false, "tipo": "Ordinaria (1m)" }, "geometry": { "type": "LineString", "coordinates": [ [ -97.744526325038223, 18.486348256266943, 2114.0 ], [ -97.744519915833664, 18.486345080661472, 2114.0 ], [ -97.744508249641115, 18.486341306545899, 2114.0 ], [ -97.744455103652825, 18.486329244204125, 2114.0 ], [ -97.74443501187676, 18.486322283161371, 2114.0 ], [ -97.744421953422545, 18.486314243860985, 2114.0 ], [ -97.744400013299099, 18.486290659082936, 2114.0 ], [ -97.744396124568254, 18.486288270758447, 2114.0 ], [ -97.744387698984738, 18.486285879575775, 2114.0 ], [ -97.744381217766659, 18.486281990188075, 2114.0 ], [ -97.744375384670377, 18.486283576665425, 2114.0 ], [ -97.744373882855086, 18.486285178714077, 2114.0 ], [ -97.74437802552491, 18.486293218010029, 2114.0 ], [ -97.744378625279424, 18.486300751336309, 2114.0 ], [ -97.7443773290358, 18.486301906633734, 2114.0 ], [ -97.744370199695908, 18.486301765103914, 2114.0 ], [ -97.744365662843251, 18.48630364414149, 2114.0 ], [ -97.74436332813174, 18.486307441379793, 2114.0 ], [ -97.744362422234204, 18.486313773871377, 2114.0 ], [ -97.744359829746969, 18.486315409124479, 2114.0 ], [ -97.744355941016124, 18.486313129439353, 2114.0 ], [ -97.744354953760805, 18.486314243860985, 2114.0 ], [ -97.744354428731896, 18.486319809527416, 2114.0 ], [ -97.744355432685296, 18.486327230415988, 2114.0 ], [ -97.744350756041655, 18.486334788728424, 2114.0 ], [ -97.744343626701763, 18.48634036688793, 2114.0 ], [ -97.744333256752824, 18.486339550993812, 2114.0 ], [ -97.744329985280842, 18.486337743341466, 2114.0 ], [ -97.744326775534745, 18.486333747478387, 2114.0 ], [ -97.744323534925698, 18.486332796083641, 2114.0 ], [ -97.744318998073041, 18.486333821911131, 2114.0 ], [ -97.744314561384655, 18.486330322452893, 2114.0 ], [ -97.744311981192638, 18.486323519971702, 2114.0 ], [ -97.74430891466217, 18.486319191120035, 2114.0 ], [ -97.744309070300659, 18.486314862268365, 2114.0 ], [ -97.744305718885613, 18.486313007046224, 2114.0 ], [ -97.744305995339133, 18.486310533416699, 2114.0 ], [ -97.744303312734885, 18.486303730935507, 2114.0 ], [ -97.744300976187972, 18.486300638898602, 2114.0 ], [ -97.744302505027377, 18.486295691639555, 2114.0 ], [ -97.744296411571128, 18.486284560306693, 2114.0 ], [ -97.744291128835272, 18.486280346751318, 2114.0 ], [ -97.744286591982615, 18.486274652046212, 2114.0 ], [ -97.74428399949538, 18.486273285414978, 2114.0 ], [ -97.744281407008145, 18.486273428976414, 2114.0 ], [ -97.7442775182773, 18.486276512176349, 2114.0 ], [ -97.744275573911864, 18.486276619955923, 2114.0 ], [ -97.744271037059207, 18.486275102311456, 2114.0 ], [ -97.744263259597503, 18.486277893988596, 2114.0 ], [ -97.744257426501235, 18.486278254976536, 2114.0 ], [ -97.744252241526766, 18.486282487984088, 2114.0 ], [ -97.744241871577827, 18.486282816509306, 2114.0 ], [ -97.744239279090593, 18.486280487347738, 2114.0 ], [ -97.744234742237936, 18.48628008874563, 2114.0 ], [ -97.744220483558152, 18.486275284201653, 2114.0 ], [ -97.744210761731026, 18.48626724490509, 2114.0 ], [ -97.744204928634744, 18.486264111635961, 2114.0 ], [ -97.744194558685805, 18.486264030000726, 2114.0 ], [ -97.744182244371444, 18.486267391771779, 2114.0 ], [ -97.744175115031553, 18.486266699246453, 2114.0 ], [ -97.744172522544318, 18.486264339823492, 2114.0 ], [ -97.744171904922368, 18.486261060826216, 2114.0 ], [ -97.744172466991017, 18.48625796878931, 2114.0 ], [ -97.744174862264046, 18.486254258345024, 2114.0 ], [ -97.74417446690974, 18.486253040269879, 2114.0 ], [ -97.744165393204426, 18.48625113942084, 2114.0 ], [ -97.744144653306549, 18.486238220980272, 2114.0 ], [ -97.744132987114, 18.486228408916492, 2114.0 ], [ -97.744127105102876, 18.486220864346446, 2114.0 ], [ -97.744116026095824, 18.486199838495487, 2114.0 ], [ -97.744107617774645, 18.486175102200246, 2114.0 ], [ -97.74409208206778, 18.486113879869521, 2114.0 ], [ -97.744086783718643, 18.486079249056182, 2114.0 ], [ -97.744086143076061, 18.486037197354271, 2114.0 ], [ -97.744088774696579, 18.486017408318077, 2114.0 ], [ -97.744094288841026, 18.48599081680069, 2114.0 ], [ -97.744096861367979, 18.485969172542351, 2114.0 ], [ -97.744098444622054, 18.485913515878057, 2114.0 ], [ -97.744102093307802, 18.485864661694954, 2114.0 ], [ -97.744102395764642, 18.48584487265876, 2114.0 ], [ -97.744101428567475, 18.48582755725209, 2114.0 ], [ -97.744099484202053, 18.485813952289707, 2114.0 ], [ -97.744088104678767, 18.485768808550887, 2114.0 ], [ -97.744085188130626, 18.485737269774454, 2114.0 ], [ -97.744075196252751, 18.485702020553735, 2114.0 ], [ -97.744074473866974, 18.485696454887304, 2114.0 ], [ -97.744075189898609, 18.485680994702779, 2114.0 ], [ -97.744078544877837, 18.485667389740396, 2114.0 ], [ -97.744084264557046, 18.485651929555868, 2114.0 ], [ -97.74409656818429, 18.485624101223721, 2114.0 ], [ -97.744104442749347, 18.485609259446573, 2114.0 ], [ -97.744112843488196, 18.485596272891573, 2114.0 ], [ -97.744120659572658, 18.485586378373476, 2114.0 ], [ -97.744129746504953, 18.48557707847786, 2114.0 ], [ -97.744139468332094, 18.485569670711989, 2114.0 ], [ -97.744156319499112, 18.485560920602953, 2114.0 ], [ -97.744175763153365, 18.485554759567851, 2114.0 ], [ -97.744197799294852, 18.485550977986506, 2114.0 ], [ -97.744236038481546, 18.485548201031058, 2114.0 ], [ -97.744267148328362, 18.485543862866027, 2114.0 ], [ -97.744302795027821, 18.485535111387801, 2114.0 ], [ -97.744332608631012, 18.485524561886638, 2114.0 ], [ -97.744356589137936, 18.485512198250881, 2114.0 ], [ -97.744371495939532, 18.48550230668285, 2114.0 ], [ -97.74438834710655, 18.4854893066031, 2114.0 ], [ -97.744406557238648, 18.485471973007979, 2114.0 ], [ -97.744427348789486, 18.485445999897973, 2114.0 ], [ -97.744441547104998, 18.485423118824876, 2114.0 ], [ -97.744453912510039, 18.48539714571487, 2114.0 ], [ -97.744468768220955, 18.48535633082772, 2114.0 ], [ -97.74447920677737, 18.485322318421762, 2114.0 ], [ -97.74448507490726, 18.485299437348662, 2114.0 ], [ -97.744490268415561, 18.485273464238656, 2114.0 ], [ -97.744493553041195, 18.485249964758175, 2114.0 ], [ -97.744496435306431, 18.485215333944836, 2114.0 ], [ -97.744501645805386, 18.485183795168403, 2114.0 ], [ -97.744512639749217, 18.485131230541011, 2114.0 ], [ -97.74451723609927, 18.485116388763867, 2114.0 ], [ -97.744522402505098, 18.485104020616244, 2114.0 ], [ -97.744532846654138, 18.485084849987434, 2114.0 ], [ -97.744543248214868, 18.485070008210286, 2114.0 ], [ -97.744593110389914, 18.485013733138612, 2114.0 ], [ -97.74460602001615, 18.485001364990989, 2114.0 ], [ -97.744611949130473, 18.484996923701615, 2114.0 ], [ -97.744618430348567, 18.484993225412758, 2114.0 ], [ -97.744634633393773, 18.484986523209411, 2114.0 ], [ -97.744639802165196, 18.484981575954794, 2114.0 ], [ -97.744640320610543, 18.484970444621936, 2114.0 ], [ -97.744645127533715, 18.484961786918603, 2114.0 ], [ -97.744645166343403, 18.484959931696459, 2114.0 ], [ -97.744643173351719, 18.484953747622647, 2114.0 ], [ -97.744640356596562, 18.484950655585742, 2114.0 ], [ -97.744640666818611, 18.484927774512645, 2114.0 ], [ -97.744637701170333, 18.484910459105972, 2114.0 ], [ -97.744638366575387, 18.48488448599597, 2114.0 ], [ -97.744643008144195, 18.484859749700725, 2114.0 ], [ -97.744652653721701, 18.484835013405483, 2114.0 ], [ -97.744688403935811, 18.484769462223092, 2114.0 ], [ -97.744701389937291, 18.484749673186897, 2114.0 ], [ -97.744758362339795, 18.484674845893789, 2114.0 ], [ -97.744783649559977, 18.484645780746877, 2114.0 ], [ -97.744813667512162, 18.484614241970444, 2114.0 ] ] } },
{ "type": "Feature", "properties": { "FID": 294, "elev": 2118.0, "elevation": 2118.0, "ELEVATION": 2118.0, "is_master": false, "tipo": "Ordinaria (1m)" }, "geometry": { "type": "LineString", "coordinates": [ [ -97.74314330511244, 18.486362007242182, 2118.0 ], [ -97.743140064503393, 18.486361408580624, 2118.0 ], [ -97.743139376409317, 18.486358769192421, 2118.0 ], [ -97.743141360747018, 18.486356308720502, 2118.0 ], [ -97.74314460135605, 18.486355632063312, 2118.0 ], [ -97.743146473707952, 18.48635691397028, 2118.0 ], [ -97.743147046542873, 18.486359387599801, 2118.0 ], [ -97.743145897599675, 18.486361160367629, 2118.0 ], [ -97.74314330511244, 18.486362007242182, 2118.0 ] ] } },
{ "type": "Feature", "properties": { "FID": 295, "elev": 2116.0, "elevation": 2116.0, "ELEVATION": 2116.0, "is_master": false, "tipo": "Ordinaria (1m)" }, "geometry": { "type": "LineString", "coordinates": [ [ -97.743966419809226, 18.486355444132446, 2116.0 ], [ -97.743963348275429, 18.486353203525994, 2116.0 ], [ -97.743963503261085, 18.486350111489088, 2116.0 ], [ -97.743967716052836, 18.48634762737808, 2116.0 ], [ -97.743972901027306, 18.486348797373402, 2116.0 ], [ -97.743969012296461, 18.486351271002928, 2116.0 ], [ -97.743966419809226, 18.486355444132446, 2116.0 ] ] } },
{ "type": "Feature", "properties": { "FID": 296, "elev": 2116.0, "elevation": 2116.0, "ELEVATION": 2116.0, "is_master": false, "tipo": "Ordinaria (1m)" }, "geometry": { "type": "LineString", "coordinates": [ [ -97.7439113294555, 18.486355016391467, 2116.0 ], [ -97.743909420442165, 18.486353821933374, 2116.0 ], [ -97.743910033211876, 18.486351259959939, 2116.0 ], [ -97.743911786953248, 18.486351348303849, 2116.0 ], [ -97.743912225041996, 18.48635258511861, 2116.0 ], [ -97.7439113294555, 18.486355016391467, 2116.0 ] ] } },
{ "type": "Feature", "properties": { "FID": 297, "elev": 2116.0, "elevation": 2116.0, "ELEVATION": 2116.0, "is_master": false, "tipo": "Ordinaria (1m)" }, "geometry": { "type": "LineString", "coordinates": [ [ -97.743988455950714, 18.486354266885026, 2116.0 ], [ -97.743987289331457, 18.486353203525994, 2116.0 ], [ -97.743988455950714, 18.486352242487495, 2116.0 ], [ -97.743989555793775, 18.486353203525994, 2116.0 ], [ -97.743988455950714, 18.486354266885026, 2116.0 ] ] } },
{ "type": "Feature", "properties": { "FID": 298, "elev": 2116.0, "elevation": 2116.0, "ELEVATION": 2116.0, "is_master": false, "tipo": "Ordinaria (1m)" }, "geometry": { "type": "LineString", "coordinates": [ [ -97.743924291891673, 18.486354364925219, 2116.0 ], [ -97.743923824641058, 18.486353203525994, 2116.0 ], [ -97.743924940013471, 18.48635287714432, 2116.0 ], [ -97.743925357447864, 18.486353203525994, 2116.0 ], [ -97.743924291891673, 18.486354364925219, 2116.0 ] ] } },
{ "type": "Feature", "properties": { "FID": 299, "elev": 2116.0, "elevation": 2116.0, "ELEVATION": 2116.0, "is_master": false, "tipo": "Ordinaria (1m)" }, "geometry": { "type": "LineString", "coordinates": [ [ -97.743874077882978, 18.486353821933374, 2116.0 ], [ -97.7438729847606, 18.486353821933374, 2116.0 ], [ -97.743873738390604, 18.486354222079328, 2116.0 ], [ -97.743874077882978, 18.486353821933374, 2116.0 ] ] } },
{ "type": "Feature", "properties": { "FID": 300, "elev": 2116.0, "elevation": 2116.0, "ELEVATION": 2116.0, "is_master": false, "tipo": "Ordinaria (1m)" }, "geometry": { "type": "LineString", "coordinates": [ [ -97.743868942289225, 18.486351348303849, 2116.0 ], [ -97.743868553416135, 18.486349760501113, 2116.0 ], [ -97.743867349761345, 18.486351348303849, 2116.0 ], [ -97.743868942289225, 18.486351348303849, 2116.0 ] ] } },
{ "type": "Feature", "properties": { "FID": 301, "elev": 2115.0, "elevation": 2115.0, "ELEVATION": 2115.0, "is_master": true, "tipo": "Maestra (5m)" }, "geometry": { "type": "LineString", "coordinates": [ [ -97.744283360766644, 18.486350111489088, 2115.0 ], [ -97.744287263251636, 18.486346401044802, 2115.0 ], [ -97.744287262000427, 18.486343927415277, 2115.0 ], [ -97.744285264876055, 18.48633959856361, 2115.0 ], [ -97.744279592267077, 18.48633465130456, 2115.0 ], [ -97.744279580056087, 18.486330322452893, 2115.0 ], [ -97.744278536754422, 18.486328467230749, 2115.0 ], [ -97.744272333302831, 18.486329738401476, 2115.0 ], [ -97.744271907972887, 18.486330940860274, 2115.0 ], [ -97.744274745300444, 18.486333414489799, 2115.0 ], [ -97.744274392889906, 18.48633465130456, 2115.0 ], [ -97.744272333302831, 18.486335286889926, 2115.0 ], [ -97.744268444571972, 18.486340233684704, 2115.0 ], [ -97.744264521042638, 18.486341453785752, 2115.0 ], [ -97.744263870417342, 18.486344545822657, 2115.0 ], [ -97.744265203962939, 18.486345437056823, 2115.0 ], [ -97.744271685181019, 18.486345101127245, 2115.0 ], [ -97.744280758886333, 18.486350729894649, 2115.0 ], [ -97.744283360766644, 18.486350111489088, 2115.0 ] ] } },
{ "type": "Feature", "properties": { "FID": 302, "elev": 2113.0, "elevation": 2113.0, "ELEVATION": 2113.0, "is_master": false, "tipo": "Ordinaria (1m)" }, "geometry": { "type": "LineString", "coordinates": [ [ -97.744773252900572, 18.486319809527416, 2113.0 ], [ -97.744760369024618, 18.486310493085782, 2113.0 ], [ -97.744741573492178, 18.486299936162943, 2113.0 ], [ -97.744671576336856, 18.486267090298181, 2113.0 ], [ -97.744640466490054, 18.486254164646933, 2113.0 ], [ -97.744614541617707, 18.486246746514187, 2113.0 ], [ -97.744597690450689, 18.486245719566185, 2113.0 ], [ -97.744580839283671, 18.486247961833506, 2113.0 ], [ -97.744561395629418, 18.486254172455109, 2113.0 ], [ -97.744534822635259, 18.486265468623504, 2113.0 ], [ -97.744521212077288, 18.486268642042628, 2113.0 ], [ -97.744503712788458, 18.486269278307347, 2113.0 ], [ -97.744483621012392, 18.486266053893218, 2113.0 ], [ -97.744476491672501, 18.48626366280444, 2113.0 ], [ -97.744469362332609, 18.486259824014471, 2113.0 ], [ -97.744463503311465, 18.486254876752405, 2113.0 ], [ -97.744454464172634, 18.486243745419543, 2113.0 ], [ -97.744447974312934, 18.486239372842103, 2113.0 ], [ -97.744444085582074, 18.486238027771641, 2113.0 ], [ -97.744439548729417, 18.486238075169513, 2113.0 ], [ -97.744431771267713, 18.48624066021587, 2113.0 ], [ -97.744427882536868, 18.486240817078709, 2113.0 ], [ -97.744423345684211, 18.486239264083864, 2113.0 ], [ -97.744414220129144, 18.486231995679304, 2113.0 ], [ -97.74440584638711, 18.486219009124301, 2113.0 ], [ -97.744397420811865, 18.486210897074539, 2113.0 ], [ -97.744387698984738, 18.486207143432679, 2113.0 ], [ -97.744373440304955, 18.486204003431947, 2113.0 ], [ -97.744346219188998, 18.486203419317267, 2113.0 ], [ -97.744339089849106, 18.486206060742596, 2113.0 ], [ -97.744333871268324, 18.486211588235729, 2113.0 ], [ -97.744325494190477, 18.486227048420254, 2113.0 ], [ -97.744319066296384, 18.486236324530971, 2113.0 ], [ -97.744314461220384, 18.486240627615665, 2113.0 ], [ -97.744308628124102, 18.486243856179076, 2113.0 ], [ -97.744302795027821, 18.486245705161245, 2113.0 ], [ -97.74429048071346, 18.486246637663296, 2113.0 ], [ -97.744280758886333, 18.486246368062897, 2113.0 ], [ -97.744272981424629, 18.486244503467301, 2113.0 ], [ -97.744267128688307, 18.486241271790021, 2113.0 ], [ -97.744262663325443, 18.486236324530971, 2113.0 ], [ -97.744261193709249, 18.486232614086685, 2113.0 ], [ -97.744261918655837, 18.486223956383352, 2113.0 ], [ -97.744267796450174, 18.486213363663371, 2113.0 ], [ -97.744272333302831, 18.486209673167711, 2113.0 ], [ -97.744282055129958, 18.486204167343857, 2113.0 ], [ -97.744286636172731, 18.486199220088107, 2113.0 ], [ -97.744288728046044, 18.48619365442168, 2113.0 ], [ -97.744288706094224, 18.486184378310963, 2113.0 ], [ -97.744287031948517, 18.48617201016334, 2113.0 ], [ -97.744288056569559, 18.486155931571435, 2113.0 ], [ -97.74428649939378, 18.486149747497624, 2113.0 ], [ -97.744282055129958, 18.486144880900408, 2113.0 ], [ -97.744271685181019, 18.486142185706104, 2113.0 ], [ -97.744261963353892, 18.486141510837612, 2113.0 ], [ -97.744252889648578, 18.486142786819194, 2113.0 ], [ -97.744246408430485, 18.486145342534279, 2113.0 ], [ -97.744241165197877, 18.486149747497624, 2113.0 ], [ -97.7442386443782, 18.486156549978816, 2113.0 ], [ -97.744239328946122, 18.486160878830482, 2113.0 ], [ -97.744233991239653, 18.486165826089529, 2113.0 ], [ -97.744232900000796, 18.486175102200246, 2113.0 ], [ -97.744228932288863, 18.486179431051912, 2113.0 ], [ -97.74422757586251, 18.486185615125724, 2113.0 ], [ -97.744221015163674, 18.48619489123644, 2113.0 ], [ -97.744217072735296, 18.486215298680015, 2113.0 ], [ -97.74421730270501, 18.486219627531682, 2113.0 ], [ -97.744215373572985, 18.486222101161207, 2113.0 ], [ -97.744212706096448, 18.486223458513003, 2113.0 ], [ -97.744207521121979, 18.486223169769161, 2113.0 ], [ -97.744197799294852, 18.486224729392578, 2113.0 ], [ -97.744187429345914, 18.486220748756281, 2113.0 ], [ -97.744176411275177, 18.48622037638437, 2113.0 ], [ -97.744170578178895, 18.486216027517287, 2113.0 ], [ -97.744166150416049, 18.486207259384063, 2113.0 ], [ -97.744165217442585, 18.486203548939777, 2113.0 ], [ -97.744165512247207, 18.48619365442168, 2113.0 ], [ -97.744163914157227, 18.486186233533104, 2113.0 ], [ -97.744163924439178, 18.486177575829771, 2113.0 ], [ -97.744166855246647, 18.486163352460007, 2113.0 ], [ -97.744166163195288, 18.486147273868099, 2113.0 ], [ -97.744164205483528, 18.486142326609052, 2113.0 ], [ -97.744165393204426, 18.486139842648139, 2113.0 ], [ -97.744171226300708, 18.486138270361455, 2113.0 ], [ -97.744173265593062, 18.486136760942621, 2113.0 ], [ -97.744172513013112, 18.48613119527619, 2113.0 ], [ -97.744167337569849, 18.48612749151739, 2113.0 ], [ -97.744166963653427, 18.486125629609763, 2113.0 ], [ -97.744167985691661, 18.486123145378969, 2113.0 ], [ -97.744173238889474, 18.486119445535952, 2113.0 ], [ -97.74417330361419, 18.486113879869521, 2113.0 ], [ -97.744169949119495, 18.48610769579571, 2113.0 ], [ -97.744157003627677, 18.486091617203805, 2113.0 ], [ -97.744147245793783, 18.486083096924332, 2113.0 ], [ -97.744145990057788, 18.486078012241421, 2113.0 ], [ -97.744148102987154, 18.48607182816761, 2113.0 ], [ -97.744147117593869, 18.486068736130704, 2113.0 ], [ -97.744149935499294, 18.486066262501179, 2113.0 ], [ -97.74415048640283, 18.486064501512541, 2113.0 ], [ -97.744152430768253, 18.486066427409813, 2113.0 ], [ -97.744154375133675, 18.486063969868937, 2113.0 ], [ -97.744157615742722, 18.486064407270693, 2113.0 ], [ -97.744167337569849, 18.486057536085912, 2113.0 ], [ -97.744186781224101, 18.486049453064187, 2113.0 ], [ -97.744198447416665, 18.486048832574625, 2113.0 ], [ -97.744204280512932, 18.486050897456249, 2113.0 ], [ -97.744209969582144, 18.486055749575701, 2113.0 ], [ -97.744210689717491, 18.486059460019987, 2113.0 ], [ -97.744208680262901, 18.486060696834748, 2113.0 ], [ -97.744207653692342, 18.486063170464273, 2113.0 ], [ -97.74420889267553, 18.48606688090856, 2113.0 ], [ -97.744208257203169, 18.486073683389751, 2113.0 ], [ -97.744209254847817, 18.486076157019276, 2113.0 ], [ -97.744212057974636, 18.486077170520261, 2113.0 ], [ -97.744218539192715, 18.486077256410177, 2113.0 ], [ -97.744225668532621, 18.486080485867927, 2113.0 ], [ -97.744231454492763, 18.486086669944754, 2113.0 ], [ -97.744235390359748, 18.486098546537789, 2113.0 ], [ -97.74424251969964, 18.486101651166702, 2113.0 ], [ -97.744248352795907, 18.486101717857693, 2113.0 ], [ -97.744251633412475, 18.486100893314518, 2113.0 ], [ -97.744253631474734, 18.486097801277612, 2113.0 ], [ -97.744251593404954, 18.486096455448731, 2113.0 ], [ -97.744245760308672, 18.486096643561471, 2113.0 ], [ -97.744241786704734, 18.486093472425946, 2113.0 ], [ -97.744240015228939, 18.486087906759515, 2113.0 ], [ -97.744240457493888, 18.486084814722613, 2113.0 ], [ -97.744250945283142, 18.486078453960978, 2113.0 ], [ -97.744259370866658, 18.486066880898427, 2113.0 ], [ -97.744261963353892, 18.486065566792877, 2113.0 ], [ -97.74426650020655, 18.486065513902769, 2113.0 ], [ -97.744272333302831, 18.486068169257273, 2113.0 ], [ -97.744280758886333, 18.486073783132877, 2113.0 ], [ -97.744291776957084, 18.486073352100085, 2113.0 ], [ -97.744292425078896, 18.486074260569975, 2113.0 ], [ -97.744292485840305, 18.486077393834037, 2113.0 ], [ -97.744296383876957, 18.486086669944754, 2113.0 ], [ -97.744296439252665, 18.486095327648091, 2113.0 ], [ -97.744293073200694, 18.486099736294257, 2113.0 ], [ -97.744281407008145, 18.486106304379103, 2113.0 ], [ -97.744280624211669, 18.486111406239996, 2113.0 ], [ -97.744283351373568, 18.48611547470961, 2113.0 ], [ -97.744286591982615, 18.486118187396798, 2113.0 ], [ -97.744293073200694, 18.486121365853609, 2113.0 ], [ -97.744296961931553, 18.486121776456081, 2113.0 ], [ -97.744300850662398, 18.48612140988881, 2113.0 ], [ -97.744305387515055, 18.486118849214549, 2113.0 ], [ -97.744308628124102, 18.486115170458838, 2113.0 ], [ -97.74430981983194, 18.486110787832615, 2113.0 ], [ -97.744311220611337, 18.486109565072567, 2113.0 ], [ -97.744316016712716, 18.486110787832615, 2113.0 ], [ -97.744317131849954, 18.486108932610474, 2113.0 ], [ -97.744317171547948, 18.486102748536663, 2113.0 ], [ -97.744318055350405, 18.486100893314518, 2113.0 ], [ -97.744337145483669, 18.486086731785491, 2113.0 ], [ -97.744342978579951, 18.486084749627096, 2113.0 ], [ -97.74434816355442, 18.486084273616154, 2113.0 ], [ -97.744352052285265, 18.486084760948057, 2113.0 ], [ -97.744355292894312, 18.486086669933844, 2113.0 ], [ -97.744359829746969, 18.486086999762023, 2113.0 ], [ -97.744363070356016, 18.486085501841924, 2113.0 ], [ -97.744363249148236, 18.486074920204516, 2113.0 ], [ -97.744358109731408, 18.486058841612607, 2113.0 ], [ -97.74435916362178, 18.486053894353557, 2113.0 ], [ -97.744367697047338, 18.486041526205938, 2113.0 ], [ -97.744367708653826, 18.486034723724746, 2113.0 ], [ -97.744363370705145, 18.486027302836174, 2113.0 ], [ -97.74434961130703, 18.486015553095932, 2113.0 ], [ -97.744342978579951, 18.486014498165694, 2113.0 ], [ -97.744339089849106, 18.486015474981315, 2113.0 ], [ -97.744336438441707, 18.486017408318077, 2113.0 ], [ -97.744333030663825, 18.486022973984504, 2113.0 ], [ -97.744328393204626, 18.48602668442879, 2113.0 ], [ -97.74432744600557, 18.48603101328046, 2113.0 ], [ -97.744322886803886, 18.486036455265413, 2113.0 ], [ -97.744317053707618, 18.486037963641678, 2113.0 ], [ -97.744311220611337, 18.486037983246984, 2113.0 ], [ -97.744299554418788, 18.48603604888342, 2113.0 ], [ -97.744291128835272, 18.486031670338303, 2113.0 ], [ -97.744285909749138, 18.486025447614029, 2113.0 ], [ -97.74428384826696, 18.486018645132837, 2113.0 ], [ -97.744283888840442, 18.486003803355693, 2113.0 ], [ -97.744287101221175, 18.485988343171165, 2113.0 ], [ -97.744293052946887, 18.485975975023543, 2113.0 ], [ -97.74430149878421, 18.485965977437552, 2113.0 ], [ -97.744318349951229, 18.485952228180111, 2113.0 ], [ -97.744324895981492, 18.485943199432349, 2113.0 ], [ -97.744329481727561, 18.485928976062585, 2113.0 ], [ -97.744334447488242, 18.485903621359959, 2113.0 ], [ -97.74433837350395, 18.485894963656627, 2113.0 ], [ -97.744344166803273, 18.485887542768051, 2113.0 ], [ -97.744361125984867, 18.485870845768762, 2113.0 ], [ -97.744372792183142, 18.485854013492862, 2113.0 ], [ -97.744378580192688, 18.485848583103046, 2113.0 ], [ -97.744389348749337, 18.485841162214474, 2113.0 ], [ -97.744391705091985, 18.485837451770188, 2113.0 ], [ -97.744391661485551, 18.485831267696376, 2113.0 ], [ -97.744387050862926, 18.485825116170322, 2113.0 ], [ -97.744372009035956, 18.485815189104468, 2113.0 ], [ -97.744355292894312, 18.485800220474527, 2113.0 ], [ -97.744344922945373, 18.485792980213304, 2113.0 ], [ -97.744326127412933, 18.485783139469763, 2113.0 ], [ -97.74428529573899, 18.485765143914556, 2113.0 ], [ -97.744271037059207, 18.485755880891826, 2113.0 ], [ -97.744263151577201, 18.485747782699931, 2113.0 ], [ -97.744256630237302, 18.485735414552313, 2113.0 ], [ -97.744254262141808, 18.485724901626831, 2113.0 ], [ -97.744257115757904, 18.485719954367784, 2113.0 ], [ -97.744257145240823, 18.48571809914564, 2113.0 ], [ -97.744254834014001, 18.48571618935814, 2113.0 ], [ -97.744252241526766, 18.485715931983492, 2113.0 ], [ -97.744251111330883, 18.485717480738259, 2113.0 ], [ -97.744252952370033, 18.48572242799731, 2113.0 ], [ -97.744252241526766, 18.485723652443923, 2113.0 ], [ -97.744250297161344, 18.485723627707628, 2113.0 ], [ -97.744248229949292, 18.485721191182545, 2113.0 ], [ -97.744249000917719, 18.485713650602221, 2113.0 ], [ -97.744247056552297, 18.485713216304028, 2113.0 ], [ -97.744245112186874, 18.485715913147455, 2113.0 ], [ -97.744240575334217, 18.485714819377925, 2113.0 ], [ -97.744239780613427, 18.485713770293973, 2113.0 ], [ -97.744240609445882, 18.485710059849687, 2113.0 ], [ -97.744243167821452, 18.485708108667779, 2113.0 ], [ -97.744249649039531, 18.485706967799889, 2113.0 ], [ -97.744251475564624, 18.48570511259064, 2113.0 ], [ -97.744255574724633, 18.485692126035637, 2113.0 ], [ -97.744263115570433, 18.485657495222299, 2113.0 ], [ -97.744270388918821, 18.48564203503777, 2113.0 ], [ -97.744276129444842, 18.485635850963959, 2113.0 ], [ -97.744286591982615, 18.485631394165939, 2113.0 ], [ -97.744293721322506, 18.485631471630057, 2113.0 ], [ -97.744298258175164, 18.485633482744785, 2113.0 ], [ -97.744303443149633, 18.485631634065353, 2113.0 ], [ -97.744305387515055, 18.485632228863587, 2113.0 ], [ -97.744306792686714, 18.485630903704912, 2113.0 ], [ -97.744305953033106, 18.485628430075387, 2113.0 ], [ -97.744307331880492, 18.485627217996921, 2113.0 ], [ -97.744312525613353, 18.485628430075387, 2113.0 ], [ -97.744312778861641, 18.485624719631101, 2113.0 ], [ -97.744314577435318, 18.485622246001576, 2113.0 ], [ -97.744313741085037, 18.485616061927765, 2113.0 ], [ -97.74431442309556, 18.485613588298243, 2113.0 ], [ -97.744328071778355, 18.485600684197557, 2113.0 ], [ -97.744336065280663, 18.485591325632523, 2113.0 ], [ -97.744337793605482, 18.485590043009807, 2113.0 ], [ -97.744341034214528, 18.485589562026288, 2113.0 ], [ -97.744343518681461, 18.485591325632523, 2113.0 ], [ -97.74434462834455, 18.485593799262048, 2113.0 ], [ -97.744347515432608, 18.485593211775036, 2113.0 ], [ -97.744348811676232, 18.485594958775888, 2113.0 ], [ -97.744350896937704, 18.485592562447284, 2113.0 ], [ -97.744354098985724, 18.485585141558712, 2113.0 ], [ -97.744359829746969, 18.485578313310548, 2113.0 ], [ -97.744366310965063, 18.485574607308841, 2113.0 ], [ -97.744382514010269, 18.485569787996148, 2113.0 ], [ -97.744390291471973, 18.485566045138786, 2113.0 ], [ -97.744407790760803, 18.485551653454664, 2113.0 ], [ -97.744458344261858, 18.48551528963408, 2113.0 ], [ -97.744472620945032, 18.485502893377031, 2113.0 ], [ -97.744486929844783, 18.485488051599887, 2113.0 ], [ -97.744497247773424, 18.485475065044884, 2113.0 ], [ -97.744508279101197, 18.485457749638215, 2113.0 ], [ -97.744526411781791, 18.485423737232257, 2113.0 ], [ -97.74454978835702, 18.485369317382723, 2113.0 ], [ -97.744564682532868, 18.485327884088189, 2113.0 ], [ -97.744573827784109, 18.48529325327485, 2113.0 ], [ -97.744579740294512, 18.485254912017226, 2113.0 ], [ -97.744582346871354, 18.485196163316026, 2113.0 ], [ -97.744582337165184, 18.485180703131498, 2113.0 ], [ -97.744581044785704, 18.485168953391259, 2113.0 ], [ -97.744579009292679, 18.485160295687923, 2113.0 ], [ -97.744574274436957, 18.4851479275403, 2113.0 ], [ -97.744573268042544, 18.485141743466492, 2113.0 ], [ -97.744573661934751, 18.485136177800062, 2113.0 ], [ -97.744576446458083, 18.485131848948395, 2113.0 ], [ -97.744576878539277, 18.485128756911489, 2113.0 ], [ -97.744580771060313, 18.485123809652439, 2113.0 ], [ -97.744593248910064, 18.485112678319581, 2113.0 ], [ -97.744608060396587, 18.485089797246481, 2113.0 ], [ -97.744615718818551, 18.485079902728383, 2113.0 ], [ -97.744652780796983, 18.485046508729809, 2113.0 ], [ -97.744660536662053, 18.485036614211712, 2113.0 ], [ -97.744679373438615, 18.485008167472181, 2113.0 ], [ -97.744687171267785, 18.484993944102417, 2113.0 ], [ -97.744691722123065, 18.484980957547414, 2113.0 ], [ -97.744700925248935, 18.484930866549547, 2113.0 ], [ -97.744701234390817, 18.484904275032164, 2113.0 ], [ -97.744710967740104, 18.484872117848347, 2113.0 ], [ -97.744719024254252, 18.484854184034297, 2113.0 ], [ -97.7447500827043, 18.48480347462905, 2113.0 ], [ -97.744755984671215, 18.484789251259286, 2113.0 ], [ -97.744760917435386, 18.48478059355595, 2113.0 ], [ -97.744773281605262, 18.484764514964041, 2113.0 ], [ -97.744788913389272, 18.484749673186897, 2113.0 ], [ -97.74480239383189, 18.484715660780939, 2113.0 ], [ -97.744816047209753, 18.484691542893078, 2113.0 ], [ -97.74484203236895, 18.484659385709261, 2113.0 ], [ -97.74488749811735, 18.484608676304013, 2113.0 ] ] } },
{ "type": "Feature", "properties": { "FID": 303, "elev": 2116.0, "elevation": 2116.0, "ELEVATION": 2116.0, "is_master": false, "tipo": "Ordinaria (1m)" }, "geometry": { "type": "LineString", "coordinates": [ [ -97.744152443861623, 18.486347637859563, 2116.0 ], [ -97.744151782646455, 18.486346555646644, 2116.0 ], [ -97.744151404575391, 18.486347019452182, 2116.0 ], [ -97.744152443861623, 18.486347637859563, 2116.0 ] ] } },
{ "type": "Feature", "properties": { "FID": 304, "elev": 2116.0, "elevation": 2116.0, "ELEVATION": 2116.0, "is_master": false, "tipo": "Ordinaria (1m)" }, "geometry": { "type": "LineString", "coordinates": [ [ -97.744151215539858, 18.486347637859563, 2116.0 ], [ -97.744151097489109, 18.486347637859563, 2116.0 ], [ -97.744151134524643, 18.486347654133443, 2116.0 ], [ -97.744151215539858, 18.486347637859563, 2116.0 ] ] } },
{ "type": "Feature", "properties": { "FID": 305, "elev": 2120.0, "elevation": 2120.0, "ELEVATION": 2120.0, "is_master": true, "tipo": "Maestra (5m)" }, "geometry": { "type": "LineString", "coordinates": [ [ -97.742969645931453, 18.486347637859563, 2120.0 ], [ -97.742970742680924, 18.486342072193132, 2120.0 ], [ -97.74296831222415, 18.486340340652465, 2120.0 ], [ -97.742965071615103, 18.48633975889145, 2120.0 ], [ -97.74296357675351, 18.486341453785752, 2120.0 ], [ -97.742966274051611, 18.486347019452182, 2120.0 ], [ -97.742967664102338, 18.486348082678909, 2120.0 ], [ -97.742969645931453, 18.486347637859563, 2120.0 ] ] } },
{ "type": "Feature", "properties": { "FID": 306, "elev": 2116.0, "elevation": 2116.0, "ELEVATION": 2116.0, "is_master": false, "tipo": "Ordinaria (1m)" }, "geometry": { "type": "LineString", "coordinates": [ [ -97.743978734123587, 18.48634671024849, 2116.0 ], [ -97.743978410062681, 18.486346401044802, 2116.0 ], [ -97.743978919301242, 18.486346401044802, 2116.0 ], [ -97.743978734123587, 18.48634671024849, 2116.0 ] ] } },
{ "type": "Feature", "properties": { "FID": 307, "elev": 2117.0, "elevation": 2117.0, "ELEVATION": 2117.0, "is_master": false, "tipo": "Ordinaria (1m)" }, "geometry": { "type": "LineString", "coordinates": [ [ -97.74379957961105, 18.486342690600516, 2117.0 ], [ -97.743803823391573, 18.48633959856361, 2117.0 ], [ -97.743805179085356, 18.486335888119324, 2117.0 ], [ -97.743805073485674, 18.486331559267654, 2117.0 ], [ -97.743803741233805, 18.486327848823368, 2117.0 ], [ -97.743799959375593, 18.486324138379082, 2117.0 ], [ -97.743797908139015, 18.486322958488849, 2117.0 ], [ -97.743794667529968, 18.486322867714652, 2117.0 ], [ -97.743792632801402, 18.486324756786463, 2117.0 ], [ -97.74379360595114, 18.486335888119324, 2117.0 ], [ -97.743791483279352, 18.486337124934085, 2117.0 ], [ -97.743791495144279, 18.486338361748846, 2117.0 ], [ -97.743794019408156, 18.48633746849374, 2117.0 ], [ -97.743796655103523, 18.486342072193132, 2117.0 ], [ -97.74379957961105, 18.486342690600516, 2117.0 ] ] } },
{ "type": "Feature", "properties": { "FID": 308, "elev": 2117.0, "elevation": 2117.0, "ELEVATION": 2117.0, "is_master": false, "tipo": "Ordinaria (1m)" }, "geometry": { "type": "LineString", "coordinates": [ [ -97.743961461677387, 18.486340216970991, 2117.0 ], [ -97.743965612499593, 18.48633465130456, 2117.0 ], [ -97.743963681176879, 18.486331559267654, 2117.0 ], [ -97.743965123565602, 18.486327354097465, 2117.0 ], [ -97.743965714258891, 18.486329704045513, 2117.0 ], [ -97.743969660418259, 18.486333078970901, 2117.0 ], [ -97.743972252905493, 18.486331737294023, 2117.0 ], [ -97.743972252902935, 18.486329085638133, 2117.0 ], [ -97.743969067849747, 18.486326612008607, 2117.0 ], [ -97.743965771687414, 18.486325931760486, 2117.0 ], [ -97.743963827321991, 18.486323791608587, 2117.0 ], [ -97.743959938591132, 18.486322630068397, 2117.0 ], [ -97.743957346103898, 18.486320131099252, 2117.0 ], [ -97.743954105494865, 18.486320500688606, 2117.0 ], [ -97.743951026916264, 18.486323519971702, 2117.0 ], [ -97.743950207635535, 18.486327230415988, 2117.0 ], [ -97.74395799422571, 18.486333224210604, 2117.0 ], [ -97.743961461677387, 18.486340216970991, 2117.0 ] ] } },
{ "type": "Feature", "properties": { "FID": 309, "elev": 2115.0, "elevation": 2115.0, "ELEVATION": 2115.0, "is_master": true, "tipo": "Maestra (5m)" }, "geometry": { "type": "LineString", "coordinates": [ [ -97.7442775182773, 18.486339079899356, 2115.0 ], [ -97.744276222033676, 18.486339583480504, 2115.0 ], [ -97.744275050428868, 18.486338361748846, 2115.0 ], [ -97.744276222033676, 18.486336046316559, 2115.0 ], [ -97.744278076382187, 18.486337124934085, 2115.0 ], [ -97.7442775182773, 18.486339079899356, 2115.0 ] ] } },
{ "type": "Feature", "properties": { "FID": 310, "elev": 2117.0, "elevation": 2117.0, "ELEVATION": 2117.0, "is_master": false, "tipo": "Ordinaria (1m)" }, "geometry": { "type": "LineString", "coordinates": [ [ -97.744006017709111, 18.486337743341466, 2117.0 ], [ -97.744007891077047, 18.486331559267654, 2117.0 ], [ -97.744006603361342, 18.486329720536375, 2117.0 ], [ -97.744004848690111, 18.486330322452893, 2117.0 ], [ -97.744002571327187, 18.486335888119324, 2117.0 ], [ -97.744004010874107, 18.486338159577205, 2117.0 ], [ -97.744006017709111, 18.486337743341466, 2117.0 ] ] } },
{ "type": "Feature", "properties": { "FID": 311, "elev": 2120.0, "elevation": 2120.0, "ELEVATION": 2120.0, "is_master": true, "tipo": "Maestra (5m)" }, "geometry": { "type": "LineString", "coordinates": [ [ -97.742961514146515, 18.486337124934085, 2120.0 ], [ -97.742963184678189, 18.486336506526705, 2120.0 ], [ -97.742963127245304, 18.48633465130456, 2120.0 ], [ -97.742961831006056, 18.486333487243609, 2120.0 ], [ -97.742959101038437, 18.486333414489799, 2120.0 ], [ -97.742958172253921, 18.48633526971194, 2120.0 ], [ -97.742959814627099, 18.486337124934085, 2120.0 ], [ -97.742961514146515, 18.486337124934085, 2120.0 ] ] } },
{ "type": "Feature", "properties": { "FID": 312, "elev": 2116.0, "elevation": 2116.0, "ELEVATION": 2116.0, "is_master": false, "tipo": "Ordinaria (1m)" }, "geometry": { "type": "LineString", "coordinates": [ [ -97.743883460217731, 18.486336585472326, 2116.0 ], [ -97.743882204123253, 18.48633526971194, 2116.0 ], [ -97.743882781715214, 18.486330940860274, 2116.0 ], [ -97.743885404583153, 18.486330513431643, 2116.0 ], [ -97.743887348960968, 18.486331559267654, 2116.0 ], [ -97.743887054347766, 18.486332796082419, 2116.0 ], [ -97.743883460217731, 18.486336585472326, 2116.0 ] ] } },
{ "type": "Feature", "properties": { "FID": 313, "elev": 2116.0, "elevation": 2116.0, "ELEVATION": 2116.0, "is_master": false, "tipo": "Ordinaria (1m)" }, "geometry": { "type": "LineString", "coordinates": [ [ -97.743889941435825, 18.486331808476599, 2116.0 ], [ -97.743888321131294, 18.486330940860274, 2116.0 ], [ -97.743889941435825, 18.486329333001084, 2116.0 ], [ -97.743890989462571, 18.486330940860274, 2116.0 ], [ -97.743889941435825, 18.486331808476599, 2116.0 ] ] } },
{ "type": "Feature", "properties": { "FID": 314, "elev": 2117.0, "elevation": 2117.0, "ELEVATION": 2117.0, "is_master": false, "tipo": "Ordinaria (1m)" }, "geometry": { "type": "LineString", "coordinates": [ [ -97.743736329117525, 18.486329085638133, 2117.0 ], [ -97.743738280931481, 18.486328467230749, 2117.0 ], [ -97.743738175386071, 18.486324756786463, 2117.0 ], [ -97.743731652174617, 18.486322901564321, 2117.0 ], [ -97.743730811688863, 18.486324756786463, 2117.0 ], [ -97.74373121440631, 18.486327230415988, 2117.0 ], [ -97.743732447836351, 18.486328797048021, 2117.0 ], [ -97.743736329117525, 18.486329085638133, 2117.0 ] ] } },
{ "type": "Feature", "properties": { "FID": 315, "elev": 2115.0, "elevation": 2115.0, "ELEVATION": 2115.0, "is_master": true, "tipo": "Maestra (5m)" }, "geometry": { "type": "LineString", "coordinates": [ [ -97.744110950972512, 18.486327869965503, 2115.0 ], [ -97.744105765998043, 18.486327330970035, 2115.0 ], [ -97.744100573398612, 18.486321664749557, 2115.0 ], [ -97.744099114091398, 18.48631609908313, 2115.0 ], [ -97.74409975814892, 18.486300638898602, 2115.0 ], [ -97.744103173510808, 18.486298357547003, 2115.0 ], [ -97.744120024677827, 18.48629805642938, 2115.0 ], [ -97.744123430263329, 18.486299402083841, 2115.0 ], [ -97.744126418648747, 18.486302494120746, 2115.0 ], [ -97.744126658006138, 18.486312388638844, 2115.0 ], [ -97.744123265286873, 18.486319258582657, 2115.0 ], [ -97.744120672799639, 18.486321610184202, 2115.0 ], [ -97.744117375102149, 18.486322283156941, 2115.0 ], [ -97.744110950972512, 18.486327869965503, 2115.0 ] ] } },
{ "type": "Feature", "properties": { "FID": 316, "elev": 2117.0, "elevation": 2117.0, "ELEVATION": 2117.0, "is_master": false, "tipo": "Ordinaria (1m)" }, "geometry": { "type": "LineString", "coordinates": [ [ -97.743936638939459, 18.486327848823368, 2117.0 ], [ -97.743938980448164, 18.486325375193843, 2117.0 ], [ -97.743938558049777, 18.486322283156941, 2117.0 ], [ -97.74393530996241, 18.486320270043549, 2117.0 ], [ -97.743929995363587, 18.486319191120035, 2117.0 ], [ -97.743926884378908, 18.486312507057278, 2117.0 ], [ -97.743922995648049, 18.486311403501503, 2117.0 ], [ -97.743919755039002, 18.486308529776785, 2117.0 ], [ -97.743915218186345, 18.486308125111897, 2117.0 ], [ -97.743913359827616, 18.486309296601938, 2117.0 ], [ -97.743913227049248, 18.486313007046224, 2117.0 ], [ -97.74391533970919, 18.486314243860985, 2117.0 ], [ -97.743919681388803, 18.486320427934796, 2117.0 ], [ -97.743926236257096, 18.486321371819745, 2117.0 ], [ -97.743928969640379, 18.486325993601227, 2117.0 ], [ -97.743931421231565, 18.486327888039447, 2117.0 ], [ -97.743936638939459, 18.486327848823368, 2117.0 ] ] } },
{ "type": "Feature", "properties": { "FID": 317, "elev": 2116.0, "elevation": 2116.0, "ELEVATION": 2116.0, "is_master": false, "tipo": "Ordinaria (1m)" }, "geometry": { "type": "LineString", "coordinates": [ [ -97.74389383016667, 18.486328113855105, 2116.0 ], [ -97.743891320418385, 18.486326612008607, 2116.0 ], [ -97.743892533923045, 18.486325546973674, 2116.0 ], [ -97.74389420823772, 18.486327230415988, 2116.0 ], [ -97.74389383016667, 18.486328113855105, 2116.0 ] ] } },
{ "type": "Feature", "properties": { "FID": 318, "elev": 2116.0, "elevation": 2116.0, "ELEVATION": 2116.0, "is_master": false, "tipo": "Ordinaria (1m)" }, "geometry": { "type": "LineString", "coordinates": [ [ -97.743864053599012, 18.486322901564321, 2116.0 ], [ -97.74386579684743, 18.486320427934796, 2116.0 ], [ -97.743865744888296, 18.486318572712651, 2116.0 ], [ -97.74386466468529, 18.486317243556517, 2116.0 ], [ -97.743859962354719, 18.486317335897891, 2116.0 ], [ -97.743858749287824, 18.486318572712651, 2116.0 ], [ -97.743858875779139, 18.486321046342177, 2116.0 ], [ -97.743861424076243, 18.48632298627766, 2116.0 ], [ -97.743864053599012, 18.486322901564321, 2116.0 ] ] } },
{ "type": "Feature", "properties": { "FID": 319, "elev": 2114.0, "elevation": 2114.0, "ELEVATION": 2114.0, "is_master": false, "tipo": "Ordinaria (1m)" }, "geometry": { "type": "LineString", "coordinates": [ [ -97.744362422234204, 18.486322332177036, 2114.0 ], [ -97.744361260665258, 18.486321664749557, 2114.0 ], [ -97.744363843416963, 18.486319809527416, 2114.0 ], [ -97.744365142838546, 18.48631609908313, 2114.0 ], [ -97.744368255330485, 18.486313751425477, 2114.0 ], [ -97.744371495939532, 18.486313174568686, 2114.0 ], [ -97.744376680913987, 18.486306822967347, 2114.0 ], [ -97.744378625297998, 18.486306822972413, 2114.0 ], [ -97.744379921523034, 18.486311100290131, 2114.0 ], [ -97.744378557056066, 18.486313625453604, 2114.0 ], [ -97.744375277427196, 18.48631609908313, 2114.0 ], [ -97.744374316145226, 18.486319191120035, 2114.0 ], [ -97.744368903452298, 18.486321133242562, 2114.0 ], [ -97.744364366599626, 18.486320915323663, 2114.0 ], [ -97.744362422234204, 18.486322332177036, 2114.0 ] ] } },
{ "type": "Feature", "properties": { "FID": 320, "elev": 2120.0, "elevation": 2120.0, "ELEVATION": 2120.0, "is_master": true, "tipo": "Maestra (5m)" }, "geometry": { "type": "LineString", "coordinates": [ [ -97.742973034254462, 18.48631609908313, 2120.0 ], [ -97.74297395808523, 18.48631177023146, 2120.0 ], [ -97.742972200954995, 18.486310605324533, 2120.0 ], [ -97.742970256589572, 18.48631224227023, 2120.0 ], [ -97.742970077166021, 18.486313625453604, 2120.0 ], [ -97.742971331523307, 18.48631609908313, 2120.0 ], [ -97.742973034254462, 18.48631609908313, 2120.0 ] ] } },
{ "type": "Feature", "properties": { "FID": 321, "elev": 2120.0, "elevation": 2120.0, "ELEVATION": 2120.0, "is_master": true, "tipo": "Maestra (5m)" }, "geometry": { "type": "LineString", "coordinates": [ [ -97.743038608512606, 18.486311151824079, 2120.0 ], [ -97.74304013029311, 18.486310533416699, 2120.0 ], [ -97.743040886435224, 18.486308678194558, 2120.0 ], [ -97.74303895750127, 18.48630673652837, 2120.0 ], [ -97.743037013135847, 18.486306803023787, 2120.0 ], [ -97.743035476847112, 18.486309915009318, 2120.0 ], [ -97.743037013135847, 18.486311364401619, 2120.0 ], [ -97.743038608512606, 18.486311151824079, 2120.0 ] ] } },
{ "type": "Feature", "properties": { "FID": 322, "elev": 2115.0, "elevation": 2115.0, "ELEVATION": 2115.0, "is_master": true, "tipo": "Maestra (5m)" }, "geometry": { "type": "LineString", "coordinates": [ [ -97.744075952394851, 18.486310716465283, 2115.0 ], [ -97.744070767420382, 18.486310570373316, 2115.0 ], [ -97.744068231291564, 18.486309296601938, 2115.0 ], [ -97.744067465914, 18.486305586157652, 2115.0 ], [ -97.744071415542194, 18.486303014590305, 2115.0 ], [ -97.744075965444281, 18.486303112528127, 2115.0 ], [ -97.744078318463991, 18.486307441379793, 2115.0 ], [ -97.744077896760274, 18.486309341851257, 2115.0 ], [ -97.744075952394851, 18.486310716465283, 2115.0 ] ] } },
{ "type": "Feature", "properties": { "FID": 323, "elev": 2114.0, "elevation": 2114.0, "ELEVATION": 2114.0, "is_master": false, "tipo": "Ordinaria (1m)" }, "geometry": { "type": "LineString", "coordinates": [ [ -97.744106414119855, 18.486307508409965, 2114.0 ], [ -97.744104625727672, 18.486306204565032, 2114.0 ], [ -97.744105117876231, 18.486304967749934, 2114.0 ], [ -97.744106414119855, 18.486304784990701, 2114.0 ], [ -97.744108185652792, 18.486306204565032, 2114.0 ], [ -97.744106414119855, 18.486307508409965, 2114.0 ] ] } },
{ "type": "Feature", "properties": { "FID": 324, "elev": 2120.0, "elevation": 2120.0, "ELEVATION": 2120.0, "is_master": true, "tipo": "Maestra (5m)" }, "geometry": { "type": "LineString", "coordinates": [ [ -97.74301083364422, 18.486306822972413, 2120.0 ], [ -97.743011674659428, 18.486306204565032, 2120.0 ], [ -97.743011088263501, 18.486305191429537, 2120.0 ], [ -97.743009060269458, 18.486305586157652, 2120.0 ], [ -97.743009143898078, 18.486306822958227, 2120.0 ], [ -97.74301083364422, 18.486306822972413, 2120.0 ] ] } },
{ "type": "Feature", "properties": { "FID": 325, "elev": 2115.0, "elevation": 2115.0, "ELEVATION": 2115.0, "is_master": true, "tipo": "Maestra (5m)" }, "geometry": { "type": "LineString", "coordinates": [ [ -97.744091507318259, 18.486302701905625, 2115.0 ], [ -97.744088930457835, 18.486301257305982, 2115.0 ], [ -97.744090211074635, 18.486300690357318, 2115.0 ], [ -97.744091507318259, 18.486302701905625, 2115.0 ] ] } },
{ "type": "Feature", "properties": { "FID": 326, "elev": 2115.0, "elevation": 2115.0, "ELEVATION": 2115.0, "is_master": true, "tipo": "Maestra (5m)" }, "geometry": { "type": "LineString", "coordinates": [ [ -97.744142060819314, 18.486301277919562, 2115.0 ], [ -97.744140508894617, 18.486300638898602, 2115.0 ], [ -97.744140764575704, 18.486299374599067, 2115.0 ], [ -97.744142644128942, 18.486300020491221, 2115.0 ], [ -97.744142060819314, 18.486301277919562, 2115.0 ] ] } },
{ "type": "Feature", "properties": { "FID": 327, "elev": 2115.0, "elevation": 2115.0, "ELEVATION": 2115.0, "is_master": true, "tipo": "Maestra (5m)" }, "geometry": { "type": "LineString", "coordinates": [ [ -97.744094747927306, 18.48630097931812, 2115.0 ], [ -97.74409386605997, 18.486300638898602, 2115.0 ], [ -97.744094747927306, 18.48630037033427, 2115.0 ], [ -97.744094747927306, 18.48630097931812, 2115.0 ] ] } },
{ "type": "Feature", "properties": { "FID": 328, "elev": 2115.0, "elevation": 2115.0, "ELEVATION": 2115.0, "is_master": true, "tipo": "Maestra (5m)" }, "geometry": { "type": "LineString", "coordinates": [ [ -97.743988455950714, 18.486299443807713, 2115.0 ], [ -97.743986511585277, 18.486299442335209, 2115.0 ], [ -97.743982539830569, 18.486296928454315, 2115.0 ], [ -97.743981952574615, 18.48629445482479, 2115.0 ], [ -97.743983142271205, 18.486293218010029, 2115.0 ], [ -97.743985863463479, 18.486292758272963, 2115.0 ], [ -97.743988523329705, 18.48629383641741, 2115.0 ], [ -97.743989717295463, 18.486296928454315, 2115.0 ], [ -97.743988455950714, 18.486299443807713, 2115.0 ] ] } },
{ "type": "Feature", "properties": { "FID": 329, "elev": 2116.0, "elevation": 2116.0, "ELEVATION": 2116.0, "is_master": false, "tipo": "Ordinaria (1m)" }, "geometry": { "type": "LineString", "coordinates": [ [ -97.744092290762197, 18.486298165269076, 2116.0 ], [ -97.744092155440072, 18.486295779983465, 2116.0 ], [ -97.744090859196447, 18.486295674696887, 2116.0 ], [ -97.744089945178516, 18.486297546861696, 2116.0 ], [ -97.744091507318259, 18.486298714964526, 2116.0 ], [ -97.744092290762197, 18.486298165269076, 2116.0 ] ] } },
{ "type": "Feature", "properties": { "FID": 330, "elev": 2120.0, "elevation": 2120.0, "ELEVATION": 2120.0, "is_master": true, "tipo": "Maestra (5m)" }, "geometry": { "type": "LineString", "coordinates": [ [ -97.742999522641583, 18.486296928454315, 2120.0 ], [ -97.743000070192764, 18.486295905481359, 2120.0 ], [ -97.742999208257572, 18.486296310046935, 2120.0 ], [ -97.742999522641583, 18.486296928454315, 2120.0 ] ] } },
{ "type": "Feature", "properties": { "FID": 331, "elev": 2115.0, "elevation": 2115.0, "ELEVATION": 2115.0, "is_master": true, "tipo": "Maestra (5m)" }, "geometry": { "type": "LineString", "coordinates": [ [ -97.744190003829772, 18.486295073232174, 2115.0 ], [ -97.744188725589538, 18.486293655017914, 2115.0 ], [ -97.744187446401753, 18.48629445482479, 2115.0 ], [ -97.744188077467726, 18.486295432307426, 2115.0 ], [ -97.744190003829772, 18.486295073232174, 2115.0 ] ] } },
{ "type": "Feature", "properties": { "FID": 332, "elev": 2113.0, "elevation": 2113.0, "ELEVATION": 2113.0, "is_master": false, "tipo": "Ordinaria (1m)" }, "geometry": { "type": "LineString", "coordinates": [ [ -97.744346219188998, 18.486282096814996, 2113.0 ], [ -97.744344922945373, 18.486282596863258, 2113.0 ], [ -97.744344235142648, 18.486280849862407, 2113.0 ], [ -97.744345571067186, 18.486280310738024, 2113.0 ], [ -97.744346219188998, 18.486282096814996, 2113.0 ] ] } },
{ "type": "Feature", "properties": { "FID": 333, "elev": 2115.0, "elevation": 2115.0, "ELEVATION": 2115.0, "is_master": true, "tipo": "Maestra (5m)" }, "geometry": { "type": "LineString", "coordinates": [ [ -97.744079193003898, 18.486280455134292, 2115.0 ], [ -97.744071469552352, 18.486278994640266, 2115.0 ], [ -97.744070842203669, 18.486277139418121, 2115.0 ], [ -97.744068435518216, 18.48627528419598, 2115.0 ], [ -97.744068640770706, 18.486273428973835, 2115.0 ], [ -97.744075952394851, 18.48627117797097, 2115.0 ], [ -97.744081785491133, 18.486271585493604, 2115.0 ], [ -97.744083078073047, 18.486272810566454, 2115.0 ], [ -97.744083186208115, 18.48627528419598, 2115.0 ], [ -97.744081059594706, 18.486279613047646, 2115.0 ], [ -97.744079193003898, 18.486280455134292, 2115.0 ] ] } },
{ "type": "Feature", "properties": { "FID": 334, "elev": 2114.0, "elevation": 2114.0, "ELEVATION": 2114.0, "is_master": false, "tipo": "Ordinaria (1m)" }, "geometry": { "type": "LineString", "coordinates": [ [ -97.744316812546003, 18.486277757825501, 2114.0 ], [ -97.744320259595838, 18.486274665788599, 2114.0 ], [ -97.744320446128967, 18.48627095534431, 2114.0 ], [ -97.744318998073041, 18.486268481720241, 2114.0 ], [ -97.744311220611337, 18.486264851352033, 2114.0 ], [ -97.74430668375868, 18.486265386298605, 2114.0 ], [ -97.74430545646419, 18.486267863307408, 2114.0 ], [ -97.74430668375868, 18.486270299229162, 2114.0 ], [ -97.744313164976759, 18.486277167316199, 2114.0 ], [ -97.744316812546003, 18.486277757825501, 2114.0 ] ] } },
{ "type": "Feature", "properties": { "FID": 335, "elev": 2114.0, "elevation": 2114.0, "ELEVATION": 2114.0, "is_master": false, "tipo": "Ordinaria (1m)" }, "geometry": { "type": "LineString", "coordinates": [ [ -97.744254098308161, 18.48627652101074, 2114.0 ], [ -97.744255007618051, 18.486274665788599, 2114.0 ], [ -97.744254185892189, 18.486273439455317, 2114.0 ], [ -97.744252241526766, 18.48627432666197, 2114.0 ], [ -97.744251597937279, 18.48627590260336, 2114.0 ], [ -97.744252889648578, 18.486277086221786, 2114.0 ], [ -97.744254098308161, 18.48627652101074, 2114.0 ] ] } },
{ "type": "Feature", "properties": { "FID": 336, "elev": 2114.0, "elevation": 2114.0, "ELEVATION": 2114.0, "is_master": false, "tipo": "Ordinaria (1m)" }, "geometry": { "type": "LineString", "coordinates": [ [ -97.74417838330433, 18.486251784715499, 2114.0 ], [ -97.744178355640599, 18.486249876862939, 2114.0 ], [ -97.744176168229487, 18.486251166308119, 2114.0 ], [ -97.744177059396975, 18.486252263245021, 2114.0 ], [ -97.74417838330433, 18.486251784715499, 2114.0 ] ] } },
{ "type": "Feature", "properties": { "FID": 337, "elev": 2120.0, "elevation": 2120.0, "ELEVATION": 2120.0, "is_master": true, "tipo": "Maestra (5m)" }, "geometry": { "type": "LineString", "coordinates": [ [ -97.742833519296127, 18.48623014045716, 2120.0 ], [ -97.742835085800863, 18.486228285235018, 2120.0 ], [ -97.742834151009788, 18.486227389175344, 2120.0 ], [ -97.742828966035319, 18.486227048425508, 2120.0 ], [ -97.742829614157131, 18.486229331326008, 2120.0 ], [ -97.742833519296127, 18.48623014045716, 2120.0 ] ] } },
{ "type": "Feature", "properties": { "FID": 338, "elev": 2111.0, "elevation": 2111.0, "ELEVATION": 2111.0, "is_master": false, "tipo": "Ordinaria (1m)" }, "geometry": { "type": "LineString", "coordinates": [ [ -97.744894552209203, 18.486305586157652, 2111.0 ], [ -97.744879663118311, 18.486266626492643, 2111.0 ], [ -97.744861561305925, 18.486230758864544, 2111.0 ], [ -97.74485308856805, 18.486217772309541, 2111.0 ], [ -97.744843393428283, 18.486205404161918, 2111.0 ], [ -97.744823884961846, 18.48618610558675, 2111.0 ], [ -97.744806385673016, 18.486173792631675, 2111.0 ], [ -97.744796663845889, 18.486169467821885, 2111.0 ], [ -97.744781108922496, 18.486164655532701, 2111.0 ], [ -97.744765553999088, 18.486154076356382, 2111.0 ], [ -97.7447435178576, 18.48614162891867, 2111.0 ], [ -97.744728611056004, 18.486135463795431, 2111.0 ], [ -97.744703982427282, 18.486127634748847, 2111.0 ], [ -97.744692316234733, 18.486122018110656, 2111.0 ], [ -97.744681822834025, 18.486114498276901, 2111.0 ], [ -97.744635281515585, 18.486071134801758, 2111.0 ], [ -97.744595097963455, 18.486038985358221, 2111.0 ], [ -97.74458602425814, 18.486032974515297, 2111.0 ], [ -97.744575006187389, 18.48602985712753, 2111.0 ], [ -97.744567876847498, 18.486026723901603, 2111.0 ], [ -97.744561303040584, 18.486020500354982, 2111.0 ], [ -97.744558648366819, 18.486014316281171, 2111.0 ], [ -97.744554968421482, 18.485998237689262, 2111.0 ], [ -97.744540503232287, 18.485970409357115, 2111.0 ], [ -97.744536027594123, 18.485958659616873, 2111.0 ], [ -97.744534641542401, 18.48594938350616, 2111.0 ], [ -97.744535017071811, 18.485934541729012, 2111.0 ], [ -97.744532040453848, 18.485901766137818, 2111.0 ], [ -97.744531906087133, 18.485887542768051, 2111.0 ], [ -97.744535044848462, 18.485839925399709, 2111.0 ], [ -97.744535014671357, 18.485818281141373, 2111.0 ], [ -97.744533373892395, 18.485802202549465, 2111.0 ], [ -97.744534822620395, 18.485799110512559, 2111.0 ], [ -97.744536766979451, 18.485797873697798, 2111.0 ], [ -97.744550377558667, 18.485795510007364, 2111.0 ], [ -97.744557850021877, 18.485791071216607, 2111.0 ], [ -97.744560684276209, 18.485787360772321, 2111.0 ], [ -97.744562865905735, 18.485781176698509, 2111.0 ], [ -97.744563520866038, 18.485774992624698, 2111.0 ], [ -97.744562839546347, 18.485771900587793, 2111.0 ], [ -97.744560099385794, 18.485768099201245, 2111.0 ], [ -97.744554914411324, 18.485763793267029, 2111.0 ], [ -97.744543248218775, 18.485761829381875, 2111.0 ], [ -97.744538063244306, 18.485763770349578, 2111.0 ], [ -97.744531582026227, 18.485768190157692, 2111.0 ], [ -97.744523804564523, 18.485777002448689, 2111.0 ], [ -97.7445218601991, 18.485777053982638, 2111.0 ], [ -97.744519915820149, 18.485775611032079, 2111.0 ], [ -97.744515270960704, 18.485765716513985, 2111.0 ], [ -97.744512615935406, 18.485755203588504, 2111.0 ], [ -97.744510663336129, 18.485727993663737, 2111.0 ], [ -97.744512291564391, 18.485708823034926, 2111.0 ], [ -97.744512282399043, 18.485694599665162, 2111.0 ], [ -97.744508897756461, 18.48568161311016, 2111.0 ], [ -97.744505707009409, 18.485676665851109, 2111.0 ], [ -97.744501768423035, 18.485673651115128, 2111.0 ], [ -97.744488805986862, 18.485671220430561, 2111.0 ], [ -97.744477787916125, 18.485667389744126, 2111.0 ], [ -97.744468066088984, 18.485661840347841, 2111.0 ], [ -97.744462232992717, 18.485656967757176, 2111.0 ], [ -97.744458216762496, 18.485650692741107, 2111.0 ], [ -97.744453704789919, 18.485637087778723, 2111.0 ], [ -97.744451773303837, 18.485629666890148, 2111.0 ], [ -97.744451264777496, 18.485622864408956, 2111.0 ], [ -97.744451820543986, 18.485619772372051, 2111.0 ], [ -97.744455103652825, 18.485616099407, 2111.0 ], [ -97.744458344261858, 18.485614206704081, 2111.0 ], [ -97.74446417735814, 18.485613294177657, 2111.0 ], [ -97.744471954819844, 18.485614112472117, 2111.0 ], [ -97.744483621012392, 18.485621009183177, 2111.0 ], [ -97.744492694717707, 18.485624223031234, 2111.0 ], [ -97.744508897762927, 18.485622985665305, 2111.0 ], [ -97.744523804564523, 18.485619259977366, 2111.0 ], [ -97.744533526391649, 18.48561484385262, 2111.0 ], [ -97.744553618167714, 18.485603036722303, 2111.0 ], [ -97.744570469334732, 18.485587595239611, 2111.0 ], [ -97.744602227303346, 18.485561642074398, 2111.0 ], [ -97.744624911566646, 18.485545528148759, 2111.0 ], [ -97.74463268902835, 18.485542334025556, 2111.0 ], [ -97.744636577759195, 18.485542452124189, 2111.0 ], [ -97.744645003342711, 18.485547507052381, 2111.0 ], [ -97.744649540195368, 18.485547806523265, 2111.0 ], [ -97.744659262022495, 18.485545698946989, 2111.0 ], [ -97.744661271794712, 18.485544326671562, 2111.0 ], [ -97.744659545575786, 18.485536287375609, 2111.0 ], [ -97.744659737311821, 18.485520827191081, 2111.0 ], [ -97.744664341896126, 18.485497946117984, 2111.0 ], [ -97.744670194814049, 18.48547877548917, 2111.0 ], [ -97.744687228478526, 18.485442907861067, 2111.0 ], [ -97.744713704246578, 18.48539714571487, 2111.0 ], [ -97.74472549647065, 18.48537426464177, 2111.0 ], [ -97.744737740314619, 18.485343962680098, 2111.0 ], [ -97.744748184334625, 18.485309331866759, 2111.0 ], [ -97.744754042121244, 18.485280266719847, 2111.0 ], [ -97.744759569674386, 18.485225846870314, 2111.0 ], [ -97.74476316773243, 18.485205439426739, 2111.0 ], [ -97.744763150547385, 18.485183176761023, 2111.0 ], [ -97.744761094921046, 18.485164006132209, 2111.0 ], [ -97.744761543745398, 18.485157822058397, 2111.0 ], [ -97.744763542586583, 18.485151019577206, 2111.0 ], [ -97.744774692516586, 18.48512999372625, 2111.0 ], [ -97.744793346987223, 18.48510711265315, 2111.0 ], [ -97.744796015724091, 18.485105288351377, 2111.0 ], [ -97.744799904454936, 18.485104579177751, 2111.0 ], [ -97.744808854708481, 18.485110823097436, 2111.0 ], [ -97.744814811256532, 18.48511095951083, 2111.0 ], [ -97.744818051865579, 18.485109691543506, 2111.0 ], [ -97.744820644352814, 18.485107147990718, 2111.0 ], [ -97.74482261909894, 18.485102165394103, 2111.0 ], [ -97.744822054302006, 18.485092889283386, 2111.0 ], [ -97.744818781002607, 18.485087323616959, 2111.0 ], [ -97.744820809830713, 18.485082994765289, 2111.0 ], [ -97.744821852216177, 18.485075573876717, 2111.0 ], [ -97.744824587093817, 18.485071245025051, 2111.0 ], [ -97.744823746078609, 18.485062587321714, 2111.0 ], [ -97.744820006684577, 18.485057640062667, 2111.0 ], [ -97.744813636535753, 18.485052692803617, 2111.0 ], [ -97.744811447195715, 18.485048982359331, 2111.0 ], [ -97.744809500729673, 18.485042798285519, 2111.0 ], [ -97.744808492068898, 18.485032903767426, 2111.0 ], [ -97.744809766416509, 18.485029193323136, 2111.0 ], [ -97.744809626282063, 18.485025801452352, 2111.0 ], [ -97.744807033794828, 18.485022567529768, 2111.0 ], [ -97.744801848820359, 18.485023734599338, 2111.0 ], [ -97.744800198448331, 18.485021772434564, 2111.0 ], [ -97.744801200698561, 18.485020277013081, 2111.0 ], [ -97.744804441307593, 18.485019144203196, 2111.0 ], [ -97.744808978149635, 18.485013114731231, 2111.0 ], [ -97.744809016285075, 18.485008167472181, 2111.0 ], [ -97.744804965320981, 18.485000128176228, 2111.0 ], [ -97.7448029655841, 18.484993325695037, 2111.0 ], [ -97.744804305879157, 18.4849846679917, 2111.0 ], [ -97.74480768191664, 18.484979774507206, 2111.0 ], [ -97.744815459378344, 18.484975857994012, 2111.0 ], [ -97.744819996231001, 18.484974664981081, 2111.0 ], [ -97.744828421814518, 18.484975260469415, 2111.0 ], [ -97.74483166242355, 18.484974228799409, 2111.0 ], [ -97.744837495519832, 18.484974277188687, 2111.0 ], [ -97.744840748243291, 18.484972918251461, 2111.0 ], [ -97.744844761962412, 18.484969207807175, 2111.0 ], [ -97.744845429610962, 18.484964878955505, 2111.0 ], [ -97.744844434235659, 18.484962405325984, 2111.0 ], [ -97.744841384250677, 18.484956760713931, 2111.0 ], [ -97.744838143641644, 18.484955914885212, 2111.0 ], [ -97.7448355511535, 18.484953129215267, 2111.0 ], [ -97.744834903031034, 18.484946945141456, 2111.0 ], [ -97.744838956739912, 18.484939524252884, 2111.0 ], [ -97.744844130240452, 18.4849259192905, 2111.0 ], [ -97.744847757448468, 18.484906130254306, 2111.0 ], [ -97.744853050436475, 18.484889433255017, 2111.0 ], [ -97.744859045569967, 18.484876446700014, 2111.0 ], [ -97.744866290645888, 18.484864696959775, 2111.0 ], [ -97.744869253488446, 18.484863692047782, 2111.0 ], [ -97.744874901407059, 18.484864696959775, 2111.0 ], [ -97.744874870544123, 18.4848671705893, 2111.0 ], [ -97.744871227313951, 18.484871499440967, 2111.0 ], [ -97.744869820595028, 18.484875828292633, 2111.0 ], [ -97.744871197853868, 18.484877209841038, 2111.0 ], [ -97.74487703095015, 18.484878332953354, 2111.0 ], [ -97.744879623437384, 18.484877816030643, 2111.0 ], [ -97.744884808411854, 18.484873890616175, 2111.0 ], [ -97.744892585873558, 18.484872859937205, 2111.0 ], [ -97.744899067091637, 18.484873220953407, 2111.0 ], [ -97.744911381405998, 18.484876498233962, 2111.0 ], [ -97.744919806989515, 18.484876502198112, 2111.0 ], [ -97.744927584451204, 18.484872770141063, 2111.0 ], [ -97.744931529054625, 18.484868407404061, 2111.0 ], [ -97.744932709007543, 18.484864078552395, 2111.0 ], [ -97.744932138138196, 18.484859749700725, 2111.0 ], [ -97.744925743509484, 18.484852328812153, 2111.0 ], [ -97.74492369572036, 18.484843616313228, 2111.0 ], [ -97.744921751354937, 18.484841834291657, 2111.0 ], [ -97.744913973893233, 18.48484192624861, 2111.0 ], [ -97.744908788918764, 18.484838829967014, 2111.0 ], [ -97.744904900187919, 18.484841169994521, 2111.0 ], [ -97.744902391329305, 18.484835631812864, 2111.0 ], [ -97.74489582648259, 18.484830521815031, 2111.0 ], [ -97.744893882117168, 18.484827889352456, 2111.0 ], [ -97.744893264858305, 18.484823263665245, 2111.0 ], [ -97.744893830267429, 18.484819553220959, 2111.0 ], [ -97.744896474604403, 18.484815158111356, 2111.0 ], [ -97.744905548300977, 18.484805329851191, 2111.0 ], [ -97.744908788918764, 18.484805243961279, 2111.0 ], [ -97.744910733284186, 18.484803021130304, 2111.0 ], [ -97.744913325771421, 18.484803551929971, 2111.0 ], [ -97.744914994084965, 18.484808421888097, 2111.0 ], [ -97.744912150108604, 18.484812132332383, 2111.0 ], [ -97.744913973893233, 18.484813369144419, 2111.0 ], [ -97.744916566380468, 18.484812109844842, 2111.0 ], [ -97.744925640085782, 18.484819007019336, 2111.0 ], [ -97.744928232573017, 18.484819056367854, 2111.0 ], [ -97.744932769425674, 18.484817146446286, 2111.0 ], [ -97.744939250643768, 18.484812724972791, 2111.0 ], [ -97.744945731861847, 18.484811835835696, 2111.0 ], [ -97.744947659608769, 18.484809658702861, 2111.0 ], [ -97.744944948311598, 18.484799764184764, 2111.0 ], [ -97.74494844317141, 18.484794816925714, 2111.0 ], [ -97.744948469845809, 18.484789869666667, 2111.0 ], [ -97.744945083740035, 18.484781035275507, 2111.0 ], [ -97.744939368484097, 18.484777501519044, 2111.0 ], [ -97.744933946710233, 18.484772554259997, 2111.0 ], [ -97.74493362661903, 18.484770080630472, 2111.0 ], [ -97.744934772711261, 18.484767607000947, 2111.0 ], [ -97.744939898765566, 18.484764329441827, 2111.0 ], [ -97.744941843131002, 18.484761048627934, 2111.0 ], [ -97.744947028105457, 18.48476212762392, 2111.0 ], [ -97.744954542267678, 18.484758949297614, 2111.0 ], [ -97.744960599274819, 18.484747199557372, 2111.0 ], [ -97.744969064246959, 18.484742202021302, 2111.0 ], [ -97.744975545465039, 18.484741511568604, 2111.0 ], [ -97.744984619170353, 18.484744876351265, 2111.0 ], [ -97.744992396632057, 18.484745531731406, 2111.0 ], [ -97.745006007190042, 18.484742267022309, 2111.0 ], [ -97.745011884984365, 18.484737923446659, 2111.0 ], [ -97.745013937150986, 18.484731739372847, 2111.0 ], [ -97.745013181538383, 18.484722463262131, 2111.0 ], [ -97.745011192164512, 18.484718632348873, 2111.0 ], [ -97.745004062824606, 18.484713148011707, 2111.0 ], [ -97.744999525971949, 18.484712579987804, 2111.0 ], [ -97.744994340997479, 18.484714387854797, 2111.0 ], [ -97.744986756593349, 18.48472122644737, 2111.0 ], [ -97.74498939082163, 18.484724936891656, 2111.0 ], [ -97.744984619170353, 18.484728728301242, 2111.0 ], [ -97.744978786074086, 18.484728131996459, 2111.0 ], [ -97.744974249221414, 18.484726135055954, 2111.0 ], [ -97.744971697241795, 18.484723700076891, 2111.0 ], [ -97.744971548713892, 18.484720608039986, 2111.0 ], [ -97.744974345608767, 18.484715660780939, 2111.0 ], [ -97.744974848118787, 18.484710713521892, 2111.0 ], [ -97.744976193586851, 18.484708784090863, 2111.0 ], [ -97.744979434195884, 18.484706364394572, 2111.0 ], [ -97.74498915602301, 18.484702163367665, 2111.0 ], [ -97.744996285357786, 18.484695253337364, 2111.0 ], [ -97.744998435948915, 18.484685977226647, 2111.0 ], [ -97.744996371779152, 18.484670517042122, 2111.0 ], [ -97.744996825464412, 18.484663714560931, 2111.0 ], [ -97.745000115173596, 18.484655675264975, 2111.0 ], [ -97.745014540793846, 18.484628465340208, 2111.0 ], [ -97.745024985006737, 18.4845994001933, 2111.0 ] ] } },
{ "type": "Feature", "properties": { "FID": 339, "elev": 2112.0, "elevation": 2112.0, "ELEVATION": 2112.0, "is_master": false, "tipo": "Ordinaria (1m)" }, "geometry": { "type": "LineString", "coordinates": [ [ -97.744838752876134, 18.486312388638844, 2112.0 ], [ -97.744832958662215, 18.486302494120746, 2112.0 ], [ -97.744822616897437, 18.486288270750983, 2112.0 ], [ -97.744798608211326, 18.486261573220901, 2112.0 ], [ -97.744771387095369, 18.486237509811787, 2112.0 ], [ -97.74474481410121, 18.486218916363196, 2112.0 ], [ -97.744723426081535, 18.486207259389516, 2112.0 ], [ -97.744704630549094, 18.486200294164085, 2112.0 ], [ -97.744688427503874, 18.486196624519099, 2112.0 ], [ -97.744654077048025, 18.486192517889194, 2112.0 ], [ -97.744641762733664, 18.486189375042603, 2112.0 ], [ -97.744625559688458, 18.486181904683495, 2112.0 ], [ -97.744604171668769, 18.486166970143184, 2112.0 ], [ -97.74459250547622, 18.486161363528158, 2112.0 ], [ -97.74458602425814, 18.486160379347599, 2112.0 ], [ -97.744579543040047, 18.486160790486572, 2112.0 ], [ -97.74456982121292, 18.486163952678936, 2112.0 ], [ -97.744530933904414, 18.48618430830258, 2112.0 ], [ -97.744516675224631, 18.486195459772258, 2112.0 ], [ -97.744498527813988, 18.486200944132928, 2112.0 ], [ -97.744482324768782, 18.486208619880301, 2112.0 ], [ -97.744473251063454, 18.486208550994416, 2112.0 ], [ -97.744469362332609, 18.486207282574338, 2112.0 ], [ -97.744463529236327, 18.486203583779627, 2112.0 ], [ -97.744460223815111, 18.486199838495487, 2112.0 ], [ -97.74445570808102, 18.486189943977394, 2112.0 ], [ -97.744453915429503, 18.486179431051912, 2112.0 ], [ -97.744451326667104, 18.48617139175596, 2112.0 ], [ -97.744436221704134, 18.486141708201668, 2112.0 ], [ -97.744431583103321, 18.486123774387618, 2112.0 ], [ -97.744433672425018, 18.486114498276901, 2112.0 ], [ -97.744438944178825, 18.486105840573568, 2112.0 ], [ -97.744440044640797, 18.486100893314518, 2112.0 ], [ -97.744439661446251, 18.486095946055471, 2112.0 ], [ -97.744434212822469, 18.486082959500468, 2112.0 ], [ -97.744435011863246, 18.486068736130704, 2112.0 ], [ -97.744439548729417, 18.486066997589198, 2112.0 ], [ -97.744443521476057, 18.486063788871654, 2112.0 ], [ -97.744445411739008, 18.486060078427368, 2112.0 ], [ -97.744447391003305, 18.48604956550189, 2112.0 ], [ -97.744436431572154, 18.486038434169032, 2112.0 ], [ -97.744419997054862, 18.486025447614029, 2112.0 ], [ -97.74441036299423, 18.486016171503312, 2112.0 ], [ -97.744401939661145, 18.486003184948313, 2112.0 ], [ -97.744397942470883, 18.48599019839331, 2112.0 ], [ -97.744398555025029, 18.485964843690684, 2112.0 ], [ -97.744401173096023, 18.485952475543066, 2112.0 ], [ -97.744406685141243, 18.485937015358537, 2112.0 ], [ -97.744410562040258, 18.485920318359248, 2112.0 ], [ -97.744414271975344, 18.485873319398287, 2112.0 ], [ -97.744415568222507, 18.485872082581121, 2112.0 ], [ -97.744421401318775, 18.485870942394918, 2112.0 ], [ -97.744435659998572, 18.485865348814265, 2112.0 ], [ -97.744439548729417, 18.485862342667275, 2112.0 ], [ -97.744443534678538, 18.485854148769477, 2112.0 ], [ -97.744445307754631, 18.485841780621854, 2112.0 ], [ -97.744444883270461, 18.485829412474232, 2112.0 ], [ -97.744440382028884, 18.485809005030656, 2112.0 ], [ -97.744435746414808, 18.485794781660893, 2112.0 ], [ -97.744423345680573, 18.48576447969922, 2112.0 ], [ -97.74441735055747, 18.485742217033504, 2112.0 ], [ -97.744417315333465, 18.485729230478501, 2112.0 ], [ -97.744422898388876, 18.485702020553735, 2112.0 ], [ -97.744422878052021, 18.485690889220873, 2112.0 ], [ -97.744418852039672, 18.485671100184682, 2112.0 ], [ -97.744410274662187, 18.485645127074676, 2112.0 ], [ -97.744409581334608, 18.485631522112293, 2112.0 ], [ -97.744411524716298, 18.48561853555729, 2112.0 ], [ -97.744413567146424, 18.485611733076098, 2112.0 ], [ -97.744422587711242, 18.48559565448419, 2112.0 ], [ -97.744432419389526, 18.485585093371125, 2112.0 ], [ -97.744460936749093, 18.485564762224563, 2112.0 ], [ -97.744472602941656, 18.485558093597785, 2112.0 ], [ -97.744484917256017, 18.485552906095482, 2112.0 ], [ -97.744514730859208, 18.485543843189429, 2112.0 ], [ -97.744544544462386, 18.485530000233901, 2112.0 ], [ -97.744549081305138, 18.485527011264892, 2112.0 ], [ -97.744551235583558, 18.485522064005846, 2112.0 ], [ -97.744549010610854, 18.485510314265603, 2112.0 ], [ -97.744552392372114, 18.485502274969651, 2112.0 ], [ -97.744554957619442, 18.485491762044173, 2112.0 ], [ -97.744558155017145, 18.485484959562982, 2112.0 ], [ -97.744564636238451, 18.485475580384367, 2112.0 ], [ -97.744586092481484, 18.485454039193929, 2112.0 ], [ -97.744599116318668, 18.485434868565115, 2112.0 ], [ -97.744637358829067, 18.485361278086767, 2112.0 ], [ -97.744647012520318, 18.48533839701367, 2112.0 ], [ -97.744656175728167, 18.48531056868152, 2112.0 ], [ -97.744661962530031, 18.485286450793659, 2112.0 ], [ -97.744665920001069, 18.485261096091037, 2112.0 ], [ -97.744668952986686, 18.485201110575073, 2112.0 ], [ -97.744667687606011, 18.485196163363302, 2112.0 ], [ -97.744665743240574, 18.485195410472254, 2112.0 ], [ -97.744654725169838, 18.485195480658525, 2112.0 ], [ -97.744651447373471, 18.48519245287174, 2112.0 ], [ -97.74465107452454, 18.485189360834834, 2112.0 ], [ -97.744652132682603, 18.485186975549219, 2112.0 ], [ -97.744658613900683, 18.485185580819717, 2112.0 ], [ -97.744660558266105, 18.485183738949551, 2112.0 ], [ -97.744668983849621, 18.485184413552144, 2112.0 ], [ -97.744670199078016, 18.485180084724117, 2112.0 ], [ -97.744668839822552, 18.485171427020781, 2112.0 ], [ -97.744666109941079, 18.485167716576495, 2112.0 ], [ -97.744663798875152, 18.485166495618333, 2112.0 ], [ -97.744660558266105, 18.485169403142081, 2112.0 ], [ -97.74465666953526, 18.485167098175562, 2112.0 ], [ -97.744656259058118, 18.485164006132209, 2112.0 ], [ -97.744659262022495, 18.485159207290931, 2112.0 ], [ -97.744661206387917, 18.485158009208, 2112.0 ], [ -97.744664446996964, 18.485159574212645, 2112.0 ], [ -97.744667687606011, 18.485158913898537, 2112.0 ], [ -97.744671576336856, 18.485160458426709, 2112.0 ], [ -97.744674168824091, 18.485160295678465, 2112.0 ], [ -97.744680001906858, 18.485155966836256, 2112.0 ], [ -97.74468523211263, 18.485146072318159, 2112.0 ], [ -97.744688904423697, 18.485125664874584, 2112.0 ], [ -97.744691568401876, 18.485118243986012, 2112.0 ], [ -97.744693612478343, 18.485116352386964, 2112.0 ], [ -97.744701389940047, 18.485115220357002, 2112.0 ], [ -97.744702413561001, 18.485113915134342, 2112.0 ], [ -97.744695429761066, 18.485097218135053, 2112.0 ], [ -97.744695453144274, 18.485086086802195, 2112.0 ], [ -97.74472215722335, 18.485015588360753, 2112.0 ], [ -97.74472653325374, 18.484993944102417, 2112.0 ], [ -97.744731053976665, 18.484981575954794, 2112.0 ], [ -97.744729161348104, 18.484974773473603, 2112.0 ], [ -97.744729591547966, 18.484972299844081, 2112.0 ], [ -97.744733731859995, 18.484969826214556, 2112.0 ], [ -97.744733437070707, 18.484967352585031, 2112.0 ], [ -97.744735524355292, 18.484963023733364, 2112.0 ], [ -97.744748702819678, 18.484954984437412, 2112.0 ], [ -97.744753803268907, 18.484947563548836, 2112.0 ], [ -97.744763746080352, 18.484924682475739, 2112.0 ], [ -97.744768715246281, 18.484904893439545, 2112.0 ], [ -97.744773283451764, 18.484891288477161, 2112.0 ], [ -97.74477969363609, 18.484877683514778, 2112.0 ], [ -97.744787477423742, 18.484865315367156, 2112.0 ], [ -97.744795583642883, 18.484856039256439, 2112.0 ], [ -97.744803145063983, 18.4848491550988, 2112.0 ], [ -97.744815459378344, 18.484839905284765, 2112.0 ], [ -97.744838143641644, 18.484825230403473, 2112.0 ], [ -97.74484527297534, 18.484818934813575, 2112.0 ], [ -97.744851144771644, 18.484811513925003, 2112.0 ], [ -97.744858251035097, 18.484796053740478, 2112.0 ], [ -97.744868586304236, 18.484755238853328, 2112.0 ], [ -97.744875734703072, 18.484737923446659, 2112.0 ], [ -97.744914008004912, 18.48467608270855, 2112.0 ], [ -97.744934013819545, 18.484641451895211, 2112.0 ], [ -97.744960085853663, 18.484603729044967, 2112.0 ] ] } },
{ "type": "Feature", "properties": { "FID": 340, "elev": 2113.0, "elevation": 2113.0, "ELEVATION": 2113.0, "is_master": false, "tipo": "Ordinaria (1m)" }, "geometry": { "type": "LineString", "coordinates": [ [ -97.744180020643171, 18.486205404161918, 2113.0 ], [ -97.74418023011053, 18.486203548939777, 2113.0 ], [ -97.744179003762397, 18.486202771966401, 2113.0 ], [ -97.744174442452319, 18.486203548939777, 2113.0 ], [ -97.744177707518787, 18.486205747721574, 2113.0 ], [ -97.744180020643171, 18.486205404161918, 2113.0 ] ] } },
{ "type": "Feature", "properties": { "FID": 341, "elev": 2113.0, "elevation": 2113.0, "ELEVATION": 2113.0, "is_master": false, "tipo": "Ordinaria (1m)" }, "geometry": { "type": "LineString", "coordinates": [ [ -97.744401693125013, 18.486198601680726, 2113.0 ], [ -97.744402639455004, 18.486196128051201, 2113.0 ], [ -97.74440130954271, 18.486195206274164, 2113.0 ], [ -97.744400013299099, 18.486195935432509, 2113.0 ], [ -97.744399873304786, 18.486197364865966, 2113.0 ], [ -97.744400337360005, 18.486198601680726, 2113.0 ], [ -97.744401693125013, 18.486198601680726, 2113.0 ] ] } },
{ "type": "Feature", "properties": { "FID": 342, "elev": 2113.0, "elevation": 2113.0, "ELEVATION": 2113.0, "is_master": false, "tipo": "Ordinaria (1m)" }, "geometry": { "type": "LineString", "coordinates": [ [ -97.744219511375434, 18.486182523088818, 2113.0 ], [ -97.744220028493899, 18.486180049459296, 2113.0 ], [ -97.744219187314528, 18.486178534809333, 2113.0 ], [ -97.744217478226204, 18.486180049459296, 2113.0 ], [ -97.744219511375434, 18.486182523088818, 2113.0 ] ] } },
{ "type": "Feature", "properties": { "FID": 343, "elev": 2124.0, "elevation": 2124.0, "ELEVATION": 2124.0, "is_master": false, "tipo": "Ordinaria (1m)" }, "geometry": { "type": "LineString", "coordinates": [ [ -97.742499421023467, 18.486163970867388, 2124.0 ], [ -97.742504209353257, 18.486160260423102, 2124.0 ], [ -97.742504267379218, 18.48615407634929, 2124.0 ], [ -97.742496479547569, 18.486141553599825, 2124.0 ], [ -97.742493887060334, 18.486139133901176, 2124.0 ], [ -97.742489350207677, 18.48613847533932, 2124.0 ], [ -97.742484971158589, 18.486142326609052, 2124.0 ], [ -97.742483350926321, 18.486146037053338, 2124.0 ], [ -97.742483353719351, 18.486149129090244, 2124.0 ], [ -97.742484165233208, 18.486151033784974, 2124.0 ], [ -97.742488557147226, 18.486154694756671, 2124.0 ], [ -97.742489309700062, 18.486162115645243, 2124.0 ], [ -97.742490570201667, 18.486163352460007, 2124.0 ], [ -97.742495183303944, 18.486164313369937, 2124.0 ], [ -97.742499421023467, 18.486163970867388, 2124.0 ] ] } },
{ "type": "Feature", "properties": { "FID": 344, "elev": 2112.0, "elevation": 2112.0, "ELEVATION": 2112.0, "is_master": false, "tipo": "Ordinaria (1m)" }, "geometry": { "type": "LineString", "coordinates": [ [ -97.744411679491648, 18.486157947418871, 2112.0 ], [ -97.744403902029944, 18.486157925121542, 2112.0 ], [ -97.744399213668302, 18.486155931571435, 2112.0 ], [ -97.744394792317863, 18.486150365905004, 2112.0 ], [ -97.74439306985461, 18.486142326609052, 2112.0 ], [ -97.744394120468101, 18.486129958461429, 2112.0 ], [ -97.74439679294386, 18.486125011202379, 2112.0 ], [ -97.74440450596164, 18.486116971906426, 2112.0 ], [ -97.744405498329954, 18.48611264305476, 2112.0 ], [ -97.744405187380764, 18.486105840573568, 2112.0 ], [ -97.744407142638991, 18.48610388064753, 2112.0 ], [ -97.744409735126226, 18.48610488485307, 2112.0 ], [ -97.744413666356863, 18.486110169425235, 2112.0 ], [ -97.744420148283282, 18.486123155980238, 2112.0 ], [ -97.744421571877155, 18.486128103239285, 2112.0 ], [ -97.744420904705962, 18.486147273868099, 2112.0 ], [ -97.744418160709742, 18.486153499169067, 2112.0 ], [ -97.744414920100695, 18.486156600255839, 2112.0 ], [ -97.744411679491648, 18.486157947418871, 2112.0 ] ] } },
{ "type": "Feature", "properties": { "FID": 345, "elev": 2124.0, "elevation": 2124.0, "ELEVATION": 2124.0, "is_master": false, "tipo": "Ordinaria (1m)" }, "geometry": { "type": "LineString", "coordinates": [ [ -97.742453981274693, 18.486145418645954, 2124.0 ], [ -97.742459536604485, 18.486142964965058, 2124.0 ], [ -97.742460400766888, 18.486140471386907, 2124.0 ], [ -97.742458240360861, 18.486137641387028, 2124.0 ], [ -97.742455647870656, 18.486137997757382, 2124.0 ], [ -97.742454468608102, 18.486134905720476, 2124.0 ], [ -97.742452407264594, 18.486133814865223, 2124.0 ], [ -97.742447189053109, 18.486136142535241, 2124.0 ], [ -97.742445104038353, 18.486140471386907, 2124.0 ], [ -97.742445233226633, 18.486142945016432, 2124.0 ], [ -97.742447222290124, 18.486145418628226, 2124.0 ], [ -97.742449814777359, 18.486146037043206, 2124.0 ], [ -97.742453981274693, 18.486145418645954, 2124.0 ] ] } },
{ "type": "Feature", "properties": { "FID": 346, "elev": 2111.0, "elevation": 2111.0, "ELEVATION": 2111.0, "is_master": false, "tipo": "Ordinaria (1m)" }, "geometry": { "type": "LineString", "coordinates": [ [ -97.744520563955476, 18.486141815750777, 2111.0 ], [ -97.744510842128349, 18.486141807380211, 2111.0 ], [ -97.744506277696047, 18.486139852979527, 2111.0 ], [ -97.744501163509341, 18.486134287313096, 2111.0 ], [ -97.74450048923525, 18.48613119527619, 2111.0 ], [ -97.744501120301223, 18.486127435359315, 2111.0 ], [ -97.744503712788458, 18.486125073043119, 2111.0 ], [ -97.744509545884739, 18.486124003684736, 2111.0 ], [ -97.744519267711865, 18.486124241224562, 2111.0 ], [ -97.744523804564523, 18.486126213012952, 2111.0 ], [ -97.744527055975595, 18.48613057686881, 2111.0 ], [ -97.744527511821261, 18.486134905720476, 2111.0 ], [ -97.744525256357377, 18.486139234572146, 2111.0 ], [ -97.744520563955476, 18.486141815750777, 2111.0 ] ] } },
{ "type": "Feature", "properties": { "FID": 347, "elev": 2124.0, "elevation": 2124.0, "ELEVATION": 2124.0, "is_master": false, "tipo": "Ordinaria (1m)" }, "geometry": { "type": "LineString", "coordinates": [ [ -97.742465710817498, 18.486138616164762, 2124.0 ], [ -97.742467328155783, 18.486137379350001, 2124.0 ], [ -97.742466589694757, 18.486134905720476, 2124.0 ], [ -97.742464073457143, 18.486134192173498, 2124.0 ], [ -97.742462777213518, 18.486134812959371, 2124.0 ], [ -97.742462211392905, 18.486136142535241, 2124.0 ], [ -97.742463176057711, 18.486137997757382, 2124.0 ], [ -97.742465710817498, 18.486138616164762, 2124.0 ] ] } },
{ "type": "Feature", "properties": { "FID": 348, "elev": 2113.0, "elevation": 2113.0, "ELEVATION": 2113.0, "is_master": false, "tipo": "Ordinaria (1m)" }, "geometry": { "type": "LineString", "coordinates": [ [ -97.744158911986347, 18.48613805721963, 2113.0 ], [ -97.744156319499112, 18.486137578315855, 2113.0 ], [ -97.7441556713773, 18.486135244094328, 2113.0 ], [ -97.74415696762091, 18.486134676062964, 2113.0 ], [ -97.744158242614631, 18.48613552412786, 2113.0 ], [ -97.744158911986347, 18.48613805721963, 2113.0 ] ] } },
{ "type": "Feature", "properties": { "FID": 349, "elev": 2124.0, "elevation": 2124.0, "ELEVATION": 2124.0, "is_master": false, "tipo": "Ordinaria (1m)" }, "geometry": { "type": "LineString", "coordinates": [ [ -97.742485600360069, 18.486132432090955, 2124.0 ], [ -97.74248740584224, 18.486130126067167, 2124.0 ], [ -97.742489998329475, 18.486130541531246, 2124.0 ], [ -97.742491100136561, 18.486129340054049, 2124.0 ], [ -97.742490776975814, 18.486125011202379, 2124.0 ], [ -97.74248740584224, 18.486124901642018, 2124.0 ], [ -97.742486757720442, 18.486126361821277, 2124.0 ], [ -97.742482102737199, 18.486128721646669, 2124.0 ], [ -97.742482766654561, 18.486132432090955, 2124.0 ], [ -97.742485600360069, 18.486132432090955, 2124.0 ] ] } },
{ "type": "Feature", "properties": { "FID": 350, "elev": 2121.0, "elevation": 2121.0, "ELEVATION": 2121.0, "is_master": false, "tipo": "Ordinaria (1m)" }, "geometry": { "type": "LineString", "coordinates": [ [ -97.742696101064581, 18.486123156027517, 2121.0 ], [ -97.742693508577347, 18.486123650706141, 2121.0 ], [ -97.742688323602877, 18.486122537588617, 2121.0 ], [ -97.742678601764311, 18.486116353499046, 2121.0 ], [ -97.742670176185484, 18.486106458980949, 2121.0 ], [ -97.742666819847159, 18.486100274907137, 2121.0 ], [ -97.742665486840338, 18.486095327648091, 2121.0 ], [ -97.742665504314203, 18.486083577907849, 2121.0 ], [ -97.742670707292064, 18.486064407279038, 2121.0 ], [ -97.742676009286001, 18.486055131168321, 2121.0 ], [ -97.74268378675022, 18.486050121285739, 2121.0 ], [ -97.742692860455534, 18.486050050199569, 2121.0 ], [ -97.742702582282661, 18.48605502073843, 2121.0 ], [ -97.742710368872849, 18.486063170464273, 2121.0 ], [ -97.742714422198588, 18.486073064982371, 2121.0 ], [ -97.742715060678492, 18.486083577907849, 2121.0 ], [ -97.742710420505787, 18.486102130129282, 2121.0 ], [ -97.742703100780119, 18.486117590313807, 2121.0 ], [ -97.742699989795426, 18.486121300781733, 2121.0 ], [ -97.742696101064581, 18.486123156027517, 2121.0 ] ] } },
{ "type": "Feature", "properties": { "FID": 351, "elev": 2113.0, "elevation": 2113.0, "ELEVATION": 2113.0, "is_master": false, "tipo": "Ordinaria (1m)" }, "geometry": { "type": "LineString", "coordinates": [ [ -97.744376970076033, 18.486114498276901, 2113.0 ], [ -97.744378975902691, 18.48611326146214, 2113.0 ], [ -97.744379337300558, 18.48610769579571, 2113.0 ], [ -97.744373440303264, 18.486099656499757, 2113.0 ], [ -97.744368660406607, 18.486097182870232, 2113.0 ], [ -97.744366959086861, 18.48609063069679, 2113.0 ], [ -97.744365014721438, 18.486088572736698, 2113.0 ], [ -97.744362221092956, 18.486096564462851, 2113.0 ], [ -97.744363753198641, 18.486099656499757, 2113.0 ], [ -97.744364329207983, 18.486104603758804, 2113.0 ], [ -97.744369551574096, 18.486107596052584, 2113.0 ], [ -97.744371579776171, 18.486110169425235, 2113.0 ], [ -97.74437214406133, 18.486112706356302, 2113.0 ], [ -97.744374088426753, 18.486114498275768, 2113.0 ], [ -97.744376970076033, 18.486114498276901, 2113.0 ] ] } },
{ "type": "Feature", "properties": { "FID": 352, "elev": 2124.0, "elevation": 2124.0, "ELEVATION": 2124.0, "is_master": false, "tipo": "Ordinaria (1m)" }, "geometry": { "type": "LineString", "coordinates": [ [ -97.742487489899005, 18.486114498276901, 2124.0 ], [ -97.742491709371052, 18.48611264305476, 2124.0 ], [ -97.742492226803094, 18.486110787832615, 2124.0 ], [ -97.742489998329475, 18.486108321933184, 2124.0 ], [ -97.74248610959863, 18.486107541193867, 2124.0 ], [ -97.74248481335502, 18.486106390269018, 2124.0 ], [ -97.74248215058951, 18.486108932610474, 2124.0 ], [ -97.74248198997438, 18.48611202464738, 2124.0 ], [ -97.742483517111395, 18.486113982280933, 2124.0 ], [ -97.742487489899005, 18.486114498276901, 2124.0 ] ] } },
{ "type": "Feature", "properties": { "FID": 353, "elev": 2113.0, "elevation": 2113.0, "ELEVATION": 2113.0, "is_master": false, "tipo": "Ordinaria (1m)" }, "geometry": { "type": "LineString", "coordinates": [ [ -97.744312516854947, 18.486107208565652, 2113.0 ], [ -97.744311134195101, 18.486106458980949, 2113.0 ], [ -97.744311868733149, 18.486104677967692, 2113.0 ], [ -97.744313228068265, 18.486105840573568, 2113.0 ], [ -97.744312516854947, 18.486107208565652, 2113.0 ] ] } },
{ "type": "Feature", "properties": { "FID": 354, "elev": 2124.0, "elevation": 2124.0, "ELEVATION": 2124.0, "is_master": false, "tipo": "Ordinaria (1m)" }, "geometry": { "type": "LineString", "coordinates": [ [ -97.742499338908488, 18.486097182870232, 2124.0 ], [ -97.742501679594639, 18.486094709240707, 2124.0 ], [ -97.742501826552484, 18.48609038038904, 2124.0 ], [ -97.742499720156601, 18.486087888834664, 2124.0 ], [ -97.742495183303944, 18.486086345124715, 2124.0 ], [ -97.74249282846138, 18.486091617203805, 2124.0 ], [ -97.742495831425757, 18.486092899489694, 2124.0 ], [ -97.742497127669381, 18.48609703563038, 2124.0 ], [ -97.742499338908488, 18.486097182870232, 2124.0 ] ] } },
{ "type": "Feature", "properties": { "FID": 355, "elev": 2113.0, "elevation": 2113.0, "ELEVATION": 2113.0, "is_master": false, "tipo": "Ordinaria (1m)" }, "geometry": { "type": "LineString", "coordinates": [ [ -97.744178635042928, 18.486087906759515, 2113.0 ], [ -97.744180390441628, 18.486085433129993, 2113.0 ], [ -97.74417965188421, 18.486084229742655, 2113.0 ], [ -97.744176381476464, 18.486084814722613, 2113.0 ], [ -97.744176279625435, 18.486086669944754, 2113.0 ], [ -97.744178635042928, 18.486087906759515, 2113.0 ] ] } },
{ "type": "Feature", "properties": { "FID": 356, "elev": 2113.0, "elevation": 2113.0, "ELEVATION": 2113.0, "is_master": false, "tipo": "Ordinaria (1m)" }, "geometry": { "type": "LineString", "coordinates": [ [ -97.744251090009371, 18.486087288352135, 2113.0 ], [ -97.744252284260071, 18.486085433129993, 2113.0 ], [ -97.744250297161344, 18.486084439623053, 2113.0 ], [ -97.744249364498245, 18.486086051537374, 2113.0 ], [ -97.744251090009371, 18.486087288352135, 2113.0 ] ] } },
{ "type": "Feature", "properties": { "FID": 357, "elev": 2123.0, "elevation": 2123.0, "ELEVATION": 2123.0, "is_master": false, "tipo": "Ordinaria (1m)" }, "geometry": { "type": "LineString", "coordinates": [ [ -97.742147790014599, 18.486079900011319, 2123.0 ], [ -97.742141956918317, 18.486079925439256, 2123.0 ], [ -97.742137636106264, 18.486077393834037, 2123.0 ], [ -97.742135562116474, 18.486074920204516, 2123.0 ], [ -97.742135501116778, 18.486069354538085, 2123.0 ], [ -97.742138716309285, 18.486065543129328, 2123.0 ], [ -97.742142605040129, 18.486064698980631, 2123.0 ], [ -97.742145360758045, 18.48606749931594, 2123.0 ], [ -97.742149857831791, 18.486075538611896, 2123.0 ], [ -97.742149302298813, 18.486078630648802, 2123.0 ], [ -97.742147790014599, 18.486079900011319, 2123.0 ] ] } },
{ "type": "Feature", "properties": { "FID": 358, "elev": 2123.0, "elevation": 2123.0, "ELEVATION": 2123.0, "is_master": false, "tipo": "Ordinaria (1m)" }, "geometry": { "type": "LineString", "coordinates": [ [ -97.742276766254491, 18.486077455674778, 2123.0 ], [ -97.742275562599701, 18.486076157019276, 2123.0 ], [ -97.742278062498102, 18.486075082943298, 2123.0 ], [ -97.742278647898445, 18.486075538611896, 2123.0 ], [ -97.742276766254491, 18.486077455674778, 2123.0 ] ] } },
{ "type": "Feature", "properties": { "FID": 359, "elev": 2113.0, "elevation": 2113.0, "ELEVATION": 2113.0, "is_master": false, "tipo": "Ordinaria (1m)" }, "geometry": { "type": "LineString", "coordinates": [ [ -97.744193314291934, 18.486069354538085, 2113.0 ], [ -97.744191966198571, 18.486067572548393, 2113.0 ], [ -97.744190761239722, 18.486068736130704, 2113.0 ], [ -97.744191966198571, 18.486069867363717, 2113.0 ], [ -97.744193314291934, 18.486069354538085, 2113.0 ] ] } },
{ "type": "Feature", "properties": { "FID": 360, "elev": 2113.0, "elevation": 2113.0, "ELEVATION": 2113.0, "is_master": false, "tipo": "Ordinaria (1m)" }, "geometry": { "type": "LineString", "coordinates": [ [ -97.74421983543634, 18.486068852082088, 2113.0 ], [ -97.744218067831412, 18.486068117723324, 2113.0 ], [ -97.744218539192715, 18.486065153005583, 2113.0 ], [ -97.74421983543634, 18.486065114030328, 2113.0 ], [ -97.744220384296256, 18.486066262501179, 2113.0 ], [ -97.74421983543634, 18.486068852082088, 2113.0 ] ] } },
{ "type": "Feature", "properties": { "FID": 361, "elev": 2112.0, "elevation": 2112.0, "ELEVATION": 2112.0, "is_master": false, "tipo": "Ordinaria (1m)" }, "geometry": { "type": "LineString", "coordinates": [ [ -97.744433067511338, 18.486067499333672, 2112.0 ], [ -97.744432419389526, 18.486067764347677, 2112.0 ], [ -97.744432419352364, 18.48606688090856, 2112.0 ], [ -97.744432419439079, 18.48606688090856, 2112.0 ], [ -97.744433067511338, 18.486067499333672, 2112.0 ] ] } },
{ "type": "Feature", "properties": { "FID": 362, "elev": 2113.0, "elevation": 2113.0, "ELEVATION": 2113.0, "is_master": false, "tipo": "Ordinaria (1m)" }, "geometry": { "type": "LineString", "coordinates": [ [ -97.744303443149633, 18.486067439710411, 2113.0 ], [ -97.744302146906023, 18.486065568678264, 2113.0 ], [ -97.74430668375868, 18.486063352348797, 2113.0 ], [ -97.74430668375868, 18.486065211208633, 2113.0 ], [ -97.744303443149633, 18.486067439710411, 2113.0 ] ] } },
{ "type": "Feature", "properties": { "FID": 363, "elev": 2123.0, "elevation": 2123.0, "ELEVATION": 2123.0, "is_master": false, "tipo": "Ordinaria (1m)" }, "geometry": { "type": "LineString", "coordinates": [ [ -97.742210657830029, 18.486066342295679, 2123.0 ], [ -97.742196399150231, 18.486066316275735, 2123.0 ], [ -97.742191862297574, 18.486064407289167, 2123.0 ], [ -97.742189836916921, 18.486061933649513, 2123.0 ], [ -97.7421897790489, 18.486056986390462, 2123.0 ], [ -97.742191103069175, 18.486053275946176, 2123.0 ], [ -97.742195631375168, 18.486042763020698, 2123.0 ], [ -97.742199639756961, 18.486037815761652, 2123.0 ], [ -97.742206120977357, 18.486033472528415, 2123.0 ], [ -97.742222324022578, 18.486032406937674, 2123.0 ], [ -97.742228157118845, 18.486026864471448, 2123.0 ], [ -97.742231397727892, 18.486027204249488, 2123.0 ], [ -97.742238527067784, 18.486030509040596, 2123.0 ], [ -97.742241999148902, 18.48603039487308, 2123.0 ], [ -97.742244328803338, 18.486027302836174, 2123.0 ], [ -97.742246304529488, 18.486026900538899, 2123.0 ], [ -97.742250193260347, 18.486029860793977, 2123.0 ], [ -97.742250193260347, 18.486035110229359, 2123.0 ], [ -97.742255378234802, 18.486036559621656, 2123.0 ], [ -97.742258002337735, 18.486039670983793, 2123.0 ], [ -97.742258294782943, 18.486042144613318, 2123.0 ], [ -97.742256830921619, 18.486043999835463, 2123.0 ], [ -97.742250841382145, 18.486047724022132, 2123.0 ], [ -97.742244360164065, 18.486049428078029, 2123.0 ], [ -97.742235934580549, 18.486056367989836, 2123.0 ], [ -97.742230101484282, 18.486059540681818, 2123.0 ], [ -97.742210657830029, 18.486066342295679, 2123.0 ] ] } },
{ "type": "Feature", "properties": { "FID": 364, "elev": 2113.0, "elevation": 2113.0, "ELEVATION": 2113.0, "is_master": false, "tipo": "Ordinaria (1m)" }, "geometry": { "type": "LineString", "coordinates": [ [ -97.744291776957084, 18.486060462266433, 2113.0 ], [ -97.744291776957084, 18.486059680879766, 2113.0 ], [ -97.744292284182848, 18.486060078427368, 2113.0 ], [ -97.744291776957084, 18.486060462266433, 2113.0 ] ] } },
{ "type": "Feature", "properties": { "FID": 365, "elev": 2112.0, "elevation": 2112.0, "ELEVATION": 2112.0, "is_master": false, "tipo": "Ordinaria (1m)" }, "geometry": { "type": "LineString", "coordinates": [ [ -97.744458851487622, 18.486058223205227, 2112.0 ], [ -97.744460483063833, 18.486054512760941, 2112.0 ], [ -97.744456399896436, 18.486051049679606, 2112.0 ], [ -97.744455233277179, 18.486052039131415, 2112.0 ], [ -97.744456285039405, 18.486056986390462, 2112.0 ], [ -97.74445769614006, 18.486058825338727, 2112.0 ], [ -97.744458851487622, 18.486058223205227, 2112.0 ] ] } },
{ "type": "Feature", "properties": { "FID": 366, "elev": 2113.0, "elevation": 2113.0, "ELEVATION": 2113.0, "is_master": false, "tipo": "Ordinaria (1m)" }, "geometry": { "type": "LineString", "coordinates": [ [ -97.744261963353892, 18.486046473471433, 2113.0 ], [ -97.744256778379423, 18.486046633792824, 2113.0 ], [ -97.74425352156733, 18.486044618242843, 2113.0 ], [ -97.744251902034392, 18.486040289391173, 2113.0 ], [ -97.744252241523725, 18.486037815761652, 2113.0 ], [ -97.744253787047995, 18.486035960539507, 2113.0 ], [ -97.744258074623033, 18.486035016654558, 2113.0 ], [ -97.744260667110268, 18.486039530436663, 2113.0 ], [ -97.744263907719315, 18.486039538467928, 2113.0 ], [ -97.744265203962939, 18.486037703323944, 2113.0 ], [ -97.74426704030806, 18.486037815761652, 2113.0 ], [ -97.744266540714165, 18.486043381428079, 2113.0 ], [ -97.744263259597503, 18.486046355673103, 2113.0 ], [ -97.744261963353892, 18.486046473471433, 2113.0 ] ] } },
{ "type": "Feature", "properties": { "FID": 367, "elev": 2113.0, "elevation": 2113.0, "ELEVATION": 2113.0, "is_master": false, "tipo": "Ordinaria (1m)" }, "geometry": { "type": "LineString", "coordinates": [ [ -97.744337793605482, 18.486034787151144, 2113.0 ], [ -97.744333807656361, 18.486034723724746, 2113.0 ], [ -97.74433264463778, 18.486032868502601, 2113.0 ], [ -97.744333333910177, 18.48603101328046, 2113.0 ], [ -97.744339737970904, 18.486028825347912, 2113.0 ], [ -97.744343640491593, 18.48603039487308, 2113.0 ], [ -97.744342978579951, 18.486033458800556, 2113.0 ], [ -97.744339737970904, 18.48603340960906, 2113.0 ], [ -97.744337793605482, 18.486034787151144, 2113.0 ] ] } },
{ "type": "Feature", "properties": { "FID": 368, "elev": 2121.0, "elevation": 2121.0, "ELEVATION": 2121.0, "is_master": false, "tipo": "Ordinaria (1m)" }, "geometry": { "type": "LineString", "coordinates": [ [ -97.742924888062973, 18.486018106519957, 2121.0 ], [ -97.742923169131231, 18.486017408318077, 2121.0 ], [ -97.742924888062973, 18.486015120210766, 2121.0 ], [ -97.742925718804742, 18.486016171503312, 2121.0 ], [ -97.742924888062973, 18.486018106519957, 2121.0 ] ] } },
{ "type": "Feature", "properties": { "FID": 369, "elev": 2124.0, "elevation": 2124.0, "ELEVATION": 2124.0, "is_master": false, "tipo": "Ordinaria (1m)" }, "geometry": { "type": "LineString", "coordinates": [ [ -97.742475091527879, 18.486008193034316, 2124.0 ], [ -97.742472516557456, 18.486007513799979, 2124.0 ], [ -97.742472125124223, 18.486005658577835, 2124.0 ], [ -97.742473147162457, 18.486004526169513, 2124.0 ], [ -97.742475604624317, 18.486005040170454, 2124.0 ], [ -97.742476063710598, 18.486006895392599, 2124.0 ], [ -97.742475091527879, 18.486008193034316, 2124.0 ] ] } },
{ "type": "Feature", "properties": { "FID": 370, "elev": 2114.0, "elevation": 2114.0, "ELEVATION": 2114.0, "is_master": false, "tipo": "Ordinaria (1m)" }, "geometry": { "type": "LineString", "coordinates": [ [ -97.744149467925709, 18.486005040170454, 2114.0 ], [ -97.744151782646455, 18.486003384434564, 2114.0 ], [ -97.744153078890065, 18.486000092875948, 2114.0 ], [ -97.74415696762091, 18.486000344855153, 2114.0 ], [ -97.744158424074413, 18.485998856096643, 2114.0 ], [ -97.744158263859731, 18.485997619281882, 2114.0 ], [ -97.744155023255487, 18.485996973389728, 2114.0 ], [ -97.744153078890065, 18.485998856132102, 2114.0 ], [ -97.744148542037408, 18.485998753028746, 2114.0 ], [ -97.744147245793783, 18.485999651191847, 2114.0 ], [ -97.74414655716437, 18.486003803355693, 2114.0 ], [ -97.744147893915596, 18.486005075010308, 2114.0 ], [ -97.744149467925709, 18.486005040170454, 2114.0 ] ] } },
{ "type": "Feature", "properties": { "FID": 371, "elev": 2125.0, "elevation": 2125.0, "ELEVATION": 2125.0, "is_master": true, "tipo": "Maestra (5m)" }, "geometry": { "type": "LineString", "coordinates": [ [ -97.742397432646911, 18.486000092911407, 2125.0 ], [ -97.742397974610824, 18.485997619281882, 2125.0 ], [ -97.742395372545445, 18.485996553906791, 2125.0 ], [ -97.742394395798485, 18.485998856096643, 2125.0 ], [ -97.742396020667243, 18.486000361784178, 2125.0 ], [ -97.742397432646911, 18.486000092911407, 2125.0 ] ] } },
{ "type": "Feature", "properties": { "FID": 372, "elev": 2112.0, "elevation": 2112.0, "ELEVATION": 2112.0, "is_master": false, "tipo": "Ordinaria (1m)" }, "geometry": { "type": "LineString", "coordinates": [ [ -97.744350107919843, 18.485993313334191, 2112.0 ], [ -97.74434686731081, 18.485993327909448, 2112.0 ], [ -97.74434689272735, 18.48599081680069, 2112.0 ], [ -97.744350107919843, 18.485990770330773, 2112.0 ], [ -97.744350107919843, 18.485993313334191, 2112.0 ] ] } },
{ "type": "Feature", "properties": { "FID": 373, "elev": 2122.0, "elevation": 2122.0, "ELEVATION": 2122.0, "is_master": false, "tipo": "Ordinaria (1m)" }, "geometry": { "type": "LineString", "coordinates": [ [ -97.742833526035184, 18.48599081680069, 2122.0 ], [ -97.742834042989486, 18.485988343171165, 2122.0 ], [ -97.742831558522553, 18.485987693843416, 2122.0 ], [ -97.742831096981263, 18.48599019839331, 2122.0 ], [ -97.742833526035184, 18.48599081680069, 2122.0 ] ] } },
{ "type": "Feature", "properties": { "FID": 374, "elev": 2125.0, "elevation": 2125.0, "ELEVATION": 2125.0, "is_master": true, "tipo": "Maestra (5m)" }, "geometry": { "type": "LineString", "coordinates": [ [ -97.741947520375774, 18.485982878962197, 2125.0 ], [ -97.741940391035882, 18.485982121618118, 2125.0 ], [ -97.741935854183225, 18.485978546812969, 2125.0 ], [ -97.741929490805461, 18.485968554134971, 2125.0 ], [ -97.741929372965132, 18.485965771301757, 2125.0 ], [ -97.741935206061413, 18.485964677776511, 2125.0 ], [ -97.741943631644929, 18.485965360719806, 2125.0 ], [ -97.741952124275514, 18.485969172542351, 2125.0 ], [ -97.741956019609489, 18.485974119801401, 2125.0 ], [ -97.741955999969434, 18.485977830245687, 2125.0 ], [ -97.741954001593854, 18.485980340979655, 2125.0 ], [ -97.741947520375774, 18.485982878962197, 2125.0 ] ] } },
{ "type": "Feature", "properties": { "FID": 375, "elev": 2113.0, "elevation": 2113.0, "ELEVATION": 2113.0, "is_master": false, "tipo": "Ordinaria (1m)" }, "geometry": { "type": "LineString", "coordinates": [ [ -97.744355185618986, 18.485959278024257, 2113.0 ], [ -97.744356601884647, 18.485958041209493, 2113.0 ], [ -97.744356620475685, 18.485956185987352, 2113.0 ], [ -97.74435334852889, 18.485955659060352, 2113.0 ], [ -97.744352315118078, 18.485958041209493, 2113.0 ], [ -97.744353996650702, 18.485959732735566, 2113.0 ], [ -97.744355185618986, 18.485959278024257, 2113.0 ] ] } },
{ "type": "Feature", "properties": { "FID": 376, "elev": 2126.0, "elevation": 2126.0, "ELEVATION": 2126.0, "is_master": false, "tipo": "Ordinaria (1m)" }, "geometry": { "type": "LineString", "coordinates": [ [ -97.742125753867157, 18.485932686506871, 2126.0 ], [ -97.742130938847581, 18.485931404717025, 2126.0 ], [ -97.742135475700238, 18.485929027596534, 2126.0 ], [ -97.742149734380021, 18.485915968183189, 2126.0 ], [ -97.742168529912476, 18.485909805427323, 2126.0 ], [ -97.742174304088579, 18.485906094989485, 2126.0 ], [ -97.742177571211698, 18.485902384545199, 2126.0 ], [ -97.742180076714163, 18.485894963656627, 2126.0 ], [ -97.742179634399463, 18.485888161175435, 2126.0 ], [ -97.742174363008743, 18.485880245560956, 2126.0 ], [ -97.742167881790664, 18.485875152534454, 2126.0 ], [ -97.742154271232678, 18.485869566305215, 2126.0 ], [ -97.742147141892787, 18.485868232498863, 2126.0 ], [ -97.74213742006566, 18.485868188907421, 2126.0 ], [ -97.742110847071515, 18.485875269760029, 2126.0 ], [ -97.742085570320981, 18.485878266728253, 2126.0 ], [ -97.742079737224714, 18.485881358765159, 2126.0 ], [ -97.74206677478854, 18.485881215984847, 2126.0 ], [ -97.742062886057681, 18.485883125572474, 2126.0 ], [ -97.742058969147621, 18.48588692436067, 2126.0 ], [ -97.742057276451689, 18.485891871619721, 2126.0 ], [ -97.742057602455986, 18.485896818878768, 2126.0 ], [ -97.742059645448649, 18.485900628268237, 2126.0 ], [ -97.742064026752075, 18.485904858174724, 2126.0 ], [ -97.742068719153963, 18.485906036093542, 2126.0 ], [ -97.742072607884808, 18.485905584131213, 2126.0 ], [ -97.742074552250244, 18.48590430160808, 2126.0 ], [ -97.742074471235014, 18.485903002952579, 2126.0 ], [ -97.742071862030357, 18.485900529323054, 2126.0 ], [ -97.742072381042178, 18.485895582064007, 2126.0 ], [ -97.742081681590136, 18.485891253141425, 2126.0 ], [ -97.742083626029881, 18.485892490027101, 2126.0 ], [ -97.742086218442793, 18.485896818831488, 2126.0 ], [ -97.74209057650323, 18.485915989507582, 2126.0 ], [ -97.742093251764643, 18.485921555174009, 2126.0 ], [ -97.742095799373871, 18.485924028803534, 2126.0 ], [ -97.742101125244389, 18.485926583094891, 2126.0 ], [ -97.742105662097046, 18.485930762572796, 2126.0 ], [ -97.742109550827891, 18.485932137919676, 2126.0 ], [ -97.742116680167797, 18.48593303693772, 2126.0 ], [ -97.742125753867157, 18.485932686506871, 2126.0 ] ] } },
{ "type": "Feature", "properties": { "FID": 377, "elev": 2123.0, "elevation": 2123.0, "ELEVATION": 2123.0, "is_master": false, "tipo": "Ordinaria (1m)" }, "geometry": { "type": "LineString", "coordinates": [ [ -97.742748598931072, 18.485928549067012, 2123.0 ], [ -97.742747734768656, 18.48592712084044, 2123.0 ], [ -97.742749895174683, 18.485926502426892, 2123.0 ], [ -97.742749761080518, 18.485927739247821, 2123.0 ], [ -97.742748598931072, 18.485928549067012, 2123.0 ] ] } },
{ "type": "Feature", "properties": { "FID": 378, "elev": 2115.0, "elevation": 2115.0, "ELEVATION": 2115.0, "is_master": true, "tipo": "Maestra (5m)" }, "geometry": { "type": "LineString", "coordinates": [ [ -97.744033401789167, 18.48582322840042, 2115.0 ], [ -97.744034472599111, 18.485822288421204, 2115.0 ], [ -97.744034472599111, 18.485820401395252, 2115.0 ], [ -97.744033176355501, 18.485818841050758, 2115.0 ], [ -97.744031231990064, 18.485818947118553, 2115.0 ], [ -97.744030185024073, 18.485821991585659, 2115.0 ], [ -97.744031231990064, 18.485823259844864, 2115.0 ], [ -97.744033401789167, 18.48582322840042, 2115.0 ] ] } },
{ "type": "Feature", "properties": { "FID": 379, "elev": 2117.0, "elevation": 2117.0, "ELEVATION": 2117.0, "is_master": false, "tipo": "Ordinaria (1m)" }, "geometry": { "type": "LineString", "coordinates": [ [ -97.74382907874724, 18.485778084661604, 2117.0 ], [ -97.7438311243817, 18.485775611032079, 2117.0 ], [ -97.743829666107629, 18.485773905994588, 2117.0 ], [ -97.74382448113316, 18.485772966353707, 2117.0 ], [ -97.743823349338356, 18.485773755809937, 2117.0 ], [ -97.743823184894666, 18.485776847846843, 2117.0 ], [ -97.74382448113316, 18.485778218371308, 2117.0 ], [ -97.74382907874724, 18.485778084661604, 2117.0 ] ] } },
{ "type": "Feature", "properties": { "FID": 380, "elev": 2110.0, "elevation": 2110.0, "ELEVATION": 2110.0, "is_master": true, "tipo": "Maestra (5m)" }, "geometry": { "type": "LineString", "coordinates": [ [ -97.744964632902494, 18.486297546861696, 2110.0 ], [ -97.744952721067293, 18.486226430012874, 2110.0 ], [ -97.744949458562246, 18.486197983273346, 2110.0 ], [ -97.744947818003922, 18.486172628570721, 2110.0 ], [ -97.744945170156285, 18.486159642015721, 2110.0 ], [ -97.744939898755661, 18.486144800238574, 2110.0 ], [ -97.744932147228738, 18.486129958461429, 2110.0 ], [ -97.744924391851185, 18.486118208721187, 2110.0 ], [ -97.74491402018765, 18.48610769579571, 2110.0 ], [ -97.744908140796952, 18.486104541918067, 2110.0 ], [ -97.744902955822482, 18.486103215054509, 2110.0 ], [ -97.744887400899088, 18.486103515957868, 2110.0 ], [ -97.744883512168229, 18.486102798009252, 2110.0 ], [ -97.744873790341103, 18.486098289493967, 2110.0 ], [ -97.744861476026742, 18.486095474112997, 2110.0 ], [ -97.744847217346958, 18.486090466278956, 2110.0 ], [ -97.744837495519832, 18.486091874553459, 2110.0 ], [ -97.744834254910785, 18.486091321612854, 2110.0 ], [ -97.744832310545362, 18.486092863569258, 2110.0 ], [ -97.744827125570893, 18.486093960280659, 2110.0 ], [ -97.74481416313472, 18.486094099363083, 2110.0 ], [ -97.744808330038452, 18.486090844194578, 2110.0 ], [ -97.744806466688246, 18.486086669944754, 2110.0 ], [ -97.744802975988719, 18.486085433129993, 2110.0 ], [ -97.744800705075988, 18.486082959500468, 2110.0 ], [ -97.744801744902091, 18.486077393834037, 2110.0 ], [ -97.744803498207276, 18.486074920204516, 2110.0 ], [ -97.744802326810202, 18.486070591352846, 2110.0 ], [ -97.744795367602279, 18.486067942863304, 2110.0 ], [ -97.744788238262387, 18.486068835248265, 2110.0 ], [ -97.74478328475999, 18.486065644093799, 2110.0 ], [ -97.744779812678871, 18.486064950727947, 2110.0 ], [ -97.744775756198848, 18.486060078427368, 2110.0 ], [ -97.744775365664879, 18.486056367983082, 2110.0 ], [ -97.744772566822704, 18.486051420724035, 2110.0 ], [ -97.744770184658847, 18.48604894709451, 2110.0 ], [ -97.74476563853672, 18.486046473464985, 2110.0 ], [ -97.744761777443159, 18.486040289391173, 2110.0 ], [ -97.744755184050149, 18.486036279306198, 2110.0 ], [ -97.744746777529045, 18.486041526205938, 2110.0 ], [ -97.744746661248371, 18.486045236650224, 2110.0 ], [ -97.744748280143924, 18.486048328687129, 2110.0 ], [ -97.744746214044326, 18.486051420724035, 2110.0 ], [ -97.744739629126741, 18.486054642951967, 2110.0 ], [ -97.744734444152286, 18.486054636442415, 2110.0 ], [ -97.74472601856877, 18.486052084380734, 2110.0 ], [ -97.744697501209203, 18.486037922383613, 2110.0 ], [ -97.744683890651217, 18.48603272657304, 2110.0 ], [ -97.744674168824091, 18.486030847366283, 2110.0 ], [ -97.74465537329165, 18.486031186127242, 2110.0 ], [ -97.744645651464523, 18.486028507525877, 2110.0 ], [ -97.744633337150162, 18.486021793388595, 2110.0 ], [ -97.744624231038742, 18.486011842651646, 2110.0 ], [ -97.744619577598655, 18.486000711318788, 2110.0 ], [ -97.744618898870343, 18.485991435208071, 2110.0 ], [ -97.744624812700607, 18.485972882986641, 2110.0 ], [ -97.74463268902835, 18.485959816637134, 2110.0 ], [ -97.744639818368242, 18.485953641682698, 2110.0 ], [ -97.744647595829946, 18.485950001910584, 2110.0 ], [ -97.74465666953526, 18.485948011414781, 2110.0 ], [ -97.744674168824091, 18.48594642242611, 2110.0 ], [ -97.744687131260264, 18.485942650704672, 2110.0 ], [ -97.744695001310788, 18.485938252173298, 2110.0 ], [ -97.744703390663886, 18.485928976062585, 2110.0 ], [ -97.744707961175052, 18.485919081544488, 2110.0 ], [ -97.744710576362195, 18.485909805433771, 2110.0 ], [ -97.744711949339973, 18.485900529323054, 2110.0 ], [ -97.744711634446048, 18.485879503472098, 2110.0 ], [ -97.744718201826956, 18.485867135324476, 2110.0 ], [ -97.744718362251334, 18.485859096028523, 2110.0 ], [ -97.744716421915385, 18.485854148769477, 2110.0 ], [ -97.744713056132596, 18.4858507073406, 2110.0 ], [ -97.744711111767174, 18.485854656103687, 2110.0 ], [ -97.744709167401751, 18.485856185988244, 2110.0 ], [ -97.744705361763437, 18.485854767176857, 2110.0 ], [ -97.744705034096626, 18.485852293547332, 2110.0 ], [ -97.744707907164894, 18.485849201510426, 2110.0 ], [ -97.744707871150311, 18.485847346288285, 2110.0 ], [ -97.744700093688607, 18.485838688584948, 2110.0 ], [ -97.744696822224441, 18.485828175659471, 2110.0 ], [ -97.744697388492355, 18.485821373178279, 2110.0 ], [ -97.74470054456377, 18.485814570697087, 2110.0 ], [ -97.744699445574625, 18.485809741229922, 2110.0 ], [ -97.74469685308739, 18.485808279074167, 2110.0 ], [ -97.744676761311325, 18.485806580873724, 2110.0 ], [ -97.74466568432041, 18.485800965734704, 2110.0 ], [ -97.744652049053983, 18.485787360772321, 2110.0 ], [ -97.744642410855477, 18.485774745261747, 2110.0 ], [ -97.744633441685934, 18.485767571736126, 2110.0 ], [ -97.744621670957599, 18.485760793348728, 2110.0 ], [ -97.744610166795496, 18.485752111551601, 2110.0 ], [ -97.744591857354408, 18.485731085704188, 2110.0 ], [ -97.744584728014516, 18.485726196417286, 2110.0 ], [ -97.744565932482075, 18.485716904021263, 2110.0 ], [ -97.744552119386029, 18.485706967812781, 2110.0 ], [ -97.744547905907709, 18.485702020553735, 2110.0 ], [ -97.744545808567736, 18.485697691702065, 2110.0 ], [ -97.744544385929004, 18.485691507628257, 2110.0 ], [ -97.744544389278303, 18.485684086739681, 2110.0 ], [ -97.744547027000394, 18.485676665851109, 2110.0 ], [ -97.744551585422045, 18.485672336999443, 2110.0 ], [ -97.744558803142183, 18.485669289469129, 2110.0 ], [ -97.744565932482075, 18.485663213581908, 2110.0 ], [ -97.744574358065577, 18.485661428516089, 2110.0 ], [ -97.744590561110797, 18.485662289698347, 2110.0 ], [ -97.744600931059736, 18.485664820538819, 2110.0 ], [ -97.744604282913556, 18.485668008147776, 2110.0 ], [ -97.744608708521426, 18.485676734563043, 2110.0 ], [ -97.744612597252285, 18.485680447505942, 2110.0 ], [ -97.744617782226754, 18.485682926541763, 2110.0 ], [ -97.744635929637383, 18.485681140715631, 2110.0 ], [ -97.744641114611852, 18.485679194045993, 2110.0 ], [ -97.744643707099087, 18.485676774490244, 2110.0 ], [ -97.744645540989211, 18.485672336999443, 2110.0 ], [ -97.744645127640041, 18.485669863369917, 2110.0 ], [ -97.744642379239778, 18.485665534518251, 2110.0 ], [ -97.744642437860549, 18.48565996885182, 2110.0 ], [ -97.744661724885361, 18.485630285297532, 2110.0 ], [ -97.744658644763632, 18.485613588298243, 2110.0 ], [ -97.744659103298787, 18.485609259446573, 2110.0 ], [ -97.744661086997056, 18.485605549002287, 2110.0 ], [ -97.744668335727809, 18.485599983333643, 2110.0 ], [ -97.744681946285795, 18.485594994849652, 2110.0 ], [ -97.744687131260264, 18.485592053492539, 2110.0 ], [ -97.74470082491078, 18.485579575892285, 2110.0 ], [ -97.744708535282953, 18.485567826152042, 2110.0 ], [ -97.744721389127278, 18.485539379412515, 2110.0 ], [ -97.744732467380757, 18.485520827191081, 2110.0 ], [ -97.744742869735788, 18.485507708120213, 2110.0 ], [ -97.744778564444275, 18.485468880971073, 2110.0 ], [ -97.744792126983938, 18.485452802379164, 2110.0 ], [ -97.744802496932877, 18.485438579009401, 2110.0 ], [ -97.744812914900123, 18.485420645195351, 2110.0 ], [ -97.744822027012674, 18.485398382529631, 2110.0 ], [ -97.744831176332198, 18.485361896494148, 2110.0 ], [ -97.744848648615957, 18.485267280164848, 2110.0 ], [ -97.744853536534592, 18.485228320499839, 2110.0 ], [ -97.744857454347823, 18.485215333944836, 2110.0 ], [ -97.744861453677714, 18.485207913056264, 2110.0 ], [ -97.744865364757601, 18.485204110996069, 2110.0 ], [ -97.744875086584727, 18.485204297191931, 2110.0 ], [ -97.744882215924619, 18.485200379419386, 2110.0 ], [ -97.744888236256074, 18.485199873760312, 2110.0 ], [ -97.744889993386323, 18.48519670810348, 2110.0 ], [ -97.744896535365825, 18.485195544908642, 2110.0 ], [ -97.744901659578872, 18.485190117333183, 2110.0 ], [ -97.744902586426633, 18.485187505612689, 2110.0 ], [ -97.744902307700684, 18.485186086913405, 2110.0 ], [ -97.744896393589173, 18.485179466316737, 2110.0 ], [ -97.744896474604403, 18.48517448650993, 2110.0 ], [ -97.74489971521345, 18.485170921051107, 2110.0 ], [ -97.744905548309717, 18.485168189476259, 2110.0 ], [ -97.744915270136843, 18.485168480700558, 2110.0 ], [ -97.74491714347522, 18.485167716576495, 2110.0 ], [ -97.744917273422445, 18.485165861354353, 2110.0 ], [ -97.744915918258656, 18.485164236724792, 2110.0 ], [ -97.744912029527811, 18.48516450631465, 2110.0 ], [ -97.744906785633177, 18.485161532502683, 2110.0 ], [ -97.744903603944294, 18.485158440478674, 2110.0 ], [ -97.74490027879763, 18.48515225639197, 2110.0 ], [ -97.744899895247286, 18.485148545947684, 2110.0 ], [ -97.744900881832706, 18.485139888244348, 2110.0 ], [ -97.74490504833004, 18.485128138504109, 2110.0 ], [ -97.744911247311833, 18.485101546986723, 2110.0 ], [ -97.744915338360201, 18.485092270876006, 2110.0 ], [ -97.744915750227079, 18.4850891788391, 2110.0 ], [ -97.744913824326659, 18.485082994765289, 2110.0 ], [ -97.744913473913556, 18.485077429098862, 2110.0 ], [ -97.744909285812156, 18.485065060951239, 2110.0 ], [ -97.744909290690487, 18.485055784840522, 2110.0 ], [ -97.744912594020988, 18.485044653507664, 2110.0 ], [ -97.744920527124847, 18.485026719693614, 2110.0 ], [ -97.744928784676787, 18.485001364990989, 2110.0 ], [ -97.744945788714631, 18.484962405325984, 2110.0 ], [ -97.744951606772432, 18.484946326734075, 2110.0 ], [ -97.744956281290669, 18.484929629734786, 2110.0 ], [ -97.744957873343722, 18.484909840698592, 2110.0 ], [ -97.744959911716009, 18.484901801402639, 2110.0 ], [ -97.744971681661951, 18.484881393959064, 2110.0 ], [ -97.744979495921768, 18.484870881033586, 2110.0 ], [ -97.744978570033481, 18.484864696959775, 2110.0 ], [ -97.74498025907819, 18.48486160492287, 2110.0 ], [ -97.744980649424278, 18.484854184034297, 2110.0 ], [ -97.744981924348096, 18.484851710404772, 2110.0 ], [ -97.744987163048449, 18.484846144738341, 2110.0 ], [ -97.744991100388447, 18.484843877244611, 2110.0 ], [ -97.744993622980189, 18.484838723849769, 2110.0 ], [ -97.745003414702808, 18.484827478349395, 2110.0 ], [ -97.745007951555465, 18.484823332377175, 2110.0 ], [ -97.745017673382591, 18.484817203272911, 2110.0 ], [ -97.745026232294009, 18.484805329851191, 2110.0 ], [ -97.745026098966093, 18.484802113526531, 2110.0 ], [ -97.745018969626202, 18.484796884530191, 2110.0 ], [ -97.745016377138967, 18.484793315079219, 2110.0 ], [ -97.74501184028631, 18.484791173216038, 2110.0 ], [ -97.745006536489512, 18.484791724888808, 2110.0 ], [ -97.745005311059202, 18.484790488074047, 2110.0 ], [ -97.74500535906823, 18.484787909431947, 2110.0 ], [ -97.74500665531184, 18.484786896554258, 2110.0 ], [ -97.745014432773544, 18.484788683679909, 2110.0 ], [ -97.745020265869826, 18.484787837756699, 2110.0 ], [ -97.74502425011336, 18.484785540815, 2110.0 ], [ -97.745026784479549, 18.48477997514857, 2110.0 ], [ -97.74502804333153, 18.484779275266348, 2110.0 ], [ -97.745033228305999, 18.48478017437775, 2110.0 ], [ -97.745042950133126, 18.484778617841826, 2110.0 ], [ -97.745051375716628, 18.484778738332416, 2110.0 ], [ -97.745055264447487, 18.484775738814541, 2110.0 ], [ -97.745057196920769, 18.484772554259997, 2110.0 ], [ -97.745058666340299, 18.484766988593567, 2110.0 ], [ -97.745058013485874, 18.484758949297614, 2110.0 ], [ -97.745055912569285, 18.484753143840567, 2110.0 ], [ -97.745051261342198, 18.484747199557372, 2110.0 ], [ -97.745050012425935, 18.4847397786688, 2110.0 ], [ -97.74505407087662, 18.484733594594989, 2110.0 ], [ -97.74505835028117, 18.484713805558794, 2110.0 ], [ -97.745063763403266, 18.484701437411175, 2110.0 ], [ -97.745081996165339, 18.484650728005928, 2110.0 ], [ -97.745089079498356, 18.484622281266397, 2110.0 ], [ -97.745093038315957, 18.48459507134163, 2110.0 ] ] } },
{ "type": "Feature", "properties": { "FID": 381, "elev": 2117.0, "elevation": 2117.0, "ELEVATION": 2117.0, "is_master": false, "tipo": "Ordinaria (1m)" }, "geometry": { "type": "LineString", "coordinates": [ [ -97.74382711412801, 18.485766953328746, 2117.0 ], [ -97.743827522886647, 18.485765716513985, 2117.0 ], [ -97.743826425498582, 18.485764788902912, 2117.0 ], [ -97.743825207476561, 18.485765716513985, 2117.0 ], [ -97.74382711412801, 18.485766953328746, 2117.0 ] ] } },
{ "type": "Feature", "properties": { "FID": 382, "elev": 2117.0, "elevation": 2117.0, "ELEVATION": 2117.0, "is_master": false, "tipo": "Ordinaria (1m)" }, "geometry": { "type": "LineString", "coordinates": [ [ -97.743685783066141, 18.485742636292745, 2117.0 ], [ -97.743683190578906, 18.4857428199807, 2117.0 ], [ -97.743678086619667, 18.485735414552313, 2117.0 ], [ -97.743677987236623, 18.485731704108023, 2117.0 ], [ -97.743680598091672, 18.485729207432264, 2117.0 ], [ -97.743683190578906, 18.485729088760142, 2117.0 ], [ -97.743685783066141, 18.485730363067301, 2117.0 ], [ -97.743689176534104, 18.485734796144929, 2117.0 ], [ -97.743688427403129, 18.485740361811359, 2117.0 ], [ -97.743685783066141, 18.485742636292745, 2117.0 ] ] } },
{ "type": "Feature", "properties": { "FID": 383, "elev": 2125.0, "elevation": 2125.0, "ELEVATION": 2125.0, "is_master": true, "tipo": "Maestra (5m)" }, "geometry": { "type": "LineString", "coordinates": [ [ -97.742448518533735, 18.485717241354759, 2125.0 ], [ -97.742447870411922, 18.48571516171058, 2125.0 ], [ -97.742449206539959, 18.485715625516118, 2125.0 ], [ -97.742448518533735, 18.485717241354759, 2125.0 ] ] } },
{ "type": "Feature", "properties": { "FID": 384, "elev": 2113.0, "elevation": 2113.0, "ELEVATION": 2113.0, "is_master": false, "tipo": "Ordinaria (1m)" }, "geometry": { "type": "LineString", "coordinates": [ [ -97.744153727011877, 18.485696547648413, 2113.0 ], [ -97.74415048640283, 18.485696903128897, 2113.0 ], [ -97.744147245793783, 18.485695916446396, 2113.0 ], [ -97.744145202335361, 18.485693362850398, 2113.0 ], [ -97.744145238336856, 18.485690889220873, 2113.0 ], [ -97.744153078890065, 18.485686921106847, 2113.0 ], [ -97.7441556713773, 18.485680819487353, 2113.0 ], [ -97.744159560108145, 18.485679410468137, 2113.0 ], [ -97.74416168382804, 18.48568223151754, 2113.0 ], [ -97.744161603423464, 18.485687797183971, 2113.0 ], [ -97.744156319499112, 18.485694678443171, 2113.0 ], [ -97.744153727011877, 18.485696547648413, 2113.0 ] ] } },
{ "type": "Feature", "properties": { "FID": 385, "elev": 2117.0, "elevation": 2117.0, "ELEVATION": 2117.0, "is_master": false, "tipo": "Ordinaria (1m)" }, "geometry": { "type": "LineString", "coordinates": [ [ -97.743811014602258, 18.485692744443018, 2117.0 ], [ -97.743816055543931, 18.485687797183971, 2117.0 ], [ -97.743818163307125, 18.48568223151754, 2117.0 ], [ -97.74381819647661, 18.48567728425849, 2117.0 ], [ -97.743819744858413, 18.485671100184682, 2117.0 ], [ -97.743818648036878, 18.485669244980269, 2117.0 ], [ -97.743815407427846, 18.485668431268614, 2117.0 ], [ -97.743808278087954, 18.485669038826742, 2117.0 ], [ -97.74380050062625, 18.48567110020241, 2117.0 ], [ -97.743797821722765, 18.485673573814204, 2117.0 ], [ -97.743796412473301, 18.48567728425849, 2117.0 ], [ -97.743796611895391, 18.485682612075927, 2117.0 ], [ -97.743798556260828, 18.485685518840988, 2117.0 ], [ -97.743799852504438, 18.485683468330183, 2117.0 ], [ -97.743801475532166, 18.485684086739681, 2117.0 ], [ -97.743800214246846, 18.485686560369206, 2117.0 ], [ -97.743803103320118, 18.485689033998732, 2117.0 ], [ -97.743803491957664, 18.485692126035637, 2117.0 ], [ -97.743807629966142, 18.485693259782501, 2117.0 ], [ -97.743811014602258, 18.485692744443018, 2117.0 ] ] } },
{ "type": "Feature", "properties": { "FID": 386, "elev": 2117.0, "elevation": 2117.0, "ELEVATION": 2117.0, "is_master": false, "tipo": "Ordinaria (1m)" }, "geometry": { "type": "LineString", "coordinates": [ [ -97.743804389357095, 18.485681715403111, 2117.0 ], [ -97.743802426734717, 18.485680994702779, 2117.0 ], [ -97.743803093113485, 18.485678655509641, 2117.0 ], [ -97.743808278087954, 18.485676565568831, 2117.0 ], [ -97.743810060422916, 18.48567728425849, 2117.0 ], [ -97.743808926209752, 18.485678955795272, 2117.0 ], [ -97.743804389357095, 18.485681715403111, 2117.0 ] ] } },
{ "type": "Feature", "properties": { "FID": 387, "elev": 2113.0, "elevation": 2113.0, "ELEVATION": 2113.0, "is_master": false, "tipo": "Ordinaria (1m)" }, "geometry": { "type": "LineString", "coordinates": [ [ -97.744200391782087, 18.485658820380969, 2113.0 ], [ -97.744193262442195, 18.485658855718537, 2113.0 ], [ -97.744186133102303, 18.485655728344067, 2113.0 ], [ -97.744182136351142, 18.485651311148487, 2113.0 ], [ -97.744180148777602, 18.485645127074676, 2113.0 ], [ -97.744180809244583, 18.485637087778723, 2113.0 ], [ -97.74418478500894, 18.485626574853242, 2113.0 ], [ -97.744187429345914, 18.485624101219145, 2113.0 ], [ -97.744191750157967, 18.48562348281634, 2113.0 ], [ -97.74419715117304, 18.485618722953465, 2113.0 ], [ -97.744198447416665, 18.48561818329992, 2113.0 ], [ -97.744201688025697, 18.485620784311404, 2113.0 ], [ -97.744204928634744, 18.485621108131994, 2113.0 ], [ -97.744206278888512, 18.485620390779435, 2113.0 ], [ -97.744207521121979, 18.485616910440218, 2113.0 ], [ -97.744210761731026, 18.485618123285704, 2113.0 ], [ -97.744214650461871, 18.485617326640604, 2113.0 ], [ -97.744220483558152, 18.485610827551003, 2113.0 ], [ -97.744223076045387, 18.485610202140752, 2113.0 ], [ -97.744225668532621, 18.48560802263091, 2113.0 ], [ -97.744232149750701, 18.485607657209268, 2113.0 ], [ -97.744234094116123, 18.48560800614095, 2113.0 ], [ -97.744237822816899, 18.485611114668718, 2113.0 ], [ -97.744238288904498, 18.485614206705623, 2113.0 ], [ -97.744241223456015, 18.485617271855251, 2113.0 ], [ -97.744249649039531, 18.48561494016554, 2113.0 ], [ -97.744251163186163, 18.485617298742529, 2113.0 ], [ -97.744255482135813, 18.485618130920361, 2113.0 ], [ -97.744257426501235, 18.485622150861978, 2113.0 ], [ -97.74426001898847, 18.485619735725688, 2113.0 ], [ -97.744265203962939, 18.485618966568495, 2113.0 ], [ -97.744269092693784, 18.485619786426767, 2113.0 ], [ -97.744270671452043, 18.485621627594195, 2113.0 ], [ -97.744271037059207, 18.485627605532212, 2113.0 ], [ -97.744270324125225, 18.485629666890148, 2113.0 ], [ -97.744267148328362, 18.485632697086317, 2113.0 ], [ -97.744231501628889, 18.485634423870003, 2113.0 ], [ -97.744219673405894, 18.485637706186104, 2113.0 ], [ -97.744216594864454, 18.485640179815629, 2113.0 ], [ -97.744207521138492, 18.485654403185393, 2113.0 ], [ -97.744203724979954, 18.485657495222299, 2113.0 ], [ -97.744200391782087, 18.485658820380969, 2113.0 ] ] } },
{ "type": "Feature", "properties": { "FID": 388, "elev": 2117.0, "elevation": 2117.0, "ELEVATION": 2117.0, "is_master": false, "tipo": "Ordinaria (1m)" }, "geometry": { "type": "LineString", "coordinates": [ [ -97.743849952320232, 18.485655640000154, 2117.0 ], [ -97.743861235040711, 18.485648837518962, 2117.0 ], [ -97.743863493380815, 18.485645127074676, 2117.0 ], [ -97.74386460913199, 18.485638943000865, 2117.0 ], [ -97.743866376230258, 18.48563646937134, 2117.0 ], [ -97.743865312807102, 18.48563563940354, 2117.0 ], [ -97.743860127832633, 18.48563644558644, 2117.0 ], [ -97.743858183467196, 18.485631769475244, 2117.0 ], [ -97.743851010919187, 18.485624101223721, 2117.0 ], [ -97.743847813518272, 18.48561915400013, 2117.0 ], [ -97.743842628543803, 18.48561668035541, 2117.0 ], [ -97.743838739812944, 18.485619021448805, 2117.0 ], [ -97.743832906716676, 18.485626604301213, 2117.0 ], [ -97.743829017985817, 18.485627301331817, 2117.0 ], [ -97.743828369864005, 18.485628775655982, 2117.0 ], [ -97.743824632065639, 18.485630285297532, 2117.0 ], [ -97.743826425498582, 18.485633228458585, 2117.0 ], [ -97.743828979861007, 18.485632140519673, 2117.0 ], [ -97.743829017985817, 18.485629946645869, 2117.0 ], [ -97.743834202960286, 18.485631746987703, 2117.0 ], [ -97.743835197338953, 18.485633995741818, 2117.0 ], [ -97.743831610473052, 18.485639595293581, 2117.0 ], [ -97.743827073620395, 18.485641447550758, 2117.0 ], [ -97.743825221843792, 18.485643271852531, 2117.0 ], [ -97.743825011414643, 18.485646982296821, 2117.0 ], [ -97.743829017985817, 18.485650754581844, 2117.0 ], [ -97.743834851082099, 18.485653309080025, 2117.0 ], [ -97.743841332300178, 18.485655067400728, 2117.0 ], [ -97.743849952320232, 18.485655640000154, 2117.0 ] ] } },
{ "type": "Feature", "properties": { "FID": 389, "elev": 2117.0, "elevation": 2117.0, "ELEVATION": 2117.0, "is_master": false, "tipo": "Ordinaria (1m)" }, "geometry": { "type": "LineString", "coordinates": [ [ -97.743850406005507, 18.485650146759813, 2117.0 ], [ -97.74384716539646, 18.485650650092321, 2117.0 ], [ -97.743844474043186, 18.485648837518962, 2117.0 ], [ -97.74384447806213, 18.485646982296821, 2117.0 ], [ -97.74384716539646, 18.485643868935522, 2117.0 ], [ -97.743851054127305, 18.485643799126194, 2117.0 ], [ -97.743853846036643, 18.485646363889437, 2117.0 ], [ -97.743854165111983, 18.485648219111582, 2117.0 ], [ -97.743850406005507, 18.485650146759813, 2117.0 ] ] } },
{ "type": "Feature", "properties": { "FID": 390, "elev": 2122.0, "elevation": 2122.0, "ELEVATION": 2122.0, "is_master": false, "tipo": "Ordinaria (1m)" }, "geometry": { "type": "LineString", "coordinates": [ [ -97.742734340251275, 18.48564898794238, 2122.0 ], [ -97.742728507155007, 18.485649001434172, 2122.0 ], [ -97.742722674058726, 18.48564704870298, 2122.0 ], [ -97.742714248475224, 18.485639573901324, 2122.0 ], [ -97.742704526648097, 18.485635868582403, 2122.0 ], [ -97.742698045430004, 18.485630150861144, 2122.0 ], [ -97.742686379237455, 18.485638451529738, 2122.0 ], [ -97.742681194262985, 18.485638413346397, 2122.0 ], [ -97.742677305532141, 18.485636477402604, 2122.0 ], [ -97.742674004410489, 18.485633377334437, 2122.0 ], [ -97.742674006686059, 18.485630285297532, 2122.0 ], [ -97.742678638232604, 18.485624101223721, 2122.0 ], [ -97.742680451868921, 18.485616061927765, 2122.0 ], [ -97.742683066614873, 18.485611733076098, 2122.0 ], [ -97.742687675481065, 18.485607914655919, 2122.0 ], [ -97.742691564211924, 18.485606118329716, 2122.0 ], [ -97.742703230404473, 18.485604769271241, 2122.0 ], [ -97.742710359744365, 18.485606134861911, 2122.0 ], [ -97.742720729693303, 18.485610032455799, 2122.0 ], [ -97.742736284616711, 18.485612289642742, 2122.0 ], [ -97.742742025124159, 18.485615443520384, 2122.0 ], [ -97.742747321205215, 18.485621627594195, 2122.0 ], [ -97.742750612738121, 18.485628430075387, 2122.0 ], [ -97.742751384887498, 18.485632758927053, 2122.0 ], [ -97.742750543298854, 18.485637087778723, 2122.0 ], [ -97.742748598931072, 18.485640811106496, 2122.0 ], [ -97.742744132782605, 18.485645127074676, 2122.0 ], [ -97.742734340251275, 18.48564898794238, 2122.0 ] ] } },
{ "type": "Feature", "properties": { "FID": 391, "elev": 2122.0, "elevation": 2122.0, "ELEVATION": 2122.0, "is_master": false, "tipo": "Ordinaria (1m)" }, "geometry": { "type": "LineString", "coordinates": [ [ -97.742935258011912, 18.485642670623136, 2122.0 ], [ -97.742871093952871, 18.485642830132974, 2122.0 ], [ -97.742854890907665, 18.485640903235584, 2122.0 ], [ -97.742844520958727, 18.485638365144787, 2122.0 ], [ -97.7428347991316, 18.485634017827795, 2122.0 ], [ -97.74282378105606, 18.485625338038481, 2122.0 ], [ -97.742817899955554, 18.485617298742529, 2122.0 ], [ -97.742816831754794, 18.485612351483478, 2122.0 ], [ -97.742817222068155, 18.485608641039192, 2122.0 ], [ -97.742821247493779, 18.485602456965381, 2122.0 ], [ -97.742825725426272, 18.485598669220174, 2122.0 ], [ -97.7428347991316, 18.485593774525753, 2122.0 ], [ -97.742844520958727, 18.485590583543665, 2122.0 ], [ -97.742855539029463, 18.485588724932988, 2122.0 ], [ -97.742867205222026, 18.485588280267873, 2122.0 ], [ -97.742886648876279, 18.485589657559981, 2122.0 ], [ -97.742907388774142, 18.485589625012224, 2122.0 ], [ -97.74292812867202, 18.485584980772792, 2122.0 ], [ -97.742935258011912, 18.485584973447967, 2122.0 ], [ -97.74294692420446, 18.485587158607085, 2122.0 ], [ -97.74295210917893, 18.485587154978091, 2122.0 ], [ -97.742958692732046, 18.485584523151331, 2122.0 ], [ -97.742961139676126, 18.485575865447998, 2122.0 ], [ -97.74296831222415, 18.485569629840239, 2122.0 ], [ -97.742981922782121, 18.485567058692627, 2122.0 ], [ -97.74299099648745, 18.485567745238928, 2122.0 ], [ -97.742994242240314, 18.485569062966807, 2122.0 ], [ -97.742999548253962, 18.485575865447998, 2122.0 ], [ -97.743000218720681, 18.485583286336571, 2122.0 ], [ -97.742998773949139, 18.485586460049923, 2122.0 ], [ -97.74299229273106, 18.485591274098574, 2122.0 ], [ -97.742978034051276, 18.485595654488765, 2122.0 ], [ -97.742972281970225, 18.485599364928476, 2122.0 ], [ -97.742962490206878, 18.485612351483478, 2122.0 ], [ -97.742961635896734, 18.485617298742529, 2122.0 ], [ -97.742962594863911, 18.485625956445862, 2122.0 ], [ -97.742961020853798, 18.485630285297532, 2122.0 ], [ -97.742957294153399, 18.485635232561155, 2122.0 ], [ -97.742949516691695, 18.485639707873151, 2122.0 ], [ -97.742935258011912, 18.485642670623136, 2122.0 ] ] } },
{ "type": "Feature", "properties": { "FID": 392, "elev": 2111.0, "elevation": 2111.0, "ELEVATION": 2111.0, "is_master": false, "tipo": "Ordinaria (1m)" }, "geometry": { "type": "LineString", "coordinates": [ [ -97.744424641927822, 18.485637087780873, 2111.0 ], [ -97.744423345684211, 18.485637444552211, 2111.0 ], [ -97.744421335033593, 18.485635850963959, 2111.0 ], [ -97.744422769575934, 18.485625956445862, 2111.0 ], [ -97.744429826902291, 18.485623098977275, 2111.0 ], [ -97.744433067511338, 18.485624032127923, 2111.0 ], [ -97.744434980641969, 18.485626574853242, 2111.0 ], [ -97.744434745003076, 18.485627811668007, 2111.0 ], [ -97.744430475024103, 18.485633271752686, 2111.0 ], [ -97.744427234415056, 18.485634325559086, 2111.0 ], [ -97.744424641927822, 18.485637087780873, 2111.0 ] ] } },
{ "type": "Feature", "properties": { "FID": 393, "elev": 2111.0, "elevation": 2111.0, "ELEVATION": 2111.0, "is_master": false, "tipo": "Ordinaria (1m)" }, "geometry": { "type": "LineString", "coordinates": [ [ -97.744444733703887, 18.48562039078227, 2111.0 ], [ -97.744443437460262, 18.485620850620819, 2111.0 ], [ -97.744441624360022, 18.485619772372051, 2111.0 ], [ -97.744441116005788, 18.485617298742529, 2111.0 ], [ -97.744442789338464, 18.485615699413096, 2111.0 ], [ -97.744445914725844, 18.485616680335148, 2111.0 ], [ -97.744446054559717, 18.485619772372051, 2111.0 ], [ -97.744444733703887, 18.48562039078227, 2111.0 ] ] } },
{ "type": "Feature", "properties": { "FID": 394, "elev": 2113.0, "elevation": 2113.0, "ELEVATION": 2113.0, "is_master": false, "tipo": "Ordinaria (1m)" }, "geometry": { "type": "LineString", "coordinates": [ [ -97.744252572201162, 18.485620390779435, 2113.0 ], [ -97.744251575275669, 18.485620390779435, 2113.0 ], [ -97.744252241526766, 18.485621009181141, 2113.0 ], [ -97.744252572201162, 18.485620390779435, 2113.0 ] ] } },
{ "type": "Feature", "properties": { "FID": 395, "elev": 2113.0, "elevation": 2113.0, "ELEVATION": 2113.0, "is_master": false, "tipo": "Ordinaria (1m)" }, "geometry": { "type": "LineString", "coordinates": [ [ -97.744346920099005, 18.485613588298243, 2113.0 ], [ -97.744346962368667, 18.485611733076098, 2113.0 ], [ -97.744350756041655, 18.485609858221974, 2113.0 ], [ -97.744351877790933, 18.485608022631812, 2113.0 ], [ -97.744348811676232, 18.485605071945166, 2113.0 ], [ -97.744347197263721, 18.485605549002287, 2113.0 ], [ -97.744346879539521, 18.485609259446573, 2113.0 ], [ -97.744344173554538, 18.485612351483478, 2113.0 ], [ -97.744344922945373, 18.485613835661194, 2113.0 ], [ -97.744346920099005, 18.485613588298243, 2113.0 ] ] } },
{ "type": "Feature", "properties": { "FID": 396, "elev": 2113.0, "elevation": 2113.0, "ELEVATION": 2113.0, "is_master": false, "tipo": "Ordinaria (1m)" }, "geometry": { "type": "LineString", "coordinates": [ [ -97.744340590762761, 18.485599364928476, 2113.0 ], [ -97.744342490488222, 18.485597509706334, 2113.0 ], [ -97.744341682336341, 18.485595844763385, 2113.0 ], [ -97.744339615168883, 18.485596891298954, 2113.0 ], [ -97.744340590762761, 18.485599364928476, 2113.0 ] ] } },
{ "type": "Feature", "properties": { "FID": 397, "elev": 2113.0, "elevation": 2113.0, "ELEVATION": 2113.0, "is_master": false, "tipo": "Ordinaria (1m)" }, "geometry": { "type": "LineString", "coordinates": [ [ -97.744385003173733, 18.485594417669429, 2113.0 ], [ -97.744384458375691, 18.485592394593855, 2113.0 ], [ -97.744383741426788, 18.485594417669429, 2113.0 ], [ -97.744385003173733, 18.485594417669429, 2113.0 ] ] } },
{ "type": "Feature", "properties": { "FID": 398, "elev": 2127.0, "elevation": 2127.0, "ELEVATION": 2127.0, "is_master": false, "tipo": "Ordinaria (1m)" }, "geometry": { "type": "LineString", "coordinates": [ [ -97.742024646870988, 18.485552508676911, 2127.0 ], [ -97.742018165652894, 18.485552415724431, 2127.0 ], [ -97.742013628800237, 18.485550398307669, 2127.0 ], [ -97.742008443825767, 18.485546221790955, 2127.0 ], [ -97.742006355433276, 18.485542471449421, 2127.0 ], [ -97.742006366889981, 18.485533813746084, 2127.0 ], [ -97.742009740064432, 18.485528866487037, 2127.0 ], [ -97.742014276922049, 18.48552633396157, 2127.0 ], [ -97.742020110018331, 18.485526264022642, 2127.0 ], [ -97.742024646870988, 18.485528157581015, 2127.0 ], [ -97.742029183723645, 18.485532473863426, 2127.0 ], [ -97.742031265569452, 18.485536287375609, 2127.0 ], [ -97.742032331743857, 18.48554185304204, 2127.0 ], [ -97.742031784520137, 18.485546181893707, 2127.0 ], [ -97.742029183723645, 18.485549998350685, 2127.0 ], [ -97.742024646870988, 18.485552508676911, 2127.0 ] ] } },
{ "type": "Feature", "properties": { "FID": 399, "elev": 2128.0, "elevation": 2128.0, "ELEVATION": 2128.0, "is_master": false, "tipo": "Ordinaria (1m)" }, "geometry": { "type": "LineString", "coordinates": [ [ -97.742216338427056, 18.485450947157023, 2128.0 ], [ -97.74221778716992, 18.485449921328307, 2128.0 ], [ -97.742218361721143, 18.485447236712737, 2128.0 ], [ -97.742216644428837, 18.485444144675832, 2128.0 ], [ -97.742217590418647, 18.485442907861067, 2128.0 ], [ -97.742216490926296, 18.4854423777976, 2128.0 ], [ -97.742211973248843, 18.485447236712737, 2128.0 ], [ -97.742214435770819, 18.485450947157023, 2128.0 ], [ -97.742216338427056, 18.485450947157023, 2128.0 ] ] } },
{ "type": "Feature", "properties": { "FID": 400, "elev": 2126.0, "elevation": 2126.0, "ELEVATION": 2126.0, "is_master": false, "tipo": "Ordinaria (1m)" }, "geometry": { "type": "LineString", "coordinates": [ [ -97.742575550408205, 18.485431825221703, 2126.0 ], [ -97.742571661677346, 18.485431930256599, 2126.0 ], [ -97.742569717311923, 18.485430716401272, 2126.0 ], [ -97.742568329485877, 18.485428684491303, 2126.0 ], [ -97.742568336002321, 18.485426210861778, 2126.0 ], [ -97.742571661677346, 18.4854206967293, 2126.0 ], [ -97.74257425416458, 18.485419275864722, 2126.0 ], [ -97.742578142895439, 18.485419348534712, 2126.0 ], [ -97.742582086551863, 18.485423118824876, 2126.0 ], [ -97.742581955376664, 18.485427447676543, 2126.0 ], [ -97.742578901335847, 18.485430539713448, 2126.0 ], [ -97.742575550408205, 18.485431825221703, 2126.0 ] ] } },
{ "type": "Feature", "properties": { "FID": 401, "elev": 2129.0, "elevation": 2129.0, "ELEVATION": 2129.0, "is_master": false, "tipo": "Ordinaria (1m)" }, "geometry": { "type": "LineString", "coordinates": [ [ -97.741934002406623, 18.485426210861778, 2129.0 ], [ -97.741935091686983, 18.485424355639637, 2129.0 ], [ -97.741932613574178, 18.485423705519057, 2129.0 ], [ -97.741932289513272, 18.485424974047017, 2129.0 ], [ -97.741934002406623, 18.485426210861778, 2129.0 ] ] } },
{ "type": "Feature", "properties": { "FID": 402, "elev": 2129.0, "elevation": 2129.0, "ELEVATION": 2129.0, "is_master": false, "tipo": "Ordinaria (1m)" }, "geometry": { "type": "LineString", "coordinates": [ [ -97.742078059052162, 18.485413224306779, 2129.0 ], [ -97.742081075282641, 18.485411369084634, 2129.0 ], [ -97.742082148237841, 18.485408895455109, 2129.0 ], [ -97.742081033468324, 18.485403823265276, 2129.0 ], [ -97.742079089102901, 18.485402001210243, 2129.0 ], [ -97.742071311641197, 18.485399947388451, 2129.0 ], [ -97.742068719153963, 18.485400115980436, 2129.0 ], [ -97.742066587553353, 18.485401474566537, 2129.0 ], [ -97.742065523553379, 18.485403329788682, 2129.0 ], [ -97.742066055639683, 18.485404566603442, 2129.0 ], [ -97.74207014305793, 18.485407040232968, 2129.0 ], [ -97.742071311641197, 18.485410973709424, 2129.0 ], [ -97.742073171990839, 18.485413224306779, 2129.0 ], [ -97.742078059052162, 18.485413224306779, 2129.0 ] ] } },
{ "type": "Feature", "properties": { "FID": 403, "elev": 2128.0, "elevation": 2128.0, "ELEVATION": 2128.0, "is_master": false, "tipo": "Ordinaria (1m)" }, "geometry": { "type": "LineString", "coordinates": [ [ -97.74237448967952, 18.485408895455109, 2128.0 ], [ -97.74237657701299, 18.485407154904536, 2128.0 ], [ -97.74237657701299, 18.485404960135412, 2128.0 ], [ -97.742373336403958, 18.48540229387784, 2128.0 ], [ -97.742370743916723, 18.485402693268949, 2128.0 ], [ -97.742369583326507, 18.485403948196062, 2128.0 ], [ -97.742369356708636, 18.485407658640348, 2128.0 ], [ -97.742372040160333, 18.485409439355578, 2128.0 ], [ -97.74237448967952, 18.485408895455109, 2128.0 ] ] } },
{ "type": "Feature", "properties": { "FID": 404, "elev": 2129.0, "elevation": 2129.0, "ELEVATION": 2129.0, "is_master": false, "tipo": "Ordinaria (1m)" }, "geometry": { "type": "LineString", "coordinates": [ [ -97.741968908395449, 18.485384622965402, 2129.0 ], [ -97.741966737701773, 18.485382922345106, 2129.0 ], [ -97.741967612151839, 18.485382014470439, 2129.0 ], [ -97.741969215400516, 18.485382922345106, 2129.0 ], [ -97.741968908395449, 18.485384622965402, 2129.0 ] ] } },
{ "type": "Feature", "properties": { "FID": 405, "elev": 2129.0, "elevation": 2129.0, "ELEVATION": 2129.0, "is_master": false, "tipo": "Ordinaria (1m)" }, "geometry": { "type": "LineString", "coordinates": [ [ -97.741993537024172, 18.48537987512033, 2129.0 ], [ -97.741991746587686, 18.485378593493436, 2129.0 ], [ -97.741992888902374, 18.485376853118378, 2129.0 ], [ -97.741995384171332, 18.485377975086056, 2129.0 ], [ -97.741993537024172, 18.48537987512033, 2129.0 ] ] } },
{ "type": "Feature", "properties": { "FID": 406, "elev": 2117.0, "elevation": 2117.0, "ELEVATION": 2117.0, "is_master": false, "tipo": "Ordinaria (1m)" }, "geometry": { "type": "LineString", "coordinates": [ [ -97.743996233412417, 18.485373027832683, 2117.0 ], [ -97.743986511585277, 18.485373147518761, 2117.0 ], [ -97.743983270976244, 18.485371255059182, 2117.0 ], [ -97.743980615767541, 18.485368080567959, 2117.0 ], [ -97.743979382245385, 18.485360968883079, 2117.0 ], [ -97.74397549351454, 18.48535882919354, 2117.0 ], [ -97.74397549351454, 18.485357670710378, 2117.0 ], [ -97.743977437879963, 18.485357410229692, 2117.0 ], [ -97.74398067848901, 18.485358756887447, 2117.0 ], [ -97.743991048437948, 18.485357780220021, 2117.0 ], [ -97.743996347786847, 18.485358804457245, 2117.0 ], [ -97.743999498025971, 18.485361896494148, 2117.0 ], [ -97.74400072975746, 18.485367462160578, 2117.0 ], [ -97.743999196254961, 18.485371172604864, 2117.0 ], [ -97.743996233412417, 18.485373027832683, 2117.0 ] ] } },
{ "type": "Feature", "properties": { "FID": 407, "elev": 2133.0, "elevation": 2133.0, "ELEVATION": 2133.0, "is_master": false, "tipo": "Ordinaria (1m)" }, "geometry": { "type": "LineString", "coordinates": [ [ -97.74219272645999, 18.485196163316026, 2133.0 ], [ -97.742224916509812, 18.485192605942871, 2133.0 ], [ -97.742263155696506, 18.485185737842095, 2133.0 ], [ -97.742300746761401, 18.485176414610745, 2133.0 ], [ -97.742335745339062, 18.485165259660683, 2133.0 ], [ -97.742355188993315, 18.485157031871189, 2133.0 ], [ -97.74237528076938, 18.48514611729324, 2133.0 ], [ -97.742403798128947, 18.485126944834047, 2133.0 ], [ -97.742427778635872, 18.485108349457004, 2133.0 ], [ -97.742446509356128, 18.485091034061245, 2133.0 ], [ -97.742462777198654, 18.485071863432431, 2133.0 ], [ -97.742482220855393, 18.485043416692903, 2133.0 ], [ -97.742493925185144, 18.485019917212423, 2133.0 ], [ -97.742497280168621, 18.485009404286945, 2133.0 ], [ -97.742499300783678, 18.484997654546703, 2133.0 ], [ -97.742498585943437, 18.484982194362178, 2133.0 ], [ -97.742493933354751, 18.484967970992411, 2133.0 ], [ -97.742484165233208, 18.484953623941173, 2133.0 ], [ -97.742469258431612, 18.484940719840488, 2133.0 ], [ -97.742449166655547, 18.484929506053309, 2133.0 ], [ -97.7424232417832, 18.48491968368274, 2133.0 ], [ -97.742394724423633, 18.484912242973419, 2133.0 ], [ -97.742361022089597, 18.484905990613928, 2133.0 ], [ -97.742324727268311, 18.484901614006464, 2133.0 ], [ -97.742274821889069, 18.484898515009128, 2133.0 ], [ -97.742239175189596, 18.484898189903532, 2133.0 ], [ -97.742210009708216, 18.484898514079191, 2133.0 ], [ -97.742175659252368, 18.484901020256473, 2133.0 ], [ -97.742141956918317, 18.484905996544601, 2133.0 ], [ -97.74211343955875, 18.484912245616187, 2133.0 ], [ -97.742084274077371, 18.484920844712285, 2133.0 ], [ -97.742060293570447, 18.484930248150047, 2133.0 ], [ -97.742036961185349, 18.48494259250489, 2133.0 ], [ -97.742021269815254, 18.484953747622647, 2133.0 ], [ -97.742005173756652, 18.484969207807175, 2133.0 ], [ -97.741992327196797, 18.484987760028606, 2133.0 ], [ -97.741983663968625, 18.485008785879561, 2133.0 ], [ -97.741979710425596, 18.4850304301379, 2133.0 ], [ -97.741979760281126, 18.485055166433142, 2133.0 ], [ -97.741984415895317, 18.485083613172669, 2133.0 ], [ -97.74199352262147, 18.485107731060534, 2133.0 ], [ -97.742007120577085, 18.485130612133631, 2133.0 ], [ -97.742019461896518, 18.485145574903527, 2133.0 ], [ -97.742038257428959, 18.485162127125168, 2133.0 ], [ -97.742056404839602, 18.485173999595489, 2133.0 ], [ -97.742077792859277, 18.485183231730566, 2133.0 ], [ -97.742100477122577, 18.485189461799305, 2133.0 ], [ -97.742130290725768, 18.485194450803277, 2133.0 ], [ -97.742162048694382, 18.485196645310012, 2133.0 ], [ -97.74219272645999, 18.485196163316026, 2133.0 ] ] } },
{ "type": "Feature", "properties": { "FID": 408, "elev": 2134.0, "elevation": 2134.0, "ELEVATION": 2134.0, "is_master": false, "tipo": "Ordinaria (1m)" }, "geometry": { "type": "LineString", "coordinates": [ [ -97.742244296932668, 18.485157822058397, 2134.0 ], [ -97.742251489503957, 18.485156068431753, 2134.0 ], [ -97.742258618843849, 18.485152369976998, 2134.0 ], [ -97.742277376251479, 18.485134322577917, 2134.0 ], [ -97.742303987370448, 18.485115270873603, 2134.0 ], [ -97.742315738100629, 18.485102783801484, 2134.0 ], [ -97.742320090704609, 18.485095362912912, 2134.0 ], [ -97.742322296811537, 18.4850891788391, 2134.0 ], [ -97.742322964376996, 18.485081139543148, 2134.0 ], [ -97.742320903349651, 18.485073100247192, 2134.0 ], [ -97.742316301672417, 18.485063205729094, 2134.0 ], [ -97.742309334375364, 18.485052692803617, 2134.0 ], [ -97.742301394883214, 18.485044035128652, 2134.0 ], [ -97.742292321177885, 18.485036614235351, 2134.0 ], [ -97.742280006863524, 18.48502919333496, 2134.0 ], [ -97.7422696369146, 18.485024297598038, 2134.0 ], [ -97.742242415798643, 18.485015511059832, 2134.0 ], [ -97.742209361586404, 18.485009846006502, 2134.0 ], [ -97.742197047272043, 18.485009212367412, 2134.0 ], [ -97.742180844226837, 18.485009830774793, 2134.0 ], [ -97.742151030623646, 18.485014855433487, 2134.0 ], [ -97.742131586969393, 18.485020491447848, 2134.0 ], [ -97.742118624533219, 18.485025345454989, 2134.0 ], [ -97.742105013975234, 18.485031598240731, 2134.0 ], [ -97.742090107173638, 18.485040262815257, 2134.0 ], [ -97.742079089102901, 18.48504836396377, 2134.0 ], [ -97.742070663530825, 18.485056403247903, 2134.0 ], [ -97.742062942416098, 18.485066297766, 2134.0 ], [ -97.742056331467325, 18.485078047506242, 2134.0 ], [ -97.742053613734399, 18.48508856043172, 2134.0 ], [ -97.742053650321921, 18.485100928579342, 2134.0 ], [ -97.742055631274866, 18.485110204690056, 2134.0 ], [ -97.742059035451646, 18.485118862393392, 2134.0 ], [ -97.742064805006564, 18.485128138504109, 2134.0 ], [ -97.742071818866961, 18.485135559392681, 2134.0 ], [ -97.742080385346512, 18.485141850088453, 2134.0 ], [ -97.742090107173638, 18.485146823241408, 2134.0 ], [ -97.742103069609811, 18.485151176136039, 2134.0 ], [ -97.742120568898642, 18.48515429484593, 2134.0 ], [ -97.742157511841725, 18.485154309160915, 2134.0 ], [ -97.742178251739603, 18.485152687403176, 2134.0 ], [ -97.742196399150231, 18.485152539828686, 2134.0 ], [ -97.742205472855559, 18.485153320052664, 2134.0 ], [ -97.742228157118845, 18.485157955187766, 2134.0 ], [ -97.742244296932668, 18.485157822058397, 2134.0 ] ] } },
{ "type": "Feature", "properties": { "FID": 409, "elev": 2135.0, "elevation": 2135.0, "ELEVATION": 2135.0, "is_master": true, "tipo": "Maestra (5m)" }, "geometry": { "type": "LineString", "coordinates": [ [ -97.742110951914754, 18.485099691764578, 2135.0 ], [ -97.742111495193328, 18.485097801405651, 2135.0 ], [ -97.742109550827891, 18.48509761955739, 2135.0 ], [ -97.742107930523375, 18.485099073357198, 2135.0 ], [ -97.742108902706093, 18.485100096107868, 2135.0 ], [ -97.742110951914754, 18.485099691764578, 2135.0 ] ] } },
{ "type": "Feature", "properties": { "FID": 410, "elev": 2132.0, "elevation": 2132.0, "ELEVATION": 2132.0, "is_master": false, "tipo": "Ordinaria (1m)" }, "geometry": { "type": "LineString", "coordinates": [ [ -97.743288751271223, 18.485092270876006, 2132.0 ], [ -97.743379221450724, 18.48507913664163, 2132.0 ], [ -97.743416164393807, 18.485076021032825, 2132.0 ], [ -97.743438848657107, 18.485076010399574, 2132.0 ], [ -97.743460236676796, 18.485077254899597, 2132.0 ], [ -97.74349847586349, 18.48508161807267, 2132.0 ], [ -97.743549029364559, 18.485089347495659, 2132.0 ], [ -97.743581435454971, 18.485089960792234, 2132.0 ], [ -97.74360282347466, 18.485087466719492, 2132.0 ], [ -97.743622915250725, 18.485083070710058, 2132.0 ], [ -97.743641710783166, 18.485076907140336, 2132.0 ], [ -97.743659210071996, 18.485068804289536, 2132.0 ], [ -97.743675413117202, 18.485058302122333, 2132.0 ], [ -97.743690319914435, 18.485044653507664, 2132.0 ], [ -97.743703972291087, 18.485026719693614, 2132.0 ], [ -97.743715712176197, 18.485005075435275, 2132.0 ], [ -97.743726669899388, 18.484979102325273, 2132.0 ], [ -97.74373377494291, 18.484958076474314, 2132.0 ], [ -97.74374103107111, 18.484930248142167, 2132.0 ], [ -97.743748568142607, 18.484890051662397, 2132.0 ], [ -97.74375302107434, 18.484876446700014, 2132.0 ], [ -97.743758966820351, 18.484865315367156, 2132.0 ], [ -97.743766798283943, 18.484857276071203, 2132.0 ], [ -97.743770687023058, 18.48485484109214, 2132.0 ], [ -97.743776520119326, 18.484852258137025, 2132.0 ], [ -97.743786241946466, 18.484849779459278, 2132.0 ], [ -97.743796611895391, 18.484848477820734, 2132.0 ], [ -97.743820592402315, 18.484847849537068, 2132.0 ], [ -97.743829666107629, 18.48484912634536, 2132.0 ], [ -97.743837443569333, 18.484853318263962, 2132.0 ], [ -97.743840036056568, 18.48485243188005, 2132.0 ], [ -97.743845848899028, 18.48484367110882, 2132.0 ], [ -97.743851715476097, 18.484830066146436, 2132.0 ], [ -97.743858709301875, 18.484817697998814, 2132.0 ], [ -97.743862720319868, 18.484812641945876, 2132.0 ], [ -97.743875034634229, 18.484801649696248, 2132.0 ], [ -97.743879055134514, 18.484795435333098, 2132.0 ], [ -97.743880403383486, 18.484783685592856, 2132.0 ], [ -97.743879737588458, 18.48477997514857, 2132.0 ], [ -97.743876322293445, 18.484772554259997, 2132.0 ], [ -97.743871235580599, 18.484765133371425, 2132.0 ], [ -97.743865312807102, 18.484759514317307, 2132.0 ], [ -97.743855590979962, 18.484753848474316, 2132.0 ], [ -97.74384716539646, 18.484750822284301, 2132.0 ], [ -97.743836795447521, 18.484748892040731, 2132.0 ], [ -97.743825777376784, 18.484748713862626, 2132.0 ], [ -97.743810222453376, 18.484748865619611, 2132.0 ], [ -97.743798556260828, 18.484750167912804, 2132.0 ], [ -97.743780408850185, 18.484754608077797, 2132.0 ], [ -97.743764205804965, 18.484760247953112, 2132.0 ], [ -97.743750595246993, 18.484766962826594, 2132.0 ], [ -97.743729855349116, 18.48477943404211, 2132.0 ], [ -97.743718837278379, 18.484783212693095, 2132.0 ], [ -97.74369096804061, 18.48478226325588, 2132.0 ], [ -97.743665043168278, 18.484782878974531, 2132.0 ], [ -97.743632637077852, 18.484786021798516, 2132.0 ], [ -97.743598286622003, 18.48479163959124, 2132.0 ], [ -97.743556806826248, 18.484801578179749, 2132.0 ], [ -97.743475143478392, 18.484827059407099, 2132.0 ], [ -97.743429774951792, 18.484837636305755, 2132.0 ], [ -97.743392832008709, 18.484842613831685, 2132.0 ], [ -97.743348759725734, 18.484844720527406, 2132.0 ], [ -97.743311816782651, 18.484847811002677, 2132.0 ], [ -97.743281355057647, 18.484851569054513, 2132.0 ], [ -97.743253485819878, 18.484856526486499, 2132.0 ], [ -97.743219783485841, 18.484865819254651, 2132.0 ], [ -97.743201636075199, 18.484873354674022, 2132.0 ], [ -97.743184136786368, 18.484882012379341, 2132.0 ], [ -97.743164693132115, 18.484893762130326, 2132.0 ], [ -97.743152378854916, 18.4849030382174, 2132.0 ], [ -97.743139416418757, 18.484915406365023, 2132.0 ], [ -97.743132885307972, 18.484924064068355, 2132.0 ], [ -97.743128225478358, 18.484935195401217, 2132.0 ], [ -97.743127219907549, 18.484946326734075, 2132.0 ], [ -97.743128893933402, 18.484958694881698, 2132.0 ], [ -97.743134845417259, 18.484974155066222, 2132.0 ], [ -97.743153652712351, 18.4850075490648, 2132.0 ], [ -97.743171081761375, 18.485034140582187, 2132.0 ], [ -97.743187408258365, 18.485053929618381, 2132.0 ], [ -97.743201636075199, 18.48506699727599, 2132.0 ], [ -97.743220431607654, 18.48507920859765, 2132.0 ], [ -97.743241171505517, 18.485087358294006, 2132.0 ], [ -97.743261911403394, 18.485091814205941, 2132.0 ], [ -97.743288751271223, 18.485092270876006, 2132.0 ] ] } },
{ "type": "Feature", "properties": { "FID": 411, "elev": 2133.0, "elevation": 2133.0, "ELEVATION": 2133.0, "is_master": false, "tipo": "Ordinaria (1m)" }, "geometry": { "type": "LineString", "coordinates": [ [ -97.743280577311481, 18.48506567935862, 2133.0 ], [ -97.743291725006586, 18.485061988650738, 2133.0 ], [ -97.743301446828198, 18.485054548025762, 2133.0 ], [ -97.743328019827857, 18.48502539453494, 2133.0 ], [ -97.743357185309236, 18.485001364967349, 2133.0 ], [ -97.743369499602366, 18.484988378435986, 2133.0 ], [ -97.74337356511495, 18.484980957547414, 2133.0 ], [ -97.743374900638671, 18.484972299844081, 2133.0 ], [ -97.743371443951858, 18.484963023733364, 2133.0 ], [ -97.743364314599589, 18.484956221252173, 2133.0 ], [ -97.743350704091156, 18.484949906987335, 2133.0 ], [ -97.743333204802326, 18.484946756930515, 2133.0 ], [ -97.743313761148073, 18.484946754862261, 2133.0 ], [ -97.743293669372008, 18.484949264169135, 2133.0 ], [ -97.743274873839567, 18.48495426296213, 2133.0 ], [ -97.743256726428925, 18.484962330367512, 2133.0 ], [ -97.743244412114564, 18.484970444632847, 2133.0 ], [ -97.743234690296731, 18.484980339140034, 2133.0 ], [ -97.743227418360746, 18.484992088880272, 2133.0 ], [ -97.743223540566945, 18.485003220213134, 2133.0 ], [ -97.743223196045562, 18.485011877916467, 2133.0 ], [ -97.743224230321587, 18.485021154027184, 2133.0 ], [ -97.743230153438404, 18.485036614211712, 2133.0 ], [ -97.743239227140094, 18.485049110305685, 2133.0 ], [ -97.743253485819878, 18.485060774748355, 2133.0 ], [ -97.743264503890629, 18.485065179255258, 2133.0 ], [ -97.743280577311481, 18.48506567935862, 2133.0 ] ] } },
{ "type": "Feature", "properties": { "FID": 412, "elev": 2133.0, "elevation": 2133.0, "ELEVATION": 2133.0, "is_master": false, "tipo": "Ordinaria (1m)" }, "geometry": { "type": "LineString", "coordinates": [ [ -97.743585324170965, 18.485057021655287, 2133.0 ], [ -97.74360411971827, 18.485055318003578, 2133.0 ], [ -97.743621619007101, 18.485050966416345, 2133.0 ], [ -97.743639118295931, 18.485043440176728, 2133.0 ], [ -97.743653376975715, 18.485034211257314, 2133.0 ], [ -97.74366767322779, 18.485020535619803, 2133.0 ], [ -97.743677406707079, 18.48500693065742, 2133.0 ], [ -97.743685826274259, 18.48498961525075, 2133.0 ], [ -97.743691065607337, 18.484971681436697, 2133.0 ], [ -97.743693065725168, 18.484958694881698, 2133.0 ], [ -97.743692417786761, 18.484934576993837, 2133.0 ], [ -97.743688397902403, 18.484920972031453, 2133.0 ], [ -97.743680679106902, 18.48490798547645, 2133.0 ], [ -97.743669950376244, 18.484896235736208, 2133.0 ], [ -97.743655321341151, 18.484885695325957, 2133.0 ], [ -97.743641062661354, 18.484879419812422, 2133.0 ], [ -97.743622267128913, 18.48487446387, 2133.0 ], [ -97.743599582865613, 18.484872822832763, 2133.0 ], [ -97.743576250480515, 18.484874486958315, 2133.0 ], [ -97.743553566217216, 18.484880112972345, 2133.0 ], [ -97.743534122562963, 18.484888795522405, 2133.0 ], [ -97.743515327030508, 18.484900564592451, 2133.0 ], [ -97.743484073156637, 18.484924682475739, 2133.0 ], [ -97.74347184394918, 18.484936432215978, 2133.0 ], [ -97.743456949773332, 18.484953129215267, 2133.0 ], [ -97.743452459236323, 18.484960550103839, 2133.0 ], [ -97.743450298809066, 18.484967970992411, 2133.0 ], [ -97.743450406829368, 18.484972918251461, 2133.0 ], [ -97.743452405204934, 18.484979720732653, 2133.0 ], [ -97.743461532945176, 18.484992707287656, 2133.0 ], [ -97.743482272818284, 18.485013114719411, 2133.0 ], [ -97.743503012716147, 18.485028551130856, 2133.0 ], [ -97.743524400735836, 18.485040953370167, 2133.0 ], [ -97.743549029364559, 18.485052150742828, 2133.0 ], [ -97.743564584287952, 18.485055937848536, 2133.0 ], [ -97.743585324170965, 18.485057021655287, 2133.0 ] ] } },
{ "type": "Feature", "properties": { "FID": 413, "elev": 2134.0, "elevation": 2134.0, "ELEVATION": 2134.0, "is_master": false, "tipo": "Ordinaria (1m)" }, "geometry": { "type": "LineString", "coordinates": [ [ -97.743281065717554, 18.485031666952661, 2134.0 ], [ -97.743283556896117, 18.485029193323136, 2134.0 ], [ -97.743283315426083, 18.485026101286234, 2134.0 ], [ -97.743281355057647, 18.485024771286795, 2134.0 ], [ -97.743278762570412, 18.485024864475204, 2134.0 ], [ -97.74327674259078, 18.485026719693614, 2134.0 ], [ -97.743276847665072, 18.48502981173052, 2134.0 ], [ -97.743279268105425, 18.485031666952661, 2134.0 ], [ -97.743281065717554, 18.485031666952661, 2134.0 ] ] } },
{ "type": "Feature", "properties": { "FID": 414, "elev": 2134.0, "elevation": 2134.0, "ELEVATION": 2134.0, "is_master": false, "tipo": "Ordinaria (1m)" }, "geometry": { "type": "LineString", "coordinates": [ [ -97.743597379251469, 18.485018061990278, 2134.0 ], [ -97.743609952814552, 18.485015116418278, 2134.0 ], [ -97.743620970885289, 18.485009975124527, 2134.0 ], [ -97.743631281914062, 18.485001983398369, 2134.0 ], [ -97.743640434481762, 18.484991470472892, 2134.0 ], [ -97.743646944982075, 18.484979102325273, 2134.0 ], [ -97.743650289685817, 18.484965497362889, 2134.0 ], [ -97.743650269803524, 18.4849488003636, 2134.0 ], [ -97.743648264749623, 18.484940142660264, 2134.0 ], [ -97.743643069564854, 18.484927774512645, 2134.0 ], [ -97.74363717915729, 18.484918498401928, 2134.0 ], [ -97.743630044590617, 18.484912201510554, 2134.0 ], [ -97.743622267128913, 18.484907862442519, 2134.0 ], [ -97.74360930469274, 18.484904717164543, 2134.0 ], [ -97.743592453525721, 18.484903713641064, 2134.0 ], [ -97.743579491089548, 18.484904094524062, 2134.0 ], [ -97.74356263992253, 18.484907218193218, 2134.0 ], [ -97.743552269973591, 18.484911142991784, 2134.0 ], [ -97.743544492511887, 18.484915967688647, 2134.0 ], [ -97.743536655139778, 18.484924064068355, 2134.0 ], [ -97.743532021230536, 18.484932103364311, 2134.0 ], [ -97.743528860431127, 18.484941379475028, 2134.0 ], [ -97.74352770094228, 18.484951892400506, 2134.0 ], [ -97.743528133437351, 18.484961168511219, 2134.0 ], [ -97.743530808303703, 18.484973536658842, 2134.0 ], [ -97.743534726892747, 18.484983431176939, 2134.0 ], [ -97.743541313628739, 18.484994562509797, 2134.0 ], [ -97.743548381242746, 18.485003192103708, 2134.0 ], [ -97.74355615870445, 18.485009523978693, 2134.0 ], [ -97.743567176775187, 18.48501507302127, 2134.0 ], [ -97.743576250480515, 18.485017592596723, 2134.0 ], [ -97.743587268551252, 18.485018523175444, 2134.0 ], [ -97.743597379251469, 18.485018061990278, 2134.0 ] ] } },
{ "type": "Feature", "properties": { "FID": 415, "elev": 2135.0, "elevation": 2135.0, "ELEVATION": 2135.0, "is_master": true, "tipo": "Maestra (5m)" }, "geometry": { "type": "LineString", "coordinates": [ [ -97.743592356307445, 18.484972299844081, 2135.0 ], [ -97.74360282347466, 18.48496860006199, 2135.0 ], [ -97.743610600936364, 18.484962518911011, 2135.0 ], [ -97.743618407858136, 18.484951892400506, 2135.0 ], [ -97.74362362451609, 18.484941997882409, 2135.0 ], [ -97.743625672514682, 18.484935195401217, 2135.0 ], [ -97.743624965064541, 18.484927774512645, 2135.0 ], [ -97.743621041589492, 18.484920972031453, 2135.0 ], [ -97.743614489667209, 18.484916614564533, 2135.0 ], [ -97.743605415961895, 18.484915854783644, 2135.0 ], [ -97.743589212916675, 18.484917775841723, 2135.0 ], [ -97.743576250480515, 18.484921491229091, 2135.0 ], [ -97.743560695557107, 18.484929000572496, 2135.0 ], [ -97.743557386120969, 18.484932103364311, 2135.0 ], [ -97.743553528644938, 18.484938905845503, 2135.0 ], [ -97.743552575691425, 18.484945708326695, 2135.0 ], [ -97.743553468016941, 18.484952510807886, 2135.0 ], [ -97.743556140186683, 18.484957458066933, 2135.0 ], [ -97.743563199260535, 18.484964878955505, 2135.0 ], [ -97.743569121140609, 18.48496865337297, 2135.0 ], [ -97.743577546724126, 18.484971740332639, 2135.0 ], [ -97.743592356307445, 18.484972299844081, 2135.0 ] ] } },
{ "type": "Feature", "properties": { "FID": 416, "elev": 2128.0, "elevation": 2128.0, "ELEVATION": 2128.0, "is_master": false, "tipo": "Ordinaria (1m)" }, "geometry": { "type": "LineString", "coordinates": [ [ -97.743969660418259, 18.484880975037935, 2128.0 ], [ -97.743964475443789, 18.484881182097276, 2128.0 ], [ -97.743962938038578, 18.484878920329539, 2128.0 ], [ -97.743965123565602, 18.484876919390715, 2128.0 ], [ -97.743968364174648, 18.484877197623263, 2128.0 ], [ -97.743970344546838, 18.484879538736919, 2128.0 ], [ -97.743969660418259, 18.484880975037935, 2128.0 ] ] } },
{ "type": "Feature", "properties": { "FID": 417, "elev": 2128.0, "elevation": 2128.0, "ELEVATION": 2128.0, "is_master": false, "tipo": "Ordinaria (1m)" }, "geometry": { "type": "LineString", "coordinates": [ [ -97.744000595375056, 18.484875828292633, 2128.0 ], [ -97.743999608115615, 18.484875828292633, 2128.0 ], [ -97.744000122143262, 18.484876287111014, 2128.0 ], [ -97.744000595375056, 18.484875828292633, 2128.0 ] ] } },
{ "type": "Feature", "properties": { "FID": 418, "elev": 2132.0, "elevation": 2132.0, "ELEVATION": 2132.0, "is_master": false, "tipo": "Ordinaria (1m)" }, "geometry": { "type": "LineString", "coordinates": [ [ -97.743842649910448, 18.484864696959775, 2132.0 ], [ -97.743841713548306, 18.484864696959775, 2132.0 ], [ -97.74384198042199, 18.484864985549887, 2132.0 ], [ -97.743842649910448, 18.484864696959775, 2132.0 ] ] } },
{ "type": "Feature", "properties": { "FID": 419, "elev": 2130.0, "elevation": 2130.0, "ELEVATION": 2130.0, "is_master": true, "tipo": "Maestra (5m)" }, "geometry": { "type": "LineString", "coordinates": [ [ -97.743924396869147, 18.484836868627628, 2130.0 ], [ -97.743923643769861, 18.4848351974553, 2130.0 ], [ -97.74392230797983, 18.484835631812864, 2130.0 ], [ -97.743922347526237, 18.484837479003744, 2130.0 ], [ -97.743924396869147, 18.484836868627628, 2130.0 ] ] } },
{ "type": "Feature", "properties": { "FID": 420, "elev": 2130.0, "elevation": 2130.0, "ELEVATION": 2130.0, "is_master": true, "tipo": "Maestra (5m)" }, "geometry": { "type": "LineString", "coordinates": [ [ -97.743957596224149, 18.484832539775958, 2130.0 ], [ -97.74395845845136, 18.484831302961197, 2130.0 ], [ -97.7439566979821, 18.484829381951034, 2130.0 ], [ -97.743954753616663, 18.484828774576854, 2130.0 ], [ -97.743951247866889, 18.484829447739056, 2130.0 ], [ -97.74395280925124, 18.48483196094665, 2130.0 ], [ -97.743956049860287, 18.484833070498713, 2130.0 ], [ -97.743957596224149, 18.484832539775958, 2130.0 ] ] } },
{ "type": "Feature", "properties": { "FID": 421, "elev": 2129.0, "elevation": 2129.0, "ELEVATION": 2129.0, "is_master": false, "tipo": "Ordinaria (1m)" }, "geometry": { "type": "LineString", "coordinates": [ [ -97.7440196275234, 18.48480285622167, 2129.0 ], [ -97.744022074656129, 18.484802237814289, 2129.0 ], [ -97.744022091566322, 18.484799764184764, 2129.0 ], [ -97.74402086204114, 18.4847987022731, 2129.0 ], [ -97.74401567706667, 18.484797661599668, 2129.0 ], [ -97.744014691381409, 18.48479852737, 2129.0 ], [ -97.744015159912479, 18.484800382592145, 2129.0 ], [ -97.7440196275234, 18.48480285622167, 2129.0 ] ] } },
{ "type": "Feature", "properties": { "FID": 422, "elev": 2133.0, "elevation": 2133.0, "ELEVATION": 2133.0, "is_master": false, "tipo": "Ordinaria (1m)" }, "geometry": { "type": "LineString", "coordinates": [ [ -97.74386274732494, 18.48479852737, 2133.0 ], [ -97.743866609050713, 18.484797978738673, 2133.0 ], [ -97.743870497781558, 18.484796070255808, 2133.0 ], [ -97.743874537840398, 18.484789251259286, 2133.0 ], [ -97.743874125431546, 18.484783067185475, 2133.0 ], [ -97.74386984965976, 18.484778734706783, 2133.0 ], [ -97.743860775954431, 18.48477554438707, 2133.0 ], [ -97.743849757883694, 18.484775466588776, 2133.0 ], [ -97.743841332300178, 18.484778016858531, 2133.0 ], [ -97.743838091691146, 18.484781101533443, 2133.0 ], [ -97.743836946675941, 18.484784922407616, 2133.0 ], [ -97.743837407562566, 18.484788014444522, 2133.0 ], [ -97.743840036056568, 18.484791183782352, 2133.0 ], [ -97.743854294736352, 18.484798053009321, 2133.0 ], [ -97.74386274732494, 18.48479852737, 2133.0 ] ] } },
{ "type": "Feature", "properties": { "FID": 423, "elev": 2130.0, "elevation": 2130.0, "ELEVATION": 2130.0, "is_master": true, "tipo": "Maestra (5m)" }, "geometry": { "type": "LineString", "coordinates": [ [ -97.744003310902556, 18.48477997514857, 2130.0 ], [ -97.744003693426691, 18.484776883111664, 2130.0 ], [ -97.744001418386873, 18.484776149779016, 2130.0 ], [ -97.74400011748051, 18.484779356741189, 2130.0 ], [ -97.744002066508685, 18.484780584845986, 2130.0 ], [ -97.744003310902556, 18.48477997514857, 2130.0 ] ] } },
{ "type": "Feature", "properties": { "FID": 424, "elev": 2130.0, "elevation": 2130.0, "ELEVATION": 2130.0, "is_master": true, "tipo": "Maestra (5m)" }, "geometry": { "type": "LineString", "coordinates": [ [ -97.744015710091986, 18.48475771248285, 2130.0 ], [ -97.74401567706667, 18.484756063396503, 2130.0 ], [ -97.744014866914398, 18.484755857260708, 2130.0 ], [ -97.744014337853642, 18.484757094075469, 2130.0 ], [ -97.744015710091986, 18.48475771248285, 2130.0 ] ] } },
{ "type": "Feature", "properties": { "FID": 425, "elev": 2131.0, "elevation": 2131.0, "ELEVATION": 2131.0, "is_master": false, "tipo": "Ordinaria (1m)" }, "geometry": { "type": "LineString", "coordinates": [ [ -97.743454997692169, 18.484707621484986, 2131.0 ], [ -97.743449218606045, 18.484710139286467, 2131.0 ], [ -97.743418756881042, 18.48471879546663, 2131.0 ], [ -97.743372740232644, 18.484728771017416, 2131.0 ], [ -97.743328667949669, 18.484735565768517, 2131.0 ], [ -97.743284595666694, 18.484739947325359, 2131.0 ], [ -97.743250245210845, 18.484741807818018, 2131.0 ], [ -97.743175063081054, 18.484741825810474, 2131.0 ], [ -97.743094047854996, 18.484739345783634, 2131.0 ], [ -97.743041549938951, 18.484736068224514, 2131.0 ] ] } },
{ "type": "Feature", "properties": { "FID": 426, "elev": 2125.0, "elevation": 2125.0, "ELEVATION": 2125.0, "is_master": true, "tipo": "Maestra (5m)" }, "geometry": { "type": "LineString", "coordinates": [ [ -97.741907984945456, 18.485967480416662, 2125.0 ], [ -97.74189826311833, 18.485969141309656, 2125.0 ], [ -97.741883356316734, 18.485975344836977, 2125.0 ], [ -97.74187428261142, 18.485982071792783, 2125.0 ], [ -97.741857431444402, 18.485998265798688, 2125.0 ], [ -97.741847061495463, 18.486005128514368, 2125.0 ], [ -97.741840580277369, 18.486006981681999, 2125.0 ], [ -97.741829562206632, 18.486008294171196, 2125.0 ], [ -97.741821136623116, 18.486008313204643, 2125.0 ], [ -97.74181141479599, 18.486006995674874, 2125.0 ], [ -97.741801044847051, 18.486003273292223, 2125.0 ], [ -97.741790674898127, 18.485997028983927, 2125.0 ], [ -97.741782861429655, 18.48599019839331, 2125.0 ], [ -97.741775058248834, 18.485979685467832, 2125.0 ], [ -97.741770529111903, 18.485969172542351, 2125.0 ], [ -97.74176849472957, 18.485959278024257, 2125.0 ], [ -97.741768459964405, 18.485944436247109, 2125.0 ], [ -97.741770535113034, 18.485933923321632, 2125.0 ], [ -97.741775768090804, 18.485920318359248, 2125.0 ], [ -97.741781687609048, 18.485910423841151, 2125.0 ], [ -97.741789303871215, 18.485901147730434, 2125.0 ], [ -97.741799748597245, 18.485891871619721, 2125.0 ], [ -97.741806877943333, 18.485887467809583, 2125.0 ], [ -97.741814007283224, 18.485885007297789, 2125.0 ], [ -97.741826321597586, 18.485884270362327, 2125.0 ], [ -97.74183409905929, 18.485885569127475, 2125.0 ], [ -97.741842524642806, 18.485888088421625, 2125.0 ], [ -97.741853542713542, 18.485893088802502, 2125.0 ], [ -97.741861968297059, 18.485898621841134, 2125.0 ], [ -97.741868449515138, 18.485904727525277, 2125.0 ], [ -97.741875027262012, 18.485913515878057, 2125.0 ], [ -97.741885941088228, 18.485934541729012, 2125.0 ], [ -97.74189307814386, 18.48594189126289, 2125.0 ], [ -97.741899559361954, 18.485943973942565, 2125.0 ], [ -97.741911873676315, 18.485945549836785, 2125.0 ], [ -97.741915457986309, 18.485947528284015, 2125.0 ], [ -97.741922961188678, 18.485959278024257, 2125.0 ], [ -97.741924296010978, 18.485962988468543, 2125.0 ], [ -97.74192224362524, 18.485964895224633, 2125.0 ], [ -97.741907984945456, 18.485967480416662, 2125.0 ] ] } }
]
}
