{
"type": "FeatureCollection",
"name": "lugar_01_curvas",
"crs": { "type": "name", "properties": { "name": "urn:ogc:def:crs:OGC:1.3:CRS84" } },
"features": [
{ "type": "Feature", "properties": { "FID": 0, "elev": 2123.0, "elevation": 2123.0, "ELEVATION": 2123.0, "is_master": false, "tipo": "Ordinaria (1m)" }, "geometry": { "type": "LineString", "coordinates": [ [ -97.671143360252429, 18.565055296785825, 2123.0 ], [ -97.671143223466402, 18.565076556977893, 2123.0 ], [ -97.671141430904029, 18.565080809016308, 2123.0 ], [ -97.671136816271598, 18.56508506105472, 2123.0 ], [ -97.671136953022639, 18.565090376102738, 2123.0 ], [ -97.671142461990726, 18.565093404862409, 2123.0 ], [ -97.671144691238368, 18.565097958904577, 2123.0 ], [ -97.671149333010717, 18.565101006198773, 2123.0 ], [ -97.671150517238971, 18.565103132217981, 2123.0 ], [ -97.671149149733651, 18.565105151267669, 2123.0 ], [ -97.671144691238368, 18.565100899363639, 2123.0 ], [ -97.671143159122934, 18.565102069208379, 2123.0 ], [ -97.671151873438475, 18.565113762314017, 2123.0 ], [ -97.671153400785059, 18.565119077362034, 2123.0 ], [ -97.671162494010034, 18.565131833477274, 2123.0 ], [ -97.671172556833881, 18.565139076668252, 2123.0 ], [ -97.671175914681825, 18.565144589592517, 2123.0 ], [ -97.67118097441508, 18.56516372376538, 2123.0 ], [ -97.671180191243621, 18.565169038813394, 2123.0 ], [ -97.671171090223595, 18.565174353861412, 2123.0 ], [ -97.671167126185495, 18.565180731919035, 2123.0 ], [ -97.671170327586239, 18.565187002601949, 2123.0 ], [ -97.671179244576805, 18.565184841079812, 2123.0 ], [ -97.671183891515696, 18.565188172986257, 2123.0 ], [ -97.671183760801611, 18.565191362015067, 2123.0 ], [ -97.671179153587104, 18.565196677063085, 2123.0 ], [ -97.671179438424431, 18.565198803082293, 2123.0 ], [ -97.671182588448275, 18.565198433981735, 2123.0 ], [ -97.67118593231973, 18.565195475775809, 2123.0 ], [ -97.67119489929344, 18.565196677063085, 2123.0 ], [ -97.671198896527272, 18.565200929101501, 2123.0 ], [ -97.671199331775995, 18.565212622207138, 2123.0 ], [ -97.671202651677049, 18.565215205642598, 2123.0 ], [ -97.671214912539071, 18.565214914721825, 2123.0 ], [ -97.671219322129474, 18.565230693370395, 2123.0 ], [ -97.671229402648748, 18.565240342226797, 2123.0 ], [ -97.671261726739544, 18.56524270094971, 2123.0 ], [ -97.671281789968319, 18.565242301918452, 2123.0 ], [ -97.671294496679877, 18.565250890552864, 2123.0 ], [ -97.67131077018766, 18.565253263237281, 2123.0 ], [ -97.671314629263023, 18.565259394629692, 2123.0 ], [ -97.671313140255009, 18.565270024725727, 2123.0 ], [ -97.671307675858841, 18.565276402783347, 2123.0 ], [ -97.671306914570664, 18.565282780840967, 2123.0 ], [ -97.671297206199256, 18.565292347927397, 2123.0 ], [ -97.671291821582713, 18.565307230063073, 2123.0 ], [ -97.671282821437671, 18.565313608119467, 2123.0 ], [ -97.671282056916041, 18.565316797148277, 2123.0 ], [ -97.671286167693765, 18.565328490253915, 2123.0 ], [ -97.671283051151676, 18.565341246369158, 2123.0 ], [ -97.671278587636394, 18.565349750445986, 2123.0 ], [ -97.671268414482469, 18.565360526755239, 2123.0 ], [ -97.671248351253695, 18.565371470317885, 2123.0 ], [ -97.671241521263539, 18.565380577724486, 2123.0 ], [ -97.671237403958131, 18.565409278983779, 2123.0 ], [ -97.671235168599225, 18.565414594031797, 2123.0 ], [ -97.671225045000384, 18.565426287137434, 2123.0 ], [ -97.671224108798029, 18.56543053917585, 2123.0 ], [ -97.671227969150578, 18.565447547329505, 2123.0 ], [ -97.671227231361541, 18.565453925387125, 2123.0 ], [ -97.671220636793606, 18.565462429463953, 2123.0 ], [ -97.671217141786713, 18.565470523622047, 2123.0 ], [ -97.671205995548505, 18.565479262533675, 2123.0 ], [ -97.67119644475224, 18.565490067713643, 2123.0 ], [ -97.671198193181766, 18.565494866889352, 2123.0 ], [ -97.671202705610455, 18.565498571790471, 2123.0 ], [ -97.671202730171686, 18.565501760819281, 2123.0 ], [ -97.671198193181766, 18.565502848988874, 2123.0 ], [ -97.671187046943558, 18.565500536921739, 2123.0 ], [ -97.67118396894567, 18.565502823828886, 2123.0 ], [ -97.671187762106811, 18.565512390915316, 2123.0 ], [ -97.671185845239748, 18.565521958001746, 2123.0 ], [ -97.671190390815013, 18.565525366565151, 2123.0 ], [ -97.671202651677049, 18.565528382682597, 2123.0 ], [ -97.671211568667616, 18.565533513309845, 2123.0 ], [ -97.67121825641054, 18.565539841149704, 2123.0 ], [ -97.671219618976735, 18.565543218193817, 2123.0 ], [ -97.671217178764763, 18.565558100328264, 2123.0 ], [ -97.671222714905824, 18.56556350944793, 2123.0 ], [ -97.671232746520204, 18.565563953608994, 2123.0 ], [ -97.671239434263128, 18.565560911540409, 2123.0 ], [ -97.671246105244791, 18.56556554139549, 2123.0 ], [ -97.671247438323718, 18.565571919453109, 2123.0 ], [ -97.671253924372806, 18.565577184181148, 2123.0 ], [ -97.67125512969406, 18.565582549549145, 2123.0 ], [ -97.671260488268629, 18.565587864597163, 2123.0 ], [ -97.671261726739544, 18.565595411965347, 2123.0 ], [ -97.671269581713901, 18.565603809741216, 2123.0 ], [ -97.671278303314466, 18.565621880904473, 2123.0 ], [ -97.671286228994191, 18.565629321971699, 2123.0 ], [ -97.671287567998064, 18.565633574010111, 2123.0 ], [ -97.671289788508858, 18.565646330125354, 2123.0 ], [ -97.671288628880845, 18.565661212259801, 2123.0 ], [ -97.671281090445788, 18.565671842355837, 2123.0 ], [ -97.671276887687625, 18.565686724490284, 2123.0 ], [ -97.671280849006081, 18.56569416555751, 2123.0 ], [ -97.671281290819891, 18.565704795653545, 2123.0 ], [ -97.671277153133232, 18.565726055845612, 2123.0 ], [ -97.671281775678267, 18.56573137089363, 2123.0 ], [ -97.671282763406452, 18.565742000989665, 2123.0 ], [ -97.671291821582713, 18.565753159654012, 2123.0 ], [ -97.671292726486371, 18.565760072152926, 2123.0 ], [ -97.671299623949452, 18.565772877481574, 2123.0 ], [ -97.671299934663168, 18.565783458364201, 2123.0 ], [ -97.671296920233559, 18.565795151469839, 2123.0 ], [ -97.671301627389681, 18.56581641166191, 2123.0 ], [ -97.671306318107483, 18.565821726709927, 2123.0 ], [ -97.671307333430875, 18.565834482825167, 2123.0 ], [ -97.671314166155668, 18.565842986901995, 2123.0 ], [ -97.671316343306771, 18.565851559806784, 2123.0 ], [ -97.671326374921151, 18.56586082822534, 2123.0 ], [ -97.671328917045656, 18.56586637311327, 2123.0 ], [ -97.671325313060592, 18.565881255247721, 2123.0 ], [ -97.671327489544964, 18.565882702337436, 2123.0 ], [ -97.671335291911717, 18.565881022571798, 2123.0 ], [ -97.671340865030814, 18.565884193515291, 2123.0 ], [ -97.671348667397567, 18.565885717415938, 2123.0 ], [ -97.671349944888789, 18.565888696314943, 2123.0 ], [ -97.67134439621843, 18.565899326410978, 2123.0 ], [ -97.671347122123635, 18.565908893497411, 2123.0 ], [ -97.671346022377548, 18.565913145535824, 2123.0 ], [ -97.671328504426171, 18.565931216699084, 2123.0 ], [ -97.671327598288755, 18.565940783785514, 2123.0 ], [ -97.671317207273546, 18.565953539900757, 2123.0 ], [ -97.671316653334586, 18.565962043977585, 2123.0 ], [ -97.671312514198334, 18.565968422035205, 2123.0 ], [ -97.671311901489148, 18.565973737083223, 2123.0 ], [ -97.671318572554398, 18.565978888353598, 2123.0 ], [ -97.671325890791607, 18.565977989121635, 2123.0 ], [ -97.671329466752923, 18.565980115140842, 2123.0 ], [ -97.671328453588188, 18.56599180824648, 2123.0 ], [ -97.671330833416434, 18.565996073201173, 2123.0 ], [ -97.671337521159359, 18.565992698408994, 2123.0 ], [ -97.671343094278456, 18.565992688372713, 2123.0 ], [ -97.671352115382248, 18.565999249313705, 2123.0 ], [ -97.671356296748073, 18.566016257467361, 2123.0 ], [ -97.671364229260902, 18.566024761544188, 2123.0 ], [ -97.671363094087482, 18.566033265621016, 2123.0 ], [ -97.671366501378699, 18.566043253383828, 2123.0 ], [ -97.671367616002513, 18.566044835641332, 2123.0 ], [ -97.671372074497796, 18.566039643677964, 2123.0 ], [ -97.671375418369266, 18.566039487353695, 2123.0 ], [ -97.671380093134843, 18.566047084745861, 2123.0 ], [ -97.671380763609719, 18.566055588822689, 2123.0 ], [ -97.671386730891683, 18.566072596976344, 2123.0 ], [ -97.671390912832479, 18.566102361245242, 2123.0 ], [ -97.671398440658891, 18.566122558427708, 2123.0 ], [ -97.671399940093323, 18.566124436677757, 2123.0 ], [ -97.671409971707703, 18.566121807234254, 2123.0 ], [ -97.671416882375397, 18.566124684446915, 2123.0 ], [ -97.671419155743564, 18.566127873475725, 2123.0 ], [ -97.671419809474472, 18.566137440562155, 2123.0 ], [ -97.671415535460227, 18.566144881629381, 2123.0 ], [ -97.671399887845325, 18.566155511725416, 2123.0 ], [ -97.671392019755444, 18.566166141821451, 2123.0 ], [ -97.671389566446351, 18.566178897936691, 2123.0 ], [ -97.671390800177988, 18.566198032109554, 2123.0 ], [ -97.671395332981533, 18.566211851234399, 2123.0 ], [ -97.671404257049076, 18.566226733368847, 2123.0 ], [ -97.671441246740798, 18.566258623656953, 2123.0 ], [ -97.671449118647345, 18.566274568801003, 2123.0 ], [ -97.671447170676259, 18.566294765983468, 2123.0 ], [ -97.671448720604531, 18.566324530252366, 2123.0 ], [ -97.671453117525985, 18.566331971319592, 2123.0 ], [ -97.671453348574474, 18.566343664425229, 2123.0 ], [ -97.671459147732222, 18.566350042482849, 2123.0 ], [ -97.671456535849373, 18.566365987626902, 2123.0 ], [ -97.671461035411497, 18.56637449170373, 2123.0 ], [ -97.671469159773537, 18.566382995780558, 2123.0 ], [ -97.671475984217821, 18.566400003934213, 2123.0 ], [ -97.671479875369499, 18.566431894222315, 2123.0 ], [ -97.671475549676018, 18.566451028395178, 2123.0 ], [ -97.671475479741972, 18.566470162568042, 2123.0 ], [ -97.671482200912322, 18.566502052856144, 2123.0 ], [ -97.671492453871068, 18.566516934990595, 2123.0 ], [ -97.671493337068128, 18.566524376057817, 2123.0 ], [ -97.671498453866761, 18.566538195182662, 2123.0 ], [ -97.671499319578515, 18.566548825278698, 2123.0 ], [ -97.671504603270094, 18.566552014307508, 2123.0 ], [ -97.671506908140117, 18.566561581393941, 2123.0 ], [ -97.671511606059653, 18.566566896441959, 2123.0 ], [ -97.671511158651441, 18.566576463528389, 2123.0 ], [ -97.671512606269118, 18.566579652557198, 2123.0 ], [ -97.671518090218314, 18.566583231356198, 2123.0 ], [ -97.671529236456522, 18.566582788961771, 2123.0 ], [ -97.671531465704163, 18.566584554212593, 2123.0 ], [ -97.671545313265995, 18.566598786730061, 2123.0 ], [ -97.671546896675011, 18.566613668864509, 2123.0 ], [ -97.671554944254652, 18.566616857893319, 2123.0 ], [ -97.671558216675862, 18.566620412876258, 2123.0 ], [ -97.671560445923504, 18.566618945947898, 2123.0 ], [ -97.671567331821777, 18.566618983912527, 2123.0 ], [ -97.671572098808909, 18.56662855099896, 2123.0 ], [ -97.67157143917413, 18.566632803037372, 2123.0 ], [ -97.671574936033181, 18.566634806401627, 2123.0 ], [ -97.671579537096619, 18.56663174002777, 2123.0 ], [ -97.671582848292417, 18.566625361970146, 2123.0 ], [ -97.671587343454746, 18.566621109931734, 2123.0 ], [ -97.671588102760055, 18.566611542845305, 2123.0 ], [ -97.671598343133411, 18.56659410374181, 2123.0 ], [ -97.671636240343318, 18.56656806575252, 2123.0 ], [ -97.671656303572092, 18.566558411179457, 2123.0 ], [ -97.671674137553225, 18.566546615886189, 2123.0 ], [ -97.671684272853554, 18.56653394314425, 2123.0 ], [ -97.671682794887104, 18.566524376057817, 2123.0 ], [ -97.671685283791433, 18.566521270551192, 2123.0 ], [ -97.67169085691053, 18.566520085188003, 2123.0 ], [ -97.671696430029641, 18.566521704992287, 2123.0 ], [ -97.671707576267849, 18.566518489210413, 2123.0 ], [ -97.671714264010774, 18.566520392456173, 2123.0 ], [ -97.671739900358645, 18.566519831575715, 2123.0 ], [ -97.671754390468323, 18.566521993450088, 2123.0 ], [ -97.671830184888137, 18.566544551980094, 2123.0 ], [ -97.671852477364538, 18.56655429916723, 2123.0 ], [ -97.671878113712424, 18.566569022459955, 2123.0 ], [ -97.671901520812654, 18.566587076198036, 2123.0 ], [ -97.671919311083059, 18.566604101778079, 2123.0 ], [ -97.671937214898918, 18.566625361970146, 2123.0 ], [ -97.671954039264449, 18.566651937210235, 2123.0 ], [ -97.671974145757929, 18.566697646623183, 2123.0 ], [ -97.671989760583955, 18.566751860112962, 2123.0 ], [ -97.671995469968664, 18.566790128458685, 2123.0 ], [ -97.671997048532589, 18.566828396804411, 2123.0 ], [ -97.672001563189269, 18.566874106217359, 2123.0 ], [ -97.672015537951992, 18.566961273004843, 2123.0 ], [ -97.672016671586292, 18.566989974264139, 2123.0 ], [ -97.672014400823087, 18.567019738533034, 2123.0 ], [ -97.672008733691413, 18.567047376782725, 2123.0 ], [ -97.671992635381159, 18.567097338234088, 2123.0 ], [ -97.671990361397647, 18.567112220368536, 2123.0 ], [ -97.671990358286649, 18.567136669589416, 2123.0 ], [ -97.671995093482408, 18.567148362695054, 2123.0 ], [ -97.672035275671149, 18.567184343551759, 2123.0 ], [ -97.672054244003959, 18.567207891232847, 2123.0 ], [ -97.672067687527601, 18.567228088415316, 2123.0 ], [ -97.67207900782455, 18.567249348607383, 2123.0 ], [ -97.672093359956918, 18.567282301905092, 2123.0 ], [ -97.672122453483169, 18.567368405682974, 2123.0 ], [ -97.672144711464455, 18.567467265576095, 2123.0 ], [ -97.672181580765155, 18.567673489439169, 2123.0 ], [ -97.672186094615967, 18.567722387880927, 2123.0 ], [ -97.672185440269217, 18.567805302629999, 2123.0 ], [ -97.672192201844069, 18.567861642138983, 2123.0 ], [ -97.672207976016708, 18.567923296695984, 2123.0 ], [ -97.67223490120189, 18.568006211445056, 2123.0 ], [ -97.672243642772671, 18.56804235377157, 2123.0 ], [ -97.672257170252678, 18.568076370078884, 2123.0 ], [ -97.672259015328351, 18.568102945318969, 2123.0 ], [ -97.672264609522273, 18.568122079491832, 2123.0 ], [ -97.672261395690256, 18.568131646578262, 2123.0 ], [ -97.672272690544972, 18.568140028000137, 2123.0 ], [ -97.672284261401771, 18.568157158808745, 2123.0 ], [ -97.672294983021388, 18.568163638105379, 2123.0 ], [ -97.672311702378693, 18.568163724937296, 2123.0 ], [ -97.672340682598033, 18.568155965634702, 2123.0 ], [ -97.672351828836241, 18.568155856621981, 2123.0 ], [ -97.672358516579166, 18.568158221813178, 2123.0 ], [ -97.672369662817374, 18.568165516263559, 2123.0 ], [ -97.672394358701396, 18.568191175116059, 2123.0 ], [ -97.672450895250364, 18.568266648797906, 2123.0 ], [ -97.672484469076693, 18.568305980153234, 2123.0 ], [ -97.672494536640912, 18.568320862287681, 2123.0 ], [ -97.672503479599413, 18.568338933450939, 2123.0 ], [ -97.672511454700256, 18.568369760729439, 2123.0 ], [ -97.672512644284154, 18.568382516844682, 2123.0 ], [ -97.672511477263484, 18.568418659171201, 2123.0 ], [ -97.672506390006049, 18.568448423440095, 2123.0 ], [ -97.672506513853151, 18.568461179555339, 2123.0 ], [ -97.672509843154359, 18.568478187708994, 2123.0 ], [ -97.672518891277136, 18.568498384891459, 2123.0 ], [ -97.672529054023741, 18.568513333464008, 2123.0 ], [ -97.672549117252515, 18.56853127565919, 2123.0 ], [ -97.67256583660982, 18.568538035149668, 2123.0 ] ] } },
{ "type": "Feature", "properties": { "FID": 1, "elev": 2122.0, "elevation": 2122.0, "ELEVATION": 2122.0, "is_master": false, "tipo": "Ordinaria (1m)" }, "geometry": { "type": "LineString", "coordinates": [ [ -97.671136675781781, 18.565055296785825, 2122.0 ], [ -97.671135573192245, 18.565065926881861, 2122.0 ], [ -97.67113144159714, 18.565070178920273, 2122.0 ], [ -97.671126857257235, 18.565071212264492, 2122.0 ], [ -97.671123446239761, 18.56507549396829, 2122.0 ], [ -97.671125142917333, 18.565087187073928, 2122.0 ], [ -97.671120853036811, 18.565097817169963, 2122.0 ], [ -97.671133908958964, 18.565109510275601, 2122.0 ], [ -97.671143568927491, 18.565131833477274, 2122.0 ], [ -97.671143614125924, 18.565148841630929, 2122.0 ], [ -97.671148200769522, 18.565160534736567, 2122.0 ], [ -97.671148855551408, 18.565178605899828, 2122.0 ], [ -97.671153582855382, 18.565193488034275, 2122.0 ], [ -97.671180359200633, 18.565216726988812, 2122.0 ], [ -97.671188161567372, 18.565219147784457, 2122.0 ], [ -97.671194849310297, 18.565215539421967, 2122.0 ], [ -97.671205620096273, 18.565226441331983, 2122.0 ], [ -97.671211737453504, 18.565243449485639, 2122.0 ], [ -97.671211963072963, 18.565258331620086, 2122.0 ], [ -97.671220182653641, 18.565273213754537, 2122.0 ], [ -97.671224944153465, 18.565271764195987, 2122.0 ], [ -97.671228063698123, 18.565266835696914, 2122.0 ], [ -97.671236090391673, 18.565261553867948, 2122.0 ], [ -97.671240548886956, 18.565261694912767, 2122.0 ], [ -97.671248351253695, 18.565265241182509, 2122.0 ], [ -97.67125503899662, 18.565262994366758, 2122.0 ], [ -97.671261726739544, 18.565257215615869, 2122.0 ], [ -97.671270643730111, 18.565254928274825, 2122.0 ], [ -97.671276348784275, 18.565256205600882, 2122.0 ], [ -97.671279560721374, 18.565259394629692, 2122.0 ], [ -97.67128004168849, 18.565262583658502, 2122.0 ], [ -97.671272582206328, 18.56529553695621, 2122.0 ], [ -97.671275707035477, 18.565299788994622, 2122.0 ], [ -97.671275158805287, 18.565304041033038, 2122.0 ], [ -97.671267265910714, 18.565315734138675, 2122.0 ], [ -97.671260514341711, 18.56533274229233, 2122.0 ], [ -97.671253924372806, 18.565340278757851, 2122.0 ], [ -97.671249465877523, 18.565342575131162, 2122.0 ], [ -97.671242778134598, 18.565342343125099, 2122.0 ], [ -97.671233707090323, 18.565347624426778, 2122.0 ], [ -97.671234154333064, 18.565355065494003, 2122.0 ], [ -97.671228087117427, 18.565367821609243, 2122.0 ], [ -97.671228239030469, 18.565371010638057, 2122.0 ], [ -97.671232897826613, 18.565376325686071, 2122.0 ], [ -97.671232692957048, 18.565383766753296, 2122.0 ], [ -97.671223829529637, 18.565387877419589, 2122.0 ], [ -97.671221044200365, 18.565391207820522, 2122.0 ], [ -97.671221600281996, 18.565393491322631, 2122.0 ], [ -97.671227173401107, 18.565397019163242, 2122.0 ], [ -97.67122881358695, 18.565400774906951, 2122.0 ], [ -97.671225147616539, 18.565414594031797, 2122.0 ], [ -97.671218338975265, 18.565422035099022, 2122.0 ], [ -97.671215829048691, 18.56542735014704, 2122.0 ], [ -97.671217141786713, 18.565447591437788, 2122.0 ], [ -97.671207079210561, 18.565459240435143, 2122.0 ], [ -97.671205995548505, 18.565466653891729, 2122.0 ], [ -97.671201722062506, 18.56547412256959, 2122.0 ], [ -97.671195963934125, 18.56547599278435, 2122.0 ], [ -97.671184817695917, 18.565473494300065, 2122.0 ], [ -97.671173671457709, 18.565474667988131, 2122.0 ], [ -97.671165905636002, 18.565480500627213, 2122.0 ], [ -97.671162226297653, 18.565487941694435, 2122.0 ], [ -97.671162311834308, 18.565493256742453, 2122.0 ], [ -97.671169039254821, 18.565501760819281, 2122.0 ], [ -97.671172546167625, 18.565512390915316, 2122.0 ], [ -97.671172697793338, 18.565515579944126, 2122.0 ], [ -97.671168236608395, 18.565520894992144, 2122.0 ], [ -97.671172678271503, 18.565528336059369, 2122.0 ], [ -97.671174761153836, 18.565536840136197, 2122.0 ], [ -97.671190218313711, 18.565558100328264, 2122.0 ], [ -97.671212876439242, 18.565580423529937, 2122.0 ], [ -97.671220292026419, 18.565595305664388, 2122.0 ], [ -97.671227173401107, 18.565603133280558, 2122.0 ], [ -97.671240548886956, 18.56561144262972, 2122.0 ], [ -97.671250580501336, 18.565613752921688, 2122.0 ], [ -97.671257484851324, 18.565613376827645, 2122.0 ], [ -97.671271795201008, 18.565630384981301, 2122.0 ], [ -97.671271812312213, 18.565636763038921, 2122.0 ], [ -97.671268831464047, 18.565646330125354, 2122.0 ], [ -97.671270974442677, 18.565652708182974, 2122.0 ], [ -97.671269261596578, 18.565664401288611, 2122.0 ], [ -97.671271552799936, 18.565679283423062, 2122.0 ], [ -97.671270922386071, 18.565692039538302, 2122.0 ], [ -97.671269576813927, 18.56569735458632, 2122.0 ], [ -97.671263955988238, 18.565703732643939, 2122.0 ], [ -97.671268333989445, 18.565744127008873, 2122.0 ], [ -97.671277555018762, 18.565753694095303, 2122.0 ], [ -97.671278343941921, 18.565771765258564, 2122.0 ], [ -97.671285133839788, 18.565777920929236, 2122.0 ], [ -97.671287605037307, 18.565784521373804, 2122.0 ], [ -97.671287604832614, 18.565828104767547, 2122.0 ], [ -97.671281951768549, 18.565852553988428, 2122.0 ], [ -97.671287356121027, 18.565858932046048, 2122.0 ], [ -97.67129739470181, 18.565861146649389, 2122.0 ], [ -97.671301853197093, 18.565864868333442, 2122.0 ], [ -97.671310137308026, 18.565881255247721, 2122.0 ], [ -97.671319687178226, 18.565889855806542, 2122.0 ], [ -97.671328304538733, 18.565892948353358, 2122.0 ], [ -97.671329725161897, 18.56589720039177, 2122.0 ], [ -97.671337255497718, 18.565902515439788, 2122.0 ], [ -97.671338431435473, 18.565906767478204, 2122.0 ], [ -97.671335846211136, 18.565916334564633, 2122.0 ], [ -97.671329718792606, 18.565920534278742, 2122.0 ], [ -97.67131552019994, 18.565936531747102, 2122.0 ], [ -97.671299623949452, 18.565940226402201, 2122.0 ], [ -97.671298308653604, 18.565942909804722, 2122.0 ], [ -97.671308429098517, 18.565960980967979, 2122.0 ], [ -97.67130854094016, 18.565974800092825, 2122.0 ], [ -97.671310934027048, 18.56597905213124, 2122.0 ], [ -97.671329718792606, 18.566000234593357, 2122.0 ], [ -97.671341861848873, 18.566006690380931, 2122.0 ], [ -97.671345573773834, 18.566013068438551, 2122.0 ], [ -97.67134855216807, 18.566024761544188, 2122.0 ], [ -97.671354751226318, 18.566033265621016, 2122.0 ], [ -97.671359835738798, 18.566035391640224, 2122.0 ], [ -97.671365386754871, 18.566042124722411, 2122.0 ], [ -97.671365901874807, 18.566056651832291, 2122.0 ], [ -97.671370915161276, 18.566067281928326, 2122.0 ], [ -97.671371532350847, 18.566072596976344, 2122.0 ], [ -97.67136838441742, 18.566083227072379, 2122.0 ], [ -97.671368953551109, 18.56610767629326, 2122.0 ], [ -97.671369651402543, 18.566112991341278, 2122.0 ], [ -97.671375609320748, 18.566124684446915, 2122.0 ], [ -97.671376124077838, 18.566132125514137, 2122.0 ], [ -97.671365600335491, 18.566164015802244, 2122.0 ], [ -97.671360928259588, 18.566171701361675, 2122.0 ], [ -97.671350896645208, 18.566181071962784, 2122.0 ], [ -97.671304082444735, 18.566209590940293, 2122.0 ], [ -97.671303185491553, 18.566213977253607, 2122.0 ], [ -97.671305352060628, 18.566222481330435, 2122.0 ], [ -97.671303807407682, 18.566225670359245, 2122.0 ], [ -97.671296291059505, 18.566238426474484, 2122.0 ], [ -97.67128617825108, 18.566243741522502, 2122.0 ], [ -97.671285309833024, 18.566247993560918, 2122.0 ], [ -97.671295165454168, 18.56625235556584, 2122.0 ], [ -97.671310060881595, 18.56625543462814, 2122.0 ], [ -97.671315228682943, 18.566258930748614, 2122.0 ], [ -97.671324145673509, 18.566258429278051, 2122.0 ], [ -97.671330833416434, 18.566261016929985, 2122.0 ], [ -97.671338635783172, 18.566259472535123, 2122.0 ], [ -97.671346438149925, 18.56625429323995, 2122.0 ], [ -97.671354240516663, 18.566254371617852, 2122.0 ], [ -97.671360759217123, 18.566259686666555, 2122.0 ], [ -97.67136315750723, 18.566264353421719, 2122.0 ], [ -97.671372074497796, 18.56626594538422, 2122.0 ], [ -97.671386564607474, 18.566271614462625, 2122.0 ], [ -97.671396313406859, 18.566272442781795, 2122.0 ], [ -97.671415544826814, 18.566281842024605, 2122.0 ], [ -97.671422431609699, 18.566288387925848, 2122.0 ], [ -97.671427980394768, 18.566303270060295, 2122.0 ], [ -97.67143221641453, 18.566329845300384, 2122.0 ], [ -97.671431258684308, 18.566338349377212, 2122.0 ], [ -97.671424461817381, 18.566342484601382, 2122.0 ], [ -97.671424751539092, 18.566345790444437, 2122.0 ], [ -97.671429780971565, 18.566348979473247, 2122.0 ], [ -97.671435826908663, 18.566359609569282, 2122.0 ], [ -97.671442219534768, 18.566379806751748, 2122.0 ], [ -97.671446759951777, 18.566386184809367, 2122.0 ], [ -97.671446478840778, 18.566390436847783, 2122.0 ], [ -97.671453502286653, 18.566396814905403, 2122.0 ], [ -97.671458088217804, 18.566409571020642, 2122.0 ], [ -97.67146230446528, 18.566449965385576, 2122.0 ], [ -97.671461357352015, 18.566457406452802, 2122.0 ], [ -97.671456616548369, 18.566465910529629, 2122.0 ], [ -97.67145552123884, 18.566476540625661, 2122.0 ], [ -97.67145775899246, 18.566486107712095, 2122.0 ], [ -97.671465521772376, 18.566498863827334, 2122.0 ], [ -97.671471341583953, 18.566514808971387, 2122.0 ], [ -97.671479078384593, 18.566528346711337, 2122.0 ], [ -97.671483274929912, 18.566571148480371, 2122.0 ], [ -97.671491127375972, 18.566584967605216, 2122.0 ], [ -97.671510341439259, 18.566605164787681, 2122.0 ], [ -97.671522458642997, 18.566624298960544, 2122.0 ], [ -97.671537154001072, 18.56663811808539, 2122.0 ], [ -97.671555832480522, 18.566671071383098, 2122.0 ], [ -97.671560445923504, 18.566675199403726, 2122.0 ], [ -97.671571592161712, 18.566679764319499, 2122.0 ], [ -97.671579394528464, 18.566679880792471, 2122.0 ], [ -97.671592988092883, 18.56667532342151, 2122.0 ], [ -97.671600603129292, 18.566666819344682, 2122.0 ], [ -97.671614943773392, 18.56662855099896, 2122.0 ], [ -97.671627195121701, 18.566614731874115, 2122.0 ], [ -97.671661876691203, 18.566595676442702, 2122.0 ], [ -97.671692952403319, 18.566565833432353, 2122.0 ], [ -97.671709805515491, 18.566563649238493, 2122.0 ], [ -97.671715247954552, 18.566555203336318, 2122.0 ], [ -97.671726524872795, 18.566549026691046, 2122.0 ], [ -97.671735441863362, 18.566547494356104, 2122.0 ], [ -97.671747702725398, 18.566550095704809, 2122.0 ], [ -97.671776682944738, 18.566568004494339, 2122.0 ], [ -97.671836872631062, 18.566588971608056, 2122.0 ], [ -97.671866967474216, 18.566606197712108, 2122.0 ], [ -97.671882572207707, 18.566619174709121, 2122.0 ], [ -97.671896128443365, 18.566633866046978, 2122.0 ], [ -97.671911504657459, 18.566656189248647, 2122.0 ], [ -97.671921788247317, 18.566676386431116, 2122.0 ], [ -97.671933922069726, 18.566709339728821, 2122.0 ], [ -97.671941917482044, 18.566746545064944, 2122.0 ], [ -97.671943096281169, 18.566764616228202, 2122.0 ], [ -97.671941886118162, 18.566782687391463, 2122.0 ], [ -97.671937314619541, 18.56679756952591, 2122.0 ], [ -97.671931615655822, 18.566805211703059, 2122.0 ], [ -97.671923813289069, 18.566810286270425, 2122.0 ], [ -97.671909323179406, 18.566810622294994, 2122.0 ], [ -97.671888145326804, 18.566806538669439, 2122.0 ], [ -97.671880342960065, 18.566806892242319, 2122.0 ], [ -97.67186808209803, 18.566810459916049, 2122.0 ], [ -97.671853591988366, 18.566820865651628, 2122.0 ], [ -97.671846659944336, 18.566834774862031, 2122.0 ], [ -97.67184665196433, 18.566850720006084, 2122.0 ], [ -97.671849102673988, 18.566858161073309, 2122.0 ], [ -97.671853591988366, 18.566865696931199, 2122.0 ], [ -97.67186808209803, 18.566878570857696, 2122.0 ], [ -97.671885916079162, 18.566886026531158, 2122.0 ], [ -97.671916010922331, 18.56688352497687, 2122.0 ], [ -97.671925063018818, 18.566890051361412, 2122.0 ], [ -97.671929481269785, 18.566899618447842, 2122.0 ], [ -97.671932949223603, 18.566913437572687, 2122.0 ], [ -97.671939719899854, 18.566971903100878, 2122.0 ], [ -97.671939708794, 18.566997415331361, 2122.0 ], [ -97.67193618561349, 18.567026116590657, 2122.0 ], [ -97.671929515018618, 18.567046313773123, 2122.0 ], [ -97.671926042536711, 18.567051274484605, 2122.0 ], [ -97.671921584041428, 18.567053991064704, 2122.0 ], [ -97.671917125546145, 18.567052859674366, 2122.0 ], [ -97.671911552427048, 18.567048536429567, 2122.0 ], [ -97.671898022132325, 18.567034620667485, 2122.0 ], [ -97.67189245520558, 18.567026116590657, 2122.0 ], [ -97.671892789592732, 18.567021864552242, 2122.0 ], [ -97.671905979303602, 18.567005919408189, 2122.0 ], [ -97.671909573969756, 18.566996352321759, 2122.0 ], [ -97.671909648278017, 18.566981470187311, 2122.0 ], [ -97.671908336673269, 18.566976155139294, 2122.0 ], [ -97.671903506236333, 18.566968714072068, 2122.0 ], [ -97.67189706231737, 18.5669634710925, 2122.0 ], [ -97.671890374574446, 18.566961040471494, 2122.0 ], [ -97.671874769840954, 18.566962194833486, 2122.0 ], [ -97.671864738226574, 18.566969506315075, 2122.0 ], [ -97.671859016170671, 18.566982533196914, 2122.0 ], [ -97.671857567032347, 18.566992100283343, 2122.0 ], [ -97.671860289772951, 18.567002730379379, 2122.0 ], [ -97.671869196721858, 18.567011441652994, 2122.0 ], [ -97.671880375743115, 18.567018675523432, 2122.0 ], [ -97.671884875763595, 18.567022927561844, 2122.0 ], [ -97.67188500411423, 18.567025053581052, 2122.0 ], [ -97.671880376736539, 18.567032494648277, 2122.0 ], [ -97.671866967476973, 18.567046313773123, 2122.0 ], [ -97.671863595384423, 18.567052691830742, 2122.0 ], [ -97.671861106579513, 18.567063321926778, 2122.0 ], [ -97.671861658344966, 18.567080330080433, 2122.0 ], [ -97.671859582431082, 18.567096275224486, 2122.0 ], [ -97.671863932032906, 18.567121787454969, 2122.0 ], [ -97.671866817659179, 18.567155803762279, 2122.0 ], [ -97.671872540593313, 18.567175761767583, 2122.0 ], [ -97.671892603822087, 18.567186787217548, 2122.0 ], [ -97.671917125546145, 18.567192193697458, 2122.0 ], [ -97.671976200608654, 18.567199296203327, 2122.0 ], [ -97.6719951492136, 18.567205984748234, 2122.0 ], [ -97.672012085577322, 18.567216395309678, 2122.0 ], [ -97.672031986745935, 18.567237655501746, 2122.0 ], [ -97.672048651158079, 18.567264230741834, 2122.0 ], [ -97.672065600516049, 18.567299310058747, 2122.0 ], [ -97.672084540934947, 18.567348208500508, 2122.0 ], [ -97.672095694532459, 18.567384350827027, 2122.0 ], [ -97.672106833511734, 18.567432186259182, 2122.0 ], [ -97.672115745318649, 18.567483210720148, 2122.0 ], [ -97.672122489626361, 18.567535298190716, 2122.0 ], [ -97.672129224443012, 18.567635221093443, 2122.0 ], [ -97.672129229509707, 18.567712820794497, 2122.0 ], [ -97.672124108121892, 18.567787231466738, 2122.0 ], [ -97.672125221442414, 18.567826562822066, 2122.0 ], [ -97.67212974279893, 18.567861642138983, 2122.0 ], [ -97.672140299206873, 18.567909477571138, 2122.0 ], [ -97.672147022173021, 18.567950934945674, 2122.0 ], [ -97.672156530819649, 18.568056172896416, 2122.0 ], [ -97.672167658684941, 18.568089126194124, 2122.0 ], [ -97.672186938819024, 18.568119953472625, 2122.0 ], [ -97.672187738134852, 18.56813058356866, 2122.0 ], [ -97.672190253877076, 18.568138024635886, 2122.0 ], [ -97.672194573014451, 18.568143339683903, 2122.0 ], [ -97.672202469244255, 18.568147379120393, 2122.0 ], [ -97.672204723824265, 18.568150780751125, 2122.0 ], [ -97.672208903161959, 18.568182671039231, 2122.0 ], [ -97.672213353218041, 18.568200742202489, 2122.0 ], [ -97.67221807398353, 18.568211372298524, 2122.0 ], [ -97.672229220215954, 18.568224619033582, 2122.0 ], [ -97.672265021933086, 18.568253892682662, 2122.0 ], [ -97.67228836958671, 18.568278341903543, 2122.0 ], [ -97.672310617879845, 18.568311295201251, 2122.0 ], [ -97.672325204526345, 18.568342122479752, 2122.0 ], [ -97.67233306995449, 18.568367634710235, 2122.0 ], [ -97.672334273511069, 18.568388894902302, 2122.0 ], [ -97.672331858492782, 18.568402714027147, 2122.0 ], [ -97.672316077067677, 18.568437793344064, 2122.0 ], [ -97.672314749017133, 18.568463305574546, 2122.0 ], [ -97.672323735766469, 18.568509014987495, 2122.0 ], [ -97.672329361679971, 18.568528149160358, 2122.0 ], [ -97.672340733262757, 18.568551535371633, 2122.0 ], [ -97.672358516581212, 18.568574921582911, 2122.0 ] ] } },
{ "type": "Feature", "properties": { "FID": 2, "elev": 2121.0, "elevation": 2121.0, "ELEVATION": 2121.0, "is_master": false, "tipo": "Ordinaria (1m)" }, "geometry": { "type": "LineString", "coordinates": [ [ -97.671126996585215, 18.565055296785825, 2121.0 ], [ -97.671126886083712, 18.565060611833843, 2121.0 ], [ -97.671120159747616, 18.565069115910671, 2121.0 ], [ -97.671117940266669, 18.565080976555866, 2121.0 ], [ -97.671111252523744, 18.56508606307197, 2121.0 ], [ -97.671101220909364, 18.565088596403402, 2121.0 ], [ -97.671095541932132, 18.565087187073928, 2121.0 ], [ -97.671090936927314, 18.565080809016308, 2121.0 ], [ -97.671094437444921, 18.565062737853051, 2121.0 ], [ -97.671099279650647, 18.565055296785825, 2121.0 ] ] } },
{ "type": "Feature", "properties": { "FID": 3, "elev": 2122.0, "elevation": 2122.0, "ELEVATION": 2122.0, "is_master": false, "tipo": "Ordinaria (1m)" }, "geometry": { "type": "LineString", "coordinates": [ [ -97.670512699531997, 18.568069057795164, 2122.0 ], [ -97.670522731146391, 18.568067836309048, 2122.0 ], [ -97.670529418889316, 18.568058620615897, 2122.0 ], [ -97.670532826453567, 18.568057235906021, 2122.0 ], [ -97.670532398650323, 18.568047668819588, 2122.0 ], [ -97.670536756829463, 18.568043416781176, 2122.0 ], [ -97.670542794375166, 18.56804096368209, 2122.0 ], [ -97.670550596741904, 18.568043774492345, 2122.0 ], [ -97.670553940613374, 18.568041569385567, 2122.0 ], [ -97.670558399108657, 18.568034237062651, 2122.0 ], [ -97.670566201475395, 18.568032432348605, 2122.0 ], [ -97.670571774594507, 18.568027392476832, 2122.0 ], [ -97.670590980420343, 18.568016841541088, 2122.0 ], [ -97.670594179511042, 18.568012589502676, 2122.0 ], [ -97.670595040155206, 18.568003022416242, 2122.0 ], [ -97.670607551300549, 18.567997707368228, 2122.0 ], [ -97.670610786425911, 18.567993455329812, 2122.0 ], [ -97.670613694142546, 18.56799239232021, 2122.0 ], [ -97.670617497392485, 18.567982825233777, 2122.0 ], [ -97.6706253894112, 18.567979636204967, 2122.0 ], [ -97.670623616986873, 18.56797113212814, 2122.0 ], [ -97.67061858879498, 18.567967735682821, 2122.0 ], [ -97.67060521330913, 18.56797451752572, 2122.0 ], [ -97.670597410942378, 18.567974450792267, 2122.0 ], [ -97.670589608575639, 18.567971180446758, 2122.0 ], [ -97.670585654314934, 18.567974321156949, 2122.0 ], [ -97.670582920832715, 18.567980607772885, 2122.0 ], [ -97.670578462337431, 18.567981886241963, 2122.0 ], [ -97.670576050155347, 18.567984951252985, 2122.0 ], [ -97.670577347713603, 18.567989203288494, 2122.0 ], [ -97.670585150080356, 18.567991465593888, 2122.0 ], [ -97.670586762429267, 18.56799877037783, 2122.0 ], [ -97.670585473680816, 18.56800195940664, 2122.0 ], [ -97.670576129403841, 18.567999833387432, 2122.0 ], [ -97.670574003842148, 18.567992495748172, 2122.0 ], [ -97.670563972227754, 18.567988236919032, 2122.0 ], [ -97.670556480918819, 18.567996644358622, 2122.0 ], [ -97.670554517829274, 18.56800514843545, 2122.0 ], [ -97.670549853659367, 18.568012589502676, 2122.0 ], [ -97.670547252870449, 18.568012176110052, 2122.0 ], [ -97.670544329266974, 18.56800833746426, 2122.0 ], [ -97.670549339064763, 18.568003022416242, 2122.0 ], [ -97.670550193325781, 18.567999833387432, 2122.0 ], [ -97.670545222037518, 18.567990266301003, 2122.0 ], [ -97.670546138246621, 18.567984706531348, 2122.0 ], [ -97.670561742980112, 18.567978512035907, 2122.0 ], [ -97.670576743959032, 18.567980699214569, 2122.0 ], [ -97.670581133591071, 18.567975384166555, 2122.0 ], [ -97.670578295030808, 18.567970069118537, 2122.0 ], [ -97.670578787436042, 18.567965817080122, 2122.0 ], [ -97.670587379327998, 18.567962694246049, 2122.0 ], [ -97.670590281764277, 18.567958376012896, 2122.0 ], [ -97.670568430723037, 18.567946985890675, 2122.0 ], [ -97.670552825989546, 18.567953186593289, 2122.0 ], [ -97.670545023622807, 18.567949968867037, 2122.0 ], [ -97.670538335879883, 18.567952263707678, 2122.0 ], [ -97.670537017272608, 18.567942430868847, 2122.0 ], [ -97.67053926750576, 18.567939241840037, 2122.0 ], [ -97.670546138246621, 18.567935079061971, 2122.0 ], [ -97.670552825989546, 18.567927969926881, 2122.0 ], [ -97.670555426778463, 18.567929674753604, 2122.0 ], [ -97.670556727172922, 18.567933926792019, 2122.0 ], [ -97.670561742980112, 18.567931984050329, 2122.0 ], [ -97.670565086851582, 18.567936108032502, 2122.0 ], [ -97.670569545346865, 18.567935907193473, 2122.0 ], [ -97.670580134273152, 18.567923296695984, 2122.0 ], [ -97.670575238965839, 18.567920107667174, 2122.0 ], [ -97.670572566564061, 18.567912666599948, 2122.0 ], [ -97.670573598524385, 18.567910540580741, 2122.0 ], [ -97.670588493951811, 18.567901952896417, 2122.0 ], [ -97.670591491051425, 18.567903099513519, 2122.0 ], [ -97.670590757233768, 18.567906288542328, 2122.0 ], [ -97.670582384161975, 18.567921170676776, 2122.0 ], [ -97.670585115248358, 18.567927548734396, 2122.0 ], [ -97.670587379327998, 18.567929309344052, 2122.0 ], [ -97.670591837823281, 18.567928896721043, 2122.0 ], [ -97.670599640190019, 18.567923658571594, 2122.0 ], [ -97.670604183396719, 18.567926485724794, 2122.0 ], [ -97.67060416361484, 18.567929674753604, 2122.0 ], [ -97.670601869437661, 18.567931190107721, 2122.0 ], [ -97.670593862453984, 18.567932863782413, 2122.0 ], [ -97.670590487715543, 18.567943493878449, 2122.0 ], [ -97.670593116362369, 18.567950934945674, 2122.0 ], [ -97.670595181694736, 18.567953126237398, 2122.0 ], [ -97.67060521330913, 18.567950791471986, 2122.0 ], [ -97.670608557180586, 18.567953202699496, 2122.0 ], [ -97.67061858879498, 18.567950068616263, 2122.0 ], [ -97.670627519054875, 18.567942430868847, 2122.0 ], [ -97.670627459342882, 18.567933926792019, 2122.0 ], [ -97.670633764826988, 18.567925422715192, 2122.0 ], [ -97.670633256063397, 18.567922233686382, 2122.0 ], [ -97.670624571890656, 18.567914792619156, 2122.0 ], [ -97.670624776094556, 18.567912666599948, 2122.0 ], [ -97.670644782454758, 18.567908414561536, 2122.0 ], [ -97.670645237272524, 18.567905225532726, 2122.0 ], [ -97.670639423686396, 18.567899910484709, 2122.0 ], [ -97.670643067648882, 18.567891406407881, 2122.0 ], [ -97.670656486004873, 18.56789034339673, 2122.0 ], [ -97.670663344741229, 18.567886091359863, 2122.0 ], [ -97.670665709516996, 18.567859516119775, 2122.0 ], [ -97.670668746866909, 18.567857173735781, 2122.0 ], [ -97.670695497838608, 18.567858573450881, 2122.0 ], [ -97.670703300205346, 18.567854251691262, 2122.0 ], [ -97.670707797135933, 18.567848886023739, 2122.0 ], [ -97.670715561062124, 18.56783294087969, 2122.0 ], [ -97.670721273514459, 18.567812743697221, 2122.0 ], [ -97.670733395048515, 18.567803147880802, 2122.0 ], [ -97.670742312039081, 18.56780129862716, 2122.0 ], [ -97.670765719139311, 18.567802906354114, 2122.0 ], [ -97.670791355487196, 18.567810789131176, 2122.0 ], [ -97.670801387101577, 18.567810875377315, 2122.0 ], [ -97.670814762587426, 18.567805431479648, 2122.0 ], [ -97.670832596568559, 18.567792546510514, 2122.0 ], [ -97.670844857430581, 18.567787107860973, 2122.0 ], [ -97.670882754640488, 18.567783134990705, 2122.0 ], [ -97.670901703245448, 18.567778727384205, 2122.0 ], [ -97.670909705672869, 18.567774475351499, 2122.0 ], [ -97.670917275195876, 18.567765971274671, 2122.0 ], [ -97.670924098216005, 18.567754278169033, 2122.0 ], [ -97.670930390142729, 18.567733017976963, 2122.0 ], [ -97.670937371207714, 18.567718060982681, 2122.0 ], [ -97.670941829702997, 18.567713690529626, 2122.0 ], [ -97.67094628819828, 18.567712325945198, 2122.0 ], [ -97.67095631981266, 18.567713529467564, 2122.0 ], [ -97.67095966368413, 18.567706442734071, 2122.0 ], [ -97.670968761801063, 18.567703253708064, 2122.0 ], [ -97.670975302194094, 18.567695812640842, 2122.0 ], [ -97.67097972691289, 18.567694124331471, 2122.0 ], [ -97.670982327701807, 18.567688371573617, 2122.0 ], [ -97.670991987774926, 18.567680944969108, 2122.0 ], [ -97.670993102398739, 18.567677295699362, 2122.0 ], [ -97.671000904765492, 18.567673659793272, 2122.0 ], [ -97.671001029937145, 18.567670300410359, 2122.0 ], [ -97.670995639128819, 18.567657544295116, 2122.0 ], [ -97.67099846974115, 18.567646914199081, 2122.0 ], [ -97.671008707132231, 18.567637188454501, 2122.0 ], [ -97.671032114232474, 18.567626291812775, 2122.0 ], [ -97.671041031223041, 18.567606601604119, 2122.0 ], [ -97.671046604342138, 18.567600141774406, 2122.0 ], [ -97.671053292085062, 18.567599920891418, 2122.0 ], [ -97.671057007497808, 18.567596952747717, 2122.0 ], [ -97.671051624912678, 18.567589511680495, 2122.0 ], [ -97.671052307246214, 18.567587385661287, 2122.0 ], [ -97.671055521332704, 18.567584314744654, 2122.0 ], [ -97.671065552947098, 18.567583369847231, 2122.0 ], [ -97.671073355313837, 18.567579023877084, 2122.0 ], [ -97.671072784626446, 18.567571440517234, 2122.0 ], [ -97.67107781380912, 18.567561191500115, 2122.0 ], [ -97.671087102340962, 18.567558684401995, 2122.0 ], [ -97.671101220909364, 18.567550104395909, 2122.0 ], [ -97.671114596395213, 18.567546648390032, 2122.0 ], [ -97.671119054890497, 18.567546892411741, 2122.0 ], [ -97.671123699156411, 18.567550180325167, 2122.0 ], [ -97.671121284138138, 18.567562885820902, 2122.0 ], [ -97.671124628009593, 18.567563600821408, 2122.0 ], [ -97.671129086504877, 18.567560310181388, 2122.0 ], [ -97.671131006134786, 18.567556558382787, 2122.0 ], [ -97.671130508611128, 18.567552306344371, 2122.0 ], [ -97.671135732965439, 18.567548054305959, 2122.0 ], [ -97.67113284562835, 18.567541676248339, 2122.0 ], [ -97.671139016789823, 18.567537424209924, 2122.0 ], [ -97.671143576609126, 18.567524668094684, 2122.0 ], [ -97.671174687732361, 18.567476832662528, 2122.0 ], [ -97.671214912536598, 18.567392854903854, 2122.0 ], [ -97.671232598996468, 18.567359901606146, 2122.0 ], [ -97.671265168960176, 18.567306751125972, 2122.0 ], [ -97.671291821578933, 18.567271671809056, 2122.0 ], [ -97.671302967820921, 18.567262075194581, 2122.0 ], [ -97.67131077018766, 18.56725871458389, 2122.0 ], [ -97.671321916425867, 18.567259836968805, 2122.0 ], [ -97.671345323526097, 18.567272943935304, 2122.0 ], [ -97.671354240516663, 18.56727189655966, 2122.0 ], [ -97.671361091528439, 18.567268482780246, 2122.0 ], [ -97.671361994654504, 18.567248285597781, 2122.0 ], [ -97.671356469764305, 18.567242885932085, 2122.0 ], [ -97.671338635783172, 18.567239936543189, 2122.0 ], [ -97.671333805746627, 18.567236592492144, 2122.0 ], [ -97.671330604775648, 18.567231277444126, 2122.0 ], [ -97.671330591914611, 18.567217458319281, 2122.0 ], [ -97.671340762142464, 18.567187694050382, 2122.0 ], [ -97.671385485823649, 18.567103716291708, 2122.0 ], [ -97.671386995257578, 18.567093086195676, 2122.0 ], [ -97.671385386290865, 18.567081393090035, 2122.0 ], [ -97.671382106112191, 18.567074949079267, 2122.0 ], [ -97.671362072215615, 18.567053754840344, 2122.0 ], [ -97.671354293593993, 18.567034620667485, 2122.0 ], [ -97.671347686772236, 18.56702399057145, 2122.0 ], [ -97.671328431358901, 18.567002730379379, 2122.0 ], [ -97.671319885333574, 18.566983596206516, 2122.0 ], [ -97.671318713413456, 18.566971903100878, 2122.0 ], [ -97.671307329990682, 18.566942138831983, 2122.0 ], [ -97.671299623949452, 18.566933685374661, 2122.0 ], [ -97.671294050830355, 18.566933999513353, 2122.0 ], [ -97.671291648437261, 18.566931508735948, 2122.0 ], [ -97.671294329486301, 18.566927256697532, 2122.0 ], [ -97.671293985264242, 18.566921941649515, 2122.0 ], [ -97.67128274326501, 18.566910248543877, 2122.0 ], [ -97.671267389028557, 18.566882610294186, 2122.0 ], [ -97.671251883133991, 18.566863476121327, 2122.0 ], [ -97.671249234163611, 18.566858161073309, 2122.0 ], [ -97.671247497933635, 18.566843278938858, 2122.0 ], [ -97.671244996123406, 18.566837963890841, 2122.0 ], [ -97.671238319639315, 18.566833496029265, 2122.0 ], [ -97.67123163189639, 18.566832656490377, 2122.0 ], [ -97.671226058777279, 18.566827567851966, 2122.0 ], [ -97.671213591302063, 18.566806073602738, 2122.0 ], [ -97.67120246861839, 18.566770994285822, 2122.0 ], [ -97.671178203694012, 18.56667851245032, 2122.0 ], [ -97.671145564311857, 18.566573274499579, 2122.0 ], [ -97.671136564942046, 18.566520124019405, 2122.0 ], [ -97.671136606259097, 18.566478666644869, 2122.0 ], [ -97.671140513740681, 18.566456343443196, 2122.0 ], [ -97.671140565956946, 18.566444650337559, 2122.0 ], [ -97.671138288800449, 18.566432957231921, 2122.0 ], [ -97.671131298471536, 18.566417012087868, 2122.0 ], [ -97.671121361008744, 18.566403192963023, 2122.0 ], [ -97.671083386928231, 18.566367978898413, 2122.0 ], [ -97.6710742734045, 18.566357483550075, 2122.0 ], [ -97.671067534762386, 18.566345790444437, 2122.0 ], [ -97.671064173403877, 18.566335160348402, 2122.0 ], [ -97.671061392669046, 18.566294765983468, 2122.0 ], [ -97.671053035511278, 18.566246930551312, 2122.0 ], [ -97.671052433977408, 18.566202284147966, 2122.0 ], [ -97.671049710388985, 18.566190591042329, 2122.0 ], [ -97.671049923648894, 18.566182086965501, 2122.0 ], [ -97.671057540933234, 18.566172519879071, 2122.0 ], [ -97.671075584561478, 18.566158839933852, 2122.0 ], [ -97.671082207688528, 18.566148070658191, 2122.0 ], [ -97.67108399061253, 18.566134251533345, 2122.0 ], [ -97.671083776973518, 18.566104487264447, 2122.0 ], [ -97.671081114944613, 18.566089605129999, 2122.0 ], [ -97.67108110833756, 18.566074722995552, 2122.0 ], [ -97.671088948038644, 18.566057714841897, 2122.0 ], [ -97.671101220909364, 18.566050941134961, 2122.0 ], [ -97.671117940266669, 18.566028290021443, 2122.0 ], [ -97.671119200714259, 18.566021572515378, 2122.0 ], [ -97.671117332763231, 18.566014131448153, 2122.0 ], [ -97.67112477748924, 18.56599499727529, 2122.0 ], [ -97.671123645278612, 18.565987556208068, 2122.0 ], [ -97.671125946358217, 18.56597905213124, 2122.0 ], [ -97.671126815048481, 18.565963106987187, 2122.0 ], [ -97.671135716916666, 18.565949287862342, 2122.0 ], [ -97.671130738770771, 18.565936531747102, 2122.0 ], [ -97.671133163417224, 18.565921649612651, 2122.0 ], [ -97.671126744030275, 18.565908893497411, 2122.0 ], [ -97.671122066746349, 18.565887633305341, 2122.0 ], [ -97.671123453509281, 18.56585999505565, 2122.0 ], [ -97.671119999486947, 18.565857869036442, 2122.0 ], [ -97.671119345956228, 18.565854680007632, 2122.0 ], [ -97.671122398761952, 18.565846165774662, 2122.0 ], [ -97.671130296279514, 18.565837671853977, 2122.0 ], [ -97.671133786426779, 18.565831293796357, 2122.0 ], [ -97.67113938072697, 18.565806844575476, 2122.0 ], [ -97.671139336197839, 18.565796214479441, 2122.0 ], [ -97.671133616450405, 18.565786647393011, 2122.0 ], [ -97.671123417846587, 18.565780269335391, 2122.0 ], [ -97.671117915396763, 18.565773891277768, 2122.0 ], [ -97.671112232041651, 18.565759009143321, 2122.0 ], [ -97.671111453796442, 18.565742000989665, 2122.0 ], [ -97.671106555367828, 18.56573137089363, 2122.0 ], [ -97.671106613473853, 18.56571861477839, 2122.0 ], [ -97.671111424865174, 18.565700543615129, 2122.0 ], [ -97.671112058698213, 18.565678220413457, 2122.0 ], [ -97.671114913183033, 18.565662275269407, 2122.0 ], [ -97.671112670390812, 18.565651645173372, 2122.0 ], [ -97.671112267551905, 18.565635700029318, 2122.0 ], [ -97.671103450157005, 18.56562226436456, 2122.0 ], [ -97.671098991661722, 18.565619585770104, 2122.0 ], [ -97.671087845423514, 18.565617807879828, 2122.0 ], [ -97.671081310668171, 18.565611250808438, 2122.0 ], [ -97.671080274622028, 18.565600620712406, 2122.0 ], [ -97.671072234356927, 18.565578297510733, 2122.0 ], [ -97.67106352576576, 18.5655687304243, 2122.0 ], [ -97.671049948213607, 18.565561353679314, 2122.0 ], [ -97.671042145846855, 18.56555499876227, 2122.0 ], [ -97.671038157583496, 18.565546407222627, 2122.0 ], [ -97.671040102748208, 18.565536840136197, 2122.0 ], [ -97.671038408578752, 18.565529399068971, 2122.0 ], [ -97.671032114232474, 18.565520822748773, 2122.0 ], [ -97.671024311865722, 18.565519413221182, 2122.0 ], [ -97.671019530958588, 18.565512390915316, 2122.0 ], [ -97.67102208261808, 18.565493232583144, 2122.0 ], [ -97.671027655737191, 18.565490213017114, 2122.0 ], [ -97.671037687351571, 18.565490267027943, 2122.0 ], [ -97.671039916599213, 18.565487506312845, 2122.0 ], [ -97.671037862321597, 18.565471996550386, 2122.0 ], [ -97.671038608368278, 18.565463492473558, 2122.0 ], [ -97.671041031223041, 18.565459049542572, 2122.0 ], [ -97.671049994777519, 18.565450736358315, 2122.0 ], [ -97.671053247879016, 18.565441169271885, 2122.0 ], [ -97.671058049319612, 18.565434791214262, 2122.0 ], [ -97.67105440670889, 18.565430323252023, 2122.0 ], [ -97.671045489718324, 18.565426665496787, 2122.0 ], [ -97.671041017761397, 18.565420972089417, 2122.0 ], [ -97.671040433594953, 18.565417783060607, 2122.0 ], [ -97.67104671699029, 18.565401837916557, 2122.0 ], [ -97.67105441796771, 18.565390144810916, 2122.0 ], [ -97.671058865204174, 18.565387028025476, 2122.0 ], [ -97.671064071670699, 18.565391207820522, 2122.0 ], [ -97.671060300990789, 18.565394396849332, 2122.0 ], [ -97.671060404446592, 18.565398648887744, 2122.0 ], [ -97.67106443832327, 18.56540178904255, 2122.0 ], [ -97.67106734336646, 18.565401837916557, 2122.0 ], [ -97.671069151031006, 18.565397585878141, 2122.0 ], [ -97.671067149570405, 18.565393333839729, 2122.0 ], [ -97.67107126058977, 18.565385892772504, 2122.0 ], [ -97.671078928432948, 18.565383480558403, 2122.0 ], [ -97.671089007077867, 18.565376325686071, 2122.0 ], [ -97.671089068791119, 18.565373136657261, 2122.0 ], [ -97.671083457697989, 18.565364632580433, 2122.0 ], [ -97.67108798475148, 18.56534230937876, 2122.0 ], [ -97.671083344866943, 18.565336994330742, 2122.0 ], [ -97.671080170442337, 18.565326364234711, 2122.0 ], [ -97.671087845423514, 18.565315006312279, 2122.0 ], [ -97.671097877037894, 18.565315202633872, 2122.0 ], [ -97.671103450157005, 18.565310298976577, 2122.0 ], [ -97.671109023276102, 18.565309469974938, 2122.0 ], [ -97.671110172731915, 18.565307230061848, 2122.0 ], [ -97.671114596395213, 18.565305915947611, 2122.0 ], [ -97.671116326995346, 18.565306167052242, 2122.0 ], [ -97.671117840746689, 18.565310419090657, 2122.0 ], [ -97.671121284138138, 18.565311400330291, 2122.0 ], [ -97.671128251825095, 18.56529553695621, 2122.0 ], [ -97.671130362948404, 18.565273213754537, 2122.0 ], [ -97.671117896659567, 18.565248764533656, 2122.0 ], [ -97.671117111374713, 18.565239197447227, 2122.0 ], [ -97.671111172996518, 18.565227504341586, 2122.0 ], [ -97.671108753096377, 18.565215811235948, 2122.0 ], [ -97.671108763419312, 18.565201992111103, 2122.0 ], [ -97.671111811561076, 18.565184983957447, 2122.0 ], [ -97.671111029025909, 18.56517329085181, 2122.0 ], [ -97.67110590645764, 18.565161597746172, 2122.0 ], [ -97.671096757839692, 18.565152030659739, 2122.0 ], [ -97.67109215231055, 18.565140337554102, 2122.0 ], [ -97.671092111847955, 18.565126518429256, 2122.0 ], [ -97.671098088959056, 18.565111636294809, 2122.0 ], [ -97.671098101547429, 18.565107384256393, 2122.0 ], [ -97.671094533166439, 18.565102006837915, 2122.0 ], [ -97.671082272304403, 18.565095706977203, 2122.0 ], [ -97.67107781380912, 18.565091644856135, 2122.0 ], [ -97.671075761975658, 18.56508506105472, 2122.0 ], [ -97.67107781380912, 18.565074168237683, 2122.0 ], [ -97.671096591195848, 18.565055296785825, 2122.0 ] ] } },
{ "type": "Feature", "properties": { "FID": 4, "elev": 2121.0, "elevation": 2121.0, "ELEVATION": 2121.0, "is_master": false, "tipo": "Ordinaria (1m)" }, "geometry": { "type": "LineString", "coordinates": [ [ -97.670512699531997, 18.568112376122119, 2121.0 ], [ -97.670547252870449, 18.568106335457706, 2121.0 ], [ -97.670558491993972, 18.56809656726135, 2121.0 ], [ -97.670559513732471, 18.568089998407132, 2121.0 ], [ -97.67056285760394, 18.568088382087403, 2121.0 ], [ -97.670565086851582, 18.568089657698927, 2121.0 ], [ -97.670582920832715, 18.568080858341652, 2121.0 ], [ -97.670585758056987, 18.568078496098089, 2121.0 ], [ -97.670588493951811, 18.568072152331101, 2121.0 ], [ -97.670595181694736, 18.568074480284032, 2121.0 ], [ -97.67060075480471, 18.568069992021261, 2121.0 ], [ -97.67060521330913, 18.568068663259258, 2121.0 ], [ -97.670610786428227, 18.568062285201638, 2121.0 ], [ -97.670615133461126, 18.568064676973243, 2121.0 ], [ -97.670616359550436, 18.568072118040469, 2121.0 ], [ -97.670613015675869, 18.568073313926273, 2121.0 ], [ -97.670610094010399, 18.568080622117296, 2121.0 ], [ -97.670610680990833, 18.568083811146106, 2121.0 ], [ -97.670615244923511, 18.56808458588192, 2121.0 ], [ -97.670619703418794, 18.568082841020839, 2121.0 ], [ -97.670621464201346, 18.568080622117296, 2121.0 ], [ -97.670620844581279, 18.568075307069279, 2121.0 ], [ -97.670626924242683, 18.568067866002057, 2121.0 ], [ -97.670620925909432, 18.568061487944433, 2121.0 ], [ -97.670626391160141, 18.568056172896416, 2121.0 ], [ -97.670626488691298, 18.568048731829194, 2121.0 ], [ -97.670624557425754, 18.568045542800384, 2121.0 ], [ -97.670629735033174, 18.568041550032603, 2121.0 ], [ -97.670640881271382, 18.568027737389524, 2121.0 ], [ -97.670644225142851, 18.56802675030918, 2121.0 ], [ -97.670649798261948, 18.568029806089587, 2121.0 ], [ -97.670654368219616, 18.568028534646729, 2121.0 ], [ -97.67065425675483, 18.568025345617915, 2121.0 ], [ -97.67065112376055, 18.568021093579503, 2121.0 ], [ -97.670645339766665, 18.568022071548338, 2121.0 ], [ -97.670643667830944, 18.568020030569897, 2121.0 ], [ -97.670645339756462, 18.568017904550693, 2121.0 ], [ -97.670654256757231, 18.568015096818804, 2121.0 ], [ -97.670664288371626, 18.568015610687862, 2121.0 ], [ -97.670669861490722, 18.568019757635, 2121.0 ], [ -97.670674319986006, 18.568019159806713, 2121.0 ], [ -97.67067762098732, 18.56801152649307, 2121.0 ], [ -97.670665402995439, 18.568008204588061, 2121.0 ], [ -97.670662696051878, 18.568003022416242, 2121.0 ], [ -97.670677663857475, 18.568004273569141, 2121.0 ], [ -97.670684236294491, 18.568000896397038, 2121.0 ], [ -97.670689924719497, 18.567990254357074, 2121.0 ], [ -97.670708873324457, 18.567992003414258, 2121.0 ], [ -97.67072670730559, 18.56798716346216, 2121.0 ], [ -97.670736937959944, 18.567979636204967, 2121.0 ], [ -97.670763489891669, 18.567952923802352, 2121.0 ], [ -97.670769063010781, 18.567950677246376, 2121.0 ], [ -97.670774636129877, 18.567950745122531, 2121.0 ], [ -97.670783553120444, 18.567954851296843, 2121.0 ], [ -97.670785304672165, 18.567951997955277, 2121.0 ], [ -97.670781435335186, 18.567948808926467, 2121.0 ], [ -97.670781323867388, 18.567946682907259, 2121.0 ], [ -97.670786896991913, 18.567944524180064, 2121.0 ], [ -97.670789126245978, 18.567947745916864, 2121.0 ], [ -97.670786897016697, 18.567953060964882, 2121.0 ], [ -97.67079247011101, 18.567954897072379, 2121.0 ], [ -97.670814762587426, 18.567941367856484, 2121.0 ], [ -97.670824794201806, 18.567941434297342, 2121.0 ], [ -97.670837055063842, 18.567945819211957, 2121.0 ], [ -97.670837978609285, 18.567955186984086, 2121.0 ], [ -97.670835940440014, 18.56796086694585, 2121.0 ], [ -97.670839284311484, 18.567964445454827, 2121.0 ], [ -97.670847086678222, 18.567965681787992, 2121.0 ], [ -97.670866035283183, 18.567949978237031, 2121.0 ], [ -97.670872723024218, 18.567940304849639, 2121.0 ], [ -97.670874952273749, 18.567929158881295, 2121.0 ], [ -97.670888327759599, 18.567914632439628, 2121.0 ], [ -97.670895015502524, 18.567913468631147, 2121.0 ], [ -97.67090393249309, 18.567919922062323, 2121.0 ], [ -97.670909505612187, 18.567920255564161, 2121.0 ], [ -97.670922881098036, 18.567912150281, 2121.0 ], [ -97.670928551140946, 18.567905225532726, 2121.0 ], [ -97.670934241444783, 18.567893532427085, 2121.0 ], [ -97.670936597697207, 18.56787971330224, 2121.0 ], [ -97.670935992767596, 18.567864831167793, 2121.0 ], [ -97.670941829702997, 18.567848801657899, 2121.0 ], [ -97.67095144333345, 18.567838255927708, 2121.0 ], [ -97.67095631981266, 18.567838170886937, 2121.0 ], [ -97.670958549060302, 18.567836224398242, 2121.0 ], [ -97.670961743841957, 18.567822310783654, 2121.0 ], [ -97.670974820879266, 18.567806365639601, 2121.0 ], [ -97.670978612289076, 18.567803154464759, 2121.0 ], [ -97.670991062637157, 18.567797861562774, 2121.0 ], [ -97.671028770361005, 18.567759061712248, 2121.0 ], [ -97.671043260470682, 18.567745774088756, 2121.0 ], [ -97.671060113582854, 18.567734080986565, 2121.0 ], [ -97.671073461468495, 18.567721324871325, 2121.0 ], [ -97.671082415204893, 18.567702190698462, 2121.0 ], [ -97.671085514846425, 18.567679867496789, 2121.0 ], [ -97.67109118929497, 18.567670938216121, 2121.0 ], [ -97.671103450157005, 18.567663794279291, 2121.0 ], [ -97.67112351338578, 18.56766081206538, 2121.0 ], [ -97.671140232743085, 18.567651274340168, 2121.0 ], [ -97.671192620062655, 18.567614018361354, 2121.0 ], [ -97.671214912539071, 18.56758925858297, 2121.0 ], [ -97.671229486771296, 18.567579944594062, 2121.0 ], [ -97.671239632757789, 18.567570377507632, 2121.0 ], [ -97.671255096649574, 18.567546991296357, 2121.0 ], [ -97.671256302236955, 18.567542739257942, 2121.0 ], [ -97.671261745631469, 18.567538487219529, 2121.0 ], [ -97.671270805269799, 18.567520416056269, 2121.0 ], [ -97.671277524674494, 18.567497029844994, 2121.0 ], [ -97.671280352265128, 18.567470454604905, 2121.0 ], [ -97.671283946125868, 18.567454509460855, 2121.0 ], [ -97.67129182157916, 18.567435375287992, 2121.0 ], [ -97.671302967816231, 18.567419430143939, 2121.0 ], [ -97.671323031049681, 18.567403378698927, 2121.0 ], [ -97.671365386754871, 18.567378994894021, 2121.0 ], [ -97.671384335359832, 18.567372657717033, 2121.0 ], [ -97.671392201785409, 18.567366279663766, 2121.0 ], [ -97.671396401005254, 18.567351397529318, 2121.0 ], [ -97.671395212048481, 18.567337578404473, 2121.0 ], [ -97.671398992883354, 18.567331200346853, 2121.0 ], [ -97.671404632192392, 18.567314192193194, 2121.0 ], [ -97.671404062674569, 18.567306751125972, 2121.0 ], [ -97.671395470224326, 18.567291868991521, 2121.0 ], [ -97.671394594227621, 18.567284427924299, 2121.0 ], [ -97.671395258673272, 18.567271671809056, 2121.0 ], [ -97.671401357989353, 18.567247222588179, 2121.0 ], [ -97.671401873048552, 18.567225962396108, 2121.0 ], [ -97.671405513210701, 18.567216395309678, 2121.0 ], [ -97.671412200955345, 18.567208754928153, 2121.0 ], [ -97.671426691065022, 18.567196495769899, 2121.0 ], [ -97.671440066550872, 18.567192477593597, 2121.0 ], [ -97.671442786513396, 18.567188757059988, 2121.0 ], [ -97.671442325130712, 18.567185568031178, 2121.0 ], [ -97.671431149560306, 18.567178233264912, 2121.0 ], [ -97.671430095844883, 18.567170685896727, 2121.0 ], [ -97.671413333851689, 18.567153677743072, 2121.0 ], [ -97.671401921083842, 18.567136669589416, 2121.0 ], [ -97.671399117058854, 18.567121787454969, 2121.0 ], [ -97.671400257982427, 18.567096275224486, 2121.0 ], [ -97.671395756923445, 18.567075015032415, 2121.0 ], [ -97.671367616001532, 18.567019738533034, 2121.0 ], [ -97.671360928259588, 18.567011059475202, 2121.0 ], [ -97.671345292440975, 18.566996352321759, 2121.0 ], [ -97.671336255563432, 18.566983596206516, 2121.0 ], [ -97.671323948315575, 18.566946390870395, 2121.0 ], [ -97.671319796302242, 18.566928319707138, 2121.0 ], [ -97.671313090631799, 18.566912374563085, 2121.0 ], [ -97.67130423816424, 18.566899618447842, 2121.0 ], [ -97.671269591414458, 18.566859224082911, 2121.0 ], [ -97.671266707400946, 18.566846467967668, 2121.0 ], [ -97.6712670328575, 18.566840089910048, 2121.0 ], [ -97.67127319250325, 18.566819892727583, 2121.0 ], [ -97.671270793775633, 18.56680713661234, 2121.0 ], [ -97.671263955987186, 18.566799511562685, 2121.0 ], [ -97.671250580501336, 18.566795511648344, 2121.0 ], [ -97.671242778134598, 18.566789984808739, 2121.0 ], [ -97.671236002626017, 18.566780561372255, 2121.0 ], [ -97.67121811708256, 18.566746545064944, 2121.0 ], [ -97.671175709372719, 18.566629614008562, 2121.0 ], [ -97.671165675002243, 18.566589219643632, 2121.0 ], [ -97.67116462862252, 18.566570085470769, 2121.0 ], [ -97.671178023557076, 18.566559455374733, 2121.0 ], [ -97.671178911067315, 18.566554140326716, 2121.0 ], [ -97.67117590070535, 18.56654739735535, 2121.0 ], [ -97.671171572575432, 18.56654351023068, 2121.0 ], [ -97.671165869090956, 18.566542458529689, 2121.0 ], [ -97.671162449750184, 18.566539258192268, 2121.0 ], [ -97.671153358905187, 18.566513745961785, 2121.0 ], [ -97.671151583969575, 18.566485044702489, 2121.0 ], [ -97.67115553644679, 18.566449965385576, 2121.0 ], [ -97.671152756950306, 18.566431894222315, 2121.0 ], [ -97.671146859688349, 18.566419138107076, 2121.0 ], [ -97.671137066396568, 18.56640531898223, 2121.0 ], [ -97.671094533166439, 18.566364039800057, 2121.0 ], [ -97.671085635229261, 18.566353231511659, 2121.0 ], [ -97.671076608874628, 18.566336223358004, 2121.0 ], [ -97.671073132779483, 18.566321341223556, 2121.0 ], [ -97.671066082080316, 18.566247993560918, 2121.0 ], [ -97.671066392132701, 18.566233111426467, 2121.0 ], [ -97.671071812854606, 18.566211851234399, 2121.0 ], [ -97.67106974605575, 18.566185275994311, 2121.0 ], [ -97.67108665253312, 18.56615763774462, 2121.0 ], [ -97.671094488453733, 18.566151259687, 2121.0 ], [ -97.671098991661722, 18.566150262345946, 2121.0 ], [ -97.671099725764421, 18.566148070658191, 2121.0 ], [ -97.671101364731783, 18.566135314542947, 2121.0 ], [ -97.671097874463712, 18.566132125514137, 2121.0 ], [ -97.671098099962663, 18.56612681046612, 2121.0 ], [ -97.671091122750269, 18.566112991341278, 2121.0 ], [ -97.671092041654362, 18.566104487264447, 2121.0 ], [ -97.671087786089927, 18.566098109206827, 2121.0 ], [ -97.671092303918797, 18.566099475933459, 2121.0 ], [ -97.671095832534533, 18.566095983187619, 2121.0 ], [ -97.671099894648108, 18.566081101053172, 2121.0 ], [ -97.671098924019631, 18.566070470957136, 2121.0 ], [ -97.671102799336381, 18.566060903870707, 2121.0 ], [ -97.671106346662441, 18.566056651832291, 2121.0 ], [ -97.671113643414046, 18.566037517659431, 2121.0 ], [ -97.671118979421166, 18.566033265621016, 2121.0 ], [ -97.67112001037647, 18.566010942419343, 2121.0 ], [ -97.671128256583486, 18.565996060284895, 2121.0 ], [ -97.671129701303556, 18.565965233006395, 2121.0 ], [ -97.671136880518901, 18.565954602910359, 2121.0 ], [ -97.671137714641105, 18.56594822485274, 2121.0 ], [ -97.671135128593022, 18.565937594756704, 2121.0 ], [ -97.671136069642813, 18.565934405727894, 2121.0 ], [ -97.671139721562142, 18.565931216699084, 2121.0 ], [ -97.671141529890406, 18.565919523593443, 2121.0 ], [ -97.671131315752518, 18.565897958921237, 2121.0 ], [ -97.671131264523297, 18.565891885343756, 2121.0 ], [ -97.671137828745103, 18.565884444276531, 2121.0 ], [ -97.671136965742235, 18.565880192238115, 2121.0 ], [ -97.671139342085738, 18.565868499132478, 2121.0 ], [ -97.671140011740093, 18.565851490978822, 2121.0 ], [ -97.671150447889914, 18.565815348652304, 2121.0 ], [ -97.671152465583845, 18.565800466517857, 2121.0 ], [ -97.671151474377027, 18.565787710402613, 2121.0 ], [ -97.67114923715512, 18.565782395354596, 2121.0 ], [ -97.671141568907046, 18.565773891277768, 2121.0 ], [ -97.671130058101753, 18.56576538720094, 2121.0 ], [ -97.67112221678255, 18.565746253028081, 2121.0 ], [ -97.671121005482178, 18.565713299730373, 2121.0 ], [ -97.671125624527576, 18.56568778749989, 2121.0 ], [ -97.671132638093255, 18.565668653327027, 2121.0 ], [ -97.67113261403594, 18.565656960221389, 2121.0 ], [ -97.671119984290058, 18.565638889058128, 2121.0 ], [ -97.671116811622426, 18.565617628866061, 2121.0 ], [ -97.671113481771386, 18.565614882178938, 2121.0 ], [ -97.671104904701565, 18.565612313818043, 2121.0 ], [ -97.671090772468887, 18.565597431683592, 2121.0 ], [ -97.671093326720055, 18.56559317964518, 2121.0 ], [ -97.671100789234231, 18.565591053625973, 2121.0 ], [ -97.671105460998618, 18.565582549549145, 2121.0 ], [ -97.671096762414081, 18.565573196594144, 2121.0 ], [ -97.671093418542611, 18.565577096223457, 2121.0 ], [ -97.671088024009649, 18.565575108481919, 2121.0 ], [ -97.671086121592339, 18.565570856443507, 2121.0 ], [ -97.671089037362279, 18.565566604405092, 2121.0 ], [ -97.671088192601417, 18.565563415376282, 2121.0 ], [ -97.671083386928231, 18.565560378205987, 2121.0 ], [ -97.671080043056762, 18.565561820861877, 2121.0 ], [ -97.671076887813953, 18.56555916333787, 2121.0 ], [ -97.671076699185306, 18.565554810744494, 2121.0 ], [ -97.671078928432948, 18.565554306483648, 2121.0 ], [ -97.671082272304403, 18.565556529973168, 2121.0 ], [ -97.671084501552045, 18.565555160442329, 2121.0 ], [ -97.67108619492285, 18.565548533241834, 2121.0 ], [ -97.6710845211757, 18.565536840136197, 2121.0 ], [ -97.671080043056762, 18.565531525089199, 2121.0 ], [ -97.671075584561478, 18.565532465778869, 2121.0 ], [ -97.671059979827987, 18.565548686512987, 2121.0 ], [ -97.671051928846268, 18.565547470232232, 2121.0 ], [ -97.671047942970262, 18.565538966155405, 2121.0 ], [ -97.671048833589779, 18.565530185318678, 2121.0 ], [ -97.671056516532545, 18.565518768972936, 2121.0 ], [ -97.671061331469517, 18.565514516934524, 2121.0 ], [ -97.671060230049662, 18.565510264896108, 2121.0 ], [ -97.671062023304998, 18.565507075867298, 2121.0 ], [ -97.671059808347408, 18.565503886838489, 2121.0 ], [ -97.67105993973361, 18.565499634800076, 2121.0 ], [ -97.671069008280938, 18.565495382761661, 2121.0 ], [ -97.671073057658617, 18.565490067713643, 2121.0 ], [ -97.671067809314536, 18.565481563636816, 2121.0 ], [ -97.671061731379709, 18.565476248588798, 2121.0 ], [ -97.671065060086221, 18.565468807521576, 2121.0 ], [ -97.671059944513175, 18.56545817742554, 2121.0 ], [ -97.671061176190889, 18.565448610339107, 2121.0 ], [ -97.671066877226352, 18.565442232281487, 2121.0 ], [ -97.671068283087422, 18.565437980243072, 2121.0 ], [ -97.671064192651087, 18.565426287137434, 2121.0 ], [ -97.671067669226105, 18.565420972089417, 2121.0 ], [ -97.671074469937665, 18.565421423504453, 2121.0 ], [ -97.671092303918797, 18.565434885009228, 2121.0 ], [ -97.671095693418124, 18.565441169271885, 2121.0 ], [ -97.671095690426142, 18.565445421310297, 2121.0 ], [ -97.671085616175873, 18.565452665523893, 2121.0 ], [ -97.671084644120214, 18.565454988396731, 2121.0 ], [ -97.671088960047328, 18.565459246877626, 2121.0 ], [ -97.671103259855371, 18.56546455548316, 2121.0 ], [ -97.671102231847243, 18.565475185579196, 2121.0 ], [ -97.671104564780819, 18.56547685304524, 2121.0 ], [ -97.671119054890497, 18.5654794376164, 2121.0 ], [ -97.671129086504877, 18.565476916766265, 2121.0 ], [ -97.671131315752518, 18.565466052940167, 2121.0 ], [ -97.671135704583818, 18.565465618492762, 2121.0 ], [ -97.671136888871629, 18.56546976765928, 2121.0 ], [ -97.67113768911436, 18.565468807521576, 2121.0 ], [ -97.671137712724018, 18.565453925387125, 2121.0 ], [ -97.671146920486009, 18.565452010054507, 2121.0 ], [ -97.671150756865671, 18.565448610339107, 2121.0 ], [ -97.671149149733651, 18.565444820478781, 2121.0 ], [ -97.671139632561022, 18.56544010626228, 2121.0 ], [ -97.671137582113261, 18.565431602185452, 2121.0 ], [ -97.671134659623988, 18.565429544017924, 2121.0 ], [ -97.671131315752518, 18.5654325892658, 2121.0 ], [ -97.67113026243301, 18.56543691723347, 2121.0 ], [ -97.671133308003732, 18.565441169271885, 2121.0 ], [ -97.671137334721152, 18.565443295291089, 2121.0 ], [ -97.671134482297461, 18.565450736358315, 2121.0 ], [ -97.67113354500016, 18.565451744854606, 2121.0 ], [ -97.671121671489672, 18.565448610339107, 2121.0 ], [ -97.67112106414659, 18.565442232281487, 2121.0 ], [ -97.671122479825499, 18.565437980243072, 2121.0 ], [ -97.671126003194829, 18.565434791214262, 2121.0 ], [ -97.671125897711505, 18.565431602185452, 2121.0 ], [ -97.671122763158195, 18.565428413156642, 2121.0 ], [ -97.671118195849203, 18.565417783060607, 2121.0 ], [ -97.67110808668248, 18.565408215974177, 2121.0 ], [ -97.671116661727581, 18.565382703743694, 2121.0 ], [ -97.671123797505572, 18.565374199666866, 2121.0 ], [ -97.671123856689917, 18.565369947628451, 2121.0 ], [ -97.671119647233439, 18.565362506561229, 2121.0 ], [ -97.671120076196971, 18.565355065494003, 2121.0 ], [ -97.671122610296393, 18.565350813455588, 2121.0 ], [ -97.671113933645913, 18.565336994330742, 2121.0 ], [ -97.671111185478708, 18.565324238215503, 2121.0 ], [ -97.671114596395213, 18.565322159441166, 2121.0 ], [ -97.671127016940929, 18.565319986177087, 2121.0 ], [ -97.671136888871629, 18.565305331534969, 2121.0 ], [ -97.671139993744049, 18.56529553695621, 2121.0 ], [ -97.671145225133813, 18.565289158898587, 2121.0 ], [ -97.67114070741178, 18.565283843850569, 2121.0 ], [ -97.67114365348516, 18.565273213754537, 2121.0 ], [ -97.671131315752518, 18.565260224295724, 2121.0 ], [ -97.671125603305441, 18.565250890552864, 2121.0 ], [ -97.671125926600453, 18.565240260456829, 2121.0 ], [ -97.671117898914687, 18.565224315312776, 2121.0 ], [ -97.671112784669631, 18.565208370168726, 2121.0 ], [ -97.671116064436333, 18.565196677063085, 2121.0 ], [ -97.671112662456267, 18.56518285793824, 2121.0 ], [ -97.671114433767713, 18.56516691279419, 2121.0 ], [ -97.671115711019027, 18.565163667817504, 2121.0 ], [ -97.671121284138138, 18.565161292329233, 2121.0 ], [ -97.67112164555131, 18.565159471726965, 2121.0 ], [ -97.671119054890497, 18.565156730907429, 2121.0 ], [ -97.671112367147572, 18.565157492627783, 2121.0 ], [ -97.671102335533178, 18.565148966045136, 2121.0 ], [ -97.671096581261068, 18.565133959496482, 2121.0 ], [ -97.671096762414081, 18.565128315841761, 2121.0 ], [ -97.671105468936176, 18.565116951342826, 2121.0 ], [ -97.67111013789993, 18.565114574844344, 2121.0 ], [ -97.671119054890497, 18.565114768980354, 2121.0 ], [ -97.67112351338578, 18.56512123761053, 2121.0 ], [ -97.671136850491465, 18.565133959496482, 2121.0 ], [ -97.671136966497215, 18.565137148525292, 2121.0 ], [ -97.671131199121248, 18.565142463573309, 2121.0 ], [ -97.671129978667395, 18.565147778621327, 2121.0 ], [ -97.671137877451514, 18.56517647988062, 2121.0 ], [ -97.671144980106845, 18.565193488034275, 2121.0 ], [ -97.671152254901642, 18.565201992111103, 2121.0 ], [ -97.671162525219501, 18.565209357377981, 2121.0 ], [ -97.671172556833881, 18.565224482989887, 2121.0 ], [ -97.671191137980443, 18.565240260456829, 2121.0 ], [ -97.671191777761706, 18.565251953562466, 2121.0 ], [ -97.671196245763838, 18.565263646668104, 2121.0 ], [ -97.671195092073802, 18.565282780840967, 2121.0 ], [ -97.671196936586881, 18.565290221908192, 2121.0 ], [ -97.671200422429408, 18.565293153819155, 2121.0 ], [ -97.671207110172332, 18.565294739699006, 2121.0 ], [ -97.671216027162899, 18.565289958376564, 2121.0 ], [ -97.67122409551942, 18.565290221908192, 2121.0 ], [ -97.671228288024921, 18.56530305395269, 2121.0 ], [ -97.67123163189639, 18.565301008329168, 2121.0 ], [ -97.671234975767845, 18.565301617371141, 2121.0 ], [ -97.671233714650612, 18.565306167052242, 2121.0 ], [ -97.671238101939352, 18.565312545109865, 2121.0 ], [ -97.671236970357839, 18.565319986177087, 2121.0 ], [ -97.671232476308376, 18.565322112196295, 2121.0 ], [ -97.671227347561071, 18.565348687436384, 2121.0 ], [ -97.671221724129097, 18.565356128503606, 2121.0 ], [ -97.671213797915257, 18.565362346106948, 2121.0 ], [ -97.671205838706513, 18.565373136657261, 2121.0 ], [ -97.671200669381989, 18.565383766753296, 2121.0 ], [ -97.671204494218472, 18.565396522868539, 2121.0 ], [ -97.671204880924691, 18.565409799641547, 2121.0 ], [ -97.67119930780558, 18.565414745091058, 2121.0 ], [ -97.671185874695169, 18.565416720051005, 2121.0 ], [ -97.671183654101043, 18.56542735014704, 2121.0 ], [ -97.671185320756223, 18.56543053917585, 2121.0 ], [ -97.671184876114353, 18.565434791214262, 2121.0 ], [ -97.671180359200633, 18.565442311610564, 2121.0 ], [ -97.671169212962425, 18.565444232135413, 2121.0 ], [ -97.671154722861885, 18.565451799367917, 2121.0 ], [ -97.671156016612542, 18.565460303444745, 2121.0 ], [ -97.671154569111536, 18.56546774451197, 2121.0 ], [ -97.67115141128923, 18.565471996550386, 2121.0 ], [ -97.67114357661454, 18.565473092167643, 2121.0 ], [ -97.671138003495443, 18.565469123551456, 2121.0 ], [ -97.671137004177538, 18.565469870531178, 2121.0 ], [ -97.671137081787279, 18.565476248588798, 2121.0 ], [ -97.671138888870388, 18.565479437617608, 2121.0 ], [ -97.671145805862182, 18.565482112858444, 2121.0 ], [ -97.671148338223361, 18.565486878684833, 2121.0 ], [ -97.671146380062339, 18.565502823828886, 2121.0 ], [ -97.671150250292811, 18.565515579944126, 2121.0 ], [ -97.671151728769559, 18.565530462078577, 2121.0 ], [ -97.671150600988824, 18.565537903145799, 2121.0 ], [ -97.671152493605106, 18.565542310171352, 2121.0 ], [ -97.671163107191234, 18.565548533241834, 2121.0 ], [ -97.671173671457709, 18.565564711562185, 2121.0 ], [ -97.671202666152681, 18.56558999061637, 2121.0 ], [ -97.671218082638447, 18.565610187798836, 2121.0 ], [ -97.671236090391673, 18.565628604440217, 2121.0 ], [ -97.671249865780723, 18.565634637019716, 2121.0 ], [ -97.6712546839683, 18.565642078086938, 2121.0 ], [ -97.671256933151653, 18.565659086240593, 2121.0 ], [ -97.671256123495468, 18.565676094394252, 2121.0 ], [ -97.671251961513249, 18.56568459847108, 2121.0 ], [ -97.671255586862571, 18.565704795653545, 2121.0 ], [ -97.671255052109842, 18.565707984682355, 2121.0 ], [ -97.671248170852152, 18.565716488759183, 2121.0 ], [ -97.671247513390213, 18.565722866816802, 2121.0 ], [ -97.671249465877523, 18.565727118853804, 2121.0 ], [ -97.671252809748978, 18.565728293760568, 2121.0 ], [ -97.671257708473846, 18.565733496912838, 2121.0 ], [ -97.671258091476489, 18.565742000989665, 2121.0 ], [ -97.671261448083598, 18.565752631085701, 2121.0 ], [ -97.671264535849289, 18.565756883124113, 2121.0 ], [ -97.671266951941391, 18.565767513220148, 2121.0 ], [ -97.671266162093858, 18.565773891277768, 2121.0 ], [ -97.671269501470988, 18.565779206325786, 2121.0 ], [ -97.671274240614338, 18.565799403508255, 2121.0 ], [ -97.671274630390769, 18.56582597874834, 2121.0 ], [ -97.671272360292306, 18.565836608844375, 2121.0 ], [ -97.671274853640227, 18.565842986901995, 2121.0 ], [ -97.671272673562953, 18.565849364959615, 2121.0 ], [ -97.671272852811867, 18.56585999505565, 2121.0 ], [ -97.671288304325316, 18.565875940199703, 2121.0 ], [ -97.671289592335071, 18.565881350109468, 2121.0 ], [ -97.671296576370395, 18.565887633305341, 2121.0 ], [ -97.671300738573279, 18.565889912187085, 2121.0 ], [ -97.671311884811487, 18.565891791423226, 2121.0 ], [ -97.671317457930584, 18.565897290530014, 2121.0 ], [ -97.671325260297323, 18.565898602849821, 2121.0 ], [ -97.671327445449961, 18.565901452430186, 2121.0 ], [ -97.671325266853941, 18.565906767478204, 2121.0 ], [ -97.67132733175184, 18.565915271555031, 2121.0 ], [ -97.671323186981525, 18.565921649612651, 2121.0 ], [ -97.671319687178226, 18.565923833662161, 2121.0 ], [ -97.671315228682943, 18.56592383719612, 2121.0 ], [ -97.671309655563846, 18.56591956758005, 2121.0 ], [ -97.671301853197093, 18.565919239662541, 2121.0 ], [ -97.671295165454168, 18.565921581519511, 2121.0 ], [ -97.671287192402573, 18.565931216699084, 2121.0 ], [ -97.671286259445125, 18.565942909804722, 2121.0 ], [ -97.671300738573279, 18.565962620188397, 2121.0 ], [ -97.671309888142829, 18.565984367179258, 2121.0 ], [ -97.671328794067662, 18.566003501352117, 2121.0 ], [ -97.671332913420116, 18.566009879409741, 2121.0 ], [ -97.671336604459398, 18.566010942419343, 2121.0 ], [ -97.671339581097058, 18.566014131448153, 2121.0 ], [ -97.671339853612906, 18.566020509505776, 2121.0 ], [ -97.671333062664075, 18.566026609288631, 2121.0 ], [ -97.671332335973048, 18.566030076592206, 2121.0 ], [ -97.671344241685333, 18.566046021736259, 2121.0 ], [ -97.671348860630445, 18.566056651832291, 2121.0 ], [ -97.671348956077111, 18.566066218918724, 2121.0 ], [ -97.671355313858129, 18.566073659985946, 2121.0 ], [ -97.671350896645208, 18.566074855871751, 2121.0 ], [ -97.671344625207567, 18.566068344937932, 2121.0 ], [ -97.671343265759049, 18.566063029889914, 2121.0 ], [ -97.671339750407, 18.566060989400214, 2121.0 ], [ -97.671335202741815, 18.566061966880309, 2121.0 ], [ -97.67132934930406, 18.566069407947534, 2121.0 ], [ -97.671329718792606, 18.566073924236921, 2121.0 ], [ -97.671337409696974, 18.566078975033964, 2121.0 ], [ -97.67134004837574, 18.566085353091587, 2121.0 ], [ -97.67133768694201, 18.56610767629326, 2121.0 ], [ -97.671334002393763, 18.566112991341278, 2121.0 ], [ -97.671339860383213, 18.566124684446915, 2121.0 ], [ -97.671341390101546, 18.566137440562155, 2121.0 ], [ -97.671337686902675, 18.566155511725416, 2121.0 ], [ -97.6713265400506, 18.566175708907881, 2121.0 ], [ -97.671317457930584, 18.566184130728015, 2121.0 ], [ -97.671296280077996, 18.566189564942782, 2121.0 ], [ -97.671282904592147, 18.566198952826532, 2121.0 ], [ -97.671278190942004, 18.56620866220559, 2121.0 ], [ -97.671279220665951, 18.566224607349639, 2121.0 ], [ -97.671272872977752, 18.566230457839531, 2121.0 ], [ -97.671252809748978, 18.566230980485919, 2121.0 ], [ -97.671246122006053, 18.566235186339444, 2121.0 ], [ -97.67124216016289, 18.566243741522502, 2121.0 ], [ -97.671243111569069, 18.566258623656953, 2121.0 ], [ -97.67125503899662, 18.56626795821003, 2121.0 ], [ -97.671267299858656, 18.566271484851303, 2121.0 ], [ -97.671291821582713, 18.566272286915286, 2121.0 ], [ -97.671315228682943, 18.566269617977984, 2121.0 ], [ -97.671350896645208, 18.566270493414333, 2121.0 ], [ -97.671373189121624, 18.566275597677272, 2121.0 ], [ -97.671383220736004, 18.566282379237222, 2121.0 ], [ -97.671395508310155, 18.56628626190664, 2121.0 ], [ -97.671401689055898, 18.566302207050693, 2121.0 ], [ -97.671407478300665, 18.566309648117919, 2121.0 ], [ -97.671406117955129, 18.566314963165937, 2121.0 ], [ -97.671415378207783, 18.566326656271574, 2121.0 ], [ -97.671418865892676, 18.566352168502057, 2121.0 ], [ -97.671427754831484, 18.566362798598092, 2121.0 ], [ -97.671431403295799, 18.566370239665314, 2121.0 ], [ -97.671435914788461, 18.566401066943815, 2121.0 ], [ -97.671435496593205, 18.566413823059058, 2121.0 ], [ -97.671440314507436, 18.566423390145488, 2121.0 ], [ -97.671441514469066, 18.566432957231921, 2121.0 ], [ -97.671436457153831, 18.566465910529629, 2121.0 ], [ -97.671438989081167, 18.566474414606457, 2121.0 ], [ -97.671447910663829, 18.566489296740905, 2121.0 ], [ -97.671458128938525, 18.56651268295218, 2121.0 ], [ -97.671458954797131, 18.566523313048215, 2121.0 ], [ -97.671462509354839, 18.566528628096233, 2121.0 ], [ -97.671467994069928, 18.56654669925949, 2121.0 ], [ -97.671468863544376, 18.566562644403543, 2121.0 ], [ -97.671472141745085, 18.566573274499579, 2121.0 ], [ -97.671481208458744, 18.566589219643632, 2121.0 ], [ -97.671497115927309, 18.566607290806889, 2121.0 ], [ -97.671509068226953, 18.56663174002777, 2121.0 ], [ -97.671528317288065, 18.566655126239045, 2121.0 ], [ -97.671540494157114, 18.566680638469528, 2121.0 ], [ -97.671553758180579, 18.56669334526989, 2121.0 ], [ -97.671561560547332, 18.566696836582956, 2121.0 ], [ -97.671571592161712, 18.566698477406074, 2121.0 ], [ -97.67160168700488, 18.56669957236522, 2121.0 ], [ -97.671611718619261, 18.566697728393155, 2121.0 ], [ -97.671626019005728, 18.566683827498338, 2121.0 ], [ -97.67162771811536, 18.566680638469528, 2121.0 ], [ -97.671628304887165, 18.56666894536389, 2121.0 ], [ -97.671632821748474, 18.566655126239045, 2121.0 ], [ -97.671637303971281, 18.566647685171819, 2121.0 ], [ -97.671645157333884, 18.566640080015866, 2121.0 ], [ -97.671652959700637, 18.566635775433895, 2121.0 ], [ -97.671662991315017, 18.566633025990697, 2121.0 ], [ -97.67168082529615, 18.566623015216706, 2121.0 ], [ -97.671709805515491, 18.566614429755596, 2121.0 ], [ -97.671724295625154, 18.566615648261703, 2121.0 ], [ -97.671737671111003, 18.566623405737197, 2121.0 ], [ -97.671745473477756, 18.566624468341196, 2121.0 ], [ -97.67174993197024, 18.566621109931734, 2121.0 ], [ -97.671749925176556, 18.566613668864509, 2121.0 ], [ -97.67175460795589, 18.566606227797287, 2121.0 ], [ -97.671757734339778, 18.566604995158489, 2121.0 ], [ -97.671772224449455, 18.566615826148706, 2121.0 ], [ -97.671804548540251, 18.566630908564811, 2121.0 ], [ -97.671829070264309, 18.566640186332336, 2121.0 ], [ -97.671842445750158, 18.566647610135849, 2121.0 ], [ -97.671860361289134, 18.566663630315873, 2121.0 ], [ -97.671874713165167, 18.566685953517545, 2121.0 ], [ -97.671881548780377, 18.566702961671201, 2121.0 ], [ -97.671886194735123, 18.566721032834462, 2121.0 ], [ -97.671887992066033, 18.566738040988117, 2121.0 ], [ -97.671886145560549, 18.566750797103357, 2121.0 ], [ -97.671882596977127, 18.566758238170582, 2121.0 ], [ -97.671874822293844, 18.566767805257012, 2121.0 ], [ -97.67184133112633, 18.566794373165997, 2121.0 ], [ -97.671831205152259, 18.566805010593136, 2121.0 ], [ -97.671825617649063, 18.566815640689168, 2121.0 ], [ -97.671822691842834, 18.566832648842826, 2121.0 ], [ -97.671823196490095, 18.566848593986876, 2121.0 ], [ -97.671825675191045, 18.566859224082911, 2121.0 ], [ -97.671840482681333, 18.566890051361412, 2121.0 ], [ -97.671846100969063, 18.566909185534275, 2121.0 ], [ -97.671843760605796, 18.566925130678328, 2121.0 ], [ -97.671829963732606, 18.566952768928015, 2121.0 ], [ -97.671827641060247, 18.566979344168104, 2121.0 ], [ -97.671830022077913, 18.566996352321759, 2121.0 ], [ -97.671837164991402, 18.567019738533034, 2121.0 ], [ -97.671838766653494, 18.567072889013208, 2121.0 ], [ -97.671842180363541, 18.56709521221488, 2121.0 ], [ -97.671849371001713, 18.567120724445363, 2121.0 ], [ -97.671851173347818, 18.56715261473347, 2121.0 ], [ -97.671855807126846, 18.567161118810297, 2121.0 ], [ -97.671855684051536, 18.567171748906333, 2121.0 ], [ -97.671861221768197, 18.56718344201197, 2121.0 ], [ -97.671873649909401, 18.567203639194435, 2121.0 ], [ -97.671882572207707, 18.567212143269575, 2121.0 ], [ -97.671892603822087, 18.567215316314968, 2121.0 ], [ -97.671902635436481, 18.567213984192108, 2121.0 ], [ -97.671937188774919, 18.567215036446267, 2121.0 ], [ -97.671959481251335, 18.567219500306109, 2121.0 ], [ -97.671982888351579, 18.567231239926141, 2121.0 ], [ -97.672000722332712, 18.567247078722215, 2121.0 ], [ -97.67201860785714, 18.567270608799454, 2121.0 ], [ -97.672033217450448, 18.567296121029937, 2121.0 ], [ -97.67204884368293, 18.567330137337247, 2121.0 ], [ -97.672063194807549, 18.567368405682974, 2121.0 ], [ -97.6720777655012, 18.567423682182355, 2121.0 ], [ -97.672087962909586, 18.56748427372975, 2121.0 ], [ -97.672093534586494, 18.567542739257942, 2121.0 ], [ -97.672094692481522, 18.56761289789177, 2121.0 ], [ -97.672091337121103, 18.567667111381546, 2121.0 ], [ -97.672084484515054, 18.56771707283291, 2121.0 ], [ -97.672076730760296, 18.567746837101808, 2121.0 ], [ -97.672059583956596, 18.567791483505154, 2121.0 ], [ -97.672056192654338, 18.567807428649207, 2121.0 ], [ -97.67205500579395, 18.567826562822066, 2121.0 ], [ -97.672059716819987, 18.567855264081363, 2121.0 ], [ -97.672079946364278, 18.567910540580741, 2121.0 ], [ -97.672088987201931, 18.567950934945674, 2121.0 ], [ -97.672093532181776, 18.567991329310605, 2121.0 ], [ -97.672096246471796, 18.568067866002057, 2121.0 ], [ -97.672108657258221, 18.568148654731917, 2121.0 ], [ -97.672112365464585, 18.568158221818351, 2121.0 ], [ -97.672124226029695, 18.568175229972006, 2121.0 ], [ -97.672118887319357, 18.568191175116059, 2121.0 ], [ -97.672113076413837, 18.568201805212091, 2121.0 ], [ -97.67211236142343, 18.568208183269714, 2121.0 ], [ -97.67211586450027, 18.568242199577025, 2121.0 ], [ -97.672115285947044, 18.568273026855525, 2121.0 ], [ -97.672116565671018, 18.568279404913145, 2121.0 ], [ -97.672121225552431, 18.568293224037991, 2121.0 ], [ -97.672125323046629, 18.568318736268473, 2121.0 ], [ -97.672127571960701, 18.568322988306889, 2121.0 ], [ -97.672145623429401, 18.568334185341378, 2121.0 ], [ -97.672152311172326, 18.568345311507336, 2121.0 ], [ -97.672156769667609, 18.568346777173318, 2121.0 ], [ -97.672158998915251, 18.568345311507667, 2121.0 ], [ -97.67216234278672, 18.568345992924971, 2121.0 ], [ -97.672166162012459, 18.568351689566182, 2121.0 ], [ -97.672165417611041, 18.568357004614199, 2121.0 ], [ -97.672170145153459, 18.56836658688648, 2121.0 ], [ -97.67218463526855, 18.568376138787063, 2121.0 ], [ -97.672219188601574, 18.568406399127106, 2121.0 ], [ -97.672240449018901, 18.56843141528644, 2121.0 ], [ -97.672257285872163, 18.568463305574546, 2121.0 ], [ -97.672273706819624, 18.568510077997097, 2121.0 ], [ -97.672281715402349, 18.568528149160358, 2121.0 ], [ -97.672293868400146, 18.568549409352428, 2121.0 ], [ -97.672311728300173, 18.568574921582911, 2121.0 ] ] } },
{ "type": "Feature", "properties": { "FID": 5, "elev": 2121.0, "elevation": 2121.0, "ELEVATION": 2121.0, "is_master": false, "tipo": "Ordinaria (1m)" }, "geometry": { "type": "LineString", "coordinates": [ [ -97.670512699531997, 18.568232502620642, 2121.0 ], [ -97.670516043403467, 18.568230387558447, 2121.0 ], [ -97.670524960394033, 18.568229601334497, 2121.0 ], [ -97.670526918204786, 18.568227317442577, 2121.0 ], [ -97.670526082617556, 18.568224128413764, 2121.0 ], [ -97.670520265164484, 18.568218813365746, 2121.0 ], [ -97.670520163608245, 18.568207120260109, 2121.0 ], [ -97.670518272651108, 18.568205888083387, 2121.0 ], [ -97.670512699531997, 18.568206926056433, 2121.0 ] ] } },
{ "type": "Feature", "properties": { "FID": 6, "elev": 2120.0, "elevation": 2120.0, "ELEVATION": 2120.0, "is_master": true, "tipo": "Maestra (5m)" }, "geometry": { "type": "LineString", "coordinates": [ [ -97.670512699531997, 18.568307964437825, 2120.0 ], [ -97.670521260462181, 18.568300665105216, 2120.0 ], [ -97.670524960394033, 18.568291962840156, 2120.0 ], [ -97.670528304265488, 18.568288778725105, 2120.0 ], [ -97.670537221256055, 18.568290927937248, 2120.0 ], [ -97.670547252870449, 18.568296596344318, 2120.0 ], [ -97.67056285760394, 18.568299886562968, 2120.0 ], [ -97.67058626470417, 18.56830143487079, 2120.0 ], [ -97.670600754813847, 18.568297417020315, 2120.0 ], [ -97.670608278524625, 18.568290035009181, 2120.0 ], [ -97.670612882586454, 18.56827196384592, 2120.0 ], [ -97.670618511030526, 18.5682655857883, 2120.0 ], [ -97.67064199589521, 18.568259240438667, 2120.0 ], [ -97.67065202750959, 18.568253921412651, 2120.0 ], [ -97.670677823089449, 18.568227317442577, 2120.0 ], [ -97.670707855624443, 18.568185860068041, 2120.0 ], [ -97.670704550758899, 18.568176292981608, 2120.0 ], [ -97.670707567622259, 18.56817097793359, 2120.0 ], [ -97.670713331819741, 18.568170170046294, 2120.0 ], [ -97.670722248810307, 18.568166044478765, 2120.0 ], [ -97.670727996089383, 18.56816778890478, 2120.0 ], [ -97.670733395048515, 18.56817541979515, 2120.0 ], [ -97.670744541286723, 18.568181896303418, 2120.0 ], [ -97.670752343653461, 18.568177496388707, 2120.0 ], [ -97.670755423037917, 18.568172040943196, 2120.0 ], [ -97.670753108720703, 18.568166725895178, 2120.0 ], [ -97.67075653102404, 18.568157158808745, 2120.0 ], [ -97.670756085604864, 18.568153969779935, 2120.0 ], [ -97.670760146020214, 18.568150116370123, 2120.0 ], [ -97.67076362102388, 18.56814015065509, 2120.0 ], [ -97.670772406882236, 18.56812473701584, 2120.0 ], [ -97.670778776161214, 18.568123142501435, 2120.0 ], [ -97.670778351542609, 18.568117827453417, 2120.0 ], [ -97.670782279264643, 18.568113575415005, 2120.0 ], [ -97.670787392380277, 18.568114638424607, 2120.0 ], [ -97.670786855709537, 18.568125268520642, 2120.0 ], [ -97.670794699358652, 18.568127779422635, 2120.0 ], [ -97.670799285239511, 18.56813377259747, 2120.0 ], [ -97.670795674654499, 18.568143339683903, 2120.0 ], [ -97.670799157853935, 18.568143142830273, 2120.0 ], [ -97.670801387101577, 18.56814549892216, 2120.0 ], [ -97.670811062036336, 18.56814015065509, 2120.0 ], [ -97.670816003693375, 18.56813377259747, 2120.0 ], [ -97.670818537926166, 18.56812101648223, 2120.0 ], [ -97.670816991835068, 18.568118996763982, 2120.0 ], [ -97.670814762587426, 18.568119481023913, 2120.0 ], [ -97.670813447902916, 18.568116764443815, 2120.0 ], [ -97.670815588234703, 18.568113575415005, 2120.0 ], [ -97.670815714095568, 18.568100819299762, 2120.0 ], [ -97.670828026610891, 18.568089126194124, 2120.0 ], [ -97.670847183602035, 18.568064676973243, 2120.0 ], [ -97.670856069234901, 18.568050857848402, 2120.0 ], [ -97.67086623794205, 18.568029597656331, 2120.0 ], [ -97.67087160840228, 18.56802539623742, 2120.0 ], [ -97.670873837649921, 18.568021195791964, 2120.0 ], [ -97.670877988662781, 18.568018967560295, 2120.0 ], [ -97.670879286921931, 18.568012589502676, 2120.0 ], [ -97.670892765224238, 18.56799877037783, 2120.0 ], [ -97.670920651850395, 18.567979636198348, 2120.0 ], [ -97.670930683464789, 18.567970302980648, 2120.0 ], [ -97.670941722821254, 18.567949871936069, 2120.0 ], [ -97.670949632069735, 18.567940713699485, 2120.0 ], [ -97.670971924546151, 18.567925380194808, 2120.0 ], [ -97.670990638493464, 18.567916918638364, 2120.0 ], [ -97.670994432125411, 18.567910540580741, 2120.0 ], [ -97.670994439947336, 18.567903099513519, 2120.0 ], [ -97.670987597871871, 18.567891406407881, 2120.0 ], [ -97.670993102398739, 18.567883917279051, 2120.0 ], [ -97.671003134013134, 18.567876683306363, 2120.0 ], [ -97.671005249996455, 18.567871209225412, 2120.0 ], [ -97.671008536027699, 18.567868020196602, 2120.0 ], [ -97.6710120510037, 18.567864985227157, 2120.0 ], [ -97.671015394875155, 18.567871407653872, 2120.0 ], [ -97.671019853370439, 18.567872768306167, 2120.0 ], [ -97.671030179413762, 18.567869083206208, 2120.0 ], [ -97.671044457659221, 18.567855264081363, 2120.0 ], [ -97.671069874558754, 18.567820184764447, 2120.0 ], [ -97.671106794028461, 18.5677885307007, 2120.0 ], [ -97.671129907806645, 18.567761719236255, 2120.0 ], [ -97.671141347366913, 18.567756156976703, 2120.0 ], [ -97.671154722852748, 18.567753431698421, 2120.0 ], [ -97.671163666381986, 18.567746837101808, 2120.0 ], [ -97.671229342398803, 18.567656481285514, 2120.0 ], [ -97.671257240722682, 18.567623527987806, 2120.0 ], [ -97.671294126142769, 18.56758525964208, 2120.0 ], [ -97.671305235950783, 18.56756931449803, 2120.0 ], [ -97.671317679013001, 18.567545928286751, 2120.0 ], [ -97.671332886670839, 18.567504470912215, 2120.0 ], [ -97.671342992949022, 18.56748427372975, 2120.0 ], [ -97.671352011269022, 18.567473452530866, 2120.0 ], [ -97.671367616002513, 18.567459727871636, 2120.0 ], [ -97.671392137726571, 18.567445045454143, 2120.0 ], [ -97.671399642293068, 18.567433249268785, 2120.0 ], [ -97.671398825469495, 18.567423638346906, 2120.0 ], [ -97.671403283964779, 18.567420166073664, 2120.0 ], [ -97.671409971707703, 18.56741949658204, 2120.0 ], [ -97.671414407571035, 18.567416241115129, 2120.0 ], [ -97.671415311533451, 18.567398169951868, 2120.0 ], [ -97.671416659450628, 18.567396197251355, 2120.0 ], [ -97.671422232569739, 18.567395009269983, 2120.0 ], [ -97.671424461817381, 18.567391003800921, 2120.0 ], [ -97.671431275960941, 18.567375846750195, 2120.0 ], [ -97.671433667505553, 18.567364153644558, 2120.0 ], [ -97.671433572255054, 18.567342893452491, 2120.0 ], [ -97.671431149560306, 18.567337473846152, 2120.0 ], [ -97.671423922197903, 18.567331200346853, 2120.0 ], [ -97.671425030503002, 18.567320570250818, 2120.0 ], [ -97.671431149560306, 18.567319659099727, 2120.0 ], [ -97.671436722679402, 18.567322241853706, 2120.0 ], [ -97.671442498457381, 18.567319507241212, 2120.0 ], [ -97.671445225140445, 18.5673152552028, 2120.0 ], [ -97.671444829034471, 18.56727804986668, 2120.0 ], [ -97.671442528704972, 18.567263167732229, 2120.0 ], [ -97.671438305170014, 18.567251474626591, 2120.0 ], [ -97.671440066550872, 18.567247988943937, 2120.0 ], [ -97.671455649212604, 18.567235529482538, 2120.0 ], [ -97.671463712038857, 18.567217458319281, 2120.0 ], [ -97.671464914279099, 18.567190883079192, 2120.0 ], [ -97.671461363979958, 18.567168559877519, 2120.0 ], [ -97.671456799177506, 18.567160055800692, 2120.0 ], [ -97.671451228943042, 18.567154740752677, 2120.0 ], [ -97.671437761918042, 18.567147299685452, 2120.0 ], [ -97.671426531215872, 18.567136669589416, 2120.0 ], [ -97.671420022321357, 18.567127102502987, 2120.0 ], [ -97.671414159508629, 18.567110094349331, 2120.0 ], [ -97.671407956906705, 18.567073952022813, 2120.0 ], [ -97.67139014821646, 18.56702717960026, 2120.0 ], [ -97.67138007644246, 18.567010171446604, 2120.0 ], [ -97.671354240516663, 18.566981619207347, 2120.0 ], [ -97.67134765185142, 18.566971903100878, 2120.0 ], [ -97.671339485278025, 18.566953831937621, 2120.0 ], [ -97.671328634107041, 18.566915563591895, 2120.0 ], [ -97.671322853084547, 18.566901744467049, 2120.0 ], [ -97.671314234095533, 18.566887925342204, 2120.0 ], [ -97.671290671760232, 18.566859224082911, 2120.0 ], [ -97.671287925162687, 18.566837963890841, 2120.0 ], [ -97.671288670215574, 18.566812451660358, 2120.0 ], [ -97.671280001925936, 18.566778435353047, 2120.0 ], [ -97.67128321702458, 18.566761427199392, 2120.0 ], [ -97.671280755150505, 18.566748671084152, 2120.0 ], [ -97.671271758353939, 18.566739069614659, 2120.0 ], [ -97.671262841363372, 18.566735640010304, 2120.0 ], [ -97.67124500738224, 18.566733931242325, 2120.0 ], [ -97.671237205015487, 18.566729522349512, 2120.0 ], [ -97.67123163189639, 18.566723213366981, 2120.0 ], [ -97.671186786496804, 18.566627487989354, 2120.0 ], [ -97.67118228110715, 18.566607290806889, 2120.0 ], [ -97.671182297676836, 18.566594534691646, 2120.0 ], [ -97.671189269710823, 18.566583904595614, 2120.0 ], [ -97.671187543372653, 18.566567959451561, 2120.0 ], [ -97.67119170319468, 18.566555203336318, 2120.0 ], [ -97.67119176439185, 18.566545636249888, 2120.0 ], [ -97.671189199320594, 18.566538195182662, 2120.0 ], [ -97.671182956274137, 18.566530754115441, 2120.0 ], [ -97.671184817695917, 18.566529002946986, 2120.0 ], [ -97.6711892761912, 18.566530522087962, 2120.0 ], [ -97.671192620062655, 18.566529642787216, 2120.0 ], [ -97.671195064313878, 18.566526502077025, 2120.0 ], [ -97.671197369765963, 18.566520124019405, 2120.0 ], [ -97.671198084090918, 18.56650311586575, 2120.0 ], [ -97.671205504091802, 18.566492485769714, 2120.0 ], [ -97.67120435426493, 18.566490359750507, 2120.0 ], [ -97.671201537053221, 18.566489937590703, 2120.0 ], [ -97.671194849310297, 18.566497825829721, 2120.0 ], [ -97.671187046943558, 18.56649981927049, 2120.0 ], [ -97.671181473824447, 18.566498883884119, 2120.0 ], [ -97.671175055128657, 18.566492485769714, 2120.0 ], [ -97.671172230408345, 18.566475477616059, 2120.0 ], [ -97.671175089324777, 18.566442524318351, 2120.0 ], [ -97.671170542166237, 18.566424453155093, 2120.0 ], [ -97.671151389944811, 18.566403192963023, 2120.0 ], [ -97.671114596395213, 18.566369330269819, 2120.0 ], [ -97.67110225141063, 18.566355357530867, 2120.0 ], [ -97.671089797299331, 18.566335160348402, 2120.0 ], [ -97.671084191452422, 18.566314963165937, 2120.0 ], [ -97.671079713690446, 18.566278820839418, 2120.0 ], [ -97.671079802647711, 18.566240552493692, 2120.0 ], [ -97.671083366177257, 18.566228859388055, 2120.0 ], [ -97.671092445998312, 18.566220355311227, 2120.0 ], [ -97.671090898319491, 18.566210788224794, 2120.0 ], [ -97.671091285895699, 18.566186339003917, 2120.0 ], [ -97.671108037973283, 18.566173582888673, 2120.0 ], [ -97.671112617773034, 18.566153385706208, 2120.0 ], [ -97.671116027458837, 18.566122558427708, 2120.0 ], [ -97.671116513548185, 18.566095983187619, 2120.0 ], [ -97.671123768078687, 18.56607684901476, 2120.0 ], [ -97.671122842761477, 18.566064092899516, 2120.0 ], [ -97.671125348131724, 18.566058777851499, 2120.0 ], [ -97.671123997491463, 18.566051336784277, 2120.0 ], [ -97.671127674299996, 18.566040706688241, 2120.0 ], [ -97.671121516167034, 18.566029013582604, 2120.0 ], [ -97.671121232011444, 18.566013068438551, 2120.0 ], [ -97.671130002019012, 18.565998186304103, 2120.0 ], [ -97.671132477018318, 18.565965233006395, 2120.0 ], [ -97.671138840614773, 18.565957791939169, 2120.0 ], [ -97.671139674669476, 18.565947161843134, 2120.0 ], [ -97.671138126644408, 18.565936531747102, 2120.0 ], [ -97.671149312488453, 18.565916334564633, 2120.0 ], [ -97.671149354460482, 18.565904641458996, 2120.0 ], [ -97.671145696913996, 18.56589720039177, 2120.0 ], [ -97.671150187371438, 18.565884444276531, 2120.0 ], [ -97.671153465175607, 18.565880192238115, 2120.0 ], [ -97.671152257338221, 18.565874877190101, 2120.0 ], [ -97.671153672202934, 18.565869562142083, 2120.0 ], [ -97.671151260694685, 18.565867436122875, 2120.0 ], [ -97.671150164257753, 18.56585680602684, 2120.0 ], [ -97.671160388188937, 18.56585361699803, 2120.0 ], [ -97.671160793104548, 18.56585042796922, 2120.0 ], [ -97.671156073262381, 18.565846175930805, 2120.0 ], [ -97.671155735602355, 18.565838734863583, 2120.0 ], [ -97.671164724443599, 18.56581641166191, 2120.0 ], [ -97.671172556833881, 18.56581144225505, 2120.0 ], [ -97.671179244576805, 18.565812971140581, 2120.0 ], [ -97.671182050266069, 18.565803655546667, 2120.0 ], [ -97.671180359200633, 18.565799305685282, 2120.0 ], [ -97.671174786081522, 18.565798702888287, 2120.0 ], [ -97.671170351817196, 18.565796214479441, 2120.0 ], [ -97.671163589419862, 18.565781332344994, 2120.0 ], [ -97.671163543867877, 18.565772828268166, 2120.0 ], [ -97.671173853813443, 18.565751568076095, 2120.0 ], [ -97.671172076362126, 18.565742000989665, 2120.0 ], [ -97.671169212962425, 18.565740754174367, 2120.0 ], [ -97.671165869090956, 18.565742281597792, 2120.0 ], [ -97.671158066724217, 18.565742246299575, 2120.0 ], [ -97.671147188666183, 18.565739874970458, 2120.0 ], [ -97.6711412002592, 18.565736685941648, 2120.0 ], [ -97.671137727460078, 18.565729244874422, 2120.0 ], [ -97.671135940920522, 18.565705858663147, 2120.0 ], [ -97.671137726501456, 18.5656909765287, 2120.0 ], [ -97.671141639669514, 18.565677157403854, 2120.0 ], [ -97.671141624681013, 18.565655897211784, 2120.0 ], [ -97.671138130296683, 18.565648456144562, 2120.0 ], [ -97.671127812895946, 18.565634637019716, 2120.0 ], [ -97.671126060727914, 18.565617628866061, 2120.0 ], [ -97.671122398761952, 18.56560485356292, 2120.0 ], [ -97.671117940266669, 18.565601376630344, 2120.0 ], [ -97.671111252523744, 18.565601352313131, 2120.0 ], [ -97.671109093717021, 18.5655995577028, 2120.0 ], [ -97.671110125515213, 18.565597431683592, 2120.0 ], [ -97.671119232584147, 18.56559317964518, 2120.0 ], [ -97.671122383063022, 18.565585738577955, 2120.0 ], [ -97.671126601267076, 18.565581486539543, 2120.0 ], [ -97.671115711019027, 18.565578439682799, 2120.0 ], [ -97.671111039876905, 18.565574045472317, 2120.0 ], [ -97.671105831133545, 18.565563415376282, 2120.0 ], [ -97.671103720104952, 18.565551722270644, 2120.0 ], [ -97.671097631858373, 18.565541092174609, 2120.0 ], [ -97.671097595077725, 18.565532588097781, 2120.0 ], [ -97.671101220909364, 18.565527906277975, 2120.0 ], [ -97.671114596395213, 18.565529722899711, 2120.0 ], [ -97.671117940266669, 18.56553176831919, 2120.0 ], [ -97.67112016951431, 18.565531120132139, 2120.0 ], [ -97.67112351338578, 18.565526219792542, 2120.0 ], [ -97.671131315752518, 18.565525979507957, 2120.0 ], [ -97.671135774247801, 18.565528254550646, 2120.0 ], [ -97.671141417367437, 18.565534714116989, 2120.0 ], [ -97.671141239375672, 18.565542155184215, 2120.0 ], [ -97.671146023143294, 18.565548533241834, 2120.0 ], [ -97.671154610588488, 18.565571919453109, 2120.0 ], [ -97.671161410595673, 18.565577160494129, 2120.0 ], [ -97.671173671457709, 18.565579479008665, 2120.0 ], [ -97.671182588448275, 18.56558664883838, 2120.0 ], [ -97.671208311424948, 18.565614439837251, 2120.0 ], [ -97.671220706923449, 18.565635700029318, 2120.0 ], [ -97.671225219227722, 18.565651645173372, 2120.0 ], [ -97.671222274483299, 18.565673968375044, 2120.0 ], [ -97.671223829529637, 18.565677182182633, 2120.0 ], [ -97.671239434263128, 18.565689097279577, 2120.0 ], [ -97.671244292115617, 18.565700543615129, 2120.0 ], [ -97.671236042758167, 18.565711173711165, 2120.0 ], [ -97.671242171368391, 18.565726055845612, 2120.0 ], [ -97.67123737356836, 18.565740937980063, 2120.0 ], [ -97.67123813498489, 18.565750505066493, 2120.0 ], [ -97.671246114197828, 18.565777080306582, 2120.0 ], [ -97.671254826687317, 18.565787710402613, 2120.0 ], [ -97.671259661407177, 18.565800466517857, 2120.0 ], [ -97.671261458940322, 18.565827041757942, 2120.0 ], [ -97.671265905206184, 18.565836608844375, 2120.0 ], [ -97.671260812315154, 18.565848301950012, 2120.0 ], [ -97.671257243631118, 18.565852553988428, 2120.0 ], [ -97.671257073757118, 18.56585999505565, 2120.0 ], [ -97.671259497491903, 18.565863306658134, 2120.0 ], [ -97.671265070611014, 18.565865482568352, 2120.0 ], [ -97.67127180734839, 18.565871688161288, 2120.0 ], [ -97.671277425596827, 18.565882318257323, 2120.0 ], [ -97.671280675344505, 18.565897498431848, 2120.0 ], [ -97.671288477711244, 18.56590112203531, 2120.0 ], [ -97.671289471001472, 18.565903578449394, 2120.0 ], [ -97.67128736308743, 18.565906201543942, 2120.0 ], [ -97.671279560720677, 18.565906584404328, 2120.0 ], [ -97.671272872977752, 18.565913060755918, 2120.0 ], [ -97.671270542973161, 18.565929090679877, 2120.0 ], [ -97.671267353446339, 18.565933342718289, 2120.0 ], [ -97.671260969636577, 18.565936531747102, 2120.0 ], [ -97.671260532142711, 18.565938657766306, 2120.0 ], [ -97.671264513299093, 18.565942909804722, 2120.0 ], [ -97.671266185234828, 18.565949612525372, 2120.0 ], [ -97.671277370928749, 18.565956728929567, 2120.0 ], [ -97.671294097927131, 18.565973737083223, 2120.0 ], [ -97.671297427484859, 18.565984367179258, 2120.0 ], [ -97.671305197068563, 18.565991506795996, 2120.0 ], [ -97.671314544709233, 18.566010942419343, 2120.0 ], [ -97.671314219496509, 18.566015194457758, 2120.0 ], [ -97.671308540940018, 18.566016044865439, 2120.0 ], [ -97.671303593574635, 18.566020509505776, 2120.0 ], [ -97.671301983817074, 18.566024761544188, 2120.0 ], [ -97.671302967820921, 18.566030154611258, 2120.0 ], [ -97.671298509325638, 18.566030096369129, 2120.0 ], [ -97.671294050830355, 18.566024154110128, 2120.0 ], [ -97.671286248463602, 18.566023504061508, 2120.0 ], [ -97.671282321947871, 18.56602582455379, 2120.0 ], [ -97.671280317072558, 18.566032202611414, 2120.0 ], [ -97.67128064136206, 18.566035391640224, 2120.0 ], [ -97.671286293048553, 18.566042832707446, 2120.0 ], [ -97.671292821758541, 18.566066218918724, 2120.0 ], [ -97.671300649403364, 18.566078975033964, 2120.0 ], [ -97.671299905259275, 18.566084290081982, 2120.0 ], [ -97.671302967820921, 18.566085458038394, 2120.0 ], [ -97.671305197068563, 18.566080762822843, 2120.0 ], [ -97.671309655563846, 18.566078318469209, 2120.0 ], [ -97.67131733075874, 18.566084290081982, 2120.0 ], [ -97.671321010251177, 18.566090668139605, 2120.0 ], [ -97.671322858090818, 18.566106613283655, 2120.0 ], [ -97.671320805726779, 18.56612681046612, 2120.0 ], [ -97.671326496898857, 18.566131062504535, 2120.0 ], [ -97.67132810898346, 18.566137440562155, 2120.0 ], [ -97.671325260297323, 18.566149187321276, 2120.0 ], [ -97.67131077018766, 18.566162046008088, 2120.0 ], [ -97.671292936206527, 18.566164346827165, 2120.0 ], [ -97.671279560720677, 18.566163006615909, 2120.0 ], [ -97.671274405585507, 18.566159763763828, 2120.0 ], [ -97.671270492594672, 18.566153385706208, 2120.0 ], [ -97.67126931016233, 18.566143818619778, 2120.0 ], [ -97.671273131619742, 18.566133188523743, 2120.0 ], [ -97.671273083191892, 18.566124684446915, 2120.0 ], [ -97.671267299858656, 18.566116013985976, 2120.0 ], [ -97.671256153620448, 18.566111211418221, 2120.0 ], [ -97.671251695125164, 18.566105740405852, 2120.0 ], [ -97.671248790823654, 18.566108739302862, 2120.0 ], [ -97.671249534681465, 18.566116180370088, 2120.0 ], [ -97.671243892758412, 18.566121358255575, 2120.0 ], [ -97.671237205015487, 18.56612170606056, 2120.0 ], [ -97.671228288024921, 18.566113857179744, 2120.0 ], [ -97.671224944153465, 18.566113968067633, 2120.0 ], [ -97.671222530390395, 18.566116180370088, 2120.0 ], [ -97.671224928564314, 18.566124684446915, 2120.0 ], [ -97.671230703043207, 18.566131062504535, 2120.0 ], [ -97.671234130811087, 18.566139566581363, 2120.0 ], [ -97.671236048502209, 18.566170393859863, 2120.0 ], [ -97.671248276945448, 18.566186339003917, 2120.0 ], [ -97.671251347709941, 18.566194843080744, 2120.0 ], [ -97.671250724921038, 18.566204410167174, 2120.0 ], [ -97.671248174329278, 18.566210788224794, 2120.0 ], [ -97.671230366986208, 18.566235237445674, 2120.0 ], [ -97.671230367115996, 18.5662426785129, 2120.0 ], [ -97.671235990155708, 18.56625224559933, 2120.0 ], [ -97.671239750449629, 18.566263938704967, 2120.0 ], [ -97.671252809748978, 18.56627670703871, 2120.0 ], [ -97.671277331473036, 18.566285495222726, 2120.0 ], [ -97.67128736308743, 18.566284287745951, 2120.0 ], [ -97.671312999435301, 18.566275392230789, 2120.0 ], [ -97.671327489544964, 18.566274872518033, 2120.0 ], [ -97.671334177287889, 18.566275417137277, 2120.0 ], [ -97.671352011269022, 18.5662829813893, 2120.0 ], [ -97.671369845250155, 18.566283873076941, 2120.0 ], [ -97.671375570867554, 18.56628626190664, 2120.0 ], [ -97.671375168387669, 18.566294765983468, 2120.0 ], [ -97.671380991488363, 18.566309898879158, 2120.0 ], [ -97.671403402714049, 18.566333034329194, 2120.0 ], [ -97.67141541019528, 18.566359609569282, 2120.0 ], [ -97.671425840876097, 18.566376617722938, 2120.0 ], [ -97.671429165704396, 18.566392562866987, 2120.0 ], [ -97.67142987187114, 18.566420201116678, 2120.0 ], [ -97.671428890668409, 18.566437209270333, 2120.0 ], [ -97.6714220676254, 18.566448902375971, 2120.0 ], [ -97.671423256818656, 18.566471225577644, 2120.0 ], [ -97.671434493431761, 18.566501344183077, 2120.0 ], [ -97.67144796315695, 18.566522250038613, 2120.0 ], [ -97.671450382431729, 18.566531817125043, 2120.0 ], [ -97.671448727194175, 18.566545636249888, 2120.0 ], [ -97.671450062103901, 18.566552014307508, 2120.0 ], [ -97.671456886515557, 18.566560518384335, 2120.0 ], [ -97.671470037178892, 18.566587093624424, 2120.0 ], [ -97.671483653784364, 18.566604101778079, 2120.0 ], [ -97.671490413972208, 18.566616857893319, 2120.0 ], [ -97.671492731534741, 18.566626424979752, 2120.0 ], [ -97.671491177833389, 18.566655126239045, 2120.0 ], [ -97.671508058603933, 18.566677603557352, 2120.0 ], [ -97.671525892585066, 18.566686980424937, 2120.0 ], [ -97.671557102052049, 18.566711438137389, 2120.0 ], [ -97.671581623776106, 18.566715478369865, 2120.0 ], [ -97.671616177114544, 18.566726622798754, 2120.0 ], [ -97.671627323352752, 18.566724182492546, 2120.0 ], [ -97.671639584214788, 18.566713616720513, 2120.0 ], [ -97.671645426917323, 18.566704024680806, 2120.0 ], [ -97.671649446946773, 18.566683827498338, 2120.0 ], [ -97.671652781144388, 18.56667532342151, 2120.0 ], [ -97.671660665143563, 18.566666819344682, 2120.0 ], [ -97.671668564434114, 18.566663483232784, 2120.0 ], [ -97.671676366800867, 18.566664092493962, 2120.0 ], [ -97.671683032071542, 18.566673197402306, 2120.0 ], [ -97.671689742286716, 18.566676416736215, 2120.0 ], [ -97.671714264010774, 18.566679506208484, 2120.0 ], [ -97.671719837129871, 18.566681947280152, 2120.0 ], [ -97.671741014982473, 18.566681394936829, 2120.0 ], [ -97.671748817349211, 18.566682693621427, 2120.0 ], [ -97.671757734339778, 18.566686944702177, 2120.0 ], [ -97.671771109825627, 18.566697701665753, 2120.0 ], [ -97.671776682944738, 18.566697788628282, 2120.0 ], [ -97.671794516925871, 18.566690090396587, 2120.0 ], [ -97.671804548540251, 18.566690120998377, 2120.0 ], [ -97.671815783948361, 18.566698709632789, 2120.0 ], [ -97.671824884496132, 18.566715717786444, 2120.0 ], [ -97.671828150986926, 18.566728473901684, 2120.0 ], [ -97.671826916767799, 18.566749734093754, 2120.0 ], [ -97.671803310069336, 18.566801821564322, 2120.0 ], [ -97.671799799059102, 18.566814577679565, 2120.0 ], [ -97.671799811389008, 18.566844341948464, 2120.0 ], [ -97.671804450844135, 18.566863476121327, 2120.0 ], [ -97.671813658181847, 18.566887925342204, 2120.0 ], [ -97.671816321754363, 18.566909185534275, 2120.0 ], [ -97.671814810077038, 18.566925130678328, 2120.0 ], [ -97.671806467441655, 18.566952768928015, 2120.0 ], [ -97.671802426626755, 18.566981470187311, 2120.0 ], [ -97.671804234311196, 18.566993163292949, 2120.0 ], [ -97.67181698576681, 18.567028242609862, 2120.0 ], [ -97.67182654958701, 18.567081393090035, 2120.0 ], [ -97.671838290013085, 18.567118598426159, 2120.0 ], [ -97.67183880828712, 18.567156866771882, 2120.0 ], [ -97.671841119563297, 18.567169622887125, 2120.0 ], [ -97.671859403955438, 18.567217458319281, 2120.0 ], [ -97.671868021379225, 18.56723021443452, 2120.0 ], [ -97.671879154356787, 18.567240844530556, 2120.0 ], [ -97.671885916079162, 18.567244270029278, 2120.0 ], [ -97.671892603822087, 18.567244636234328, 2120.0 ], [ -97.671895947693557, 18.567243973032131, 2120.0 ], [ -97.671904864684123, 18.567237482551771, 2120.0 ], [ -97.671913781674689, 18.567235248544286, 2120.0 ], [ -97.671927157160539, 18.567235350277855, 2120.0 ], [ -97.671944991141672, 18.567238593451396, 2120.0 ], [ -97.671964147809732, 18.567248285597781, 2120.0 ], [ -97.671987346847843, 18.567272734818662, 2120.0 ], [ -97.672014004933231, 18.5673152552028, 2120.0 ], [ -97.672035362822811, 18.567362027625354, 2120.0 ], [ -97.672049993772049, 18.567410926067112, 2120.0 ], [ -97.67206008922399, 18.567463013537683, 2120.0 ], [ -97.672065697144006, 18.567512974989043, 2120.0 ], [ -97.672067356910944, 18.567568251488424, 2120.0 ], [ -97.672065683714393, 18.567615023910978, 2120.0 ], [ -97.672058883509322, 18.567668174391152, 2120.0 ], [ -97.672052079836789, 18.567699001669652, 2120.0 ], [ -97.672041978275729, 18.567726639919343, 2120.0 ], [ -97.672034267592252, 18.567740459044188, 2120.0 ], [ -97.672012853587319, 18.567768097293879, 2120.0 ], [ -97.671998425758787, 18.567791483505154, 2120.0 ], [ -97.671992624918474, 18.567812743697221, 2120.0 ], [ -97.671991165026327, 18.567831877870084, 2120.0 ], [ -97.67199155201854, 18.567843570975722, 2120.0 ], [ -97.671996129313854, 18.567862705148585, 2120.0 ], [ -97.672030951699426, 18.567929674753604, 2120.0 ], [ -97.672038842467373, 18.567954123974484, 2120.0 ], [ -97.672044471317676, 18.567981762224175, 2120.0 ], [ -97.672047874515883, 18.568013652512278, 2120.0 ], [ -97.67205058135923, 18.568067866002057, 2120.0 ], [ -97.672057891322524, 18.56812420551104, 2120.0 ], [ -97.672060630429854, 18.568184797058436, 2120.0 ], [ -97.672065138052659, 18.568209246279316, 2120.0 ], [ -97.672074351810096, 18.568234758509799, 2120.0 ], [ -97.672077911624612, 18.56825282967306, 2120.0 ], [ -97.672076670493738, 18.568279404913145, 2120.0 ], [ -97.672067375819267, 18.568309169182044, 2120.0 ], [ -97.672068620580802, 18.568335744422129, 2120.0 ], [ -97.672078702001855, 18.568358067623802, 2120.0 ], [ -97.672124445580494, 18.568415470142391, 2120.0 ], [ -97.672137631339453, 18.568430352276838, 2120.0 ], [ -97.6721723744011, 18.568463305571999, 2120.0 ], [ -97.6721870477366, 18.568480313728202, 2120.0 ], [ -97.672200295727805, 18.568500510910667, 2120.0 ], [ -97.672227090045993, 18.56855047236203, 2120.0 ], [ -97.672246385422795, 18.568574921582911, 2120.0 ] ] } },
{ "type": "Feature", "properties": { "FID": 7, "elev": 2119.0, "elevation": 2119.0, "ELEVATION": 2119.0, "is_master": false, "tipo": "Ordinaria (1m)" }, "geometry": { "type": "LineString", "coordinates": [ [ -97.670512699531997, 18.568574685358552, 2119.0 ], [ -97.670521616522564, 18.568571201049298, 2119.0 ], [ -97.670530324521167, 18.568561102458066, 2119.0 ], [ -97.670534992008413, 18.56855248901811, 2119.0 ], [ -97.67053890126877, 18.568551535371633, 2119.0 ], [ -97.670543073031112, 18.568555787410048, 2119.0 ], [ -97.670550596741904, 18.568558936476091, 2119.0 ], [ -97.670565086851582, 18.568550600951902, 2119.0 ], [ -97.670575118465962, 18.568554596839292, 2119.0 ], [ -97.670584035456528, 18.568553894166666, 2119.0 ], [ -97.670601869437661, 18.568539310761192, 2119.0 ], [ -97.670615244923511, 18.568537918627463, 2119.0 ], [ -97.670625276537891, 18.568534680206952, 2119.0 ], [ -97.670634433497781, 18.568524960131548, 2119.0 ], [ -97.67063865202374, 18.568501483725516, 2119.0 ], [ -97.670644300827178, 18.568503699939477, 2119.0 ], [ -97.670644795415498, 18.568506888968287, 2119.0 ], [ -97.670641257637868, 18.568512204016304, 2119.0 ], [ -97.670645339766665, 18.568515617701784, 2119.0 ], [ -97.67065223861259, 18.56851326702591, 2119.0 ], [ -97.670659067238986, 18.568504762949082, 2119.0 ], [ -97.670668746866909, 18.568500723512589, 2119.0 ], [ -97.67066971919833, 18.568495195862649, 2119.0 ], [ -97.670663125285898, 18.568485628776219, 2119.0 ], [ -97.670662059089281, 18.568473935670582, 2119.0 ], [ -97.670687695471855, 18.568450510088578, 2119.0 ], [ -97.670701267656028, 18.568440982372874, 2119.0 ], [ -97.670704414816782, 18.568436730334458, 2119.0 ], [ -97.670709211089246, 18.568418659171201, 2119.0 ], [ -97.670708873324457, 18.568393944197918, 2119.0 ], [ -97.670713331819741, 18.568391392974871, 2119.0 ], [ -97.67072670730559, 18.568395855570955, 2119.0 ], [ -97.670730051177046, 18.568395238669293, 2119.0 ], [ -97.670732280424687, 18.568386901759297, 2119.0 ], [ -97.67073673891997, 18.568382857552887, 2119.0 ], [ -97.670748999782006, 18.568383455606408, 2119.0 ], [ -97.670755411250639, 18.5683878318927, 2119.0 ], [ -97.670752439916427, 18.568393146940718, 2119.0 ], [ -97.670753458277289, 18.568406599510528, 2119.0 ], [ -97.670746770534365, 18.568410183160633, 2119.0 ], [ -97.670738968167612, 18.56841181954362, 2119.0 ], [ -97.670737792000153, 18.568417596161595, 2119.0 ], [ -97.670743426662895, 18.568420651646488, 2119.0 ], [ -97.670747885158178, 18.568420282415595, 2119.0 ], [ -97.670751129509654, 18.568417596161595, 2119.0 ], [ -97.670753458277289, 18.568408241677087, 2119.0 ], [ -97.670760400791366, 18.568411218103975, 2119.0 ], [ -97.670761877780379, 18.568417596161595, 2119.0 ], [ -97.670752343653461, 18.568427002560529, 2119.0 ], [ -97.670747885158178, 18.568427075877377, 2119.0 ], [ -97.670743398797299, 18.56843141528644, 2119.0 ], [ -97.670743426662895, 18.568448055275795, 2119.0 ], [ -97.67073800998223, 18.568452675478511, 2119.0 ], [ -97.670735471484818, 18.568460116545737, 2119.0 ], [ -97.670731184534048, 18.568464368584149, 2119.0 ], [ -97.670718904938838, 18.568467587141004, 2119.0 ], [ -97.670717591772657, 18.568480313728202, 2119.0 ], [ -97.670718972903714, 18.568483502757012, 2119.0 ], [ -97.670724478057949, 18.568487917675931, 2119.0 ], [ -97.670737853543798, 18.56848662364418, 2119.0 ], [ -97.670742312039081, 18.568489996428969, 2119.0 ], [ -97.670745655910537, 18.568490070395963, 2119.0 ], [ -97.670754572901103, 18.568488078917216, 2119.0 ], [ -97.670761260644028, 18.568489847595583, 2119.0 ], [ -97.670769170344926, 18.568488817805029, 2119.0 ], [ -97.670775117178053, 18.568479250718596, 2119.0 ], [ -97.670773605102838, 18.568476061689786, 2119.0 ], [ -97.670773911282481, 18.568468620622564, 2119.0 ], [ -97.670777980001347, 18.568467157848666, 2119.0 ], [ -97.670783553120444, 18.568469650151549, 2119.0 ], [ -97.670786624264807, 18.568468620622564, 2119.0 ], [ -97.670797911761667, 18.568447360430493, 2119.0 ], [ -97.670806014956668, 18.568442045382476, 2119.0 ], [ -97.670807885925214, 18.568437793344064, 2119.0 ], [ -97.670804730973032, 18.568432478297179, 2119.0 ], [ -97.670795813982465, 18.568429384259581, 2119.0 ], [ -97.670792520448856, 18.568426100238423, 2119.0 ], [ -97.670792352782186, 18.568415470142391, 2119.0 ], [ -97.670795813976497, 18.568409092084767, 2119.0 ], [ -97.670793104117223, 18.568405903055957, 2119.0 ], [ -97.670796800698639, 18.568401651017545, 2119.0 ], [ -97.670792408187467, 18.568399524998338, 2119.0 ], [ -97.670792470101873, 18.568393146940718, 2119.0 ], [ -97.670798043230107, 18.568390797130014, 2119.0 ], [ -97.67080250172539, 18.568391641010447, 2119.0 ], [ -97.670808240531827, 18.568388894902302, 2119.0 ], [ -97.670809741262289, 18.568386768883094, 2119.0 ], [ -97.670807809892935, 18.568378264806267, 2119.0 ], [ -97.67081587721124, 18.568365322198115, 2119.0 ], [ -97.670823679577992, 18.568362053909816, 2119.0 ], [ -97.670843742806767, 18.568358219482317, 2119.0 ], [ -97.670856003668789, 18.568348544829437, 2119.0 ], [ -97.670862818073516, 18.568334681412527, 2119.0 ], [ -97.670868350271121, 18.568310232191646, 2119.0 ], [ -97.670879586762268, 18.568292161028388, 2119.0 ], [ -97.670880525368062, 18.568277278893937, 2119.0 ], [ -97.670872552998745, 18.568273026855525, 2119.0 ], [ -97.670873837649921, 18.568269024937017, 2119.0 ], [ -97.67088063685523, 18.568266648797906, 2119.0 ], [ -97.670880568263001, 18.568264522778698, 2119.0 ], [ -97.670876066897563, 18.56826056446662, 2119.0 ], [ -97.670862691411713, 18.568265576254582, 2119.0 ], [ -97.670860462164072, 18.568268933850042, 2119.0 ], [ -97.670856456484714, 18.568270900836318, 2119.0 ], [ -97.670855015858464, 18.568279404913145, 2119.0 ], [ -97.670850430549692, 18.568283419672632, 2119.0 ], [ -97.670845972054408, 18.568284224578047, 2119.0 ], [ -97.670842476594103, 18.568281530932353, 2119.0 ], [ -97.670844857430581, 18.56827267251899, 2119.0 ], [ -97.670847086678222, 18.568270617367091, 2119.0 ], [ -97.670849315925864, 18.568271625615594, 2119.0 ], [ -97.670852833957298, 18.568269837826715, 2119.0 ], [ -97.670862261360014, 18.568254955692264, 2119.0 ], [ -97.670861876239073, 18.568245388605835, 2119.0 ], [ -97.670860462164072, 18.5682434903744, 2119.0 ], [ -97.670854570581028, 18.568243262586627, 2119.0 ], [ -97.670853093262153, 18.568241136567419, 2119.0 ], [ -97.670854819997473, 18.568235821519405, 2119.0 ], [ -97.670862691411713, 18.568224128409039, 2119.0 ], [ -97.670872788592206, 18.568219876375352, 2119.0 ], [ -97.670877410162177, 18.568207120260109, 2119.0 ], [ -97.670876391996174, 18.568199679192887, 2119.0 ], [ -97.670882318483351, 18.568194364144869, 2119.0 ], [ -97.670884644654791, 18.568189049096851, 2119.0 ], [ -97.67088959437757, 18.568187986087246, 2119.0 ], [ -97.670890366705606, 18.568185860068041, 2119.0 ], [ -97.670888327755563, 18.568183734048834, 2119.0 ], [ -97.670892786254882, 18.568181017468735, 2119.0 ], [ -97.67089204317233, 18.568177355991214, 2119.0 ], [ -97.670893859596333, 18.568175229972006, 2119.0 ], [ -97.670901811112259, 18.56817097793359, 2119.0 ], [ -97.670901257395911, 18.568165662885573, 2119.0 ], [ -97.670905047116904, 18.568155968237992, 2119.0 ], [ -97.670930683464789, 18.568129488346646, 2119.0 ], [ -97.670956834254426, 18.568110386386195, 2119.0 ], [ -97.670968580674696, 18.568096567257108, 2119.0 ], [ -97.670986414655815, 18.568087303891947, 2119.0 ], [ -97.670991927524994, 18.568077433088487, 2119.0 ], [ -97.671042166488036, 18.568020030569897, 2119.0 ], [ -97.671052316789229, 18.568004085425848, 2119.0 ], [ -97.671061322443052, 18.567981762224175, 2119.0 ], [ -97.671071020913004, 18.567937115820829, 2119.0 ], [ -97.671078928429168, 18.567922233686382, 2119.0 ], [ -97.671088482351408, 18.567911603590346, 2119.0 ], [ -97.671097877037894, 18.567904014882899, 2119.0 ], [ -97.671117940266669, 18.567892596978634, 2119.0 ], [ -97.671145805862182, 18.567867955771778, 2119.0 ], [ -97.671161410595673, 18.567861535838023, 2119.0 ], [ -97.671184817695917, 18.56786041558944, 2119.0 ], [ -97.671193734686483, 18.567866071345662, 2119.0 ], [ -97.67119930780558, 18.567866591777449, 2119.0 ], [ -97.671213797915257, 18.567863988091212, 2119.0 ], [ -97.671239434263128, 18.567854140328354, 2119.0 ], [ -97.671262841363372, 18.567847604960885, 2119.0 ], [ -97.671270643730111, 18.567847577704228, 2119.0 ], [ -97.671285133839788, 18.567853347669683, 2119.0 ], [ -97.671295165454168, 18.567852621529319, 2119.0 ], [ -97.671307426316204, 18.567856214537006, 2119.0 ], [ -97.67132080180204, 18.567855415939878, 2119.0 ], [ -97.671326403623908, 18.567849949033345, 2119.0 ], [ -97.671325074526692, 18.56783931893731, 2119.0 ], [ -97.671329208482916, 18.567818058745239, 2119.0 ], [ -97.671327367632998, 18.567806365639601, 2119.0 ], [ -97.671319607562239, 18.567793609524362, 2119.0 ], [ -97.671295068530355, 18.567767034284273, 2119.0 ], [ -97.671282864060359, 18.567750026130618, 2119.0 ], [ -97.671279525335791, 18.567742585063392, 2119.0 ], [ -97.671277044855486, 18.567729828948153, 2119.0 ], [ -97.67127827340866, 18.567712820794497, 2119.0 ], [ -97.671285074127795, 18.567695812640842, 2119.0 ], [ -97.671294050830355, 18.56768606157198, 2119.0 ], [ -97.671306311692376, 18.567679780126138, 2119.0 ], [ -97.671330833416434, 18.567678032215252, 2119.0 ], [ -97.671340865030814, 18.567674537262921, 2119.0 ], [ -97.671353082182108, 18.567664985362342, 2119.0 ], [ -97.671361983171423, 18.567651166237496, 2119.0 ], [ -97.67136561610134, 18.567638410122253, 2119.0 ], [ -97.671365981638374, 18.567626717016616, 2119.0 ], [ -97.671364538309874, 18.567607582843753, 2119.0 ], [ -97.671360603394362, 18.567589511680495, 2119.0 ], [ -97.671360657134883, 18.567570377507632, 2119.0 ], [ -97.671363036540313, 18.567560810421202, 2119.0 ], [ -97.671372258653037, 18.567544865277149, 2119.0 ], [ -97.671374210860122, 18.567533172171512, 2119.0 ], [ -97.671378682624734, 18.567528920133096, 2119.0 ], [ -97.671377529723998, 18.567507659941029, 2119.0 ], [ -97.671393071224031, 18.56748427372975, 2119.0 ], [ -97.671399815587463, 18.567470454604905, 2119.0 ], [ -97.671429191437369, 18.567449194412838, 2119.0 ], [ -97.671436592504364, 18.567441753345612, 2119.0 ], [ -97.671439148625367, 18.567436438297594, 2119.0 ], [ -97.671444274184523, 18.567384350827027, 2119.0 ], [ -97.671449951740144, 18.567357775586938, 2119.0 ], [ -97.671461511813206, 18.567319507241212, 2119.0 ], [ -97.671468777488002, 18.567269545789852, 2119.0 ], [ -97.671481276670463, 18.567229151424918, 2119.0 ], [ -97.671487033738927, 18.567216395309678, 2119.0 ], [ -97.671487318026834, 18.567191946088798, 2119.0 ], [ -97.671490185167087, 18.567185568031178, 2119.0 ], [ -97.671488000583679, 18.567171748906333, 2119.0 ], [ -97.671465702898743, 18.56714873661803, 2119.0 ], [ -97.671447662254835, 18.567137732599019, 2119.0 ], [ -97.671435744112955, 18.567122850464571, 2119.0 ], [ -97.671426508766729, 18.567099464253296, 2119.0 ], [ -97.671420173663279, 18.567060132897968, 2119.0 ], [ -97.671403326972779, 18.567018675523432, 2119.0 ], [ -97.671390057949566, 18.566996352321759, 2119.0 ], [ -97.671358586747687, 18.566957020966431, 2119.0 ], [ -97.671349611942546, 18.56693894980317, 2119.0 ], [ -97.671332862873015, 18.56689217738062, 2119.0 ], [ -97.671307329692468, 18.566853909034894, 2119.0 ], [ -97.671306627372545, 18.566840089910048, 2119.0 ], [ -97.671303910228175, 18.566829459814013, 2119.0 ], [ -97.67130627188439, 18.566825207775601, 2119.0 ], [ -97.671306615680692, 18.566819892727583, 2119.0 ], [ -97.671309900921287, 18.566817766708375, 2119.0 ], [ -97.671312711917494, 18.566812451660358, 2119.0 ], [ -97.671308540940018, 18.566803683102673, 2119.0 ], [ -97.671301724396116, 18.566799695545118, 2119.0 ], [ -97.671297377898441, 18.56679119146829, 2119.0 ], [ -97.671293755465811, 18.566775246324237, 2119.0 ], [ -97.671293168419822, 18.566751860112962, 2119.0 ], [ -97.671289744432414, 18.566741230016927, 2119.0 ], [ -97.671281789968319, 18.566731654288141, 2119.0 ], [ -97.671256153620448, 18.566717774327898, 2119.0 ], [ -97.671246007685667, 18.566708276719218, 2119.0 ], [ -97.671198022347454, 18.566621109931734, 2119.0 ], [ -97.671196133634638, 18.566608353816491, 2119.0 ], [ -97.671197696635943, 18.566594534691646, 2119.0 ], [ -97.67119514636164, 18.566580715566804, 2119.0 ], [ -97.671197078557583, 18.566574337509181, 2119.0 ], [ -97.671205030064499, 18.566566896441959, 2119.0 ], [ -97.671211691378488, 18.566554140326716, 2119.0 ], [ -97.671216298212855, 18.56653394314425, 2119.0 ], [ -97.671216777602694, 18.566521187029007, 2119.0 ], [ -97.671214076081483, 18.566489296740905, 2119.0 ], [ -97.671212356335118, 18.566486107712095, 2119.0 ], [ -97.671208224796146, 18.566484415179922, 2119.0 ], [ -97.671198193181766, 18.566487805934752, 2119.0 ], [ -97.671194269095167, 18.566481855673679, 2119.0 ], [ -97.671198193181766, 18.566476547107428, 2119.0 ], [ -97.671211500702739, 18.566468036548834, 2119.0 ], [ -97.671213588455743, 18.566463784510422, 2119.0 ], [ -97.67121387835202, 18.566461658491214, 2119.0 ], [ -97.671209339419974, 18.566458611197017, 2119.0 ], [ -97.671206858170422, 18.566453154414386, 2119.0 ], [ -97.671205837445839, 18.566438272279939, 2119.0 ], [ -97.671209339419974, 18.566433937944005, 2119.0 ], [ -97.671213797915257, 18.566432734222914, 2119.0 ], [ -97.671216027162899, 18.56643381509932, 2119.0 ], [ -97.67121825641054, 18.566440175573323, 2119.0 ], [ -97.671222714905824, 18.566441639046687, 2119.0 ], [ -97.6712251002008, 18.566439335289541, 2119.0 ], [ -97.67122549074783, 18.566429768203111, 2119.0 ], [ -97.671214912539071, 18.566417703807037, 2119.0 ], [ -97.671205995548505, 18.566410544618225, 2119.0 ], [ -97.671170327586239, 18.566400016741557, 2119.0 ], [ -97.671158066724217, 18.566392616766066, 2119.0 ], [ -97.6711389138313, 18.566376617722938, 2119.0 ], [ -97.671120009328845, 18.566357483550075, 2119.0 ], [ -97.671110216764816, 18.566344727434831, 2119.0 ], [ -97.671102150223518, 18.566329845300384, 2119.0 ], [ -97.67109651150308, 18.566310711127521, 2119.0 ], [ -97.671091992350711, 18.566275631810608, 2119.0 ], [ -97.67109198297652, 18.566247993560918, 2119.0 ], [ -97.671095518493885, 18.566230985407262, 2119.0 ], [ -97.671102060417311, 18.566212914244002, 2119.0 ], [ -97.671109873983951, 18.566202284147966, 2119.0 ], [ -97.6711133648528, 18.566192717061536, 2119.0 ], [ -97.671129086504877, 18.566178906406886, 2119.0 ], [ -97.671132430376346, 18.566173072989759, 2119.0 ], [ -97.671140511707634, 18.566165078811846, 2119.0 ], [ -97.67113819476225, 18.56615763774462, 2119.0 ], [ -97.671129086504877, 18.566151241037709, 2119.0 ], [ -97.67112660366557, 18.566145944638983, 2119.0 ], [ -97.671126411407712, 18.566139566581363, 2119.0 ], [ -97.671131050719737, 18.566100235226035, 2119.0 ], [ -97.671136789524724, 18.566086416101189, 2119.0 ], [ -97.67114491046533, 18.566074722995552, 2119.0 ], [ -97.671144861150538, 18.566063029889914, 2119.0 ], [ -97.671137788428879, 18.566053462803481, 2119.0 ], [ -97.671136261895725, 18.566048147755463, 2119.0 ], [ -97.67114165465668, 18.566034328630618, 2119.0 ], [ -97.671141449234753, 18.566030076592206, 2119.0 ], [ -97.671138003495443, 18.566022138906597, 2119.0 ], [ -97.67113354500016, 18.566020704141337, 2119.0 ], [ -97.671126857257235, 18.566022849423256, 2119.0 ], [ -97.671122660216923, 18.566019446496171, 2119.0 ], [ -97.671126188482944, 18.566016257467361, 2119.0 ], [ -97.671127839886125, 18.566008816400135, 2119.0 ], [ -97.671132430376346, 18.56600478562164, 2119.0 ], [ -97.67113372603302, 18.566001375332913, 2119.0 ], [ -97.671135665334461, 18.56599180824648, 2119.0 ], [ -97.671134659623988, 18.565978211243046, 2119.0 ], [ -97.671138059226635, 18.565967359025603, 2119.0 ], [ -97.671143198438614, 18.565963106987187, 2119.0 ], [ -97.671144110991804, 18.565959917958377, 2119.0 ], [ -97.671142394232433, 18.565937594756704, 2119.0 ], [ -97.671148035109823, 18.56593044382857, 2119.0 ], [ -97.671159181348031, 18.565929143304114, 2119.0 ], [ -97.671165869090956, 18.5659230322685, 2119.0 ], [ -97.671162962467434, 18.565909956507014, 2119.0 ], [ -97.671165866492771, 18.565890822334151, 2119.0 ], [ -97.671183743536986, 18.565875940199703, 2119.0 ], [ -97.671183454857541, 18.565868499132478, 2119.0 ], [ -97.671175294506426, 18.565862121074858, 2119.0 ], [ -97.671184336019195, 18.56585042796922, 2119.0 ], [ -97.671181583131485, 18.565834482825167, 2119.0 ], [ -97.671177349048875, 18.565828104767547, 2119.0 ], [ -97.671178937397016, 18.565824915738737, 2119.0 ], [ -97.671184742217449, 18.565821726709927, 2119.0 ], [ -97.671185360798745, 18.565810033604286, 2119.0 ], [ -97.671190804916748, 18.565795151469839, 2119.0 ], [ -97.6711892761912, 18.56579102208638, 2119.0 ], [ -97.671183227717819, 18.565786647393011, 2119.0 ], [ -97.671181927394315, 18.565783458364201, 2119.0 ], [ -97.671183372573168, 18.565778143316184, 2119.0 ], [ -97.671178235842248, 18.565773891277768, 2119.0 ], [ -97.671175704727531, 18.565768576229754, 2119.0 ], [ -97.67117602467998, 18.565739874970458, 2119.0 ], [ -97.671172556833881, 18.565735545465756, 2119.0 ], [ -97.671161204985466, 18.565729244874422, 2119.0 ], [ -97.671152284613143, 18.565713299730373, 2119.0 ], [ -97.671150456279449, 18.565699480605527, 2119.0 ], [ -97.671151440056576, 18.565648456144562, 2119.0 ], [ -97.671143426349559, 18.565642078086938, 2119.0 ], [ -97.671141368801983, 18.565633574010111, 2119.0 ], [ -97.671135774247801, 18.565628549180591, 2119.0 ], [ -97.671133410832482, 18.565622943914079, 2119.0 ], [ -97.671128760551497, 18.565595305664388, 2119.0 ], [ -97.671132060760144, 18.565578297510733, 2119.0 ], [ -97.671129086504877, 18.56557580973433, 2119.0 ], [ -97.671123406167453, 18.565575108481919, 2119.0 ], [ -97.671114596395213, 18.56556873182484, 2119.0 ], [ -97.671110332424149, 18.56555916333787, 2119.0 ], [ -97.671111221561972, 18.565550659261042, 2119.0 ], [ -97.671108242443367, 18.565541092174609, 2119.0 ], [ -97.671109023276102, 18.565534830788774, 2119.0 ], [ -97.671119054890497, 18.565534033790843, 2119.0 ], [ -97.671124628009593, 18.565534681865483, 2119.0 ], [ -97.671127066376101, 18.565536840136197, 2119.0 ], [ -97.671128078962823, 18.565549596251437, 2119.0 ], [ -97.67113364036905, 18.565557037318662, 2119.0 ], [ -97.671132709032292, 18.565563415376282, 2119.0 ], [ -97.671135725550641, 18.565572982462715, 2119.0 ], [ -97.671148035109823, 18.565576127826823, 2119.0 ], [ -97.671164754467142, 18.565585733222743, 2119.0 ], [ -97.67117593970093, 18.565597431683592, 2119.0 ], [ -97.671180359200633, 18.565607298209351, 2119.0 ], [ -97.671191511944428, 18.565611250808438, 2119.0 ], [ -97.671197218345753, 18.565622943914079, 2119.0 ], [ -97.671198145750964, 18.565629321971699, 2119.0 ], [ -97.671206148702922, 18.565642078086938, 2119.0 ], [ -97.671211622147041, 18.565654834202181, 2119.0 ], [ -97.671215801265802, 18.565677157403854, 2119.0 ], [ -97.671218385981661, 18.565682472451872, 2119.0 ], [ -97.671218531874032, 18.56569416555751, 2119.0 ], [ -97.671221421942192, 18.565707984682355, 2119.0 ], [ -97.671226058777279, 18.565713903060146, 2119.0 ], [ -97.671232763218697, 18.56571861477839, 2119.0 ], [ -97.67123272568611, 18.565732433903236, 2119.0 ], [ -97.671229181953223, 18.565742000989665, 2119.0 ], [ -97.671235199739215, 18.565757946133719, 2119.0 ], [ -97.671237190679491, 18.565778143316184, 2119.0 ], [ -97.671246251340037, 18.565794088460237, 2119.0 ], [ -97.671248517213783, 18.565802592537064, 2119.0 ], [ -97.671249877611913, 18.56581641166191, 2119.0 ], [ -97.671247561557109, 18.565831293796357, 2119.0 ], [ -97.671248075551688, 18.565851490978822, 2119.0 ], [ -97.671249656779935, 18.56585680602684, 2119.0 ], [ -97.671248582211788, 18.565867436122875, 2119.0 ], [ -97.671258382868089, 18.56587429736668, 2119.0 ], [ -97.671263069554072, 18.565883381266929, 2119.0 ], [ -97.671261845168331, 18.565896137382168, 2119.0 ], [ -97.671258382868089, 18.565900397123549, 2119.0 ], [ -97.671250896743445, 18.565904641458996, 2119.0 ], [ -97.671254200933603, 18.565912082526221, 2119.0 ], [ -97.671255327785516, 18.565924838641461, 2119.0 ], [ -97.671253910555151, 18.565929090679877, 2119.0 ], [ -97.671248307076539, 18.565935468737496, 2119.0 ], [ -97.671247123503875, 18.565941846795116, 2119.0 ], [ -97.671266185234828, 18.56596429858666, 2119.0 ], [ -97.671276216849222, 18.565971856373924, 2119.0 ], [ -97.671281423972445, 18.565981178150444, 2119.0 ], [ -97.671279560720677, 18.565984627026047, 2119.0 ], [ -97.671274975563591, 18.565986493198462, 2119.0 ], [ -97.671272872977752, 18.56599251691955, 2119.0 ], [ -97.671261726739544, 18.565994804833899, 2119.0 ], [ -97.671257816110213, 18.565997123294498, 2119.0 ], [ -97.671258051134799, 18.566004564361723, 2119.0 ], [ -97.671256010311666, 18.566010942419343, 2119.0 ], [ -97.671240505004121, 18.566031139601808, 2119.0 ], [ -97.67123482846074, 18.566047084745861, 2119.0 ], [ -97.671227173401107, 18.566055754447415, 2119.0 ], [ -97.671228288024921, 18.566062028863378, 2119.0 ], [ -97.671234492063178, 18.566066218918724, 2119.0 ], [ -97.671229402648748, 18.566074466407027, 2119.0 ], [ -97.671224892550512, 18.566077912024362, 2119.0 ], [ -97.671222424134385, 18.566085353091587, 2119.0 ], [ -97.67121825641054, 18.566087048047844, 2119.0 ], [ -97.671195963934125, 18.566087739874099, 2119.0 ], [ -97.671192427512068, 18.566090668139605, 2119.0 ], [ -97.671190101470202, 18.566095983187619, 2119.0 ], [ -97.67119146002824, 18.566102361245242, 2119.0 ], [ -97.671220436483594, 18.566150196677398, 2119.0 ], [ -97.671235240753887, 18.566194843080744, 2119.0 ], [ -97.671235204244383, 18.566206536186382, 2119.0 ], [ -97.671231823833679, 18.566215040263209, 2119.0 ], [ -97.67121071943042, 18.566238426474484, 2119.0 ], [ -97.671214912539071, 18.566244529262402, 2119.0 ], [ -97.671221600281996, 18.566245820296839, 2119.0 ], [ -97.671231250034523, 18.566254371618538, 2119.0 ], [ -97.671240548886956, 18.56627394798597, 2119.0 ], [ -97.671245933286684, 18.566280946858626, 2119.0 ], [ -97.671256153620448, 18.566288447934454, 2119.0 ], [ -97.671271758353939, 18.566296054589337, 2119.0 ], [ -97.671281789968319, 18.566297142844878, 2119.0 ], [ -97.67128736308743, 18.566295845955992, 2119.0 ], [ -97.671315228682943, 18.566281742738873, 2119.0 ], [ -97.671328604168792, 18.566280753116551, 2119.0 ], [ -97.671331948040248, 18.566282060974459, 2119.0 ], [ -97.671354240516663, 18.566300204477763, 2119.0 ], [ -97.671368730626341, 18.566308537272882, 2119.0 ], [ -97.671397649978843, 18.566343664425229, 2119.0 ], [ -97.671407760192722, 18.566363861607694, 2119.0 ], [ -97.671421352387085, 18.566397877915005, 2119.0 ], [ -97.671421359045908, 18.566417012087868, 2119.0 ], [ -97.671413278913917, 18.566436146260731, 2119.0 ], [ -97.671410849112817, 18.566447839366369, 2119.0 ], [ -97.671410818691257, 18.566464847520024, 2119.0 ], [ -97.67141434887057, 18.566483981692887, 2119.0 ], [ -97.671416867629404, 18.566489296740905, 2119.0 ], [ -97.671417593218379, 18.566500989846542, 2119.0 ], [ -97.671423584347565, 18.566510556932972, 2119.0 ], [ -97.671430055110662, 18.566535006153853, 2119.0 ], [ -97.671435781014452, 18.566542447221078, 2119.0 ], [ -97.67143763717759, 18.566554140326716, 2119.0 ], [ -97.671452351501031, 18.566572211489976, 2119.0 ], [ -97.671478961670061, 18.566612605854907, 2119.0 ], [ -97.671482700912009, 18.566626424979752, 2119.0 ], [ -97.671483384756471, 18.566658315267855, 2119.0 ], [ -97.671491092586649, 18.566679575459926, 2119.0 ], [ -97.671503597021044, 18.566698709632789, 2119.0 ], [ -97.67151202704909, 18.566700835651993, 2119.0 ], [ -97.671519204842141, 18.566705100936634, 2119.0 ], [ -97.671524777961238, 18.566705124988992, 2119.0 ], [ -97.671529236456522, 18.566707151841332, 2119.0 ], [ -97.671536855238173, 18.566715717786444, 2119.0 ], [ -97.671544882913906, 18.566731662930493, 2119.0 ], [ -97.671553758180579, 18.56674058508122, 2119.0 ], [ -97.671555987428221, 18.566740810801871, 2119.0 ], [ -97.671562675171145, 18.566734796011431, 2119.0 ], [ -97.671567133666429, 18.566734672126852, 2119.0 ], [ -97.671579394528464, 18.566741118956223, 2119.0 ], [ -97.671587196895203, 18.566742790494079, 2119.0 ], [ -97.671620635609827, 18.5667382798425, 2119.0 ], [ -97.671654074324451, 18.56672822750873, 2119.0 ], [ -97.67167748142468, 18.566709629640531, 2119.0 ], [ -97.671678834288713, 18.566702961671201, 2119.0 ], [ -97.671675650256987, 18.566696583613581, 2119.0 ], [ -97.671686398415247, 18.566688020480665, 2119.0 ], [ -97.671693086158172, 18.566687997951366, 2119.0 ], [ -97.67170423239638, 18.566692590084841, 2119.0 ], [ -97.671725410248982, 18.566692205692451, 2119.0 ], [ -97.67173655648719, 18.566699779296599, 2119.0 ], [ -97.671742256518897, 18.566700835651993, 2119.0 ], [ -97.671751046596853, 18.566707893228411, 2119.0 ], [ -97.671754390468323, 18.566706016513397, 2119.0 ], [ -97.67176553670653, 18.566706129439819, 2119.0 ], [ -97.671774656355964, 18.566713591767236, 2119.0 ], [ -97.671778095848168, 18.566727410892081, 2119.0 ], [ -97.671768621008056, 18.566756112151374, 2119.0 ], [ -97.67176853852412, 18.566814577679565, 2119.0 ], [ -97.671774288567633, 18.566849656996482, 2119.0 ], [ -97.671784763967437, 18.566881547284584, 2119.0 ], [ -97.671786978407269, 18.566912374563085, 2119.0 ], [ -97.671783127898308, 18.56692619368793, 2119.0 ], [ -97.67178028158736, 18.566952768928015, 2119.0 ], [ -97.671770839501576, 18.566976155139294, 2119.0 ], [ -97.671770952129648, 18.566999541350569, 2119.0 ], [ -97.671776682944738, 18.567006956973415, 2119.0 ], [ -97.671784485311477, 18.567010624209953, 2119.0 ], [ -97.671790058430588, 18.567016350545209, 2119.0 ], [ -97.671796982940009, 18.567028242609862, 2119.0 ], [ -97.671827006892542, 18.567110094349331, 2119.0 ], [ -97.671830486442488, 18.567124976483779, 2119.0 ], [ -97.671831062111551, 18.567167496867917, 2119.0 ], [ -97.671845660181432, 18.567221710357693, 2119.0 ], [ -97.67185799740632, 18.567242970549763, 2119.0 ], [ -97.671865852850388, 18.567250461686282, 2119.0 ], [ -97.671874769840954, 18.567255905553353, 2119.0 ], [ -97.671884801455349, 18.567259156854202, 2119.0 ], [ -97.671912667050862, 18.567257968348468, 2119.0 ], [ -97.671929386408181, 18.567259728037399, 2119.0 ], [ -97.671944991141672, 18.567266295315399, 2119.0 ], [ -97.671954330920585, 18.567273797828264, 2119.0 ], [ -97.671969530843526, 18.567291868991521, 2119.0 ], [ -97.671990713235971, 18.56732482228923, 2119.0 ], [ -97.672006346816957, 18.567354586558128, 2119.0 ], [ -97.67201878378809, 18.567385413836629, 2119.0 ], [ -97.672033240788508, 18.567439627326404, 2119.0 ], [ -97.672041180567916, 18.567495966835388, 2119.0 ], [ -97.672043418617392, 18.56756931449803, 2119.0 ], [ -97.672038874799981, 18.567623527987806, 2119.0 ], [ -97.672031070278223, 18.567664985362342, 2119.0 ], [ -97.672018760001436, 18.567703253708064, 2119.0 ], [ -97.672003114537048, 18.567731954967361, 2119.0 ], [ -97.671972937800732, 18.567772349332291, 2119.0 ], [ -97.67195699278885, 18.567805302629999, 2119.0 ], [ -97.671950285604822, 18.567831877870084, 2119.0 ], [ -97.671949129266025, 18.567844633985327, 2119.0 ], [ -97.67195024160651, 18.567865894177395, 2119.0 ], [ -97.671955996954821, 18.567887154369465, 2119.0 ], [ -97.67198974231033, 18.567958376012896, 2119.0 ], [ -97.672002029711024, 18.567999833387432, 2119.0 ], [ -97.672010447425535, 18.568063613963641, 2119.0 ], [ -97.672024380369194, 18.568138024635886, 2119.0 ], [ -97.672032851126176, 18.568197553173679, 2119.0 ], [ -97.67204442054036, 18.568247514625043, 2119.0 ], [ -97.672045650924503, 18.568283656951561, 2119.0 ], [ -97.672042742871284, 18.568301728114818, 2119.0 ], [ -97.672042345570816, 18.568319799278079, 2119.0 ], [ -97.672043886978926, 18.568338933450939, 2119.0 ], [ -97.672047476514976, 18.56835381558539, 2119.0 ], [ -97.672067548514875, 18.568393146940718, 2119.0 ], [ -97.672135514944401, 18.568502636929875, 2119.0 ], [ -97.672153632633552, 18.568539842265995, 2119.0 ], [ -97.672166715541707, 18.568574921582911, 2119.0 ] ] } },
{ "type": "Feature", "properties": { "FID": 8, "elev": 2118.0, "elevation": 2118.0, "ELEVATION": 2118.0, "is_master": false, "tipo": "Ordinaria (1m)" }, "geometry": { "type": "LineString", "coordinates": [ [ -97.670789621627918, 18.568574921582911, 2118.0 ], [ -97.670795813982465, 18.56856632259451, 2118.0 ], [ -97.670810304092143, 18.568558046305455, 2118.0 ], [ -97.670828138073276, 18.568541949302887, 2118.0 ], [ -97.670840398935297, 18.568536497674803, 2118.0 ], [ -97.670869379154638, 18.568530455350682, 2118.0 ], [ -97.670881533862016, 18.568520708093132, 2118.0 ], [ -97.670884175479642, 18.568514330035512, 2118.0 ], [ -97.670883011861378, 18.568481376737804, 2118.0 ], [ -97.670891671631054, 18.568476241583721, 2118.0 ], [ -97.670893816756148, 18.568461179555339, 2118.0 ], [ -97.67090527575769, 18.568446297420891, 2118.0 ], [ -97.670907783011742, 18.568439919363268, 2118.0 ], [ -97.670911734859828, 18.568441995940169, 2118.0 ], [ -97.670914596731805, 18.568440982372874, 2118.0 ], [ -97.670912272954084, 18.568436730334458, 2118.0 ], [ -97.670912601789468, 18.568433541305648, 2118.0 ], [ -97.67092498173524, 18.568421848200011, 2118.0 ], [ -97.670925110345678, 18.568409003500634, 2118.0 ], [ -97.67092733959332, 18.56840685857021, 2118.0 ], [ -97.670932912712431, 18.568408705535823, 2118.0 ], [ -97.670936628125162, 18.568408029075165, 2118.0 ], [ -97.670951861313526, 18.568393146940718, 2118.0 ], [ -97.670954045980068, 18.568385705873492, 2118.0 ], [ -97.67094628819828, 18.568380728604229, 2118.0 ], [ -97.670946125648967, 18.568376138787063, 2118.0 ], [ -97.670950746693563, 18.568374441544837, 2118.0 ], [ -97.67095631981266, 18.568378729872968, 2118.0 ], [ -97.670958549060302, 18.568376460911182, 2118.0 ], [ -97.670965066414865, 18.568348500537372, 2118.0 ], [ -97.670969541557298, 18.568337870441336, 2118.0 ], [ -97.670976383041435, 18.56833052221338, 2118.0 ], [ -97.67097727088958, 18.568326177335699, 2118.0 ], [ -97.670980689915098, 18.568321925297283, 2118.0 ], [ -97.670991135415534, 18.568319799278079, 2118.0 ], [ -97.6709986755139, 18.568310232191646, 2118.0 ], [ -97.671000834219683, 18.56830279112442, 2118.0 ], [ -97.670998696548494, 18.568293224037991, 2118.0 ], [ -97.67100304412412, 18.568283656951561, 2118.0 ], [ -97.671011080202305, 18.568281530932353, 2118.0 ], [ -97.671014280251342, 18.568268278745961, 2118.0 ], [ -97.671028479038881, 18.568261333749888, 2118.0 ], [ -97.67103678396694, 18.568244325596233, 2118.0 ], [ -97.671035474495454, 18.568237947538609, 2118.0 ], [ -97.671053131083852, 18.568229443461782, 2118.0 ], [ -97.671060198381682, 18.568215624336936, 2118.0 ], [ -97.671063081389931, 18.568213498317732, 2118.0 ], [ -97.671062466296519, 18.568207120260109, 2118.0 ], [ -97.671073192198165, 18.568197553173679, 2118.0 ], [ -97.671082272304403, 18.56818262101525, 2118.0 ], [ -97.671087845423514, 18.568177275316376, 2118.0 ], [ -97.671092303918797, 18.568176445932632, 2118.0 ], [ -97.671096593531672, 18.568173103952798, 2118.0 ], [ -97.671127971881063, 18.568136403546237, 2118.0 ], [ -97.671136606056621, 18.568132709587868, 2118.0 ], [ -97.671136610215669, 18.568117827453417, 2118.0 ], [ -97.671140232742061, 18.568109323376589, 2118.0 ], [ -97.671138618177693, 18.568105071338177, 2118.0 ], [ -97.671140232743085, 18.568102823133959, 2118.0 ], [ -97.671144691238368, 18.568103119652545, 2118.0 ], [ -97.671149244047967, 18.56809975629016, 2118.0 ], [ -97.671150345257587, 18.568088063184522, 2118.0 ], [ -97.671152493605106, 18.56808474127951, 2118.0 ], [ -97.671159181348031, 18.568083638766172, 2118.0 ], [ -97.671161410595673, 18.568080546726545, 2118.0 ], [ -97.671169212962425, 18.568076650873873, 2118.0 ], [ -97.671171442210067, 18.568071367384398, 2118.0 ], [ -97.671178877924234, 18.568068929011659, 2118.0 ], [ -97.671184612846133, 18.568050857848402, 2118.0 ], [ -97.671188247307668, 18.568044479790778, 2118.0 ], [ -97.671195963934125, 18.568041439304796, 2118.0 ], [ -97.671207110172332, 18.568031758719808, 2118.0 ], [ -97.671216544256424, 18.568026408627521, 2118.0 ], [ -97.671218023325665, 18.56801152649307, 2118.0 ], [ -97.671229402648748, 18.567990209757937, 2118.0 ], [ -97.671236090391673, 18.567987343024594, 2118.0 ], [ -97.671248351253695, 18.567987837673222, 2118.0 ], [ -97.671269529106297, 18.567993763448538, 2118.0 ], [ -97.671331948040248, 18.567996371792059, 2118.0 ], [ -97.671344208902283, 18.567998770369556, 2118.0 ], [ -97.67134866740399, 18.568004085425848, 2118.0 ], [ -97.671355074357393, 18.568029597656331, 2118.0 ], [ -97.671358699011947, 18.568035337908189, 2118.0 ], [ -97.67136315750723, 18.568038247795545, 2118.0 ], [ -97.671370959873983, 18.568038297139335, 2118.0 ], [ -97.671377841237003, 18.568032786685141, 2118.0 ], [ -97.671380196562851, 18.568024282608313, 2118.0 ], [ -97.67138017695558, 18.568013652512278, 2118.0 ], [ -97.671377680889265, 18.56800514843545, 2118.0 ], [ -97.671369845250155, 18.567995533751574, 2118.0 ], [ -97.67135557806526, 18.567989203291397, 2118.0 ], [ -97.671353497434126, 18.567979636204967, 2118.0 ], [ -97.671356333834581, 18.56796156504171, 2118.0 ], [ -97.671382241867647, 18.567877587283036, 2118.0 ], [ -97.671385790927403, 18.567852075052553, 2118.0 ], [ -97.671385792944832, 18.5678361299085, 2118.0 ], [ -97.671383446482608, 18.567816995735637, 2118.0 ], [ -97.671376754336819, 18.567793609524362, 2118.0 ], [ -97.671352899615826, 18.5677447110826, 2118.0 ], [ -97.671351101372025, 18.567734080986565, 2118.0 ], [ -97.671351760882516, 18.567722387880927, 2118.0 ], [ -97.671356437456367, 18.567709631765688, 2118.0 ], [ -97.671371830196691, 18.567684119535205, 2118.0 ], [ -97.671378795023784, 18.567668174391152, 2118.0 ], [ -97.671387956276519, 18.567634158083841, 2118.0 ], [ -97.671389669630969, 18.567608645853358, 2118.0 ], [ -97.671397968066557, 18.56758844867089, 2118.0 ], [ -97.671398891035608, 18.56757569255565, 2118.0 ], [ -97.671419043507143, 18.567542739257942, 2118.0 ], [ -97.671427983141385, 18.567524668094684, 2118.0 ], [ -97.671436973590389, 18.567498092854596, 2118.0 ], [ -97.671442191302532, 18.567470454604905, 2118.0 ], [ -97.671457038420215, 18.567438564316802, 2118.0 ], [ -97.67145929896148, 18.567426871211165, 2118.0 ], [ -97.671461024893304, 18.567376909759801, 2118.0 ], [ -97.671482354409392, 18.567285490933902, 2118.0 ], [ -97.671494884369608, 18.567257852684211, 2118.0 ], [ -97.671510278324874, 18.567233403463334, 2118.0 ], [ -97.67151906765767, 18.567215332300073, 2118.0 ], [ -97.671512337452882, 18.567203639194435, 2118.0 ], [ -97.671505971172266, 18.567172811915935, 2118.0 ], [ -97.671501516619514, 18.567164307839107, 2118.0 ], [ -97.671495797741898, 18.567159107093197, 2118.0 ], [ -97.671480193008421, 18.567150525237196, 2118.0 ], [ -97.671462185544982, 18.567137732599019, 2118.0 ], [ -97.671453335882063, 18.567129228522191, 2118.0 ], [ -97.671448845384276, 18.567121787454969, 2118.0 ], [ -97.671442108072398, 18.567103716291708, 2118.0 ], [ -97.671439740020105, 18.567088834157261, 2118.0 ], [ -97.6714425656548, 18.567066510955588, 2118.0 ], [ -97.671440846787547, 18.567046313773123, 2118.0 ], [ -97.671434493431761, 18.567041758017677, 2118.0 ], [ -97.67142917140923, 18.567034620667485, 2118.0 ], [ -97.671420216851558, 18.567011234456206, 2118.0 ], [ -97.671398812657728, 18.56696977708167, 2118.0 ], [ -97.671376408544788, 18.566948516889603, 2118.0 ], [ -97.671368577036446, 18.566937886793568, 2118.0 ], [ -97.671360732588951, 18.56692300465912, 2118.0 ], [ -97.671351856547872, 18.566899618447842, 2118.0 ], [ -97.671350835947877, 18.566887925342204, 2118.0 ], [ -97.671354240516663, 18.566883400737225, 2118.0 ], [ -97.671362042882279, 18.566880484274982, 2118.0 ], [ -97.671355355140491, 18.566878242128674, 2118.0 ], [ -97.671352011269022, 18.566873466924871, 2118.0 ], [ -97.671345323526097, 18.566873620034674, 2118.0 ], [ -97.671334071969113, 18.566866665150137, 2118.0 ], [ -97.671328485951108, 18.566856035054101, 2118.0 ], [ -97.6713266089629, 18.566845404958066, 2118.0 ], [ -97.671319684124455, 18.566840089910048, 2118.0 ], [ -97.671319449077828, 18.566830522823619, 2118.0 ], [ -97.671322158215546, 18.566816703698773, 2118.0 ], [ -97.671321864081648, 18.566799695545118, 2118.0 ], [ -97.671307263667231, 18.566778435353047, 2118.0 ], [ -97.671302097261275, 18.566744419045737, 2118.0 ], [ -97.671298483993269, 18.566732725940099, 2118.0 ], [ -97.671289592335071, 18.566721476615168, 2118.0 ], [ -97.671272762618955, 18.566708276719218, 2118.0 ], [ -97.671264854877364, 18.566699772642391, 2118.0 ], [ -97.671258155200235, 18.566688079536753, 2118.0 ], [ -97.671246208962529, 18.56665937827746, 2118.0 ], [ -97.671222714904872, 18.566627487989354, 2118.0 ], [ -97.671217068525053, 18.566616857893319, 2118.0 ], [ -97.671218088881901, 18.566580715566804, 2118.0 ], [ -97.671227242476377, 18.566560518384335, 2118.0 ], [ -97.671231471061404, 18.566529691105835, 2118.0 ], [ -97.671230715071516, 18.566511619942577, 2118.0 ], [ -97.671223514527256, 18.566482918683285, 2118.0 ], [ -97.671223667799907, 18.566470162568042, 2118.0 ], [ -97.671235162185766, 18.566454217423988, 2118.0 ], [ -97.671237537076095, 18.566441461308749, 2118.0 ], [ -97.67123680444756, 18.566428705193506, 2118.0 ], [ -97.671229169829147, 18.566423390145488, 2118.0 ], [ -97.671205995548505, 18.56639874825412, 2118.0 ], [ -97.671174786081522, 18.5663872677504, 2118.0 ], [ -97.671143446502811, 18.566361735588487, 2118.0 ], [ -97.671127968024223, 18.566344727434831, 2118.0 ], [ -97.671120187492122, 18.566333034329194, 2118.0 ], [ -97.671109844866137, 18.566304333069901, 2118.0 ], [ -97.671104680302051, 18.56625543462814, 2118.0 ], [ -97.671107821541369, 18.566227796378453, 2118.0 ], [ -97.671118995915691, 18.566199095119156, 2118.0 ], [ -97.67113354500016, 18.566179878004462, 2118.0 ], [ -97.671144330075336, 18.566170393859863, 2118.0 ], [ -97.671148338773378, 18.56615763774462, 2118.0 ], [ -97.671151512530685, 18.566153385706208, 2118.0 ], [ -97.671142473306702, 18.566143818619778, 2118.0 ], [ -97.671141045976782, 18.566138503571761, 2118.0 ], [ -97.671143369813265, 18.566097046197225, 2118.0 ], [ -97.671152748207106, 18.566067281928326, 2118.0 ], [ -97.671152651309683, 18.566056651832291, 2118.0 ], [ -97.6711475892603, 18.566051336784277, 2118.0 ], [ -97.671146376488721, 18.566047084745861, 2118.0 ], [ -97.671154558937488, 18.566036454649826, 2118.0 ], [ -97.671154005102565, 18.56602582455379, 2118.0 ], [ -97.671161410595673, 18.566017453353165, 2118.0 ], [ -97.671163531099538, 18.566006690380931, 2118.0 ], [ -97.671178023474695, 18.565992871256086, 2118.0 ], [ -97.67117807473943, 18.565984367179258, 2118.0 ], [ -97.671171545710848, 18.56597586310243, 2118.0 ], [ -97.671168980238775, 18.565969485044807, 2118.0 ], [ -97.671170317977413, 18.565955665919962, 2118.0 ], [ -97.671172556833881, 18.565952433145902, 2118.0 ], [ -97.671181605411988, 18.565947161843134, 2118.0 ], [ -97.671184817695917, 18.565939648707463, 2118.0 ], [ -97.67119944435494, 18.565922712622257, 2118.0 ], [ -97.671204673659929, 18.565909956507014, 2118.0 ], [ -97.671201537053221, 18.565903761484158, 2118.0 ], [ -97.671198193181766, 18.565904714770003, 2118.0 ], [ -97.671193734686483, 18.565909071726566, 2118.0 ], [ -97.67118593231973, 18.56591099493836, 2118.0 ], [ -97.671180338521154, 18.565905704468602, 2118.0 ], [ -97.671181473824447, 18.565901583743138, 2118.0 ], [ -97.671195963934125, 18.565892745875338, 2118.0 ], [ -97.671202666105827, 18.565883381266929, 2118.0 ], [ -97.671202651677049, 18.565881023365723, 2118.0 ], [ -97.671195963934125, 18.565876178595239, 2118.0 ], [ -97.671195050081053, 18.565872751170893, 2118.0 ], [ -97.671195042110099, 18.565857869036442, 2118.0 ], [ -97.671192422681358, 18.565838734863583, 2118.0 ], [ -97.671201537053221, 18.565832344862031, 2118.0 ], [ -97.671204931782043, 18.565823852729132, 2118.0 ], [ -97.671205329981774, 18.565821726709927, 2118.0 ], [ -97.671195995599575, 18.565807907585082, 2118.0 ], [ -97.671199573488735, 18.565802592537064, 2118.0 ], [ -97.671202466335444, 18.565790899431427, 2118.0 ], [ -97.671188149318766, 18.565774954287374, 2118.0 ], [ -97.671186116555077, 18.565756883124113, 2118.0 ], [ -97.671187962358019, 18.565750505066493, 2118.0 ], [ -97.671183907896136, 18.565746253028081, 2118.0 ], [ -97.671183416220373, 18.565743063999268, 2118.0 ], [ -97.671185619681353, 18.565732433903236, 2118.0 ], [ -97.671177015329164, 18.565722454305615, 2118.0 ], [ -97.671175927531436, 18.565713299730373, 2118.0 ], [ -97.671172293017591, 18.565706921672753, 2118.0 ], [ -97.671172556833881, 18.565704519271048, 2118.0 ], [ -97.671179846806396, 18.565700543615129, 2118.0 ], [ -97.67118091651254, 18.56569735458632, 2118.0 ], [ -97.671179181672301, 18.565693102547908, 2118.0 ], [ -97.67117590070535, 18.565690467086363, 2118.0 ], [ -97.671170327586239, 18.565693249169922, 2118.0 ], [ -97.67116787968034, 18.5656909765287, 2118.0 ], [ -97.671164603528496, 18.565662275269407, 2118.0 ], [ -97.671160295971859, 18.565659173427502, 2118.0 ], [ -97.671159772169204, 18.565656960221389, 2118.0 ], [ -97.67116046126678, 18.565649519154164, 2118.0 ], [ -97.671150264357465, 18.565638163015624, 2118.0 ], [ -97.671144757925262, 18.565620817894871, 2118.0 ], [ -97.671143919204553, 18.56560274673161, 2118.0 ], [ -97.671137947577861, 18.565592116635578, 2118.0 ], [ -97.671138003495443, 18.565588644137538, 2118.0 ], [ -97.671141347366913, 18.565584334756114, 2118.0 ], [ -97.671142461990726, 18.565588028137103, 2118.0 ], [ -97.671145805862182, 18.565587770629463, 2118.0 ], [ -97.671157606336124, 18.56559636867399, 2118.0 ], [ -97.671163845168763, 18.56560593576042, 2118.0 ], [ -97.671169212962425, 18.565610012961731, 2118.0 ], [ -97.671175571027874, 18.565622943914079, 2118.0 ], [ -97.671175945649864, 18.565629321971699, 2118.0 ], [ -97.6711793958237, 18.565633574010111, 2118.0 ], [ -97.671182979441966, 18.565648456144562, 2118.0 ], [ -97.671191946297512, 18.565662275269407, 2118.0 ], [ -97.671188793480098, 18.565668653327027, 2118.0 ], [ -97.671204880924691, 18.565684490201583, 2118.0 ], [ -97.671207338980736, 18.565689913519094, 2118.0 ], [ -97.67120640486057, 18.56569735458632, 2118.0 ], [ -97.671209690546888, 18.565704795653545, 2118.0 ], [ -97.671210690048326, 18.565716488759183, 2118.0 ], [ -97.671217171313174, 18.56572499283601, 2118.0 ], [ -97.671215140771565, 18.565735622932046, 2118.0 ], [ -97.671223185770003, 18.565749442056891, 2118.0 ], [ -97.671227439209645, 18.565766450210546, 2118.0 ], [ -97.671227180983578, 18.565772828268166, 2118.0 ], [ -97.671223238183416, 18.565779206325786, 2118.0 ], [ -97.671226150390197, 18.565786647393011, 2118.0 ], [ -97.671224653570604, 18.565789836421821, 2118.0 ], [ -97.671231626150899, 18.565797277489047, 2118.0 ], [ -97.671230681532919, 18.565812159623494, 2118.0 ], [ -97.67123345421787, 18.565817474671512, 2118.0 ], [ -97.671235701297263, 18.565833419815565, 2118.0 ], [ -97.671233541103518, 18.565846175930805, 2118.0 ], [ -97.671234777881736, 18.565852553988428, 2118.0 ], [ -97.671241613249222, 18.56586318408446, 2118.0 ], [ -97.671241208744249, 18.565867436122875, 2118.0 ], [ -97.671237056979507, 18.565874877190101, 2118.0 ], [ -97.671238531149257, 18.565881255247721, 2118.0 ], [ -97.671243892758412, 18.565884614883011, 2118.0 ], [ -97.671245408947044, 18.565888696314943, 2118.0 ], [ -97.671245141410623, 18.565891885343756, 2118.0 ], [ -97.671239247708655, 18.565901452430186, 2118.0 ], [ -97.671239617589421, 18.565911019516616, 2118.0 ], [ -97.671236869641945, 18.565916334564633, 2118.0 ], [ -97.671240759499014, 18.565925901651067, 2118.0 ], [ -97.671238627661822, 18.565946098833532, 2118.0 ], [ -97.671241822742743, 18.565960980967979, 2118.0 ], [ -97.671249465877523, 18.565965166188647, 2118.0 ], [ -97.671250845124263, 18.565968422035205, 2118.0 ], [ -97.671237054076855, 18.565986493198462, 2118.0 ], [ -97.671239330487808, 18.566001375332913, 2118.0 ], [ -97.671238591814898, 18.566009879409741, 2118.0 ], [ -97.671225798926329, 18.566027950572998, 2118.0 ], [ -97.671223005677248, 18.566049210765069, 2118.0 ], [ -97.671214912539071, 18.566076051757555, 2118.0 ], [ -97.671209339419974, 18.566081242551956, 2118.0 ], [ -97.671190390815013, 18.566085426619917, 2118.0 ], [ -97.671185975466457, 18.566089605129999, 2118.0 ], [ -97.67118455060681, 18.566093857168415, 2118.0 ], [ -97.671184593660229, 18.566099172216433, 2118.0 ], [ -97.671189560039494, 18.56611405435088, 2118.0 ], [ -97.671191437109414, 18.566148070658191, 2118.0 ], [ -97.671197078557938, 18.566152406662606, 2118.0 ], [ -97.67120875802668, 18.56615444871581, 2118.0 ], [ -97.671214912539071, 18.566159676883235, 2118.0 ], [ -97.671221642924351, 18.566174645898279, 2118.0 ], [ -97.671225103738891, 18.566188465023121, 2118.0 ], [ -97.671225894862019, 18.566200158128762, 2118.0 ], [ -97.671223606604883, 18.566210788224794, 2118.0 ], [ -97.671219371034354, 18.56621725305871, 2118.0 ], [ -97.671205995548505, 18.566228973595699, 2118.0 ], [ -97.671203143498388, 18.566234174436072, 2118.0 ], [ -97.671203690152353, 18.56623948948409, 2118.0 ], [ -97.671211568667616, 18.566246833914075, 2118.0 ], [ -97.67121825641054, 18.566249339891023, 2118.0 ], [ -97.671229901384322, 18.566258623656953, 2118.0 ], [ -97.671234058450736, 18.566267127733781, 2118.0 ], [ -97.671236260997361, 18.566284135887436, 2118.0 ], [ -97.671239434263128, 18.566288136325941, 2118.0 ], [ -97.671246122006053, 18.566291410274754, 2118.0 ], [ -97.671259497491903, 18.56630646373107, 2118.0 ], [ -97.671268414482469, 18.566304432803069, 2118.0 ], [ -97.671288477711244, 18.566303474769803, 2118.0 ], [ -97.671302967820921, 18.566297896339673, 2118.0 ], [ -97.671311884811487, 18.566291515086377, 2118.0 ], [ -97.671315228682943, 18.566291567946102, 2118.0 ], [ -97.67132080180204, 18.566295019080993, 2118.0 ], [ -97.671328604168792, 18.566293927067782, 2118.0 ], [ -97.671362042883416, 18.566325651069139, 2118.0 ], [ -97.671365386754871, 18.56632686767686, 2118.0 ], [ -97.671375418369266, 18.566325571630962, 2118.0 ], [ -97.671377647616907, 18.566328498119898, 2118.0 ], [ -97.671378616149255, 18.566337286367609, 2118.0 ], [ -97.671391243856178, 18.566359609569282, 2118.0 ], [ -97.671393141404039, 18.566386184809367, 2118.0 ], [ -97.671396671607042, 18.566393625876593, 2118.0 ], [ -97.671404398588606, 18.566400939062962, 2118.0 ], [ -97.671408983386868, 18.56640850801104, 2118.0 ], [ -97.671408967874811, 18.566423390145488, 2118.0 ], [ -97.671405301574993, 18.566434020241523, 2118.0 ], [ -97.671402994338123, 18.566451028395178, 2118.0 ], [ -97.67140301829545, 18.566475477616059, 2118.0 ], [ -97.671412146759707, 18.566516934990595, 2118.0 ], [ -97.671421136642834, 18.566530754115441, 2118.0 ], [ -97.67142195900081, 18.566542447221078, 2118.0 ], [ -97.671424334807199, 18.566549888288304, 2118.0 ], [ -97.671431103720792, 18.566562644403543, 2118.0 ], [ -97.671463582064362, 18.566600912749269, 2118.0 ], [ -97.67147145664859, 18.566614731874115, 2118.0 ], [ -97.671473741532381, 18.566622172941337, 2118.0 ], [ -97.67147661660772, 18.566663630315873, 2118.0 ], [ -97.671480022006151, 18.566677449440718, 2118.0 ], [ -97.671485847532622, 18.566691268565563, 2118.0 ], [ -97.67149129629388, 18.566698709632789, 2118.0 ], [ -97.671502705376597, 18.566709339728821, 2118.0 ], [ -97.671523807159858, 18.566736977978511, 2118.0 ], [ -97.671531465704163, 18.566743081711074, 2118.0 ], [ -97.671533617187364, 18.566748671084152, 2118.0 ], [ -97.671538153447088, 18.566750790289195, 2118.0 ], [ -97.671541394824416, 18.566756112151374, 2118.0 ], [ -97.671545643902647, 18.566758238170582, 2118.0 ], [ -97.671567133666429, 18.566761183940141, 2118.0 ], [ -97.671603916252522, 18.566759456202419, 2118.0 ], [ -97.671634011095676, 18.566748485134948, 2118.0 ], [ -97.671665220562659, 18.566744502186154, 2118.0 ], [ -97.671684169167605, 18.566746420917838, 2118.0 ], [ -97.671691079835298, 18.566749734093754, 2118.0 ], [ -97.671697409547548, 18.566756112151374, 2118.0 ], [ -97.671698982877743, 18.566764616228202, 2118.0 ], [ -97.671696473456535, 18.566772057295427, 2118.0 ], [ -97.671692167512177, 18.566780561372255, 2118.0 ], [ -97.671682168216421, 18.56679119146829, 2118.0 ], [ -97.671684169167605, 18.566794167119259, 2118.0 ], [ -97.671693086158172, 18.566799670235365, 2118.0 ], [ -97.671702003148738, 18.566799940131396, 2118.0 ], [ -97.671706461644021, 18.56679835978963, 2118.0 ], [ -97.671715378634588, 18.566799695543278, 2118.0 ], [ -97.671724295625154, 18.566808170498394, 2118.0 ], [ -97.671732139582346, 18.566823081756393, 2118.0 ], [ -97.671751209407077, 18.566873043207757, 2118.0 ], [ -97.67175578635235, 18.56689217738062, 2118.0 ], [ -97.671757518775735, 18.566946390870395, 2118.0 ], [ -97.67175458613896, 18.566975092129688, 2118.0 ], [ -97.671755212117901, 18.566986785235329, 2118.0 ], [ -97.67176012222302, 18.567000604360171, 2118.0 ], [ -97.67178029369795, 18.567032494648277, 2118.0 ], [ -97.671820296675634, 18.567115409397346, 2118.0 ], [ -97.671822646437349, 18.567124976483779, 2118.0 ], [ -97.671824306059094, 18.567174937935143, 2118.0 ], [ -97.671832280166569, 18.567215332300073, 2118.0 ], [ -97.671840336354535, 18.567238718511351, 2118.0 ], [ -97.671851346586749, 18.567255726665007, 2118.0 ], [ -97.671864738226574, 18.567267361883982, 2118.0 ], [ -97.671883686831521, 18.567276023139577, 2118.0 ], [ -97.671904864684123, 18.567278841700361, 2118.0 ], [ -97.671920469417614, 18.567283521752177, 2118.0 ], [ -97.671932730279636, 18.567290736380102, 2118.0 ], [ -97.671944991141672, 18.567302296609537, 2118.0 ], [ -97.671959545444338, 18.56732163326042, 2118.0 ], [ -97.671977461323948, 18.567351397529318, 2118.0 ], [ -97.67199084512508, 18.567379035779009, 2118.0 ], [ -97.672000758728586, 18.567405611019094, 2118.0 ], [ -97.672013245696718, 18.567455572470458, 2118.0 ], [ -97.672019994911366, 18.567510848969839, 2118.0 ], [ -97.672019970271265, 18.56757569255565, 2118.0 ], [ -97.672013194664871, 18.567627780026218, 2118.0 ], [ -97.672000812302343, 18.567674552448771, 2118.0 ], [ -97.671984935031517, 18.56771069477529, 2118.0 ], [ -97.671966265180075, 18.567740459044188, 2118.0 ], [ -97.671925842902596, 18.567791483505154, 2118.0 ], [ -97.671915077048311, 18.567809554668411, 2118.0 ], [ -97.671911215287736, 18.567828688841274, 2118.0 ], [ -97.671911239788656, 18.567882902331053, 2118.0 ], [ -97.671914615448415, 18.567908414561536, 2118.0 ], [ -97.671919109372027, 18.567926485724794, 2118.0 ], [ -97.671955042310856, 18.568013652512278, 2118.0 ], [ -97.672002014409074, 18.568185860068041, 2118.0 ], [ -97.672017694338081, 18.568258144721078, 2118.0 ], [ -97.672020003527024, 18.568283656951561, 2118.0 ], [ -97.672020450017285, 18.568321925297283, 2118.0 ], [ -97.6720273912197, 18.568362319662217, 2118.0 ], [ -97.672042986054379, 18.568406966065563, 2118.0 ], [ -97.672089983600969, 18.56851964508353, 2118.0 ], [ -97.672100040161325, 18.56855047236203, 2118.0 ], [ -97.672105425060636, 18.568574921582911, 2118.0 ] ] } },
{ "type": "Feature", "properties": { "FID": 9, "elev": 2118.0, "elevation": 2118.0, "ELEVATION": 2118.0, "is_master": false, "tipo": "Ordinaria (1m)" }, "geometry": { "type": "LineString", "coordinates": [ [ -97.670827043004252, 18.568574921582911, 2118.0 ], [ -97.670825908825634, 18.568571506011068, 2118.0 ], [ -97.670822564954165, 18.56856972464707, 2118.0 ], [ -97.670820335706523, 18.568570681977356, 2118.0 ], [ -97.67081821673969, 18.568574921582911, 2118.0 ] ] } },
{ "type": "Feature", "properties": { "FID": 10, "elev": 2117.0, "elevation": 2117.0, "ELEVATION": 2117.0, "is_master": false, "tipo": "Ordinaria (1m)" }, "geometry": { "type": "LineString", "coordinates": [ [ -97.670928135753186, 18.568574921582911, 2117.0 ], [ -97.670943829469252, 18.568546220323615, 2117.0 ], [ -97.670946170869456, 18.568530275179565, 2117.0 ], [ -97.670949483453228, 18.568521771102738, 2117.0 ], [ -97.670971948261553, 18.568498384891459, 2117.0 ], [ -97.67097880520474, 18.568488817805029, 2117.0 ], [ -97.670985300029415, 18.568465431593754, 2117.0 ], [ -97.670989873833193, 18.568455864507321, 2117.0 ], [ -97.670990791593269, 18.568448423440095, 2117.0 ], [ -97.671005363260775, 18.568445725031104, 2117.0 ], [ -97.671006230190414, 18.568442045382476, 2117.0 ], [ -97.67101481527078, 18.568432478296046, 2117.0 ], [ -97.671015394875155, 18.568429131784331, 2117.0 ], [ -97.67102208261808, 18.568422911207691, 2117.0 ], [ -97.671029884984833, 18.568418732482208, 2117.0 ], [ -97.671034343480116, 18.568419863915416, 2117.0 ], [ -97.671037687351571, 18.568417841471504, 2117.0 ], [ -97.671039973275001, 18.568419722180803, 2117.0 ], [ -97.671038950591907, 18.568423974219218, 2117.0 ], [ -97.671029884984833, 18.568423164307138, 2117.0 ], [ -97.671024512603665, 18.56842822625763, 2117.0 ], [ -97.671017813846007, 18.56843141528644, 2117.0 ], [ -97.671018167144666, 18.568450549459303, 2117.0 ], [ -97.671021133123716, 18.568457990526529, 2117.0 ], [ -97.671016387903649, 18.568465431593754, 2117.0 ], [ -97.671026718664066, 18.568466494603356, 2117.0 ], [ -97.671029374470109, 18.568463305574546, 2117.0 ], [ -97.671029884984833, 18.568457665115425, 2117.0 ], [ -97.671034343480116, 18.568453368149285, 2117.0 ], [ -97.671036000353354, 18.568454801497719, 2117.0 ], [ -97.671035617335903, 18.568460116545737, 2117.0 ], [ -97.671038801975399, 18.568462849999001, 2117.0 ], [ -97.671041031223041, 18.568462715013656, 2117.0 ], [ -97.67104381528344, 18.568457990526529, 2117.0 ], [ -97.671041684860469, 18.568450549459303, 2117.0 ], [ -97.671053031406913, 18.568436730334458, 2117.0 ], [ -97.67105369356095, 18.568432478296046, 2117.0 ], [ -97.671051884139189, 18.568427163248028, 2117.0 ], [ -97.671059769521605, 18.568406966065563, 2117.0 ], [ -97.671075584561478, 18.568394178218689, 2117.0 ], [ -97.671091377021085, 18.56838464286389, 2117.0 ], [ -97.671100276642889, 18.568375075777457, 2117.0 ], [ -97.671111522735586, 18.56835381558539, 2117.0 ], [ -97.671122398761952, 18.568347395288974, 2117.0 ], [ -97.671133551406044, 18.568337870441336, 2117.0 ], [ -97.671136241744989, 18.568331492383717, 2117.0 ], [ -97.671133239750489, 18.568326177335699, 2117.0 ], [ -97.671136888871629, 18.568316528479297, 2117.0 ], [ -97.671139118119271, 18.568314801977497, 2117.0 ], [ -97.671148496096222, 18.568313421220456, 2117.0 ], [ -97.671153608228934, 18.568309517247133, 2117.0 ], [ -97.671160295971859, 18.56830801144881, 2117.0 ], [ -97.671169191319237, 18.56830279112442, 2117.0 ], [ -97.671171578694612, 18.56829960209561, 2117.0 ], [ -97.671171799518916, 18.568294287047593, 2117.0 ], [ -97.67116580153801, 18.568281530932353, 2117.0 ], [ -97.671172556833881, 18.568270956784193, 2117.0 ], [ -97.671183021913095, 18.568266648797906, 2117.0 ], [ -97.671183681270165, 18.56825920773068, 2117.0 ], [ -97.6711892761912, 18.568250634701879, 2117.0 ], [ -97.67119930780558, 18.568241236224573, 2117.0 ], [ -97.67120704460622, 18.568251766663455, 2117.0 ], [ -97.671211568667616, 18.568251821176769, 2117.0 ], [ -97.671221600281996, 18.568245417335824, 2117.0 ], [ -97.671229561880722, 18.568236884529007, 2117.0 ], [ -97.671259302875043, 18.568176292981608, 2117.0 ], [ -97.671280919168467, 18.568149717741523, 2117.0 ], [ -97.671279560720677, 18.568146721987187, 2117.0 ], [ -97.671271439889978, 18.568145465703108, 2117.0 ], [ -97.671269651018278, 18.568143339683903, 2117.0 ], [ -97.671271126733771, 18.568139087645488, 2117.0 ], [ -97.671277331473036, 18.568136841696994, 2117.0 ], [ -97.67128401921596, 18.568142418408911, 2117.0 ], [ -97.67128736308743, 18.56814317184028, 2117.0 ], [ -97.671298588941625, 18.56813696162628, 2117.0 ], [ -97.671299385101491, 18.56813377259747, 2117.0 ], [ -97.671296252892049, 18.56812739453985, 2117.0 ], [ -97.67129611076804, 18.56812101648223, 2117.0 ], [ -97.671303075439766, 18.568102945318969, 2117.0 ], [ -97.671308540940018, 18.568096605916242, 2117.0 ], [ -97.671317457930584, 18.568092392858468, 2117.0 ], [ -97.671323031049681, 18.568094367343079, 2117.0 ], [ -97.671325260297323, 18.568098114530883, 2117.0 ], [ -97.671320043857847, 18.56812420551104, 2117.0 ], [ -97.671320670669829, 18.56813058356866, 2117.0 ], [ -97.671324145673509, 18.568133772586439, 2117.0 ], [ -97.671333062664075, 18.568137216748585, 2117.0 ], [ -97.671358699011947, 18.568142149113147, 2117.0 ], [ -97.671372074497796, 18.56814884232185, 2117.0 ], [ -97.671383220736004, 18.568146686195615, 2117.0 ], [ -97.671388793855115, 18.568155004815601, 2117.0 ], [ -97.671397296560713, 18.568160347837559, 2117.0 ], [ -97.671392559768606, 18.568174166962404, 2117.0 ], [ -97.671393852532447, 18.568177355991214, 2117.0 ], [ -97.671404398588606, 18.568178905462837, 2117.0 ], [ -97.671408815801527, 18.568177355991214, 2117.0 ], [ -97.671410965831654, 18.568174166962404, 2117.0 ], [ -97.671411187660965, 18.568164599875971, 2117.0 ], [ -97.671402215783615, 18.568156095799143, 2117.0 ], [ -97.671400707945281, 18.568141213664695, 2117.0 ], [ -97.671400998985945, 18.568138024635886, 2117.0 ], [ -97.671411216766231, 18.568122079491832, 2117.0 ], [ -97.671411211922944, 18.568113575415005, 2117.0 ], [ -97.671406627836248, 18.568106346949701, 2117.0 ], [ -97.671394332142228, 18.56809337823254, 2117.0 ], [ -97.671391809896036, 18.568084874155712, 2117.0 ], [ -97.671391848750034, 18.568077433088487, 2117.0 ], [ -97.671401376789746, 18.568023219598711, 2117.0 ], [ -97.671399660187788, 18.567955186984086, 2117.0 ], [ -97.671413578285126, 18.567872272235018, 2117.0 ], [ -97.67141587290476, 18.567818058745239, 2117.0 ], [ -97.67141354619099, 18.567799987581981, 2117.0 ], [ -97.671408932835021, 18.567784042437928, 2117.0 ], [ -97.671386439602927, 18.567736207005773, 2117.0 ], [ -97.671384006585896, 18.567720261861719, 2117.0 ], [ -97.671385147489872, 18.567703253708064, 2117.0 ], [ -97.671395229316929, 18.567660733323926, 2117.0 ], [ -97.671407891307339, 18.567626717016616, 2117.0 ], [ -97.671413282796109, 18.56760651983415, 2117.0 ], [ -97.671426438533061, 18.567576755565252, 2117.0 ], [ -97.671445643723146, 18.567540613238734, 2117.0 ], [ -97.671454625464477, 18.567516164017857, 2117.0 ], [ -97.671459326897576, 18.567492777806578, 2117.0 ], [ -97.671460924768695, 18.567471517614511, 2117.0 ], [ -97.67147043271693, 18.567431123249577, 2117.0 ], [ -97.671474339509714, 18.567376909759801, 2117.0 ], [ -97.671485668138615, 18.567330137337247, 2117.0 ], [ -97.67150230124949, 18.567286553943507, 2117.0 ], [ -97.671513615490653, 18.567267419770644, 2117.0 ], [ -97.67153036140094, 18.567245096568971, 2117.0 ], [ -97.671534992801469, 18.567233403463334, 2117.0 ], [ -97.671535056583679, 18.567216395309678, 2117.0 ], [ -97.671532765165111, 18.567203639194435, 2117.0 ], [ -97.671529357851199, 18.567195135117608, 2117.0 ], [ -97.671523435381914, 18.567188757059988, 2117.0 ], [ -97.671519988658446, 18.567168559877519, 2117.0 ], [ -97.671505829356292, 18.567154662156771, 2117.0 ], [ -97.671471101684006, 18.567136669589416, 2117.0 ], [ -97.671461223339705, 18.567126039493381, 2117.0 ], [ -97.671456543884986, 18.567115409397346, 2117.0 ], [ -97.67145310346497, 18.567096275224486, 2117.0 ], [ -97.67145314947372, 18.567083519109243, 2117.0 ], [ -97.671457061254685, 18.567068636974795, 2117.0 ], [ -97.671456476475299, 18.567044187753915, 2117.0 ], [ -97.671457778116661, 18.567037809696295, 2117.0 ], [ -97.671451430867648, 18.567031431638672, 2117.0 ], [ -97.671446518255806, 18.56702080154264, 2117.0 ], [ -97.671446639679516, 18.567015486494622, 2117.0 ], [ -97.671449031770351, 18.567012297465812, 2117.0 ], [ -97.671448107326682, 18.567001667369777, 2117.0 ], [ -97.67144481552387, 18.566989974264139, 2117.0 ], [ -97.671439443672853, 18.566985722225724, 2117.0 ], [ -97.671438178881488, 18.566982533196914, 2117.0 ], [ -97.671441425390015, 18.566974029120086, 2117.0 ], [ -97.671432850828239, 18.56696977708167, 2117.0 ], [ -97.67142977059882, 18.566962336014448, 2117.0 ], [ -97.671427805687969, 18.56693894980317, 2117.0 ], [ -97.671433378807947, 18.566936575824922, 2117.0 ], [ -97.671433994784266, 18.566934697764758, 2117.0 ], [ -97.671426691065022, 18.566932769933782, 2117.0 ], [ -97.671423347193553, 18.566934851901149, 2117.0 ], [ -97.67140551321242, 18.566937146191272, 2117.0 ], [ -97.671396596221854, 18.566935974779593, 2117.0 ], [ -97.671388422313839, 18.566930445726342, 2117.0 ], [ -97.671379905262611, 18.56691981563031, 2117.0 ], [ -97.671370658434839, 18.566899618447842, 2117.0 ], [ -97.671372363584723, 18.566880484274982, 2117.0 ], [ -97.671369983381453, 18.566874106217359, 2117.0 ], [ -97.671357584388133, 18.566863639269084, 2117.0 ], [ -97.671352669240804, 18.566856035054101, 2117.0 ], [ -97.671343175782582, 18.566847530977274, 2117.0 ], [ -97.671329485886147, 18.566827333794809, 2117.0 ], [ -97.671326541048373, 18.5667943804971, 2117.0 ], [ -97.671317279265935, 18.566773120305029, 2117.0 ], [ -97.671312661067361, 18.566747608074547, 2117.0 ], [ -97.671313844353577, 18.566731662930493, 2117.0 ], [ -97.67132080180204, 18.566719112824867, 2117.0 ], [ -97.67132080180204, 18.566715450991875, 2117.0 ], [ -97.671316343306771, 18.566710541942065, 2117.0 ], [ -97.671304082444735, 18.566706400819918, 2117.0 ], [ -97.671295165454168, 18.566700869577833, 2117.0 ], [ -97.671288385307193, 18.566693394584771, 2117.0 ], [ -97.671283846169345, 18.566684890507943, 2117.0 ], [ -97.67128245874261, 18.56667532342151, 2117.0 ], [ -97.671283856960599, 18.566667882354288, 2117.0 ], [ -97.671296858824974, 18.566657252258253, 2117.0 ], [ -97.67129751596876, 18.566653000219837, 2117.0 ], [ -97.671293018071552, 18.566648748181425, 2117.0 ], [ -97.671284132293735, 18.56663174002777, 2117.0 ], [ -97.671268643806982, 18.566615794883717, 2117.0 ], [ -97.671259497491903, 18.566612145082683, 2117.0 ], [ -97.671250328133681, 18.566613668864509, 2117.0 ], [ -97.671248308872563, 18.566612605854907, 2117.0 ], [ -97.671246122006053, 18.566606426225746, 2117.0 ], [ -97.671239338320831, 18.566601975758871, 2117.0 ], [ -97.671240548886246, 18.566597723720459, 2117.0 ], [ -97.671243919297083, 18.566594534691646, 2117.0 ], [ -97.671241431297474, 18.566566896441959, 2117.0 ], [ -97.671245265886014, 18.566552014307508, 2117.0 ], [ -97.671247578959054, 18.566529691105835, 2117.0 ], [ -97.671246392417757, 18.566505241884958, 2117.0 ], [ -97.671241407984368, 18.566487170721697, 2117.0 ], [ -97.671240419590589, 18.566473351596851, 2117.0 ], [ -97.67125170784918, 18.566455280433594, 2117.0 ], [ -97.671253084964732, 18.566443587327957, 2117.0 ], [ -97.671251143405001, 18.566436146260731, 2117.0 ], [ -97.671252900123889, 18.566423390145488, 2117.0 ], [ -97.671250580501336, 18.566419103062803, 2117.0 ], [ -97.67124500738224, 18.566414962681968, 2117.0 ], [ -97.67123163189639, 18.566412624567839, 2117.0 ], [ -97.671226058777279, 18.56640947107957, 2117.0 ], [ -97.67120942569116, 18.566389373838177, 2117.0 ], [ -97.671197078557938, 18.566384066530521, 2117.0 ], [ -97.671190390815013, 18.566379122636654, 2117.0 ], [ -97.671180194977055, 18.566363861607694, 2117.0 ], [ -97.671177038350663, 18.566352168502057, 2117.0 ], [ -97.671174786081522, 18.566350139610631, 2117.0 ], [ -97.671158066724217, 18.566348930411266, 2117.0 ], [ -97.671146920486009, 18.566339522154109, 2117.0 ], [ -97.671134674387204, 18.566322404233158, 2117.0 ], [ -97.671125536344832, 18.566297955012281, 2117.0 ], [ -97.671117660987321, 18.566256497637745, 2117.0 ], [ -97.671118791312111, 18.566228859388055, 2117.0 ], [ -97.671130051208536, 18.566199095119156, 2117.0 ], [ -97.671136986958516, 18.566188465023121, 2117.0 ], [ -97.67114950438669, 18.566177834927089, 2117.0 ], [ -97.671158191806697, 18.566164015802244, 2117.0 ], [ -97.671153646335725, 18.566101298235637, 2117.0 ], [ -97.671154556098003, 18.566090668139605, 2117.0 ], [ -97.671162437798017, 18.566075786005154, 2117.0 ], [ -97.671164617618302, 18.566061966880309, 2117.0 ], [ -97.671180711618462, 18.566040706688241, 2117.0 ], [ -97.671180359200633, 18.566029276896909, 2117.0 ], [ -97.671183991535813, 18.566018383486568, 2117.0 ], [ -97.67118241002828, 18.566009879409741, 2117.0 ], [ -97.671190735170342, 18.565989682227272, 2117.0 ], [ -97.671190008316771, 18.565983304169652, 2117.0 ], [ -97.671194545575304, 18.56597586310243, 2117.0 ], [ -97.671195741663098, 18.565960980967979, 2117.0 ], [ -97.671204656271826, 18.565950350871944, 2117.0 ], [ -97.671204690514429, 18.565946098833532, 2117.0 ], [ -97.671208018257886, 18.565939720775912, 2117.0 ], [ -97.671206853242097, 18.565923775631859, 2117.0 ], [ -97.671210307722518, 18.565918460583841, 2117.0 ], [ -97.67121699512569, 18.565913145535824, 2117.0 ], [ -97.671211005186194, 18.565905704468602, 2117.0 ], [ -97.671211701411096, 18.565888696314943, 2117.0 ], [ -97.671208908340503, 18.565875940199703, 2117.0 ], [ -97.671211525419423, 18.565858932046048, 2117.0 ], [ -97.671214912539071, 18.565857469065659, 2117.0 ], [ -97.671218792404503, 18.565858932046048, 2117.0 ], [ -97.671220765312896, 18.565865310103668, 2117.0 ], [ -97.671222919701165, 18.565887633305341, 2117.0 ], [ -97.671220427147745, 18.565898263401376, 2117.0 ], [ -97.671224807832559, 18.565906767478204, 2117.0 ], [ -97.671221996592692, 18.565912082526221, 2117.0 ], [ -97.671226058777279, 18.565918773233726, 2117.0 ], [ -97.671228532240249, 18.565932279708687, 2117.0 ], [ -97.671225748828419, 18.565942909804722, 2117.0 ], [ -97.671226829381411, 18.565965233006395, 2117.0 ], [ -97.671223829529637, 18.565972848218536, 2117.0 ], [ -97.671218096225076, 18.56597905213124, 2117.0 ], [ -97.671217248745563, 18.565990745236878, 2117.0 ], [ -97.671211059125298, 18.566000312323307, 2117.0 ], [ -97.671215994379835, 18.566007753390533, 2117.0 ], [ -97.671217219370746, 18.566013068438551, 2117.0 ], [ -97.67121604920348, 18.566020509505776, 2117.0 ], [ -97.671210905694338, 18.566024761544188, 2117.0 ], [ -97.671214992155058, 18.566030076592206, 2117.0 ], [ -97.671215179797258, 18.566048147755463, 2117.0 ], [ -97.671203930561219, 18.566070470957136, 2117.0 ], [ -97.671197078557938, 18.566074931714333, 2117.0 ], [ -97.671181473824447, 18.566080186370492, 2117.0 ], [ -97.671179191135948, 18.566083227072379, 2117.0 ], [ -97.671178602148174, 18.566089605129999, 2117.0 ], [ -97.671179016942375, 18.566099172216433, 2117.0 ], [ -97.67118388100431, 18.566109802312464, 2117.0 ], [ -97.671183963837208, 18.5661204324085, 2117.0 ], [ -97.671181227256156, 18.566131062504535, 2117.0 ], [ -97.67118593231973, 18.566146250656899, 2117.0 ], [ -97.671192620062655, 18.566154341987939, 2117.0 ], [ -97.671207123578455, 18.566161889783036, 2117.0 ], [ -97.671214774362568, 18.566173582888673, 2117.0 ], [ -97.671218464658764, 18.566185275994311, 2117.0 ], [ -97.671218421203577, 18.566203347157572, 2117.0 ], [ -97.671214937748658, 18.566210788224794, 2117.0 ], [ -97.671201798262032, 18.566225670359245, 2117.0 ], [ -97.671199174984068, 18.566232048416865, 2117.0 ], [ -97.671199149070176, 18.566240552493692, 2117.0 ], [ -97.671202870947312, 18.56624586754171, 2117.0 ], [ -97.671214912539071, 18.566251522301524, 2117.0 ], [ -97.671228375555955, 18.566262875695365, 2117.0 ], [ -97.671229536136622, 18.566273505791401, 2117.0 ], [ -97.67122704938177, 18.566287324916246, 2117.0 ], [ -97.671230491074141, 18.566299018021883, 2117.0 ], [ -97.671236090391673, 18.566307611974157, 2117.0 ], [ -97.671242778134598, 18.566310881846409, 2117.0 ], [ -97.671257268244261, 18.566314219232623, 2117.0 ], [ -97.671276216849222, 18.566310444290416, 2117.0 ], [ -97.671299623949452, 18.566308706496034, 2117.0 ], [ -97.671309655563846, 18.566305903424997, 2117.0 ], [ -97.671317457930584, 18.566308512007367, 2117.0 ], [ -97.671324936696863, 18.566313900156331, 2117.0 ], [ -97.671339540665954, 18.566328782290782, 2117.0 ], [ -97.671359813635775, 18.566344621637668, 2117.0 ], [ -97.671365551393706, 18.566351105492455, 2117.0 ], [ -97.671366424007843, 18.56636811364611, 2117.0 ], [ -97.671384360208137, 18.566378743742142, 2117.0 ], [ -97.671389874063252, 18.566398940924611, 2117.0 ], [ -97.671394421231042, 18.566404255972628, 2117.0 ], [ -97.671400705589036, 18.566417012087868, 2117.0 ], [ -97.671395246549721, 18.566463784510422, 2117.0 ], [ -97.671395143833237, 18.566477603635267, 2117.0 ], [ -97.671408734723812, 18.566542447221078, 2117.0 ], [ -97.671424408276494, 18.566570085470769, 2117.0 ], [ -97.671452341599021, 18.566598786730061, 2117.0 ], [ -97.671462385605494, 18.566612605854907, 2117.0 ], [ -97.671467031286042, 18.566625361970146, 2117.0 ], [ -97.67147096683577, 18.566671071383098, 2117.0 ], [ -97.671475734513521, 18.566688079536753, 2117.0 ], [ -97.671481274069876, 18.566698709632789, 2117.0 ], [ -97.671518109645319, 18.566746545064944, 2117.0 ], [ -97.671523663337425, 18.566762503146233, 2117.0 ], [ -97.671525892585066, 18.566764083173823, 2117.0 ], [ -97.671537038823274, 18.566763286757524, 2117.0 ], [ -97.671560445923504, 18.566771209896263, 2117.0 ], [ -97.671573821409353, 18.566771765784519, 2117.0 ], [ -97.671589426142845, 18.566769329331024, 2117.0 ], [ -97.671598343133411, 18.566774075608816, 2117.0 ], [ -97.671605030876336, 18.566775108319483, 2117.0 ], [ -97.671640698838601, 18.566769653333342, 2117.0 ], [ -97.671654074324451, 18.566769804978048, 2117.0 ], [ -97.671661876691203, 18.566773092331093, 2117.0 ], [ -97.671665220562659, 18.566777341078456, 2117.0 ], [ -97.671671908305584, 18.566789370486621, 2117.0 ], [ -97.671672225522286, 18.566799695545118, 2117.0 ], [ -97.671669841607255, 18.56680713661234, 2117.0 ], [ -97.671659522048373, 18.566822018746791, 2117.0 ], [ -97.671657006642505, 18.566839026900446, 2117.0 ], [ -97.67165984250272, 18.566843278938858, 2117.0 ], [ -97.671668564434114, 18.566848580181556, 2117.0 ], [ -97.671688627662888, 18.566850623368847, 2117.0 ], [ -97.671695337261184, 18.566853909034894, 2117.0 ], [ -97.671711949022836, 18.566871980198155, 2117.0 ], [ -97.67172328652785, 18.566894303399827, 2117.0 ], [ -97.671731219059467, 18.566920878639912, 2117.0 ], [ -97.671739606736523, 18.566978281158502, 2117.0 ], [ -97.671744232718666, 18.566993163292949, 2117.0 ], [ -97.671759128847114, 18.56702080154264, 2117.0 ], [ -97.671775426576843, 18.56705800687876, 2117.0 ], [ -97.671806926063539, 18.567110094349331, 2117.0 ], [ -97.671812432118202, 18.567121787454969, 2117.0 ], [ -97.671814900077209, 18.567135606579814, 2117.0 ], [ -97.671814239173031, 18.567153677743072, 2117.0 ], [ -97.671818801530236, 18.567194072108006, 2117.0 ], [ -97.671825630275507, 18.56722702540571, 2117.0 ], [ -97.671833390495181, 18.567248285597781, 2117.0 ], [ -97.671843352237829, 18.567264230741834, 2117.0 ], [ -97.671856935859822, 18.567277119380819, 2117.0 ], [ -97.671878113712424, 18.567289742971493, 2117.0 ], [ -97.671909323179406, 18.567303503041071, 2117.0 ], [ -97.671919394601787, 18.567311003164384, 2117.0 ], [ -97.671930656160058, 18.567322696270022, 2117.0 ], [ -97.671942867545567, 18.567339704423681, 2117.0 ], [ -97.67195723485564, 18.567365216654164, 2117.0 ], [ -97.671969631232855, 18.567391791894249, 2117.0 ], [ -97.671981820170416, 18.567425808201559, 2117.0 ], [ -97.671989739630035, 18.567457698489665, 2117.0 ], [ -97.671994278667995, 18.567485336739356, 2117.0 ], [ -97.671996595428027, 18.567508722950631, 2117.0 ], [ -97.671997146247946, 18.567552306344371, 2117.0 ], [ -97.671995422765974, 18.567583133622872, 2117.0 ], [ -97.671990882294281, 18.567613960901372, 2117.0 ], [ -97.671984218561064, 18.567642662160669, 2117.0 ], [ -97.67197410824464, 18.567673489439169, 2117.0 ], [ -97.671963939747457, 18.567696875650444, 2117.0 ], [ -97.671951678885449, 18.567719198852117, 2117.0 ], [ -97.671938367257397, 18.56773833302498, 2117.0 ], [ -97.671926042536711, 18.567751483972359, 2117.0 ], [ -97.671905979307937, 18.567768173677802, 2117.0 ], [ -97.671859165107463, 18.567801126520841, 2117.0 ], [ -97.671851362740725, 18.567802186079117, 2117.0 ], [ -97.671843560373972, 18.567797837585115, 2117.0 ], [ -97.671833528759592, 18.567797802612333, 2117.0 ], [ -97.671830184888137, 18.567801659777857, 2117.0 ], [ -97.671829175570338, 18.567809554668411, 2117.0 ], [ -97.67183129951195, 18.567813365907934, 2117.0 ], [ -97.671836872631062, 18.567815097341612, 2117.0 ], [ -97.671855821236008, 18.567813850094975, 2117.0 ], [ -97.671868151762027, 18.567824436802862, 2117.0 ], [ -97.671873832543653, 18.5678361299085, 2117.0 ], [ -97.671875752877241, 18.567852075052553, 2117.0 ], [ -97.671875001292904, 18.567871209225412, 2117.0 ], [ -97.671871655001794, 18.567886091359863, 2117.0 ], [ -97.671856699002262, 18.567923296695984, 2117.0 ], [ -97.671856718725323, 18.567939241840037, 2117.0 ], [ -97.671861189366822, 18.567951997955277, 2117.0 ], [ -97.671881277442665, 18.56799239232021, 2117.0 ], [ -97.671908098920454, 18.568032786685141, 2117.0 ], [ -97.67192181044939, 18.568059361925229, 2117.0 ], [ -97.671937265645525, 18.568097630270952, 2117.0 ], [ -97.671969630884718, 18.568190112106453, 2117.0 ], [ -97.671988661104791, 18.568266648797906, 2117.0 ], [ -97.672002758571892, 18.568365508691027, 2117.0 ], [ -97.672039896561955, 18.568504762949082, 2117.0 ], [ -97.672047761061719, 18.568539842265995, 2117.0 ], [ -97.672053202537597, 18.568574921582911, 2117.0 ] ] } },
{ "type": "Feature", "properties": { "FID": 11, "elev": 2116.0, "elevation": 2116.0, "ELEVATION": 2116.0, "is_master": false, "tipo": "Ordinaria (1m)" }, "geometry": { "type": "LineString", "coordinates": [ [ -97.67099977156461, 18.568574921582911, 2116.0 ], [ -97.671001382461412, 18.568567480515686, 2116.0 ], [ -97.671004248636947, 18.56856448476135, 2116.0 ], [ -97.671010936379872, 18.568561456794598, 2116.0 ], [ -97.671016509498983, 18.568563719097089, 2116.0 ], [ -97.671021310955439, 18.568557913429256, 2116.0 ], [ -97.671018738746625, 18.568557249048251, 2116.0 ], [ -97.6710120510037, 18.568560602218252, 2116.0 ], [ -97.671002019389306, 18.568562068830431, 2116.0 ], [ -97.670999855707777, 18.568558976438858, 2116.0 ], [ -97.671003490692755, 18.568554724400443, 2116.0 ], [ -97.671004248636947, 18.568546052819073, 2116.0 ], [ -97.671007592508417, 18.568544594544221, 2116.0 ], [ -97.671013165627514, 18.568545279968966, 2116.0 ], [ -97.671020967994266, 18.568539111446892, 2116.0 ], [ -97.671027655737191, 18.568541791116935, 2116.0 ], [ -97.671032114232474, 18.568539927306762, 2116.0 ], [ -97.671037887412268, 18.56853240119877, 2116.0 ], [ -97.671039916599213, 18.568518278356898, 2116.0 ], [ -97.671046604342138, 18.568515286744155, 2116.0 ], [ -97.671053292085062, 18.568507538585269, 2116.0 ], [ -97.671056635956532, 18.568506641756752, 2116.0 ], [ -97.671062209075629, 18.568508209677191, 2116.0 ], [ -97.671066791417999, 18.568505825958685, 2116.0 ], [ -97.671093418542611, 18.568474886784436, 2116.0 ], [ -97.671115647326232, 18.568456927516927, 2116.0 ], [ -97.671121284138138, 18.568445524322996, 2116.0 ], [ -97.671138031187965, 18.568434604315254, 2116.0 ], [ -97.671142598127986, 18.568422911209613, 2116.0 ], [ -97.671138189266074, 18.568409092084767, 2116.0 ], [ -97.671139118119271, 18.568407399143549, 2116.0 ], [ -97.671148035109823, 18.568407701995287, 2116.0 ], [ -97.671158066724217, 18.568404569462093, 2116.0 ], [ -97.671168098338597, 18.568407518830554, 2116.0 ], [ -97.671171100998691, 18.568410155094373, 2116.0 ], [ -97.671166983714784, 18.568411977396551, 2116.0 ], [ -97.671166479200849, 18.568415470142391, 2116.0 ], [ -97.67116060463691, 18.568421848200011, 2116.0 ], [ -97.671163211141845, 18.568426100238423, 2116.0 ], [ -97.6711580130074, 18.568429289267236, 2116.0 ], [ -97.671157966307661, 18.568433541305648, 2116.0 ], [ -97.671148965878174, 18.568446297420891, 2116.0 ], [ -97.671149346431974, 18.568454801497719, 2116.0 ], [ -97.671152493605106, 18.568455125022378, 2116.0 ], [ -97.67115913125258, 18.568444171401683, 2116.0 ], [ -97.671171412085101, 18.568430352276838, 2116.0 ], [ -97.671174786076961, 18.568412281113581, 2116.0 ], [ -97.671180241181645, 18.568408029075165, 2116.0 ], [ -97.67118437184638, 18.568398461988735, 2116.0 ], [ -97.671192222770998, 18.568392083931112, 2116.0 ], [ -97.671201363834655, 18.568378264806267, 2116.0 ], [ -97.671203190776154, 18.568369760729439, 2116.0 ], [ -97.671200150569931, 18.568360193643009, 2116.0 ], [ -97.671201672159143, 18.56835381558539, 2116.0 ], [ -97.671210454043788, 18.568346339665389, 2116.0 ], [ -97.671223829529637, 18.568345529338398, 2116.0 ], [ -97.671229402648748, 18.568343109560097, 2116.0 ], [ -97.671239434263128, 18.56833353966147, 2116.0 ], [ -97.67124500738224, 18.568330596942129, 2116.0 ], [ -97.671249393966306, 18.568308106172438, 2116.0 ], [ -97.671259497491903, 18.568295350055706, 2116.0 ], [ -97.671307426316204, 18.568265502740676, 2116.0 ], [ -97.671337521159359, 18.568260520386477, 2116.0 ], [ -97.671360928259588, 18.56824764819693, 2116.0 ], [ -97.671367616002513, 18.568247875463165, 2116.0 ], [ -97.671373189121624, 18.568251448879533, 2116.0 ], [ -97.671377647616907, 18.568250873160789, 2116.0 ], [ -97.671391023102757, 18.568241136566446, 2116.0 ], [ -97.671411086331531, 18.568233761191802, 2116.0 ], [ -97.671416659450628, 18.568229393240856, 2116.0 ], [ -97.671422311714622, 18.568219876375352, 2116.0 ], [ -97.671425464699468, 18.568208183269714, 2116.0 ], [ -97.671437042527984, 18.568181608029626, 2116.0 ], [ -97.671445933740941, 18.568144402693505, 2116.0 ], [ -97.671445975826359, 18.56813377259747, 2116.0 ], [ -97.671442583708725, 18.568115701434213, 2116.0 ], [ -97.671424298281835, 18.568078496098089, 2116.0 ], [ -97.671418567821718, 18.568051920858004, 2116.0 ], [ -97.671420782932572, 18.567973258147347, 2116.0 ], [ -97.671431480636684, 18.567880776311846, 2116.0 ], [ -97.671437378340471, 18.567803176610791, 2116.0 ], [ -97.671435864972423, 18.567787231466738, 2116.0 ], [ -97.671432344759339, 18.567774475351499, 2116.0 ], [ -97.671404288953468, 18.567718135842515, 2116.0 ], [ -97.671402311358662, 18.56770431671767, 2116.0 ], [ -97.671403030273169, 18.567685182544807, 2116.0 ], [ -97.671408626262604, 18.567662859343134, 2116.0 ], [ -97.671423538482131, 18.567635221093443, 2116.0 ], [ -97.671435473853379, 18.567604393814943, 2116.0 ], [ -97.671462494133195, 18.567544865277149, 2116.0 ], [ -97.671469246902163, 18.567524668094684, 2116.0 ], [ -97.671473829913211, 18.567502344893011, 2116.0 ], [ -97.671475420391872, 18.567472580624113, 2116.0 ], [ -97.671481597563286, 18.567434312278387, 2116.0 ], [ -97.671485528664178, 18.567392854903854, 2116.0 ], [ -97.671493483915768, 18.567356712577336, 2116.0 ], [ -97.67150133807796, 18.567340767433283, 2116.0 ], [ -97.67151363172303, 18.567326321892065, 2116.0 ], [ -97.671519204842141, 18.567323459135739, 2116.0 ], [ -97.6715270840795, 18.567325885298835, 2116.0 ], [ -97.671525687858235, 18.567317381222008, 2116.0 ], [ -97.671528603832201, 18.567313129183592, 2116.0 ], [ -97.671524934008573, 18.567311003164384, 2116.0 ], [ -97.671523876129243, 18.567307814135575, 2116.0 ], [ -97.67152565281134, 18.567299310058747, 2116.0 ], [ -97.671534755203737, 18.567283364914694, 2116.0 ], [ -97.671549219496541, 18.567268482780246, 2116.0 ], [ -97.671551317422995, 18.567256789674609, 2116.0 ], [ -97.671556223078085, 18.567244033559366, 2116.0 ], [ -97.671555073637521, 18.567237655501746, 2116.0 ], [ -97.671546223752259, 18.567225962396108, 2116.0 ], [ -97.671534841950603, 18.56719619812721, 2116.0 ], [ -97.671528013329507, 18.567184505021572, 2116.0 ], [ -97.671526155083455, 18.567169622887125, 2116.0 ], [ -97.671520381087447, 18.567157929781487, 2116.0 ], [ -97.671509173227747, 18.567148181341711, 2116.0 ], [ -97.671480193008421, 18.567135592084227, 2116.0 ], [ -97.671471151610362, 18.567128165512589, 2116.0 ], [ -97.671465806900159, 18.567119661435761, 2116.0 ], [ -97.67146314723459, 18.567107968330124, 2116.0 ], [ -97.671463245726713, 18.567084582118845, 2116.0 ], [ -97.671466897959334, 18.567076078042017, 2116.0 ], [ -97.67147461988931, 18.567068894474016, 2116.0 ], [ -97.67147487117326, 18.567063321926778, 2116.0 ], [ -97.671467688722799, 18.56704843979233, 2116.0 ], [ -97.671464741410176, 18.567018675523432, 2116.0 ], [ -97.671466592847082, 18.567006982417794, 2116.0 ], [ -97.671463547289918, 18.566999541350569, 2116.0 ], [ -97.671467746992931, 18.566992100283343, 2116.0 ], [ -97.671468043164694, 18.566986785235329, 2116.0 ], [ -97.671461227866018, 18.566978281158502, 2116.0 ], [ -97.671456317766172, 18.56696658805286, 2116.0 ], [ -97.671453146661406, 18.566963399024051, 2116.0 ], [ -97.671454871662917, 18.566955957956829, 2116.0 ], [ -97.671451360249037, 18.566946390870395, 2116.0 ], [ -97.671443410422327, 18.566941160863145, 2116.0 ], [ -97.671442505258014, 18.566933634755156, 2116.0 ], [ -97.671430034936478, 18.566921054778131, 2116.0 ], [ -97.671421117945911, 18.566923119245562, 2116.0 ], [ -97.671407742460062, 18.566923289263521, 2116.0 ], [ -97.671398825469495, 18.566918242376097, 2116.0 ], [ -97.671394306118316, 18.566911311553483, 2116.0 ], [ -97.671394132316564, 18.566908122524669, 2116.0 ], [ -97.671395434099864, 18.566904933495859, 2116.0 ], [ -97.671399940093323, 18.566903785120285, 2116.0 ], [ -97.67140062895092, 18.566901744467049, 2116.0 ], [ -97.671394867417561, 18.56689855543824, 2116.0 ], [ -97.671392137726571, 18.566894196505004, 2116.0 ], [ -97.671387598707142, 18.566891114371014, 2116.0 ], [ -97.671370959873983, 18.56686110403508, 2116.0 ], [ -97.67136315750723, 18.566853233477389, 2116.0 ], [ -97.671349881344298, 18.566845404958066, 2116.0 ], [ -97.671337404114851, 18.566823081756393, 2116.0 ], [ -97.671333309038985, 18.566793317487495, 2116.0 ], [ -97.671323855140415, 18.566751860112962, 2116.0 ], [ -97.671323901899669, 18.566733788949701, 2116.0 ], [ -97.671326647146586, 18.566724221863272, 2116.0 ], [ -97.671326565423826, 18.566712528757634, 2116.0 ], [ -97.671323219095072, 18.566705087690409, 2116.0 ], [ -97.671309434023698, 18.566688079536753, 2116.0 ], [ -97.671311936354783, 18.56663811808539, 2116.0 ], [ -97.67130758306017, 18.566632803037372, 2116.0 ], [ -97.671296280077996, 18.566625266203516, 2116.0 ], [ -97.671277913015899, 18.566605164787681, 2116.0 ], [ -97.671263817072642, 18.566593471682044, 2116.0 ], [ -97.671257006403749, 18.566579652557198, 2116.0 ], [ -97.671257037993328, 18.566563707413145, 2116.0 ], [ -97.671262811920471, 18.56654669925949, 2116.0 ], [ -97.671267299858656, 18.566541657146374, 2116.0 ], [ -97.671277331473036, 18.566540283620721, 2116.0 ], [ -97.671280873499839, 18.566536069163458, 2116.0 ], [ -97.671278446096863, 18.566530186488951, 2116.0 ], [ -97.671276216849222, 18.566528517059901, 2116.0 ], [ -97.671267299858656, 18.566528132025084, 2116.0 ], [ -97.671264807017536, 18.566523313048215, 2116.0 ], [ -97.671265898235887, 18.566505241884958, 2116.0 ], [ -97.671271916558609, 18.566487170721697, 2116.0 ], [ -97.671273204440226, 18.566477603635267, 2116.0 ], [ -97.671269243305318, 18.566458469462404, 2116.0 ], [ -97.6712685337084, 18.566448902375971, 2116.0 ], [ -97.671270347730427, 18.566434020241523, 2116.0 ], [ -97.671267504496612, 18.566421264126284, 2116.0 ], [ -97.671263955987186, 18.566417012089122, 2116.0 ], [ -97.671258156930818, 18.56641488606866, 2116.0 ], [ -97.671255673179147, 18.56640531898223, 2116.0 ], [ -97.671249465877523, 18.566399994181833, 2116.0 ], [ -97.671243892758412, 18.566397597560826, 2116.0 ], [ -97.67123163189639, 18.566400010950776, 2116.0 ], [ -97.67122623139602, 18.566394688886195, 2116.0 ], [ -97.67122066877495, 18.566381932770955, 2116.0 ], [ -97.671205995548505, 18.566377759717774, 2116.0 ], [ -97.671200422429408, 18.566373692008433, 2116.0 ], [ -97.67118593231973, 18.566342452511556, 2116.0 ], [ -97.671182588448275, 18.566338460107378, 2116.0 ], [ -97.671174786081522, 18.566335169925065, 2116.0 ], [ -97.671168591957723, 18.566329845300384, 2116.0 ], [ -97.671150136836943, 18.566308585108313, 2116.0 ], [ -97.67114453532372, 18.566297955012281, 2116.0 ], [ -97.671141047161555, 18.56628307287783, 2116.0 ], [ -97.671140391104942, 18.566267127733781, 2116.0 ], [ -97.67113119517316, 18.566250119580122, 2116.0 ], [ -97.671132760635246, 18.566228859388055, 2116.0 ], [ -97.671134697195569, 18.566224607349639, 2116.0 ], [ -97.671144491447308, 18.566217166282417, 2116.0 ], [ -97.671148035109823, 18.566203087182398, 2116.0 ], [ -97.671171499237332, 18.566182086965501, 2116.0 ], [ -97.671171442208006, 18.566175708907881, 2116.0 ], [ -97.671167096453445, 18.566161889783036, 2116.0 ], [ -97.671172632917418, 18.566155511725416, 2116.0 ], [ -97.671172450866123, 18.566140629590965, 2116.0 ], [ -97.67117590070535, 18.566138018895575, 2116.0 ], [ -97.671181355089558, 18.566140629590965, 2116.0 ], [ -97.671183650114855, 18.566152322696606, 2116.0 ], [ -97.671198169666496, 18.566162952792638, 2116.0 ], [ -97.671210695896136, 18.566183149975107, 2116.0 ], [ -97.67121201720839, 18.566192717061536, 2116.0 ], [ -97.671210617899561, 18.566201221138364, 2116.0 ], [ -97.671197959694481, 18.566216103272811, 2116.0 ], [ -97.67119272255681, 18.566237363464882, 2116.0 ], [ -97.671187046943558, 18.56624545158143, 2116.0 ], [ -97.671186873103139, 18.56624905657052, 2116.0 ], [ -97.671190584934891, 18.566260749676157, 2116.0 ], [ -97.671193734686483, 18.566264442812617, 2116.0 ], [ -97.671198193181766, 18.566265712043421, 2116.0 ], [ -97.671207110172332, 18.566264126069971, 2116.0 ], [ -97.671212683291429, 18.566258653742128, 2116.0 ], [ -97.671217141786713, 18.566259762595813, 2116.0 ], [ -97.671223665769745, 18.566265001714573, 2116.0 ], [ -97.671223843324483, 18.566271379772193, 2116.0 ], [ -97.671220398168089, 18.56627669482021, 2116.0 ], [ -97.671220165434761, 18.566289450935454, 2116.0 ], [ -97.671223641907474, 18.566307522098711, 2116.0 ], [ -97.671227158539452, 18.566314963165937, 2116.0 ], [ -97.671237205015487, 18.566320403473046, 2116.0 ], [ -97.671253924372806, 18.566323720340289, 2116.0 ], [ -97.671265070611014, 18.566323570484702, 2116.0 ], [ -97.671275102225394, 18.566318211773456, 2116.0 ], [ -97.671285133839788, 18.566316331864758, 2116.0 ], [ -97.67129739470181, 18.566317025471633, 2116.0 ], [ -97.671304082444735, 18.566320158438224, 2116.0 ], [ -97.671306346524375, 18.566326656271574, 2116.0 ], [ -97.671300589175601, 18.566334097338796, 2116.0 ], [ -97.671300225170782, 18.566337286367609, 2116.0 ], [ -97.671301853197093, 18.566339234060585, 2116.0 ], [ -97.67132080180204, 18.566341613845413, 2116.0 ], [ -97.671345323526097, 18.566357637470016, 2116.0 ], [ -97.671356469764305, 18.566360242479604, 2116.0 ], [ -97.671359929764023, 18.566363861607694, 2116.0 ], [ -97.671361425695011, 18.56637449170373, 2116.0 ], [ -97.671367739849615, 18.566382995780558, 2116.0 ], [ -97.671378762240721, 18.566387254035401, 2116.0 ], [ -97.671382106112191, 18.566390436847058, 2116.0 ], [ -97.67138416237502, 18.566400003934213, 2116.0 ], [ -97.671390952762422, 18.566410634030248, 2116.0 ], [ -97.671393522875803, 18.56641807509747, 2116.0 ], [ -97.671392422547484, 18.566442524318351, 2116.0 ], [ -97.671390157740802, 18.566455280433594, 2116.0 ], [ -97.671386367670294, 18.566464847520024, 2116.0 ], [ -97.67138554000077, 18.566474414606457, 2116.0 ], [ -97.67138751090873, 18.566486107712095, 2116.0 ], [ -97.671394539310072, 18.566507367904162, 2116.0 ], [ -97.671399805611529, 18.56654032120187, 2116.0 ], [ -97.671409997704757, 18.566564770422751, 2116.0 ], [ -97.671417697037811, 18.566577526537991, 2116.0 ], [ -97.671448983541438, 18.566607095116485, 2116.0 ], [ -97.671456801558122, 18.566618983912527, 2116.0 ], [ -97.671461511815934, 18.56663492905658, 2116.0 ], [ -97.671466601827788, 18.566681701479133, 2116.0 ], [ -97.671471276018224, 18.566695520603979, 2116.0 ], [ -97.671479179141542, 18.566709339728821, 2116.0 ], [ -97.67150026543375, 18.566735914968909, 2116.0 ], [ -97.671521464378472, 18.56676674224741, 2116.0 ], [ -97.671535924199446, 18.566770021279321, 2116.0 ], [ -97.671558216675862, 18.566780853943705, 2116.0 ], [ -97.67158273839992, 18.56678357829475, 2116.0 ], [ -97.671612833243088, 18.566791120992516, 2116.0 ], [ -97.67162509410511, 18.566796384223167, 2116.0 ], [ -97.671634011095676, 18.566802913697479, 2116.0 ], [ -97.671645157333884, 18.566804008326937, 2116.0 ], [ -97.671645803000118, 18.56680713661234, 2116.0 ], [ -97.671640582642297, 18.566814577679565, 2116.0 ], [ -97.671641990621183, 18.566827333794809, 2116.0 ], [ -97.671631528393519, 18.566840089910048, 2116.0 ], [ -97.671631687321636, 18.566843278938858, 2116.0 ], [ -97.671636532592245, 18.566849656996482, 2116.0 ], [ -97.671639816428083, 18.566859224082911, 2116.0 ], [ -97.671639760480872, 18.566863476121327, 2116.0 ], [ -97.671635161387456, 18.566871980198155, 2116.0 ], [ -97.671636269830728, 18.566882610294186, 2116.0 ], [ -97.671649615829168, 18.566897330666304, 2116.0 ], [ -97.671681939919964, 18.566905795937615, 2116.0 ], [ -97.671687712830135, 18.566909185534275, 2116.0 ], [ -97.671698732128505, 18.566921941649515, 2116.0 ], [ -97.671705500565324, 18.56693576077436, 2116.0 ], [ -97.671722004698722, 18.566981470187311, 2116.0 ], [ -97.671745515997458, 18.56702080154264, 2116.0 ], [ -97.671758640514469, 18.567056943869158, 2116.0 ], [ -97.671773535380154, 18.567082456099641, 2116.0 ], [ -97.671785453672442, 18.567107968330124, 2116.0 ], [ -97.671793564009121, 18.567117535416553, 2116.0 ], [ -97.671798959940261, 18.567127102502987, 2116.0 ], [ -97.671812194787051, 18.567211080261661, 2116.0 ], [ -97.67181898347053, 18.567236592492144, 2116.0 ], [ -97.67182789102462, 18.567258915693817, 2116.0 ], [ -97.671835748099468, 18.567271671809056, 2116.0 ], [ -97.671849133493083, 18.56728566101544, 2116.0 ], [ -97.671898176941198, 18.567320425950872, 2116.0 ], [ -97.671914997169438, 18.567337578404473, 2116.0 ], [ -97.671934073094164, 18.567369468692576, 2116.0 ], [ -97.671954098068127, 18.567421556163147, 2116.0 ], [ -97.671962962672126, 18.567451320432042, 2116.0 ], [ -97.671969812956746, 18.567486399748958, 2116.0 ], [ -97.671973179936657, 18.567523605085078, 2116.0 ], [ -97.671973178183009, 18.567553369353977, 2116.0 ], [ -97.671970932633712, 18.56758207061327, 2116.0 ], [ -97.671966409403325, 18.567610771872562, 2116.0 ], [ -97.671952949366826, 18.567659670314324, 2116.0 ], [ -97.671934873786981, 18.56770112768886, 2116.0 ], [ -97.671914896298503, 18.567730986869329, 2116.0 ], [ -97.671899291565012, 18.567745833980069, 2116.0 ], [ -97.671876999088596, 18.567760546863525, 2116.0 ], [ -97.671852477364538, 18.567779790400078, 2116.0 ], [ -97.67183464338342, 18.567788135210098, 2116.0 ], [ -97.671826711546103, 18.567795735543566, 2116.0 ], [ -97.671824419097135, 18.567802113601189, 2116.0 ], [ -97.671825502336489, 18.567814869716429, 2116.0 ], [ -97.67183129951195, 18.567823159810803, 2116.0 ], [ -97.671843483503366, 18.567835066898894, 2116.0 ], [ -97.671846092799299, 18.56784250796612, 2116.0 ], [ -97.671845935884477, 18.567856327090965, 2116.0 ], [ -97.671843650444586, 18.56786376815819, 2116.0 ], [ -97.671838942646716, 18.56787333524462, 2116.0 ], [ -97.671831215389403, 18.567882902331053, 2116.0 ], [ -97.671812350907004, 18.56789660890194, 2116.0 ], [ -97.671774453697097, 18.567929620702269, 2116.0 ], [ -97.671770065747623, 18.567938178830431, 2116.0 ], [ -97.671769386095107, 18.567943493878449, 2116.0 ], [ -97.671771109825627, 18.567950071540494, 2116.0 ], [ -97.67177891219238, 18.567956264992063, 2116.0 ], [ -97.67180231929261, 18.567958123119485, 2116.0 ], [ -97.671810121659362, 18.567961646811678, 2116.0 ], [ -97.67182126789757, 18.567971098111833, 2116.0 ], [ -97.671831404949344, 18.567983888243383, 2116.0 ], [ -97.671865852851596, 18.568043416781176, 2116.0 ], [ -97.671888170468705, 18.568085937165314, 2116.0 ], [ -97.671908344117938, 18.568129520559058, 2116.0 ], [ -97.671928336924708, 18.568179482010418, 2116.0 ], [ -97.671948470314291, 18.568242199577025, 2116.0 ], [ -97.671963004900832, 18.568305980153234, 2116.0 ], [ -97.671996511531603, 18.568498384891459, 2116.0 ], [ -97.672002107650883, 18.568541968285203, 2116.0 ], [ -97.672003960049523, 18.568574921582911, 2116.0 ] ] } },
{ "type": "Feature", "properties": { "FID": 12, "elev": 2115.0, "elevation": 2115.0, "ELEVATION": 2115.0, "is_master": true, "tipo": "Maestra (5m)" }, "geometry": { "type": "LineString", "coordinates": [ [ -97.67113779450348, 18.568574921582911, 2115.0 ], [ -97.671141347366913, 18.568573162118739, 2115.0 ], [ -97.671144750684974, 18.568574921582911, 2115.0 ] ] } },
{ "type": "Feature", "properties": { "FID": 13, "elev": 2115.0, "elevation": 2115.0, "ELEVATION": 2115.0, "is_master": true, "tipo": "Maestra (5m)" }, "geometry": { "type": "LineString", "coordinates": [ [ -97.671164844842039, 18.568574921582911, 2115.0 ], [ -97.671166983714784, 18.568571920144031, 2115.0 ], [ -97.671193865818694, 18.568554724400443, 2115.0 ], [ -97.671211679391831, 18.568537716246787, 2115.0 ], [ -97.671216199021188, 18.56852921216996, 2115.0 ], [ -97.671215112599768, 18.568515393045114, 2115.0 ], [ -97.671218296218527, 18.568509014987495, 2115.0 ], [ -97.671218222971817, 18.568503699939477, 2115.0 ], [ -97.671214912539071, 18.568501305729775, 2115.0 ], [ -97.671209339419974, 18.568502625971011, 2115.0 ], [ -97.671208239858629, 18.568512204016304, 2115.0 ], [ -97.671194849310297, 18.568520155515454, 2115.0 ], [ -97.671188161567372, 18.568514665722756, 2115.0 ], [ -97.671183703072089, 18.568516323178518, 2115.0 ], [ -97.671181527757867, 18.568521771102738, 2115.0 ], [ -97.671186014751726, 18.568530275179565, 2115.0 ], [ -97.671184938054353, 18.568537716246787, 2115.0 ], [ -97.671180359200633, 18.568542125205667, 2115.0 ], [ -97.671176359668095, 18.568543031294805, 2115.0 ], [ -97.671174786081522, 18.568549563571437, 2115.0 ], [ -97.671164754467142, 18.568552004346458, 2115.0 ], [ -97.671163074896995, 18.568558976438858, 2115.0 ], [ -97.671158178186602, 18.568565354496478, 2115.0 ], [ -97.671149149733651, 18.568569553384414, 2115.0 ], [ -97.671146714074197, 18.56856322847727, 2115.0 ], [ -97.671146779195666, 18.568552598381238, 2115.0 ], [ -97.671153355861279, 18.56853240119877, 2115.0 ], [ -97.671160295971859, 18.568519432481608, 2115.0 ], [ -97.671187226721585, 18.568494132853047, 2115.0 ], [ -97.67119930780558, 18.568470686753905, 2115.0 ], [ -97.67121825641054, 18.568455037722075, 2115.0 ], [ -97.671229231168155, 18.568442045382476, 2115.0 ], [ -97.671247236629881, 18.568433679959075, 2115.0 ], [ -97.671263955987186, 18.568417969651456, 2115.0 ], [ -97.671269529106297, 18.568420680057589, 2115.0 ], [ -97.671275102225394, 18.568429820772035, 2115.0 ], [ -97.671281789968319, 18.568428317372739, 2115.0 ], [ -97.671286248461712, 18.568422911209613, 2115.0 ], [ -97.671287076762042, 18.568416533151993, 2115.0 ], [ -97.671285351096969, 18.568409092084767, 2115.0 ], [ -97.671281789968319, 18.56840499190487, 2115.0 ], [ -97.67127398760158, 18.568404989240687, 2115.0 ], [ -97.671268414482469, 18.568400800609862, 2115.0 ], [ -97.671264935505093, 18.56839420995032, 2115.0 ], [ -97.671264309836019, 18.56838464286389, 2115.0 ], [ -97.671264861619036, 18.568378264806267, 2115.0 ], [ -97.671268503652371, 18.568369760729439, 2115.0 ], [ -97.67128396967712, 18.56835381558539, 2115.0 ], [ -97.671287084431469, 18.568339996460544, 2115.0 ], [ -97.671294018522417, 18.568324051316491, 2115.0 ], [ -97.671311778092175, 18.568303854134026, 2115.0 ], [ -97.671326374921151, 18.568296379847752, 2115.0 ], [ -97.671340865030814, 18.568284883501104, 2115.0 ], [ -97.671346438149925, 18.5682823376134, 2115.0 ], [ -97.671356469764305, 18.568280190011741, 2115.0 ], [ -97.671367616002513, 18.568280165440342, 2115.0 ], [ -97.671382106112191, 18.568283850226035, 2115.0 ], [ -97.671398825469495, 18.568284669038547, 2115.0 ], [ -97.67140551321242, 18.568283759074752, 2115.0 ], [ -97.671414430202987, 18.568278491975487, 2115.0 ], [ -97.671419894754834, 18.568270900836318, 2115.0 ], [ -97.671425530884363, 18.568239010548215, 2115.0 ], [ -97.671434471913926, 18.568215624336936, 2115.0 ], [ -97.671458965981245, 18.568180545020024, 2115.0 ], [ -97.671466974978713, 18.568163536866368, 2115.0 ], [ -97.671469351434055, 18.568151843760731, 2115.0 ], [ -97.671467007245766, 18.56812739453985, 2115.0 ], [ -97.671461390366105, 18.568111449395797, 2115.0 ], [ -97.671442034798446, 18.568073181050071, 2115.0 ], [ -97.67143762380563, 18.568057235906021, 2115.0 ], [ -97.671435260707696, 18.568038101733158, 2115.0 ], [ -97.67143753490528, 18.567970069118537, 2115.0 ], [ -97.671445980990185, 18.567896721455895, 2115.0 ], [ -97.671449801903591, 18.567841444956517, 2115.0 ], [ -97.671456009904247, 18.567807428649207, 2115.0 ], [ -97.671456005105711, 18.567790420495552, 2115.0 ], [ -97.671449130400646, 18.567759593217048, 2115.0 ], [ -97.671436683569794, 18.567728765938547, 2115.0 ], [ -97.671425570108113, 18.5677138838041, 2115.0 ], [ -97.671424629429978, 18.567708568756082, 2115.0 ], [ -97.671425636367204, 18.56770431671767, 2115.0 ], [ -97.671431176651851, 18.567699001669652, 2115.0 ], [ -97.671430895216616, 18.567672426429564, 2115.0 ], [ -97.671439003174115, 18.567657544295116, 2115.0 ], [ -97.671446477412715, 18.567626717016616, 2115.0 ], [ -97.671480369879859, 18.567541676248339, 2115.0 ], [ -97.671488278291903, 18.567517227027459, 2115.0 ], [ -97.671491597230769, 18.567499155864201, 2115.0 ], [ -97.671493227995597, 18.56745344645125, 2115.0 ], [ -97.671496626359129, 18.567419430143939, 2115.0 ], [ -97.671504590885377, 18.567373720730991, 2115.0 ], [ -97.671513531125214, 18.567354586558128, 2115.0 ], [ -97.671538153447088, 18.567331421807186, 2115.0 ], [ -97.671546058580574, 18.5673152552028, 2115.0 ], [ -97.671559290270594, 18.567300373068353, 2115.0 ], [ -97.671565135114349, 18.567275923847472, 2115.0 ], [ -97.671565739200886, 18.567253600645799, 2115.0 ], [ -97.671571442714949, 18.567240844530556, 2115.0 ], [ -97.671569535582506, 18.567236592492144, 2115.0 ], [ -97.671551528932937, 18.567219796940407, 2115.0 ], [ -97.671545017091589, 18.567210017252055, 2115.0 ], [ -97.671533637883073, 18.567185568031178, 2115.0 ], [ -97.671530449037903, 18.567164307839107, 2115.0 ], [ -97.671526849499202, 18.567155803762279, 2115.0 ], [ -97.67151363172303, 18.567144144824805, 2115.0 ], [ -97.671495797741898, 18.567136847192987, 2115.0 ], [ -97.671482422256062, 18.567129228522447, 2115.0 ], [ -97.671473527228514, 18.567120724445363, 2115.0 ], [ -97.671471155941276, 18.567115409397346, 2115.0 ], [ -97.67146874286388, 18.567101590272504, 2115.0 ], [ -97.671470065240328, 18.567085645128451, 2115.0 ], [ -97.671481109035568, 18.567071826003605, 2115.0 ], [ -97.67148271818408, 18.567062258917172, 2115.0 ], [ -97.671476603187088, 18.567045250763517, 2115.0 ], [ -97.671474329605985, 18.56702717960026, 2115.0 ], [ -97.671474432541672, 18.567013360475414, 2115.0 ], [ -97.671480344377088, 18.567000604360171, 2115.0 ], [ -97.671480428709501, 18.566993163292949, 2115.0 ], [ -97.671472154699401, 18.566974029120086, 2115.0 ], [ -97.671468796872333, 18.566960209995241, 2115.0 ], [ -97.671469046770213, 18.566950536607848, 2115.0 ], [ -97.671464588274929, 18.566947567773884, 2115.0 ], [ -97.671455671284363, 18.566931460317289, 2115.0 ], [ -97.67144698254441, 18.566920878639912, 2115.0 ], [ -97.671426691065022, 18.566915454676977, 2115.0 ], [ -97.671420397552907, 18.566908122524669, 2115.0 ], [ -97.671415544826814, 18.566907035588805, 2115.0 ], [ -97.671412200955345, 18.566903931520301, 2115.0 ], [ -97.671410095290724, 18.566899618447842, 2115.0 ], [ -97.671406832354378, 18.566897492428637, 2115.0 ], [ -97.671405592625831, 18.566886862332602, 2115.0 ], [ -97.671395628259063, 18.566877295246169, 2115.0 ], [ -97.671387743463853, 18.566862413111721, 2115.0 ], [ -97.671383220736004, 18.566859895457398, 2115.0 ], [ -97.671377814215489, 18.566849656996482, 2115.0 ], [ -97.671365386754871, 18.566840084514062, 2115.0 ], [ -97.671362042883416, 18.566833955289741, 2115.0 ], [ -97.671352952788396, 18.566827333794809, 2115.0 ], [ -97.671348730398037, 18.566820955737185, 2115.0 ], [ -97.67134516498048, 18.566809262631548, 2115.0 ], [ -97.67134118077027, 18.566778435353047, 2115.0 ], [ -97.671335007504894, 18.566750797103357, 2115.0 ], [ -97.671332145069712, 18.566710402738426, 2115.0 ], [ -97.671323923905788, 18.566691268565563, 2115.0 ], [ -97.671324632736017, 18.56666256730627, 2115.0 ], [ -97.671323147968266, 18.566645559152615, 2115.0 ], [ -97.67131881331315, 18.56663811808539, 2115.0 ], [ -97.671315210367524, 18.566624298960544, 2115.0 ], [ -97.671308540940018, 18.566618990577165, 2115.0 ], [ -97.67129378378506, 18.566611542845305, 2115.0 ], [ -97.671288331657095, 18.566600912749269, 2115.0 ], [ -97.671274923144566, 18.566588156634026, 2115.0 ], [ -97.671271518467506, 18.566581778576406, 2115.0 ], [ -97.671271640767245, 18.566562644403543, 2115.0 ], [ -97.671275102225394, 18.566556023979732, 2115.0 ], [ -97.67128739287692, 18.566545636249888, 2115.0 ], [ -97.671290352508507, 18.56653713217306, 2115.0 ], [ -97.67128967579275, 18.566530754115441, 2115.0 ], [ -97.671282753559098, 18.566519061009803, 2115.0 ], [ -97.671282282797861, 18.566514808971387, 2115.0 ], [ -97.671287643588784, 18.566491422760112, 2115.0 ], [ -97.671288031237282, 18.566482918683285, 2115.0 ], [ -97.671286492287564, 18.566470162568042, 2115.0 ], [ -97.671278170571867, 18.566443587327957, 2115.0 ], [ -97.671282747602874, 18.566421264126284, 2115.0 ], [ -97.671281770064326, 18.56641169703985, 2115.0 ], [ -97.671277331473036, 18.56640422746279, 2115.0 ], [ -97.671259497491903, 18.566386395031415, 2115.0 ], [ -97.671242778134598, 18.56636578662145, 2115.0 ], [ -97.671236090391673, 18.566362640881533, 2115.0 ], [ -97.671229402648748, 18.566362145810317, 2115.0 ], [ -97.671222714905824, 18.566362883042778, 2115.0 ], [ -97.671217141786713, 18.566368134039578, 2115.0 ], [ -97.671212683291429, 18.566368251252531, 2115.0 ], [ -97.671210235285841, 18.566365987626902, 2115.0 ], [ -97.671202590113523, 18.566347916463641, 2115.0 ], [ -97.671202561190981, 18.566344727434831, 2115.0 ], [ -97.671207351804071, 18.566337286367609, 2115.0 ], [ -97.671204954148152, 18.566331971319592, 2115.0 ], [ -97.671203839282185, 18.566322404233158, 2115.0 ], [ -97.671197280789272, 18.566308585108313, 2115.0 ], [ -97.671190156977858, 18.566299018021883, 2115.0 ], [ -97.6711892761912, 18.566294484598576, 2115.0 ], [ -97.671187046914639, 18.566291576954658, 2115.0 ], [ -97.671180359200633, 18.566293606336629, 2115.0 ], [ -97.671173671457709, 18.566292457734043, 2115.0 ], [ -97.671160820500717, 18.566282009868228, 2115.0 ], [ -97.671164783799341, 18.566267127733781, 2115.0 ], [ -97.671170327586239, 18.566260609278665, 2115.0 ], [ -97.671173671457709, 18.566260735439421, 2115.0 ], [ -97.671178129952992, 18.566264954352757, 2115.0 ], [ -97.67118511290569, 18.566278820839418, 2115.0 ], [ -97.671187046943558, 18.566287403657697, 2115.0 ], [ -97.6711892761912, 18.566288967749269, 2115.0 ], [ -97.671201537053221, 18.56627547400657, 2115.0 ], [ -97.671207110172332, 18.566274306725681, 2115.0 ], [ -97.671210865175524, 18.56627669482021, 2115.0 ], [ -97.671214049723957, 18.566284135887436, 2115.0 ], [ -97.671214607580438, 18.566295828993074, 2115.0 ], [ -97.671218479335295, 18.566306459089109, 2115.0 ], [ -97.671219260451608, 18.566317089185141, 2115.0 ], [ -97.671222714905824, 18.566322489719944, 2115.0 ], [ -97.671233861144032, 18.566327946079642, 2115.0 ], [ -97.671253924372806, 18.566332878878328, 2115.0 ], [ -97.671269529106297, 18.566338940826164, 2115.0 ], [ -97.671278446096863, 18.566333439807085, 2115.0 ], [ -97.671285133839788, 18.566332935902381, 2115.0 ], [ -97.671288312173047, 18.566341538406022, 2115.0 ], [ -97.671291280193998, 18.566344727434831, 2115.0 ], [ -97.67132080180204, 18.56635962346483, 2115.0 ], [ -97.671341925987562, 18.566382995780558, 2115.0 ], [ -97.671357805507839, 18.566393625876593, 2115.0 ], [ -97.671376532993079, 18.566412927893076, 2115.0 ], [ -97.671380998411493, 18.56641488606866, 2115.0 ], [ -97.671377043075168, 18.566427642183903, 2115.0 ], [ -97.671382106112191, 18.566432726578892, 2115.0 ], [ -97.671382964453883, 18.566436146260731, 2115.0 ], [ -97.671377414323544, 18.566442524318351, 2115.0 ], [ -97.671377647616907, 18.566446833816745, 2115.0 ], [ -97.671372043412674, 18.566448902375971, 2115.0 ], [ -97.671370186959649, 18.566456343443196, 2115.0 ], [ -97.671370730113367, 18.566462721500816, 2115.0 ], [ -97.671374920503951, 18.566473351596851, 2115.0 ], [ -97.671375312479995, 18.566489296740905, 2115.0 ], [ -97.671386764241589, 18.566511619942577, 2115.0 ], [ -97.671395420382993, 18.566547762269096, 2115.0 ], [ -97.671406579659973, 18.566578589547596, 2115.0 ], [ -97.671416615682674, 18.566591345662836, 2115.0 ], [ -97.67144012494802, 18.566610479835699, 2115.0 ], [ -97.671451414369983, 18.566627487989354, 2115.0 ], [ -97.67145597387983, 18.566645559152615, 2115.0 ], [ -97.671458854514711, 18.566679575459926, 2115.0 ], [ -97.671463338147817, 18.566694457594373, 2115.0 ], [ -97.671471434851739, 18.566711465748028, 2115.0 ], [ -97.671481119676059, 18.566726347882479, 2115.0 ], [ -97.671502519214854, 18.566750797103357, 2115.0 ], [ -97.671510287851575, 18.566763791176712, 2115.0 ], [ -97.671520319465955, 18.566773082067275, 2115.0 ], [ -97.671534809575633, 18.566779352670981, 2115.0 ], [ -97.671549299685296, 18.566789318546608, 2115.0 ], [ -97.671562675171145, 18.566792493535523, 2115.0 ], [ -97.67158273839992, 18.566794098950627, 2115.0 ], [ -97.671598343133411, 18.566798414573881, 2115.0 ], [ -97.671607407481034, 18.566802884573928, 2115.0 ], [ -97.67161621531038, 18.566811388650756, 2115.0 ], [ -97.671619585291225, 18.566824144765995, 2115.0 ], [ -97.671623813869402, 18.566831585833221, 2115.0 ], [ -97.67161752852374, 18.566839026900446, 2115.0 ], [ -97.671615590624, 18.566848593986876, 2115.0 ], [ -97.671615884140294, 18.566874106217359, 2115.0 ], [ -97.671619779200014, 18.566884736313394, 2115.0 ], [ -97.671626208728938, 18.566892955922864, 2115.0 ], [ -97.671651845076809, 18.56690905454731, 2115.0 ], [ -97.671661903124956, 18.566917689611103, 2115.0 ], [ -97.671689758134448, 18.566964462033656, 2115.0 ], [ -97.671706402412809, 18.566998478340967, 2115.0 ], [ -97.671722900003729, 18.567018675523432, 2115.0 ], [ -97.671726472213408, 18.567040998725105, 2115.0 ], [ -97.671742308496533, 18.567059069888362, 2115.0 ], [ -97.671759963587974, 18.567090960176468, 2115.0 ], [ -97.671767522643947, 18.567122850464571, 2115.0 ], [ -97.671773524843914, 18.567136669589416, 2115.0 ], [ -97.671775996537974, 18.56714942570466, 2115.0 ], [ -97.671790058430588, 18.567163169667207, 2115.0 ], [ -97.671793402302512, 18.567169622887125, 2115.0 ], [ -97.671806538038624, 18.567231277444126, 2115.0 ], [ -97.671814395093051, 18.567252537636193, 2115.0 ], [ -97.671824704953011, 18.567272734818662, 2115.0 ], [ -97.671839101878703, 18.567292043365338, 2115.0 ], [ -97.671883686831521, 18.567331901480845, 2115.0 ], [ -97.671897216999866, 18.567346082481301, 2115.0 ], [ -97.671909557411951, 18.567366279663766, 2115.0 ], [ -97.671917226493207, 18.567385413836629, 2115.0 ], [ -97.671939677908952, 18.56747789567213, 2115.0 ], [ -97.671946421321095, 18.567525731104286, 2115.0 ], [ -97.671945262026341, 18.567583133622872, 2115.0 ], [ -97.671935057464935, 18.567635221093443, 2115.0 ], [ -97.671920600001158, 18.567676678467979, 2115.0 ], [ -97.671901567041303, 18.567712820794497, 2115.0 ], [ -97.671887096918269, 18.567729828948153, 2115.0 ], [ -97.671855613654245, 18.567756404188238, 2115.0 ], [ -97.67182352036653, 18.567789357485946, 2115.0 ], [ -97.671820045912796, 18.567797861562774, 2115.0 ], [ -97.671818692961423, 18.567807428649207, 2115.0 ], [ -97.671819923636505, 18.567821247774052, 2115.0 ], [ -97.671823675931989, 18.56783294087969, 2115.0 ], [ -97.671823776697167, 18.56784250796612, 2115.0 ], [ -97.671821524783525, 18.567851012042947, 2115.0 ], [ -97.671810244911029, 18.567869083206208, 2115.0 ], [ -97.671768770276671, 18.567915855628758, 2115.0 ], [ -97.671762267143322, 18.567926485724794, 2115.0 ], [ -97.67176018788544, 18.567939241840037, 2115.0 ], [ -97.671761957448666, 18.567949871936069, 2115.0 ], [ -97.671766622233747, 18.567957313003294, 2115.0 ], [ -97.671795606780265, 18.567978573195365, 2115.0 ], [ -97.671805714767032, 18.56799239232021, 2115.0 ], [ -97.671821512198676, 18.568021093579503, 2115.0 ], [ -97.671843767211385, 18.568067866002057, 2115.0 ], [ -97.671864837304241, 18.568117827453417, 2115.0 ], [ -97.671909427210963, 18.568241136567419, 2115.0 ], [ -97.671927295623121, 18.568310232191646, 2115.0 ], [ -97.671941968544132, 18.56839739897913, 2115.0 ], [ -97.671953108677911, 18.568507951977892, 2115.0 ], [ -97.671953899814142, 18.568574921582911, 2115.0 ] ] } },
{ "type": "Feature", "properties": { "FID": 14, "elev": 2114.0, "elevation": 2114.0, "ELEVATION": 2114.0, "is_master": false, "tipo": "Ordinaria (1m)" }, "geometry": { "type": "LineString", "coordinates": [ [ -97.671217183377152, 18.568574921582911, 2114.0 ], [ -97.671228328071294, 18.56856322847727, 2114.0 ], [ -97.671234845226323, 18.568552598381238, 2114.0 ], [ -97.671253715380828, 18.568498384891459, 2114.0 ], [ -97.671263922356303, 18.568478187708994, 2114.0 ], [ -97.67128736308743, 18.56845594423304, 2114.0 ], [ -97.671309667379646, 18.568427163248028, 2114.0 ], [ -97.671325388121161, 18.568388894902302, 2114.0 ], [ -97.671337409266613, 18.568369760729439, 2114.0 ], [ -97.671349808145379, 18.568355941604594, 2114.0 ], [ -97.671363129048757, 18.568328303354907, 2114.0 ], [ -97.671378762240721, 18.568314300952544, 2114.0 ], [ -97.671393252350398, 18.568307043162175, 2114.0 ], [ -97.671422232569739, 18.568296361352822, 2114.0 ], [ -97.671434653870037, 18.568284719961163, 2114.0 ], [ -97.671440236722447, 18.568273026855525, 2114.0 ], [ -97.671442621418947, 18.568263459769092, 2114.0 ], [ -97.671441123851181, 18.568234758509799, 2114.0 ], [ -97.67144651279196, 18.568228380452179, 2114.0 ], [ -97.671446566284956, 18.568224128413764, 2114.0 ], [ -97.671450098165252, 18.568218219330969, 2114.0 ], [ -97.67147130164139, 18.568203931231299, 2114.0 ], [ -97.671479232438287, 18.568196490164077, 2114.0 ], [ -97.671483732857695, 18.568187986087246, 2114.0 ], [ -97.671493735687832, 18.568158221818351, 2114.0 ], [ -97.671493877239826, 18.568144402693505, 2114.0 ], [ -97.671491288581905, 18.56813696162628, 2114.0 ], [ -97.671454316804784, 18.568066802992451, 2114.0 ], [ -97.671449911711633, 18.568051920858004, 2114.0 ], [ -97.671447520937491, 18.568031723675539, 2114.0 ], [ -97.671448657170416, 18.56799239232021, 2114.0 ], [ -97.671454278004575, 18.567942430868847, 2114.0 ], [ -97.671459304668502, 18.567913729609554, 2114.0 ], [ -97.6714631539528, 18.56784250796612, 2114.0 ], [ -97.671471993652361, 18.567802113601189, 2114.0 ], [ -97.671471456911448, 18.567793609524362, 2114.0 ], [ -97.671467753230758, 18.567782979428326, 2114.0 ], [ -97.671467110844617, 18.567756404188238, 2114.0 ], [ -97.671460906420748, 18.567727702928945, 2114.0 ], [ -97.671464328897059, 18.567637347112651, 2114.0 ], [ -97.671468971506215, 18.567618212939788, 2114.0 ], [ -97.67148006383016, 18.567586322651685, 2114.0 ], [ -97.671503851491892, 18.567536361200322, 2114.0 ], [ -97.671511560380438, 18.567512974989043, 2114.0 ], [ -97.6715139703972, 18.567497029844994, 2114.0 ], [ -97.671515579111784, 18.567406674028696, 2114.0 ], [ -97.671521222106108, 18.567376909759801, 2114.0 ], [ -97.671531388833557, 18.56735883859654, 2114.0 ], [ -97.671562675171145, 18.567331361882623, 2114.0 ], [ -97.671571801153675, 18.567319507241212, 2114.0 ], [ -97.671577393577266, 18.567302499087557, 2114.0 ], [ -97.671576917168935, 18.567265293751436, 2114.0 ], [ -97.67158701986672, 18.567255726665007, 2114.0 ], [ -97.671587333735189, 18.567253600645799, 2114.0 ], [ -97.67158425669831, 18.567250411616989, 2114.0 ], [ -97.671578279904637, 18.567248320295423, 2114.0 ], [ -97.671574721988975, 18.567236592492144, 2114.0 ], [ -97.671551528932937, 18.56721125670084, 2114.0 ], [ -97.671545947143471, 18.567202576184833, 2114.0 ], [ -97.671538136547213, 18.56718663104078, 2114.0 ], [ -97.671534940432934, 18.567163244829505, 2114.0 ], [ -97.671529283887324, 18.567150488714262, 2114.0 ], [ -97.671512517099217, 18.567137876351207, 2114.0 ], [ -97.671488881666335, 18.567123913474177, 2114.0 ], [ -97.671483536879876, 18.567119532025895, 2114.0 ], [ -97.671479199539363, 18.567112220368536, 2114.0 ], [ -97.671479078384593, 18.56710418433325, 2114.0 ], [ -97.671485971706545, 18.567094149205278, 2114.0 ], [ -97.671486095350389, 18.567078204061225, 2114.0 ], [ -97.671488610231293, 18.567065447945986, 2114.0 ], [ -97.671486595681301, 18.567018675523432, 2114.0 ], [ -97.67149214835608, 18.566998478340967, 2114.0 ], [ -97.671491431943537, 18.566992100283343, 2114.0 ], [ -97.671484345881041, 18.566974029120086, 2114.0 ], [ -97.67148044760215, 18.566949579899205, 2114.0 ], [ -97.671463279373981, 18.566933634755156, 2114.0 ], [ -97.671455671284363, 18.566914417945501, 2114.0 ], [ -97.671441181174686, 18.566903016391837, 2114.0 ], [ -97.671434535099948, 18.566894303399827, 2114.0 ], [ -97.671427805688836, 18.566893449442205, 2114.0 ], [ -97.671422232569739, 18.566890218263854, 2114.0 ], [ -97.67140551321242, 18.566873134322865, 2114.0 ], [ -97.671392029747395, 18.566842215929256, 2114.0 ], [ -97.671380899601814, 18.566830522823619, 2114.0 ], [ -97.671376065785495, 18.566819892727583, 2114.0 ], [ -97.671365197753445, 18.566811388650756, 2114.0 ], [ -97.67135971424257, 18.566801821564322, 2114.0 ], [ -97.671348340697477, 18.566750797103357, 2114.0 ], [ -97.671348461992636, 18.566738040988117, 2114.0 ], [ -97.671353382433253, 18.566725284872874, 2114.0 ], [ -97.67135341296607, 18.566718906815254, 2114.0 ], [ -97.671341946967729, 18.566707213709616, 2114.0 ], [ -97.671336484299985, 18.566695520603979, 2114.0 ], [ -97.671333986007113, 18.566684890507943, 2114.0 ], [ -97.671335092208281, 18.566671071383098, 2114.0 ], [ -97.671341126303702, 18.566661504296665, 2114.0 ], [ -97.671340939873673, 18.566649811191027, 2114.0 ], [ -97.671332624776142, 18.56663811808539, 2114.0 ], [ -97.671326233554225, 18.566633866046978, 2114.0 ], [ -97.671325260296413, 18.566620046922132, 2114.0 ], [ -97.671314114059129, 18.566610590565865, 2114.0 ], [ -97.671305721597406, 18.566607290806889, 2114.0 ], [ -97.671304128971684, 18.566600912749269, 2114.0 ], [ -97.671299763977572, 18.566596660710854, 2114.0 ], [ -97.671298657840069, 18.566587093624424, 2114.0 ], [ -97.671293194136013, 18.566579652557198, 2114.0 ], [ -97.671297767449389, 18.566571148480371, 2114.0 ], [ -97.671298187857303, 18.566555203336318, 2114.0 ], [ -97.671301075858963, 18.566542447221078, 2114.0 ], [ -97.671299720407276, 18.56651587198099, 2114.0 ], [ -97.67130319616399, 18.566495674798524, 2114.0 ], [ -97.671303253134184, 18.566482918683285, 2114.0 ], [ -97.671293988906797, 18.566460595481612, 2114.0 ], [ -97.671292564665251, 18.566449965385576, 2114.0 ], [ -97.67129357645176, 18.566444650337559, 2114.0 ], [ -97.671289122002477, 18.566437209270333, 2114.0 ], [ -97.67129149535134, 18.566422327135886, 2114.0 ], [ -97.671287171892828, 18.566396814905403, 2114.0 ], [ -97.671276319108287, 18.56638086976135, 2114.0 ], [ -97.671255030043824, 18.566361735588487, 2114.0 ], [ -97.671252900368799, 18.566355357530867, 2114.0 ], [ -97.671260612115731, 18.566352430803128, 2114.0 ], [ -97.671296280077996, 18.566359324371582, 2114.0 ], [ -97.671306311692376, 18.566362839016708, 2114.0 ], [ -97.671314314368331, 18.566370239665314, 2114.0 ], [ -97.671327482445463, 18.56638724781897, 2114.0 ], [ -97.671348469242218, 18.566402129953421, 2114.0 ], [ -97.671349611046637, 18.566419138107076, 2114.0 ], [ -97.671352011269022, 18.566423477516143, 2114.0 ], [ -97.671358537211717, 18.566427642183903, 2114.0 ], [ -97.67135620504115, 18.566434020241523, 2114.0 ], [ -97.671356147527092, 18.566440398299143, 2114.0 ], [ -97.671362353212913, 18.566464847520024, 2114.0 ], [ -97.67136402426145, 18.566490359750507, 2114.0 ], [ -97.671384396583107, 18.56653394314425, 2114.0 ], [ -97.671396432004727, 18.566580715566804, 2114.0 ], [ -97.671404398588606, 18.566594784173493, 2114.0 ], [ -97.671431149560306, 18.566615932279515, 2114.0 ], [ -97.671442090767371, 18.566629614008562, 2114.0 ], [ -97.671448179397785, 18.566647685171819, 2114.0 ], [ -97.671449890265194, 18.56667851245032, 2114.0 ], [ -97.67145224792894, 18.566688079536753, 2114.0 ], [ -97.67147572167184, 18.566734851959307, 2114.0 ], [ -97.671501259745867, 18.566759301180184, 2114.0 ], [ -97.671510541175167, 18.566779498362653, 2114.0 ], [ -97.671519320948789, 18.56678800243948, 2114.0 ], [ -97.671524777961238, 18.566796657678221, 2114.0 ], [ -97.671541497318557, 18.566798914480714, 2114.0 ], [ -97.671583853023748, 18.566800586448405, 2114.0 ], [ -97.671596113885769, 18.566807333871857, 2114.0 ], [ -97.671602925475781, 18.566814577679565, 2114.0 ], [ -97.671607412778982, 18.566825207775601, 2114.0 ], [ -97.671607575371127, 18.566833711852428, 2114.0 ], [ -97.671604685553987, 18.566848593986876, 2114.0 ], [ -97.671604111065093, 18.566866665150137, 2114.0 ], [ -97.671600943922328, 18.566871980198155, 2114.0 ], [ -97.67160162257575, 18.566874106217359, 2114.0 ], [ -97.671616177114544, 18.566897672886501, 2114.0 ], [ -97.671621750233655, 18.566902827832156, 2114.0 ], [ -97.671637484656074, 18.566911311553483, 2114.0 ], [ -97.67164636610849, 18.566920878639912, 2114.0 ], [ -97.671649887902703, 18.56692938271674, 2114.0 ], [ -97.671651805268823, 18.566958083976033, 2114.0 ], [ -97.671671941744293, 18.566979344168104, 2114.0 ], [ -97.671678723714678, 18.566994226302551, 2114.0 ], [ -97.671683898209338, 18.567013360475414, 2114.0 ], [ -97.671699727180339, 18.567040998725105, 2114.0 ], [ -97.67170423239638, 18.567047680499755, 2114.0 ], [ -97.671714264010774, 18.567055778537775, 2114.0 ], [ -97.671742163902408, 18.567094149205278, 2114.0 ], [ -97.671747750907983, 18.567106905320518, 2114.0 ], [ -97.671762321221053, 18.567153677743072, 2114.0 ], [ -97.671779968762877, 18.567177063954347, 2114.0 ], [ -97.671783610718037, 18.567184505021572, 2114.0 ], [ -97.671795569626141, 18.567240844530556, 2114.0 ], [ -97.671808945261205, 18.567266356761039, 2114.0 ], [ -97.671832419681166, 18.567303562097162, 2114.0 ], [ -97.671880464216216, 18.567354586558128, 2114.0 ], [ -97.671889489313656, 18.567369468692576, 2114.0 ], [ -97.671893903560118, 18.567381161798213, 2114.0 ], [ -97.671897382434253, 18.567397106942266, 2114.0 ], [ -97.671897888892346, 18.567410926067112, 2114.0 ], [ -97.671895160026054, 18.567451320432042, 2114.0 ], [ -97.671891198931647, 18.567480021691338, 2114.0 ], [ -97.671891266273505, 18.567501281883406, 2114.0 ], [ -97.671909591514762, 18.567534235181114, 2114.0 ], [ -97.671917374497667, 18.567560810421202, 2114.0 ], [ -97.671917431610893, 18.567593763718907, 2114.0 ], [ -97.671910560639319, 18.567630969055031, 2114.0 ], [ -97.671898300788285, 18.567669237400754, 2114.0 ], [ -97.671884700887787, 18.567699001669652, 2114.0 ], [ -97.671872603095593, 18.567716009823307, 2114.0 ], [ -97.671834463242192, 18.567756404188238, 2114.0 ], [ -97.671816675168017, 18.567784042437928, 2114.0 ], [ -97.6718121897092, 18.567795735543566, 2114.0 ], [ -97.671808194872455, 18.567824436802862, 2114.0 ], [ -97.671803702039, 18.567840381946912, 2114.0 ], [ -97.671795624068992, 18.567855264081363, 2114.0 ], [ -97.67176112785036, 18.567905225532726, 2114.0 ], [ -97.671752979051178, 18.567924359705586, 2114.0 ], [ -97.671751517769309, 18.567937115820829, 2114.0 ], [ -97.671751894549928, 18.567945619897657, 2114.0 ], [ -97.671755388160364, 18.567956249993692, 2114.0 ], [ -97.671782391293931, 18.56799239232021, 2114.0 ], [ -97.671798015725741, 18.568025345617915, 2114.0 ], [ -97.671821375922775, 18.568082748136504, 2114.0 ], [ -97.671845902699403, 18.568153969779935, 2114.0 ], [ -97.67187377763247, 18.56825601870187, 2114.0 ], [ -97.671891725409935, 18.568338933450939, 2114.0 ], [ -97.671901810920232, 18.568411218103975, 2114.0 ], [ -97.671905192056158, 18.568467557612959, 2114.0 ], [ -97.671903821971512, 18.568574921582911, 2114.0 ] ] } },
{ "type": "Feature", "properties": { "FID": 15, "elev": 2113.0, "elevation": 2113.0, "ELEVATION": 2113.0, "is_master": false, "tipo": "Ordinaria (1m)" }, "geometry": { "type": "LineString", "coordinates": [ [ -97.671252722195447, 18.568574921582911, 2113.0 ], [ -97.671254890380112, 18.568561102458066, 2113.0 ], [ -97.67126501994629, 18.568545157314013, 2113.0 ], [ -97.671276071463495, 18.568511141006702, 2113.0 ], [ -97.67128171339111, 18.568504762949082, 2113.0 ], [ -97.671291967263031, 18.568498384891459, 2113.0 ], [ -97.671291821582713, 18.568491422178557, 2113.0 ], [ -97.671299706514176, 18.568483502757012, 2113.0 ], [ -97.671304159519792, 18.568476061689786, 2113.0 ], [ -97.671310513952292, 18.568459053536131, 2113.0 ], [ -97.671323072620737, 18.568433541305648, 2113.0 ], [ -97.671327373624095, 18.568418659171201, 2113.0 ], [ -97.671335535573661, 18.56840058800794, 2113.0 ], [ -97.671339750407, 18.568394158438842, 2113.0 ], [ -97.671362260370984, 18.568371886748647, 2113.0 ], [ -97.671373299014107, 18.568346374518164, 2113.0 ], [ -97.671384335359832, 18.568335614053026, 2113.0 ], [ -97.67140551321242, 18.568325957022829, 2113.0 ], [ -97.671413315579173, 18.568324241706271, 2113.0 ], [ -97.671417774074456, 18.568327260402086, 2113.0 ], [ -97.671420861289107, 18.568327240345301, 2113.0 ], [ -97.671422654126175, 18.568325114326093, 2113.0 ], [ -97.6714175217068, 18.568321925297283, 2113.0 ], [ -97.671417774074456, 18.56831859998519, 2113.0 ], [ -97.671422232569739, 18.568315945053072, 2113.0 ], [ -97.671428920312664, 18.568315696725389, 2113.0 ], [ -97.67144786891761, 18.568301971088442, 2113.0 ], [ -97.671456785908177, 18.568299747998889, 2113.0 ], [ -97.671471276017854, 18.568301386663247, 2113.0 ], [ -97.671479078384593, 18.56829933113238, 2113.0 ], [ -97.671494794580468, 18.568276215884335, 2113.0 ], [ -97.671497644189444, 18.568266648797906, 2113.0 ], [ -97.671502613908885, 18.56825920773068, 2113.0 ], [ -97.671505848573943, 18.568245388605835, 2113.0 ], [ -97.671508830266575, 18.568242199577025, 2113.0 ], [ -97.671513777481536, 18.568229443461782, 2113.0 ], [ -97.671520164452048, 18.568220939384954, 2113.0 ], [ -97.671516916736479, 18.568213498317732, 2113.0 ], [ -97.67151910134136, 18.568200742202489, 2113.0 ], [ -97.67151554978129, 18.568184797058436, 2113.0 ], [ -97.671516754952236, 18.568168851914386, 2113.0 ], [ -97.671522455341972, 18.568161410847161, 2113.0 ], [ -97.67152278846288, 18.568158221818351, 2113.0 ], [ -97.671519401718626, 18.568143339683903, 2113.0 ], [ -97.671514786678642, 18.56813377259747, 2113.0 ], [ -97.671499126550884, 18.568115701434213, 2113.0 ], [ -97.671470037811005, 18.568074244059677, 2113.0 ], [ -97.671461185457005, 18.568055109886814, 2113.0 ], [ -97.671457582713586, 18.568037038723556, 2113.0 ], [ -97.671458713379934, 18.567994518339415, 2113.0 ], [ -97.671472214316992, 18.567915855628758, 2113.0 ], [ -97.671467648165788, 18.567899910484709, 2113.0 ], [ -97.671467738208094, 18.567890343398275, 2113.0 ], [ -97.671474784622575, 18.567869083206208, 2113.0 ], [ -97.671476598133879, 18.567834003889292, 2113.0 ], [ -97.671490518140402, 18.567797861562774, 2113.0 ], [ -97.671490356952575, 18.567791483505154, 2113.0 ], [ -97.671487995375159, 18.567787361102056, 2113.0 ], [ -97.671480139075001, 18.567781916418721, 2113.0 ], [ -97.671487146137963, 18.567765971274671, 2113.0 ], [ -97.671487200417033, 18.567756404188238, 2113.0 ], [ -97.671480969867446, 18.567720261861719, 2113.0 ], [ -97.671480990694477, 18.567684119535205, 2113.0 ], [ -97.671486633057157, 18.567639473131859, 2113.0 ], [ -97.671497767500398, 18.567605456824545, 2113.0 ], [ -97.671513563130802, 18.567574629546044, 2113.0 ], [ -97.671523565943104, 18.567560810421202, 2113.0 ], [ -97.671539198406919, 18.567543802267544, 2113.0 ], [ -97.671543850413286, 18.567534235181114, 2113.0 ], [ -97.671543980909888, 18.567512974989043, 2113.0 ], [ -97.671540168531209, 18.567499155864201, 2113.0 ], [ -97.671540202188851, 18.567486399748958, 2113.0 ], [ -97.671550377155, 18.567470454604905, 2113.0 ], [ -97.671551841809801, 18.567458761499267, 2113.0 ], [ -97.671537888723932, 18.567413052086319, 2113.0 ], [ -97.671537949739985, 18.567389665875041, 2113.0 ], [ -97.671541337501168, 18.567377972769403, 2113.0 ], [ -97.671548162032067, 18.567366279663766, 2113.0 ], [ -97.671578446503219, 18.567338641414075, 2113.0 ], [ -97.671587273015859, 18.567323759279628, 2113.0 ], [ -97.671590723032196, 18.567307814135575, 2113.0 ], [ -97.671590861246216, 18.567297184039539, 2113.0 ], [ -97.671584680443885, 18.567275923847472, 2113.0 ], [ -97.671584903072386, 18.567266356761039, 2113.0 ], [ -97.671592093476463, 18.567259978703419, 2113.0 ], [ -97.671597442435271, 18.567248285597781, 2113.0 ], [ -97.671596113885769, 18.56724560407033, 2113.0 ], [ -97.671581623776106, 18.567241933754946, 2113.0 ], [ -97.67157044048669, 18.5672238363769, 2113.0 ], [ -97.671553779812712, 18.567207891232847, 2113.0 ], [ -97.671541457207525, 18.567185568031178, 2113.0 ], [ -97.671539464728355, 18.567166433858315, 2113.0 ], [ -97.671534481397259, 18.567150488714262, 2113.0 ], [ -97.671505626919142, 18.567126039493381, 2113.0 ], [ -97.671496674910088, 18.567115409397346, 2113.0 ], [ -97.671497850526052, 18.567107968330124, 2113.0 ], [ -97.671507959356603, 18.567096275224486, 2113.0 ], [ -97.671510567617716, 18.567089897166863, 2113.0 ], [ -97.671509173227747, 18.567079250964625, 2113.0 ], [ -97.671505829356292, 18.567076125497806, 2113.0 ], [ -97.671502485484822, 18.567077562003426, 2113.0 ], [ -97.671499599847607, 18.567075015032415, 2113.0 ], [ -97.671495486962073, 18.56705800687876, 2113.0 ], [ -97.671497952126757, 18.567049502801932, 2113.0 ], [ -97.671504581795688, 18.567045250763517, 2113.0 ], [ -97.671507101802959, 18.567040998725105, 2113.0 ], [ -97.671507814132539, 18.567015486494622, 2113.0 ], [ -97.671511090380719, 18.567000604360171, 2113.0 ], [ -97.67150925695536, 18.566992100283343, 2113.0 ], [ -97.671503019153207, 18.566987848244931, 2113.0 ], [ -97.671501158316332, 18.566983596206516, 2113.0 ], [ -97.671505307150639, 18.566965525043258, 2113.0 ], [ -97.671502652678399, 18.566957020966431, 2113.0 ], [ -97.671494683118084, 18.566943761320324, 2113.0 ], [ -97.67147675166035, 18.566933634755156, 2113.0 ], [ -97.671474859791786, 18.566920878639912, 2113.0 ], [ -97.671469046770213, 18.566911241847933, 2113.0 ], [ -97.671462359027288, 18.566904767864131, 2113.0 ], [ -97.671446780366864, 18.56689855543824, 2113.0 ], [ -97.67144648914099, 18.566887925342204, 2113.0 ], [ -97.671444525046155, 18.566884083222526, 2113.0 ], [ -97.671431149560306, 18.566882084086775, 2113.0 ], [ -97.671424527034731, 18.566877295246169, 2113.0 ], [ -97.671419006143722, 18.566863476121327, 2113.0 ], [ -97.671413142723068, 18.566854972044496, 2113.0 ], [ -97.67140551321242, 18.566849909740021, 2113.0 ], [ -97.671392886155033, 18.566826270785203, 2113.0 ], [ -97.671387679231287, 18.56682115566101, 2113.0 ], [ -97.671383041371257, 18.566805010593136, 2113.0 ], [ -97.671370014866824, 18.566783750401065, 2113.0 ], [ -97.671365362912653, 18.566772057295427, 2113.0 ], [ -97.67136288174791, 18.566762490208994, 2113.0 ], [ -97.671362882360796, 18.566750797103357, 2113.0 ], [ -97.671371113969442, 18.566727410892081, 2113.0 ], [ -97.671372091913796, 18.566716780796046, 2113.0 ], [ -97.671368674010523, 18.566712528757634, 2113.0 ], [ -97.671367951295863, 18.566702961671201, 2113.0 ], [ -97.67136386629366, 18.566693394584771, 2113.0 ], [ -97.671362042883416, 18.56669235349289, 2113.0 ], [ -97.671358699011947, 18.566695005813163, 2113.0 ], [ -97.671356341973038, 18.566694457594373, 2113.0 ], [ -97.671353220352501, 18.566691268565563, 2113.0 ], [ -97.671350614881561, 18.566683827498338, 2113.0 ], [ -97.671351828620587, 18.5666721343927, 2113.0 ], [ -97.671356816662538, 18.56666256730627, 2113.0 ], [ -97.671352867597975, 18.566650874200633, 2113.0 ], [ -97.671352989775187, 18.5666413071142, 2113.0 ], [ -97.671355464612475, 18.56663174002777, 2113.0 ], [ -97.671363083198983, 18.566617920902925, 2113.0 ], [ -97.67136325182156, 18.566609416826097, 2113.0 ], [ -97.671355355140491, 18.566602985171354, 2113.0 ], [ -97.671338635783172, 18.566599165236891, 2113.0 ], [ -97.671326446832367, 18.566593471682044, 2113.0 ], [ -97.671326248785888, 18.566590282653234, 2113.0 ], [ -97.67133016247783, 18.566586030614818, 2113.0 ], [ -97.671330015190705, 18.566581778576406, 2113.0 ], [ -97.671328512884941, 18.566575400518786, 2113.0 ], [ -97.671322967249665, 18.566571148480371, 2113.0 ], [ -97.671322052657672, 18.566564770422751, 2113.0 ], [ -97.671318473476731, 18.566558392365131, 2113.0 ], [ -97.67131872594301, 18.566553077317113, 2113.0 ], [ -97.67132080180204, 18.566551330944193, 2113.0 ], [ -97.671336406535531, 18.56654966556248, 2113.0 ], [ -97.671338992551441, 18.566545636249888, 2113.0 ], [ -97.671338635783172, 18.566543225707665, 2113.0 ], [ -97.671327489544964, 18.566533080842753, 2113.0 ], [ -97.671326198677207, 18.566529691105835, 2113.0 ], [ -97.671333030199307, 18.566513745961785, 2113.0 ], [ -97.671329433111723, 18.566487170721697, 2113.0 ], [ -97.671331095680856, 18.566478666644869, 2113.0 ], [ -97.671328798461019, 18.566457406452802, 2113.0 ], [ -97.671327489544964, 18.566451944218837, 2113.0 ], [ -97.67132080180204, 18.566449014271718, 2113.0 ], [ -97.671313955769349, 18.566435083251129, 2113.0 ], [ -97.671308540940018, 18.566431000102089, 2113.0 ], [ -97.671302967820921, 18.566430706964837, 2113.0 ], [ -97.671301832651039, 18.566428705193506, 2113.0 ], [ -97.67130485681497, 18.566420201116678, 2113.0 ], [ -97.671303919457287, 18.56641169703985, 2113.0 ], [ -97.671311816219244, 18.566400003934213, 2113.0 ], [ -97.671318572554398, 18.566397560167569, 2113.0 ], [ -97.671328083045964, 18.566403192963023, 2113.0 ], [ -97.671330833416434, 18.566407010133872, 2113.0 ], [ -97.671334019244213, 18.566420201116678, 2113.0 ], [ -97.671340649705769, 18.566428705193506, 2113.0 ], [ -97.671340865030814, 18.566431056426612, 2113.0 ], [ -97.671338277053678, 18.566434020241523, 2113.0 ], [ -97.671342027026157, 18.566439335289541, 2113.0 ], [ -97.671345295520481, 18.566453154414386, 2113.0 ], [ -97.67135439870961, 18.566468036548834, 2113.0 ], [ -97.671355120482843, 18.566493548779317, 2113.0 ], [ -97.671359583838566, 18.56651587198099, 2113.0 ], [ -97.671375482674478, 18.566545636249888, 2113.0 ], [ -97.671384541665518, 18.566583904595614, 2113.0 ], [ -97.67138640963303, 18.566599849739664, 2113.0 ], [ -97.671394366974212, 18.56660829930318, 2113.0 ], [ -97.671421117945911, 18.566623117838763, 2113.0 ], [ -97.671433592837957, 18.566637055075788, 2113.0 ], [ -97.671438044675099, 18.566648748181425, 2113.0 ], [ -97.67143792959692, 18.566674260411908, 2113.0 ], [ -97.671439984189504, 18.566687016527151, 2113.0 ], [ -97.671459148508106, 18.566724221863272, 2113.0 ], [ -97.671465675932041, 18.566744419045737, 2113.0 ], [ -97.671476674065147, 18.566755049141772, 2113.0 ], [ -97.671492453870442, 18.566765533003682, 2113.0 ], [ -97.671494555540662, 18.566768868266617, 2113.0 ], [ -97.671495114142573, 18.566779498362653, 2113.0 ], [ -97.671498026989539, 18.566787038314491, 2113.0 ], [ -97.671523841677228, 18.566808199621946, 2113.0 ], [ -97.671530351080349, 18.566815738437178, 2113.0 ], [ -97.671534809575633, 18.566817340058265, 2113.0 ], [ -97.671540382694729, 18.566816724339734, 2113.0 ], [ -97.671553758180579, 18.56680693365108, 2113.0 ], [ -97.671561560547332, 18.566808689165843, 2113.0 ], [ -97.671576050656995, 18.566805082733506, 2113.0 ], [ -97.67158273839992, 18.566807216839482, 2113.0 ], [ -97.671589607269212, 18.566817766708375, 2113.0 ], [ -97.671591933120681, 18.566829459814013, 2113.0 ], [ -97.671590193351449, 18.566867728159739, 2113.0 ], [ -97.671591537639117, 18.566884736313394, 2113.0 ], [ -97.671600200839777, 18.566891114371014, 2113.0 ], [ -97.671612833243088, 18.566909199802861, 2113.0 ], [ -97.671626654578461, 18.56691981563031, 2113.0 ], [ -97.671631969457991, 18.566927256697532, 2113.0 ], [ -97.671632039364567, 18.566934697764758, 2113.0 ], [ -97.671627323352752, 18.566944015503257, 2113.0 ], [ -97.671621884401333, 18.566948516889603, 2113.0 ], [ -97.67162068809904, 18.566957020966431, 2113.0 ], [ -97.671621555369342, 18.566967651062466, 2113.0 ], [ -97.671627509123397, 18.566983596206516, 2113.0 ], [ -97.671629347536069, 18.567002730379379, 2113.0 ], [ -97.671634188724965, 18.567021864552242, 2113.0 ], [ -97.67163411679276, 18.567029305619467, 2113.0 ], [ -97.671629622702525, 18.567035683677087, 2113.0 ], [ -97.671628790561655, 18.567039935715503, 2113.0 ], [ -97.671637354971267, 18.56705481784995, 2113.0 ], [ -97.671650730452996, 18.567064461912938, 2113.0 ], [ -97.671656303572092, 18.567064496832128, 2113.0 ], [ -97.671664105938845, 18.567057156471076, 2113.0 ], [ -97.671669679057942, 18.567056870558151, 2113.0 ], [ -97.671679710672322, 18.567061189221974, 2113.0 ], [ -97.67168897964936, 18.567068636974795, 2113.0 ], [ -97.671705367585218, 18.567075015032415, 2113.0 ], [ -97.671703620712577, 18.567079267070831, 2113.0 ], [ -97.671707576267849, 18.567084322020751, 2113.0 ], [ -97.671708821326376, 18.567089897166863, 2113.0 ], [ -97.671729978021105, 18.567112220368536, 2113.0 ], [ -97.671741113425028, 18.567135606579814, 2113.0 ], [ -97.671752126220412, 18.567166433858315, 2113.0 ], [ -97.671764512236109, 18.567182379002364, 2113.0 ], [ -97.671768052687113, 18.56718982006959, 2113.0 ], [ -97.671775301699938, 18.567216395309678, 2113.0 ], [ -97.671774714299275, 18.567228088415316, 2113.0 ], [ -97.671772065497819, 18.567235529482538, 2113.0 ], [ -97.67177262802015, 18.567250411616989, 2113.0 ], [ -97.671789163798309, 18.567263167732229, 2113.0 ], [ -97.671803528027155, 18.567279112876282, 2113.0 ], [ -97.671822475962898, 18.567316318212402, 2113.0 ], [ -97.671863580062762, 18.567366279663766, 2113.0 ], [ -97.671872809079346, 18.567385413836629, 2113.0 ], [ -97.671873908150999, 18.567402421990284, 2113.0 ], [ -97.671872334181501, 18.567406674028696, 2113.0 ], [ -97.671861291428144, 18.567417304124731, 2113.0 ], [ -97.67186055302848, 18.567439627326404, 2113.0 ], [ -97.671851275886922, 18.567473643633715, 2113.0 ], [ -97.67185170845292, 18.567483210720148, 2113.0 ], [ -97.671844683739948, 18.567489588777768, 2113.0 ], [ -97.67184575274068, 18.567506596931423, 2113.0 ], [ -97.671843232154714, 18.567526794113888, 2113.0 ], [ -97.67184356309258, 18.567529983142702, 2113.0 ], [ -97.671846904245442, 18.56753417317222, 2113.0 ], [ -97.671860342823209, 18.567541676248339, 2113.0 ], [ -97.671874985574604, 18.567553369353977, 2113.0 ], [ -97.67188577938002, 18.56756931449803, 2113.0 ], [ -97.671889557183647, 18.567586322651685, 2113.0 ], [ -97.671889589164422, 18.567601204786133, 2113.0 ], [ -97.671885111073081, 18.567627780026218, 2113.0 ], [ -97.671877009314514, 18.567655418275908, 2113.0 ], [ -97.671861252665636, 18.567692623612032, 2113.0 ], [ -97.671850313683009, 18.567709631765688, 2113.0 ], [ -97.671823399868941, 18.5677447110826, 2113.0 ], [ -97.671803161963538, 18.567778727389911, 2113.0 ], [ -97.671788089130544, 18.567827625831672, 2113.0 ], [ -97.671761024168873, 18.56787652427343, 2113.0 ], [ -97.671749775976025, 18.567900973494311, 2113.0 ], [ -97.671744194998155, 18.567919044657568, 2113.0 ], [ -97.671742348111835, 18.567933926792019, 2113.0 ], [ -97.67174296467816, 18.567947745916864, 2113.0 ], [ -97.671745256968094, 18.567956249993692, 2113.0 ], [ -97.671761294149761, 18.567988140281795, 2113.0 ], [ -97.671776763381501, 18.568027471637123, 2113.0 ], [ -97.671815792552479, 18.568145465703108, 2113.0 ], [ -97.671830392372215, 18.568203931231299, 2113.0 ], [ -97.671843833566086, 18.568276215884335, 2113.0 ], [ -97.671852772035209, 18.568347437527766, 2113.0 ], [ -97.671855693518694, 18.568418659171201, 2113.0 ], [ -97.671851693817104, 18.568495195862649, 2113.0 ], [ -97.671841533785212, 18.568574921582911, 2113.0 ] ] } },
{ "type": "Feature", "properties": { "FID": 16, "elev": 2112.0, "elevation": 2112.0, "ELEVATION": 2112.0, "is_master": false, "tipo": "Ordinaria (1m)" }, "geometry": { "type": "LineString", "coordinates": [ [ -97.671283913061316, 18.568574921582911, 2112.0 ], [ -97.671284801626001, 18.568558976438858, 2112.0 ], [ -97.67129160927341, 18.568537716246787, 2112.0 ], [ -97.671300798285259, 18.568521771102738, 2112.0 ], [ -97.671318688359477, 18.568499447901065, 2112.0 ], [ -97.671324387305248, 18.568487754795427, 2112.0 ], [ -97.671341137382342, 18.568434604315254, 2112.0 ], [ -97.671344084285948, 18.568415470142391, 2112.0 ], [ -97.671349740482611, 18.568403777036753, 2112.0 ], [ -97.671355355140491, 18.568399602679808, 2112.0 ], [ -97.671360928259588, 18.568398168895552, 2112.0 ], [ -97.671387679231287, 18.568398671242594, 2112.0 ], [ -97.671398825469495, 18.568396448320136, 2112.0 ], [ -97.671404398588606, 18.568392246509053, 2112.0 ], [ -97.671407742460062, 18.568392032076986, 2112.0 ], [ -97.671407672796079, 18.568395272959922, 2112.0 ], [ -97.671403062961787, 18.568399524998338, 2112.0 ], [ -97.671402020724457, 18.568405903055957, 2112.0 ], [ -97.671404247318222, 18.568418659171201, 2112.0 ], [ -97.671403283964779, 18.568426235941779, 2112.0 ], [ -97.671401054717137, 18.56842825606164, 2112.0 ], [ -97.671394366974212, 18.568428637745221, 2112.0 ], [ -97.671389109314688, 18.56843141528644, 2112.0 ], [ -97.671391442277525, 18.568442045382476, 2112.0 ], [ -97.671397710845682, 18.568445444872921, 2112.0 ], [ -97.67140551321242, 18.56844542110473, 2112.0 ], [ -97.671411086331531, 18.56844317665875, 2112.0 ], [ -97.671432264184119, 18.568423728909309, 2112.0 ], [ -97.671440066550872, 18.568419681295818, 2112.0 ], [ -97.671442004281502, 18.568417596161595, 2112.0 ], [ -97.671443201430364, 18.568405903055957, 2112.0 ], [ -97.671451255009671, 18.568388894902302, 2112.0 ], [ -97.671456785908177, 18.568382410543723, 2112.0 ], [ -97.67146575919287, 18.568377201796665, 2112.0 ], [ -97.671473472063923, 18.568367634710235, 2112.0 ], [ -97.671483536879876, 18.568360834361126, 2112.0 ], [ -97.6714880503214, 18.56835381558539, 2112.0 ], [ -97.67148962763784, 18.568338933450939, 2112.0 ], [ -97.671482534341138, 18.568321925297283, 2112.0 ], [ -97.671492376667061, 18.568301728114818, 2112.0 ], [ -97.671500149328324, 18.5682964130668, 2112.0 ], [ -97.671501256094743, 18.568282593941955, 2112.0 ], [ -97.671505994370435, 18.568273026855525, 2112.0 ], [ -97.671512314965369, 18.5682655857883, 2112.0 ], [ -97.671526073182349, 18.56825920773068, 2112.0 ], [ -97.671533894965876, 18.568249640644247, 2112.0 ], [ -97.67153844499461, 18.568231569480989, 2112.0 ], [ -97.671538938590913, 18.568204994240904, 2112.0 ], [ -97.671540670959516, 18.568196490164077, 2112.0 ], [ -97.671532304286075, 18.568172040943196, 2112.0 ], [ -97.671533057317788, 18.568151843760731, 2112.0 ], [ -97.671531558765736, 18.568138024635886, 2112.0 ], [ -97.67152788905986, 18.568129520559058, 2112.0 ], [ -97.671512463511533, 18.568108260366987, 2112.0 ], [ -97.671505656668089, 18.568095504251744, 2112.0 ], [ -97.671485766127518, 18.568076390653264, 2112.0 ], [ -97.671474525355137, 18.568062550954039, 2112.0 ], [ -97.671468809024958, 18.568050857848402, 2112.0 ], [ -97.671465357558645, 18.568032786685141, 2112.0 ], [ -97.671466592923778, 18.567999833387432, 2112.0 ], [ -97.671483806416177, 18.567922233686382, 2112.0 ], [ -97.671482879886156, 18.567890343398275, 2112.0 ], [ -97.671485955157294, 18.56787333524462, 2112.0 ], [ -97.67148771622071, 18.5678361299085, 2112.0 ], [ -97.67149464794791, 18.567821247774052, 2112.0 ], [ -97.671520442553259, 18.567791483505154, 2112.0 ], [ -97.67152500228805, 18.567778727389911, 2112.0 ], [ -97.671525058565848, 18.567768097293879, 2112.0 ], [ -97.671523462085901, 18.567763845255463, 2112.0 ], [ -97.671509173227747, 18.567750533836698, 2112.0 ], [ -97.671503666986084, 18.567742585063392, 2112.0 ], [ -97.671504431582065, 18.567700064679254, 2112.0 ], [ -97.671509073197413, 18.567683056525599, 2112.0 ], [ -97.671515847541471, 18.567673489439169, 2112.0 ], [ -97.671514894963366, 18.567662859343134, 2112.0 ], [ -97.671520520203899, 18.567656481285514, 2112.0 ], [ -97.671522548713597, 18.567646806096409, 2112.0 ], [ -97.671539268070916, 18.567635384633384, 2112.0 ], [ -97.671547070437654, 18.567634258131804, 2112.0 ], [ -97.671552643556765, 18.567629736416233, 2112.0 ], [ -97.671564904418787, 18.567628070763888, 2112.0 ], [ -97.67158273839992, 18.567622523225303, 2112.0 ], [ -97.671597228509597, 18.5676107872785, 2112.0 ], [ -97.671604172684383, 18.567592700709305, 2112.0 ], [ -97.671605858061355, 18.567557621392389, 2112.0 ], [ -97.67160815002525, 18.567551243334769, 2112.0 ], [ -97.671628638772773, 18.567536361200322, 2112.0 ], [ -97.67163415760551, 18.567526794113888, 2112.0 ], [ -97.671639584214788, 18.567507491110089, 2112.0 ], [ -97.671655188948279, 18.567493696835054, 2112.0 ], [ -97.671662991315017, 18.567489635917884, 2112.0 ], [ -97.671664053331227, 18.567485336739356, 2112.0 ], [ -97.671661522467531, 18.567474706643321, 2112.0 ], [ -97.671663492463708, 18.567457698489665, 2112.0 ], [ -97.671655457995399, 18.567446005384028, 2112.0 ], [ -97.671649615829168, 18.567444006081196, 2112.0 ], [ -97.671641813462429, 18.567438435467153, 2112.0 ], [ -97.671623979481296, 18.567438633643516, 2112.0 ], [ -97.671617291738372, 18.567432401834555, 2112.0 ], [ -97.671605030876336, 18.567434557588296, 2112.0 ], [ -97.671590540766672, 18.567430089564375, 2112.0 ], [ -97.671578279904637, 18.567422736470363, 2112.0 ], [ -97.671568248290257, 18.567413135608501, 2112.0 ], [ -97.671562546758267, 18.567402421990284, 2112.0 ], [ -97.6715624476969, 18.567386476846231, 2112.0 ], [ -97.67156614865003, 18.567376909759801, 2112.0 ], [ -97.671592936874163, 18.567343956462093, 2112.0 ], [ -97.671599640555542, 18.56732801131804, 2112.0 ], [ -97.671600865615417, 18.567292932001127, 2112.0 ], [ -97.671591754797163, 18.567275923847472, 2112.0 ], [ -97.671590895152349, 18.567270608799454, 2112.0 ], [ -97.671591529370644, 18.567265293751436, 2112.0 ], [ -97.671598292026204, 18.567254663655401, 2112.0 ], [ -97.671599699299179, 18.567248285597781, 2112.0 ], [ -97.671597228509597, 18.5672443204327, 2112.0 ], [ -97.671583853023748, 18.567237694969926, 2112.0 ], [ -97.671571548393771, 18.567218521328883, 2112.0 ], [ -97.671556111794814, 18.567205765213643, 2112.0 ], [ -97.671544805365727, 18.56718344201197, 2112.0 ], [ -97.671542867705909, 18.567164307839107, 2112.0 ], [ -97.671537885087133, 18.567148362695054, 2112.0 ], [ -97.671523663337425, 18.567137986796968, 2112.0 ], [ -97.671518020005792, 18.567127102502987, 2112.0 ], [ -97.671505582127693, 18.567113283378141, 2112.0 ], [ -97.671509173227747, 18.567109112074633, 2112.0 ], [ -97.67152239628642, 18.567102653282106, 2112.0 ], [ -97.671528314225554, 18.567089897166863, 2112.0 ], [ -97.671528307196837, 18.567076078042017, 2112.0 ], [ -97.671525892585066, 18.567069251640213, 2112.0 ], [ -97.671521434089783, 18.567064486713896, 2112.0 ], [ -97.671512517099217, 18.567062658279898, 2112.0 ], [ -97.671509480004957, 18.567060132897968, 2112.0 ], [ -97.671511402475389, 18.567056171597223, 2112.0 ], [ -97.671521434089783, 18.567057143629352, 2112.0 ], [ -97.671524932544116, 18.567052691830742, 2112.0 ], [ -97.671529566538254, 18.566985722225724, 2112.0 ], [ -97.671529800077636, 18.56696658805286, 2112.0 ], [ -97.671526976247108, 18.566954894947223, 2112.0 ], [ -97.671521773784661, 18.566948516889603, 2112.0 ], [ -97.671504714732464, 18.566934760800368, 2112.0 ], [ -97.671491516495664, 18.566916626601497, 2112.0 ], [ -97.671463402504898, 18.56689217738062, 2112.0 ], [ -97.671455805950799, 18.566880484274982, 2112.0 ], [ -97.671445639669969, 18.566874040801384, 2112.0 ], [ -97.671434337288346, 18.566871980198155, 2112.0 ], [ -97.671424356498591, 18.566858161073309, 2112.0 ], [ -97.671423651447824, 18.566849656996482, 2112.0 ], [ -97.67142021362848, 18.566842215929256, 2112.0 ], [ -97.67140551321242, 18.566830720592847, 2112.0 ], [ -97.671400842632266, 18.566823081756393, 2112.0 ], [ -97.671396791189068, 18.566795443506702, 2112.0 ], [ -97.671397952935919, 18.56678800243948, 2112.0 ], [ -97.671393128503311, 18.566780561372255, 2112.0 ], [ -97.6713941883486, 18.566773120305029, 2112.0 ], [ -97.671380991488363, 18.566760504882236, 2112.0 ], [ -97.671380446161663, 18.566758238170582, 2112.0 ], [ -97.671381120720113, 18.566755049141772, 2112.0 ], [ -97.671389733323764, 18.566748671084152, 2112.0 ], [ -97.671393521054355, 18.566740167007321, 2112.0 ], [ -97.671391898220634, 18.566719969824856, 2112.0 ], [ -97.671396645760694, 18.566707213709616, 2112.0 ], [ -97.671397366623623, 18.566698709632789, 2112.0 ], [ -97.671393508585751, 18.566693394584771, 2112.0 ], [ -97.671378762240721, 18.566683814534809, 2112.0 ], [ -97.671372631809717, 18.566681701479133, 2112.0 ], [ -97.671372231307998, 18.566666819344682, 2112.0 ], [ -97.671364008349968, 18.566646622162217, 2112.0 ], [ -97.671364085745282, 18.566640244104597, 2112.0 ], [ -97.671368730626341, 18.566631986198413, 2112.0 ], [ -97.671375418369266, 18.566628291072497, 2112.0 ], [ -97.671385449983646, 18.566627063340611, 2112.0 ], [ -97.671397710845682, 18.566628298534177, 2112.0 ], [ -97.671406627836248, 18.566631692020884, 2112.0 ], [ -97.67141562479982, 18.56663811808539, 2112.0 ], [ -97.671421030656091, 18.566645559152615, 2112.0 ], [ -97.671422965874882, 18.566654063229443, 2112.0 ], [ -97.671422405205078, 18.566661504296665, 2112.0 ], [ -97.671414283908618, 18.566676386431116, 2112.0 ], [ -97.671414172982111, 18.566689142546355, 2112.0 ], [ -97.671417774074456, 18.566695653480178, 2112.0 ], [ -97.671430657814497, 18.566706150700011, 2112.0 ], [ -97.671435547642375, 18.566715717786444, 2112.0 ], [ -97.671449029743457, 18.566727410892081, 2112.0 ], [ -97.67144912602943, 18.566731662930493, 2112.0 ], [ -97.671443567923518, 18.566739103997719, 2112.0 ], [ -97.671442667339775, 18.566750797103357, 2112.0 ], [ -97.671444537712333, 18.5667635532186, 2112.0 ], [ -97.671449987806454, 18.566773120305029, 2112.0 ], [ -97.671459015155818, 18.566779507295504, 2112.0 ], [ -97.671472390641668, 18.566779264822664, 2112.0 ], [ -97.671475830247687, 18.566780561372255, 2112.0 ], [ -97.671482422256062, 18.566788974704359, 2112.0 ], [ -97.671486880751345, 18.566791304855979, 2112.0 ], [ -97.671493568494256, 18.566799489289522, 2112.0 ], [ -97.67151363172303, 18.566815775674517, 2112.0 ], [ -97.671525892585066, 18.566829603215062, 2112.0 ], [ -97.671530351080349, 18.56683086645512, 2112.0 ], [ -97.671556017230998, 18.566830522823619, 2112.0 ], [ -97.671558171575484, 18.566832648842826, 2112.0 ], [ -97.67155933129969, 18.566838180096184, 2112.0 ], [ -97.671569377976553, 18.566848593986876, 2112.0 ], [ -97.67157504781494, 18.566862413111721, 2112.0 ], [ -97.671580264593473, 18.566886862332602, 2112.0 ], [ -97.671588134594614, 18.566910248543877, 2112.0 ], [ -97.671610759927276, 18.566943201841585, 2112.0 ], [ -97.671612555488935, 18.566965525043258, 2112.0 ], [ -97.671617584163201, 18.566983596206516, 2112.0 ], [ -97.671618740749338, 18.567014423485016, 2112.0 ], [ -97.67161864913399, 18.567034620667485, 2112.0 ], [ -97.671612266377252, 18.56705800687876, 2112.0 ], [ -97.671614937687281, 18.567077141051623, 2112.0 ], [ -97.671619520986013, 18.567079506487406, 2112.0 ], [ -97.671623979481296, 18.567078330609988, 2112.0 ], [ -97.671631781848035, 18.567082085282337, 2112.0 ], [ -97.671641813462429, 18.567081200885347, 2112.0 ], [ -97.671664105938845, 18.567089837109823, 2112.0 ], [ -97.671687513039075, 18.567106800762197, 2112.0 ], [ -97.671700917602067, 18.567113283378141, 2112.0 ], [ -97.671713138128126, 18.567124976483779, 2112.0 ], [ -97.671737710083875, 18.567171748906333, 2112.0 ], [ -97.671744526762012, 18.567187694050382, 2112.0 ], [ -97.671746539515411, 18.567198324146418, 2112.0 ], [ -97.67175580086456, 18.567214269290471, 2112.0 ], [ -97.671759472139641, 18.567224899386506, 2112.0 ], [ -97.671756619715964, 18.567228658066394, 2112.0 ], [ -97.671756395922088, 18.567232340453728, 2112.0 ], [ -97.671760052757335, 18.567241907540161, 2112.0 ], [ -97.671763307458889, 18.56726365199216, 2112.0 ], [ -97.671768880577986, 18.567270608798523, 2112.0 ], [ -97.671784716492709, 18.56727804986668, 2112.0 ], [ -97.671793557380141, 18.567287616953109, 2112.0 ], [ -97.671800238661476, 18.567300373068353, 2112.0 ], [ -97.671807831429263, 18.567325885298835, 2112.0 ], [ -97.671823591376693, 18.567347145490903, 2112.0 ], [ -97.67182678890002, 18.567366279663766, 2112.0 ], [ -97.671845991687931, 18.567383287817421, 2112.0 ], [ -97.671850525635492, 18.567392854903854, 2112.0 ], [ -97.671849293998918, 18.567405611019094, 2112.0 ], [ -97.6718368001805, 18.567424745191957, 2112.0 ], [ -97.671831148205555, 18.567437501307197, 2112.0 ], [ -97.671830995894126, 18.567497029844994, 2112.0 ], [ -97.671833708838093, 18.567532109161906, 2112.0 ], [ -97.671858121513594, 18.567576755565252, 2112.0 ], [ -97.671859726262909, 18.567596952747717, 2112.0 ], [ -97.671857188116803, 18.56761927594939, 2112.0 ], [ -97.671841478921763, 18.567668174391152, 2112.0 ], [ -97.671832414136759, 18.567689434583219, 2112.0 ], [ -97.671820132821935, 18.567711757784892, 2112.0 ], [ -97.671798975421154, 18.567745858014014, 2112.0 ], [ -97.671793402302043, 18.567751199296659, 2112.0 ], [ -97.671770173827426, 18.567763845255463, 2112.0 ], [ -97.671769328374452, 18.567769160303481, 2112.0 ], [ -97.671774593649857, 18.567777664380309, 2112.0 ], [ -97.671775217810278, 18.567782979428326, 2112.0 ], [ -97.671772370993622, 18.567807428649207, 2112.0 ], [ -97.671764676216938, 18.567828688841274, 2112.0 ], [ -97.671737385310024, 18.567889280388673, 2112.0 ], [ -97.671732888410233, 18.567909477571138, 2112.0 ], [ -97.67173064125582, 18.567931800772811, 2112.0 ], [ -97.671733030133069, 18.567956249993692, 2112.0 ], [ -97.671760196801017, 18.568038101733158, 2112.0 ], [ -97.671775423564569, 18.568106134347779, 2112.0 ], [ -97.671795899059404, 18.568166725895178, 2112.0 ], [ -97.671804867004198, 18.568206057250507, 2112.0 ], [ -97.671811549631244, 18.568251766663455, 2112.0 ], [ -97.671816029665436, 18.56830279112442, 2112.0 ], [ -97.671816016780895, 18.568368697719837, 2112.0 ], [ -97.671812607563794, 18.568398461988735, 2112.0 ], [ -97.671808106762455, 18.568418659171201, 2112.0 ], [ -97.671801438209016, 18.568436730334458, 2112.0 ], [ -97.671791308616761, 18.568453738488113, 2112.0 ], [ -97.671783370687663, 18.568461339734867, 2112.0 ], [ -97.671768880577986, 18.568467807732866, 2112.0 ], [ -97.671737671111003, 18.568470514108419, 2112.0 ], [ -97.671715378634588, 18.568475777396522, 2112.0 ], [ -97.671693086158172, 18.568484527459962, 2112.0 ], [ -97.671682962064082, 18.568493069843441, 2112.0 ], [ -97.671663566413471, 18.56851645605472, 2112.0 ], [ -97.671664206785749, 18.568523897121942, 2112.0 ], [ -97.671660570412598, 18.56853240119877, 2112.0 ], [ -97.671657442426863, 18.568547283333221, 2112.0 ], [ -97.671659043872552, 18.568557913429256, 2112.0 ], [ -97.671656781268013, 18.568567480515686, 2112.0 ], [ -97.67165868497473, 18.568574921582911, 2112.0 ] ] } },
{ "type": "Feature", "properties": { "FID": 17, "elev": 2113.0, "elevation": 2113.0, "ELEVATION": 2113.0, "is_master": false, "tipo": "Ordinaria (1m)" }, "geometry": { "type": "LineString", "coordinates": [ [ -97.671783066699348, 18.568574921582911, 2113.0 ], [ -97.671784731297421, 18.568566417506084, 2113.0 ], [ -97.671784753646847, 18.568546220323615, 2113.0 ], [ -97.671781310100201, 18.568531338189167, 2113.0 ], [ -97.671775713706623, 18.56851964508353, 2113.0 ], [ -97.671766651330344, 18.568508858662554, 2113.0 ], [ -97.671753275844495, 18.568499281154459, 2113.0 ], [ -97.671741014982473, 18.568495013405776, 2113.0 ], [ -97.671732097991907, 18.568494666853177, 2113.0 ], [ -97.671717607882229, 18.568496051040249, 2113.0 ], [ -97.67170423239638, 18.56850042798084, 2113.0 ], [ -97.671695315405813, 18.568505675990526, 2113.0 ], [ -97.671688627662888, 18.568513234649981, 2113.0 ], [ -97.671681696931984, 18.568535590227583, 2113.0 ], [ -97.671676026915577, 18.568574921582911, 2113.0 ] ] } },
{ "type": "Feature", "properties": { "FID": 18, "elev": 2114.0, "elevation": 2114.0, "ELEVATION": 2114.0, "is_master": false, "tipo": "Ordinaria (1m)" }, "geometry": { "type": "LineString", "coordinates": [ [ -97.671755322251641, 18.568574921582911, 2114.0 ], [ -97.671762425268469, 18.568557913429256, 2114.0 ], [ -97.671762385572094, 18.568540905275597, 2114.0 ], [ -97.671759791409755, 18.568534527217977, 2114.0 ], [ -97.671755505092136, 18.568528031946371, 2114.0 ], [ -97.671743244230115, 18.568517718378622, 2114.0 ], [ -97.671732097991907, 18.568514111801754, 2114.0 ], [ -97.67172318100134, 18.568514104761952, 2114.0 ], [ -97.671708690891663, 18.568519506221914, 2114.0 ], [ -97.671698856805548, 18.568530275179565, 2114.0 ], [ -97.671693889592603, 18.568545157314013, 2114.0 ], [ -97.671690967680604, 18.568574921582911, 2114.0 ] ] } },
{ "type": "Feature", "properties": { "FID": 19, "elev": 2111.0, "elevation": 2111.0, "ELEVATION": 2111.0, "is_master": false, "tipo": "Ordinaria (1m)" }, "geometry": { "type": "LineString", "coordinates": [ [ -97.671296150846246, 18.568574921582911, 2111.0 ], [ -97.671300676649722, 18.568567480515686, 2111.0 ], [ -97.671307267084217, 18.568562165467668, 2111.0 ], [ -97.671307527645638, 18.568558976438858, 2111.0 ], [ -97.671312999435301, 18.568555060087686, 2111.0 ], [ -97.671312365252788, 18.568547283333221, 2111.0 ], [ -97.671323031049681, 18.568536709185057, 2111.0 ], [ -97.671336615078062, 18.56851645605472, 2111.0 ], [ -97.671341158886193, 18.568505825958685, 2111.0 ], [ -97.671346389688026, 18.568485628776219, 2111.0 ], [ -97.671350896645208, 18.568478459115703, 2111.0 ], [ -97.671355355140491, 18.568476213548301, 2111.0 ], [ -97.671364272131058, 18.568477581971678, 2111.0 ], [ -97.671370959873983, 18.568476149413883, 2111.0 ], [ -97.671383220736004, 18.568463458583505, 2111.0 ], [ -97.67140551321242, 18.56845928005264, 2111.0 ], [ -97.67141888869827, 18.568454853246664, 2111.0 ], [ -97.671436691717631, 18.568440982372874, 2111.0 ], [ -97.671439170079722, 18.568437793344064, 2111.0 ], [ -97.671438849824099, 18.56843141528644, 2111.0 ], [ -97.671446754293797, 18.568430106042975, 2111.0 ], [ -97.67145121278908, 18.568425169188632, 2111.0 ], [ -97.671455688592175, 18.568411218103975, 2111.0 ], [ -97.671463249742118, 18.56839739897913, 2111.0 ], [ -97.671479022453653, 18.568380390825475, 2111.0 ], [ -97.671483436345184, 18.568370823739045, 2111.0 ], [ -97.671490224622801, 18.568367842329298, 2111.0 ], [ -97.671498761857109, 18.56835381558539, 2111.0 ], [ -97.671497056705505, 18.568344248498956, 2111.0 ], [ -97.671496696377801, 18.568316610249266, 2111.0 ], [ -97.671510287851248, 18.568283656951561, 2111.0 ], [ -97.671514779372743, 18.568276215884335, 2111.0 ], [ -97.671521302785933, 18.568269837826715, 2111.0 ], [ -97.671536916337132, 18.568260270740282, 2111.0 ], [ -97.67154472911632, 18.568242199577025, 2111.0 ], [ -97.671552825199157, 18.568230506471387, 2111.0 ], [ -97.671552364235751, 18.568213498317732, 2111.0 ], [ -97.67155373769117, 18.568209246279316, 2111.0 ], [ -97.67154948130927, 18.568189049096851, 2111.0 ], [ -97.671542318913154, 18.568169914923988, 2111.0 ], [ -97.671541713614886, 18.568135898616678, 2111.0 ], [ -97.67153600088119, 18.568118890463023, 2111.0 ], [ -97.671524845174744, 18.568097630270952, 2111.0 ], [ -97.671522114010315, 18.568080622117296, 2111.0 ], [ -97.671519204842141, 18.568077109611178, 2111.0 ], [ -97.671508058603933, 18.568077552304516, 2111.0 ], [ -97.671504714732464, 18.56807620096372, 2111.0 ], [ -97.671485766127518, 18.568060055834273, 2111.0 ], [ -97.671477919512952, 18.568049794838796, 2111.0 ], [ -97.671473200088172, 18.568033849694743, 2111.0 ], [ -97.671474375139738, 18.568003022416242, 2111.0 ], [ -97.671487115791578, 18.567966880089728, 2111.0 ], [ -97.671493850328801, 18.567931800772811, 2111.0 ], [ -97.671496108838397, 18.567896721455895, 2111.0 ], [ -97.671496604400588, 18.567844633985327, 2111.0 ], [ -97.671501163698608, 18.567830814860482, 2111.0 ], [ -97.671509173227747, 18.567821142264414, 2111.0 ], [ -97.671524777961238, 18.567812527590874, 2111.0 ], [ -97.671551528932937, 18.567805397119741, 2111.0 ], [ -97.671557102052049, 18.56780105058699, 2111.0 ], [ -97.671564904416414, 18.567789357485946, 2111.0 ], [ -97.671571791525324, 18.567770223313083, 2111.0 ], [ -97.671579294337562, 18.567728765938547, 2111.0 ], [ -97.671602841084407, 18.567674552448771, 2111.0 ], [ -97.671616375671022, 18.567622464978204, 2111.0 ], [ -97.671622038250135, 18.56758525964208, 2111.0 ], [ -97.671621721757859, 18.567558684401995, 2111.0 ], [ -97.67162509410511, 18.567554543868084, 2111.0 ], [ -97.671630667224221, 18.567553481560545, 2111.0 ], [ -97.671638576820598, 18.567545928286751, 2111.0 ], [ -97.671655188947852, 18.567508722950631, 2111.0 ], [ -97.671661064094479, 18.567502344893011, 2111.0 ], [ -97.671674069743418, 18.567493840816184, 2111.0 ], [ -97.671673971157446, 18.567471517614511, 2111.0 ], [ -97.671679775288197, 18.567460887518475, 2111.0 ], [ -97.671678495714119, 18.56744706839363, 2111.0 ], [ -97.671685199212931, 18.567428997230369, 2111.0 ], [ -97.671683125136639, 18.567418367134337, 2111.0 ], [ -97.671686465388362, 18.567410926067112, 2111.0 ], [ -97.671685917447434, 18.567406674028696, 2111.0 ], [ -97.671662991315017, 18.567380645686228, 2111.0 ], [ -97.671654634381738, 18.567383287817421, 2111.0 ], [ -97.671642928086243, 18.567395100108985, 2111.0 ], [ -97.671630667224221, 18.567400269312529, 2111.0 ], [ -97.671622864857468, 18.567405599007685, 2111.0 ], [ -97.671612833243088, 18.567408837086568, 2111.0 ], [ -97.671602801628694, 18.567408687304461, 2111.0 ], [ -97.671599457757239, 18.567406785924444, 2111.0 ], [ -97.671592815509158, 18.567400295971076, 2111.0 ], [ -97.671590383143098, 18.567394980923059, 2111.0 ], [ -97.671590371724193, 18.567385413836629, 2111.0 ], [ -97.67160395996325, 18.567357775586938, 2111.0 ], [ -97.671610909742952, 18.567331200346853, 2111.0 ], [ -97.671608492362324, 18.567287616953109, 2111.0 ], [ -97.671596966530544, 18.567272734818662, 2111.0 ], [ -97.671597135037985, 18.567264230741834, 2111.0 ], [ -97.67160184931771, 18.567256789674609, 2111.0 ], [ -97.671601734340257, 18.567248285597781, 2111.0 ], [ -97.671599457757239, 18.567244073748768, 2111.0 ], [ -97.671589754617457, 18.567237655501746, 2111.0 ], [ -97.671573802013356, 18.567215332300073, 2111.0 ], [ -97.671559714543051, 18.567205765213643, 2111.0 ], [ -97.67155015273778, 18.56718344201197, 2111.0 ], [ -97.671548275560227, 18.567166433858315, 2111.0 ], [ -97.671541488293258, 18.567146236675846, 2111.0 ], [ -97.671538153447088, 18.567142218143729, 2111.0 ], [ -97.671532580327991, 18.567140666635456, 2111.0 ], [ -97.6715269311578, 18.567135606579814, 2111.0 ], [ -97.671528191833232, 18.567117535416553, 2111.0 ], [ -97.671534940159177, 18.567103716291708, 2111.0 ], [ -97.671538475715863, 18.567083519109243, 2111.0 ], [ -97.671541822515351, 18.567025053581052, 2111.0 ], [ -97.671540079151498, 18.566984659216121, 2111.0 ], [ -97.671542849699705, 18.56696977708167, 2111.0 ], [ -97.671542916623153, 18.566957020966431, 2111.0 ], [ -97.671540339455021, 18.566949579899205, 2111.0 ], [ -97.671535198809352, 18.566943201841585, 2111.0 ], [ -97.671515730739713, 18.566931508735948, 2111.0 ], [ -97.671502096129927, 18.566911311553483, 2111.0 ], [ -97.671469927281592, 18.566886862332602, 2111.0 ], [ -97.671456060949595, 18.566873043207757, 2111.0 ], [ -97.671453442036722, 18.566864489803336, 2111.0 ], [ -97.67144786891761, 18.56686224262905, 2111.0 ], [ -97.671442306550503, 18.566857098063704, 2111.0 ], [ -97.671444525046155, 18.566838767425661, 2111.0 ], [ -97.671450098165252, 18.566830555531606, 2111.0 ], [ -97.671461343849458, 18.566819892727583, 2111.0 ], [ -97.671469980099786, 18.566805010593136, 2111.0 ], [ -97.671468893928818, 18.56679756952591, 2111.0 ], [ -97.671472390641668, 18.566795168590428, 2111.0 ], [ -97.671474866063903, 18.566795443506702, 2111.0 ], [ -97.671477303827686, 18.566798632535512, 2111.0 ], [ -97.67147700027239, 18.56680394758353, 2111.0 ], [ -97.671482610884709, 18.56680713661234, 2111.0 ], [ -97.671514746346858, 18.566834933907742, 2111.0 ], [ -97.671533694951805, 18.566836863582655, 2111.0 ], [ -97.671537158125517, 18.566839026900446, 2111.0 ], [ -97.671559401220733, 18.566869854178947, 2111.0 ], [ -97.671573946520198, 18.566899618447842, 2111.0 ], [ -97.671579138757295, 18.566924067668722, 2111.0 ], [ -97.671584952112738, 18.56693257174555, 2111.0 ], [ -97.671600632844147, 18.566947453879997, 2111.0 ], [ -97.671609779650055, 18.566976155139294, 2111.0 ], [ -97.671610304432491, 18.56701761251383, 2111.0 ], [ -97.671612005206597, 18.567028242609862, 2111.0 ], [ -97.671609247505543, 18.567036746686689, 2111.0 ], [ -97.671606882266502, 18.567055880859552, 2111.0 ], [ -97.671609158836574, 18.567081393090035, 2111.0 ], [ -97.671616116039274, 18.567103716291708, 2111.0 ], [ -97.671619520986013, 18.567106285231585, 2111.0 ], [ -97.67163034606142, 18.567104779301314, 2111.0 ], [ -97.671640698838601, 18.567114562070852, 2111.0 ], [ -97.67165741819592, 18.567117368372188, 2111.0 ], [ -97.67167748142468, 18.567130130844298, 2111.0 ], [ -97.671690591215324, 18.567144110656642, 2111.0 ], [ -97.671693270125218, 18.567155803762279, 2111.0 ], [ -97.6717071709501, 18.567170685896727, 2111.0 ], [ -97.671727639496623, 18.567186600915001, 2111.0 ], [ -97.671733165684202, 18.567205765213643, 2111.0 ], [ -97.67174341727673, 18.567224899386506, 2111.0 ], [ -97.671743518130839, 18.567229151424918, 2111.0 ], [ -97.67173953030354, 18.567237655501746, 2111.0 ], [ -97.671739788064457, 18.567241907540161, 2111.0 ], [ -97.671746748350998, 18.567251474626591, 2111.0 ], [ -97.671755735541794, 18.567272734818662, 2111.0 ], [ -97.671768536704676, 18.567282301905092, 2111.0 ], [ -97.671772224449455, 18.56728827285265, 2111.0 ], [ -97.671778533220277, 18.567291868991521, 2111.0 ], [ -97.671785689724445, 18.567301436077955, 2111.0 ], [ -97.67179142208748, 18.567313129183592, 2111.0 ], [ -97.671796668899162, 18.567333326366057, 2111.0 ], [ -97.671813578064956, 18.567353523548523, 2111.0 ], [ -97.671817755992365, 18.567367342673368, 2111.0 ], [ -97.671823596406696, 18.567376909759801, 2111.0 ], [ -97.671826049567798, 18.567385413836629, 2111.0 ], [ -97.671824884829476, 18.567403484999886, 2111.0 ], [ -97.671807777764698, 18.567424745191957, 2111.0 ], [ -97.671803114704915, 18.567438564316802, 2111.0 ], [ -97.671804472543172, 18.567449194412838, 2111.0 ], [ -97.671815961130122, 18.56747789567213, 2111.0 ], [ -97.671820429016918, 18.567495966835388, 2111.0 ], [ -97.671826018520719, 18.567553369353977, 2111.0 ], [ -97.671825986471745, 18.567571440517234, 2111.0 ], [ -97.67182142572041, 18.56758207061327, 2111.0 ], [ -97.671814580154646, 18.567587465888426, 2111.0 ], [ -97.671804548540251, 18.567589314826865, 2111.0 ], [ -97.671796746173513, 18.567585077105079, 2111.0 ], [ -97.671793584695038, 18.567586322651685, 2111.0 ], [ -97.671792674021944, 18.567589511680495, 2111.0 ], [ -97.671794485439321, 18.567593763718907, 2111.0 ], [ -97.671805645186268, 18.567604393814943, 2111.0 ], [ -97.671810316921921, 18.56761608692058, 2111.0 ], [ -97.67181265193679, 18.567626717016616, 2111.0 ], [ -97.6718126315116, 18.567638410122253, 2111.0 ], [ -97.671810187711145, 18.567649040218289, 2111.0 ], [ -97.671796746173513, 18.567676857937133, 2111.0 ], [ -97.67179228767823, 18.567681030163541, 2111.0 ], [ -97.671777797568552, 18.567687289352996, 2111.0 ], [ -97.67177117082494, 18.567693686621634, 2111.0 ], [ -97.671773073686651, 18.5677138838041, 2111.0 ], [ -97.671776924878586, 18.567722387880927, 2111.0 ], [ -97.671776884805737, 18.567727702928945, 2111.0 ], [ -97.671771109825627, 18.56774009513099, 2111.0 ], [ -97.671764422082703, 18.567741376269616, 2111.0 ], [ -97.671761997990799, 18.567743648072998, 2111.0 ], [ -97.671755471315663, 18.567759593217048, 2111.0 ], [ -97.671748524027151, 18.567782979428326, 2111.0 ], [ -97.671739031329906, 18.567835066898894, 2111.0 ], [ -97.671734068883026, 18.567848886023739, 2111.0 ], [ -97.671728754120437, 18.567856131273405, 2111.0 ], [ -97.671720951753699, 18.567861548344016, 2111.0 ], [ -97.671707576267849, 18.567862941372944, 2111.0 ], [ -97.671700888524924, 18.567860421889129, 2111.0 ], [ -97.671694200781999, 18.567860422446895, 2111.0 ], [ -97.671689512222017, 18.567862705148585, 2111.0 ], [ -97.671685128141064, 18.567869083206208, 2111.0 ], [ -97.671685154358144, 18.567878650292638, 2111.0 ], [ -97.671688592525896, 18.567885028350258, 2111.0 ], [ -97.671694200781999, 18.56788949207024, 2111.0 ], [ -97.671707576267849, 18.567894673217879, 2111.0 ], [ -97.671712034763956, 18.567899910484709, 2111.0 ], [ -97.671714405947881, 18.567906288542328, 2111.0 ], [ -97.671715716703673, 18.567916918638364, 2111.0 ], [ -97.671715097307811, 18.567948808926467, 2111.0 ], [ -97.671717298054602, 18.567962628051312, 2111.0 ], [ -97.671725365664031, 18.567993455329812, 2111.0 ], [ -97.671741114634273, 18.568039164742761, 2111.0 ], [ -97.67174689632553, 18.568068929011659, 2111.0 ], [ -97.671748170354931, 18.56809656726135, 2111.0 ], [ -97.671746588104369, 18.56813377259747, 2111.0 ], [ -97.67177009570068, 18.568162473856763, 2111.0 ], [ -97.671774536540752, 18.568172040943196, 2111.0 ], [ -97.671779104250632, 18.568189049096851, 2111.0 ], [ -97.671783644834619, 18.568217750356144, 2111.0 ], [ -97.6717870505273, 18.568261333749888, 2111.0 ], [ -97.671787010476947, 18.568320862287681, 2111.0 ], [ -97.671783624512884, 18.568352752575784, 2111.0 ], [ -97.671774565860503, 18.568388894902302, 2111.0 ], [ -97.671765606919053, 18.568408029075165, 2111.0 ], [ -97.671756619715964, 18.568420865201883, 2111.0 ], [ -97.671744358853928, 18.568432669829306, 2111.0 ], [ -97.671732097991907, 18.568440931143495, 2111.0 ], [ -97.671676366800867, 18.568466334844686, 2111.0 ], [ -97.671652959700637, 18.568487384640296, 2111.0 ], [ -97.671649451659775, 18.568496258872255, 2111.0 ], [ -97.671649177941234, 18.568507951977892, 2111.0 ], [ -97.671645515605832, 18.56851964508353, 2111.0 ], [ -97.67164421701338, 18.56853240119877, 2111.0 ], [ -97.671645431658405, 18.568541968285203, 2111.0 ], [ -97.671641651266739, 18.568551535371633, 2111.0 ], [ -97.671641885762341, 18.56856003944846, 2111.0 ], [ -97.671635946914009, 18.568574921582911, 2111.0 ] ] } },
{ "type": "Feature", "properties": { "FID": 20, "elev": 2110.0, "elevation": 2110.0, "ELEVATION": 2110.0, "is_master": true, "tipo": "Maestra (5m)" }, "geometry": { "type": "LineString", "coordinates": [ [ -97.671390028274956, 18.568574921582911, 2110.0 ], [ -97.671396798579153, 18.568564291486876, 2110.0 ], [ -97.671397856397931, 18.56855366139084, 2110.0 ], [ -97.671393143226382, 18.568540905275597, 2110.0 ], [ -97.671373311832497, 18.56851645605472, 2110.0 ], [ -97.671367410677078, 18.568501573920269, 2110.0 ], [ -97.67136883636141, 18.568492006833839, 2110.0 ], [ -97.671388541280251, 18.568468620622564, 2110.0 ], [ -97.671413315579173, 18.568465639629046, 2110.0 ], [ -97.671421117945911, 18.568463263160197, 2110.0 ], [ -97.671438951927044, 18.568451735278728, 2110.0 ], [ -97.671454603679408, 18.568437793344064, 2110.0 ], [ -97.671467904918927, 18.568405903055957, 2110.0 ], [ -97.67147461988931, 18.568397232673188, 2110.0 ], [ -97.671490351023436, 18.568382516844682, 2110.0 ], [ -97.671495934269984, 18.568372949758253, 2110.0 ], [ -97.671501458393209, 18.568354878594992, 2110.0 ], [ -97.671501108679948, 18.568338933450939, 2110.0 ], [ -97.671503593214069, 18.568316610249266, 2110.0 ], [ -97.671512459303912, 18.56829960209561, 2110.0 ], [ -97.671518419123714, 18.568292161028388, 2110.0 ], [ -97.671529167864293, 18.568283656951561, 2110.0 ], [ -97.671531309845747, 18.568277278893937, 2110.0 ], [ -97.671542611942371, 18.568267975165742, 2110.0 ], [ -97.671548092351742, 18.568253892682662, 2110.0 ], [ -97.671551528932937, 18.568249594758942, 2110.0 ], [ -97.671554872804407, 18.568246509195124, 2110.0 ], [ -97.671565002114903, 18.568242199577025, 2110.0 ], [ -97.671576050656995, 18.568231555260127, 2110.0 ], [ -97.671586496556344, 18.568228380452179, 2110.0 ], [ -97.671592507867601, 18.568223065404162, 2110.0 ], [ -97.671585260969621, 18.568218813365746, 2110.0 ], [ -97.671573769766553, 18.568203931231299, 2110.0 ], [ -97.671567022204044, 18.568191175116059, 2110.0 ], [ -97.671564252245275, 18.568164599875971, 2110.0 ], [ -97.671561231958805, 18.568156095799143, 2110.0 ], [ -97.671553672227006, 18.568150780751125, 2110.0 ], [ -97.671549504673592, 18.568116764443815, 2110.0 ], [ -97.671540401912381, 18.568087000174916, 2110.0 ], [ -97.671533694951805, 18.568079559108543, 2110.0 ], [ -97.671509173227747, 18.568063573078657, 2110.0 ], [ -97.671496716230209, 18.568052983867606, 2110.0 ], [ -97.671489009613609, 18.568045542800384, 2110.0 ], [ -97.671483431380508, 18.568033849694743, 2110.0 ], [ -97.671482518294141, 18.568020030569897, 2110.0 ], [ -97.671484370653602, 18.56800514843545, 2110.0 ], [ -97.671500227509767, 18.567973258147347, 2110.0 ], [ -97.671506158949356, 18.567950934945674, 2110.0 ], [ -97.671504391262431, 18.567889280388673, 2110.0 ], [ -97.671505610472465, 18.567848886023739, 2110.0 ], [ -97.671507872833303, 18.567840381946912, 2110.0 ], [ -97.671512664167636, 18.56783294087969, 2110.0 ], [ -97.671517931582713, 18.567828688841274, 2110.0 ], [ -97.671529236456522, 18.567825211150375, 2110.0 ], [ -97.671540382694729, 18.567827604851217, 2110.0 ], [ -97.671561560547332, 18.567842689455563, 2110.0 ], [ -97.671568248290257, 18.567843330026879, 2110.0 ], [ -97.671574936033181, 18.567840424046302, 2110.0 ], [ -97.671588484328922, 18.567825499812464, 2110.0 ], [ -97.671615019204367, 18.567787231466738, 2110.0 ], [ -97.671637470273055, 18.567759593217048, 2110.0 ], [ -97.671656142032404, 18.567705379727272, 2110.0 ], [ -97.671666205579058, 18.567687308564015, 2110.0 ], [ -97.671679710672322, 18.56767853192062, 2110.0 ], [ -97.671708690891663, 18.567673615987932, 2110.0 ], [ -97.671728754120437, 18.567665365008626, 2110.0 ], [ -97.671737671111003, 18.567669028967497, 2110.0 ], [ -97.671747748220241, 18.567680930506391, 2110.0 ], [ -97.671755678424574, 18.56770431671767, 2110.0 ], [ -97.671756946377997, 18.567711757784892, 2110.0 ], [ -97.671755581305732, 18.567723450890533, 2110.0 ], [ -97.671752051054369, 18.567730891957755, 2110.0 ], [ -97.671742129606287, 18.567743779128975, 2110.0 ], [ -97.671715378634588, 18.567767524904092, 2110.0 ], [ -97.671707783639718, 18.567777664380309, 2110.0 ], [ -97.671705109866195, 18.567786168457136, 2110.0 ], [ -97.67170508413723, 18.567792546514756, 2110.0 ], [ -97.67171879217004, 18.567822310783654, 2110.0 ], [ -97.671718904899038, 18.567837192918102, 2110.0 ], [ -97.671714009239608, 18.567845696994929, 2110.0 ], [ -97.671708690891663, 18.567849671945535, 2110.0 ], [ -97.671694200781999, 18.567852933695889, 2110.0 ], [ -97.671685283791433, 18.567858190932917, 2110.0 ], [ -97.671680552978614, 18.567866957187, 2110.0 ], [ -97.671680120924577, 18.567877587283036, 2110.0 ], [ -97.67168282580991, 18.567891406407881, 2110.0 ], [ -97.671691023011334, 18.567906288542328, 2110.0 ], [ -97.671691879824806, 18.567917981647966, 2110.0 ], [ -97.671689407899564, 18.567936052811227, 2110.0 ], [ -97.67168942041674, 18.567954123974484, 2110.0 ], [ -97.67169287325251, 18.567974321156949, 2110.0 ], [ -97.671699502942829, 18.567994518339415, 2110.0 ], [ -97.67171780357954, 18.568033849694743, 2110.0 ], [ -97.671724505789925, 18.568059361925229, 2110.0 ], [ -97.671725097275782, 18.568074244059677, 2110.0 ], [ -97.671723382786681, 18.568087000174916, 2110.0 ], [ -97.671717629180776, 18.568097630270952, 2110.0 ], [ -97.67170293454673, 18.568112512405403, 2110.0 ], [ -97.67170073794432, 18.568116764443815, 2110.0 ], [ -97.671700771551286, 18.568129520559058, 2110.0 ], [ -97.671705347020207, 18.568138097000389, 2110.0 ], [ -97.67172318100134, 18.568146536586859, 2110.0 ], [ -97.671748817349211, 18.568163459938042, 2110.0 ], [ -97.671756619715964, 18.568171969515671, 2110.0 ], [ -97.67176003789568, 18.568178419000816, 2110.0 ], [ -97.671763631599021, 18.568193301135263, 2110.0 ], [ -97.671766985429471, 18.568246451615437, 2110.0 ], [ -97.671766943690699, 18.568277278893937, 2110.0 ], [ -97.671763594076438, 18.5682964130668, 2110.0 ], [ -97.671754086480007, 18.568321925297283, 2110.0 ], [ -97.671753589000716, 18.568343185489354, 2110.0 ], [ -97.67175007561012, 18.568361256652612, 2110.0 ], [ -97.671741951740785, 18.568379327815872, 2110.0 ], [ -97.671729805652348, 18.568396335969528, 2110.0 ], [ -97.671719837129871, 18.568405946981976, 2110.0 ], [ -97.671709805515491, 18.56841213494976, 2110.0 ], [ -97.671695315405813, 18.568412511432328, 2110.0 ], [ -97.671681939919964, 18.568406788897295, 2110.0 ], [ -97.671668564434114, 18.568405646746537, 2110.0 ], [ -97.671655188948279, 18.568410246009666, 2110.0 ], [ -97.671645490057415, 18.568416533151993, 2110.0 ], [ -97.671644042710071, 18.568419169415808, 2110.0 ], [ -97.671645143134853, 18.568432478296046, 2110.0 ], [ -97.671638635598768, 18.568436730334458, 2110.0 ], [ -97.671636874149016, 18.568445234411286, 2110.0 ], [ -97.671637432731586, 18.568449486449701, 2110.0 ], [ -97.671642865583976, 18.568456927516927, 2110.0 ], [ -97.671643164820509, 18.568464368584149, 2110.0 ], [ -97.671629358162974, 18.568494132853047, 2110.0 ], [ -97.671626705274747, 18.568528149160358, 2110.0 ], [ -97.671628138041442, 18.568533464208375, 2110.0 ], [ -97.671624900395557, 18.568540905275597, 2110.0 ], [ -97.67162509410629, 18.568545157314013, 2110.0 ], [ -97.671629693183576, 18.568552598381238, 2110.0 ], [ -97.671630028574896, 18.56855685041965, 2110.0 ], [ -97.671627566543407, 18.568574921582911, 2110.0 ] ] } },
{ "type": "Feature", "properties": { "FID": 21, "elev": 2109.0, "elevation": 2109.0, "ELEVATION": 2109.0, "is_master": false, "tipo": "Ordinaria (1m)" }, "geometry": { "type": "LineString", "coordinates": [ [ -97.671408307105025, 18.568574921582911, 2109.0 ], [ -97.671413315579173, 18.56857159054103, 2109.0 ], [ -97.671422232569739, 18.568569381496648, 2109.0 ], [ -97.671427614189597, 18.568565354496478, 2109.0 ], [ -97.67143137150947, 18.56855685041965, 2109.0 ], [ -97.671429809640173, 18.568544094304411, 2109.0 ], [ -97.671423347193553, 18.568538810142869, 2109.0 ], [ -97.671406627836248, 18.568536818270641, 2109.0 ], [ -97.671401054717137, 18.568532566417272, 2109.0 ], [ -97.671392286013557, 18.568515393045114, 2109.0 ], [ -97.671379944417509, 18.568501573920269, 2109.0 ], [ -97.67137847165786, 18.568493069843441, 2109.0 ], [ -97.67138005489474, 18.568488817805029, 2109.0 ], [ -97.671390998148496, 18.568479250718596, 2109.0 ], [ -97.671393252350398, 18.568473312527018, 2109.0 ], [ -97.671421117945911, 18.568470624263689, 2109.0 ], [ -97.67144786891761, 18.568454845383435, 2109.0 ], [ -97.671463544608585, 18.568443108392081, 2109.0 ], [ -97.671465951570994, 18.568437793344064, 2109.0 ], [ -97.671466593537517, 18.568426100238423, 2109.0 ], [ -97.671471372150904, 18.568414407132785, 2109.0 ], [ -97.671477807255371, 18.568404840046355, 2109.0 ], [ -97.671493722498369, 18.568388894902302, 2109.0 ], [ -97.671499200322557, 18.568378264806267, 2109.0 ], [ -97.67150369643872, 18.568355941604594, 2109.0 ], [ -97.67150347590028, 18.568343185489354, 2109.0 ], [ -97.671509173227747, 18.568319347965229, 2109.0 ], [ -97.67152700720888, 18.568299617728105, 2109.0 ], [ -97.671534809575633, 18.568295299264928, 2109.0 ], [ -97.67155718853148, 18.568277278893937, 2109.0 ], [ -97.671563789794973, 18.568265576624423, 2109.0 ], [ -97.671571618388157, 18.56825601870187, 2109.0 ], [ -97.671578279904637, 18.568254412376245, 2109.0 ], [ -97.671581623776106, 18.568249617409066, 2109.0 ], [ -97.671592978598881, 18.568245388605835, 2109.0 ], [ -97.671596372052321, 18.568232632490592, 2109.0 ], [ -97.671596384977775, 18.568220939384954, 2109.0 ], [ -97.67159069249557, 18.568200742202489, 2109.0 ], [ -97.671582503577483, 18.568183734048834, 2109.0 ], [ -97.671573880167486, 18.568158221818351, 2109.0 ], [ -97.671562523078236, 18.568139087645488, 2109.0 ], [ -97.671564035626787, 18.568110386386195, 2109.0 ], [ -97.671559036252205, 18.568091252213332, 2109.0 ], [ -97.671559072923273, 18.568081685126902, 2109.0 ], [ -97.671565885130207, 18.568064676973243, 2109.0 ], [ -97.671578297882448, 18.568049794838796, 2109.0 ], [ -97.671584187410886, 18.568038101733158, 2109.0 ], [ -97.671590540766672, 18.56803524679308, 2109.0 ], [ -97.671596113885769, 18.568036038988332, 2109.0 ], [ -97.671603916252522, 18.568030527063634, 2109.0 ], [ -97.671611718619261, 18.568030379539426, 2109.0 ], [ -97.671617291738372, 18.568032298703066, 2109.0 ], [ -97.671620635609827, 18.568031114082352, 2109.0 ], [ -97.671624178940291, 18.568028534646729, 2109.0 ], [ -97.671625630253274, 18.568022156589105, 2109.0 ], [ -97.671621750233655, 18.568021186381927, 2109.0 ], [ -97.671611718619261, 18.568026265835186, 2109.0 ], [ -97.671584967647561, 18.568026434180634, 2109.0 ], [ -97.671581952681493, 18.568031723675539, 2109.0 ], [ -97.671584479999638, 18.568035975713951, 2109.0 ], [ -97.671580969540386, 18.568039164742761, 2109.0 ], [ -97.671577165280823, 18.568039417840286, 2109.0 ], [ -97.671574408053473, 18.568037038723556, 2109.0 ], [ -97.671576251289281, 18.568032786685141, 2109.0 ], [ -97.671575450474947, 18.568030660665933, 2109.0 ], [ -97.671566019042615, 18.568025149369991, 2109.0 ], [ -97.671561560547332, 18.568024959068971, 2109.0 ], [ -97.671553758180579, 18.568035234079343, 2109.0 ], [ -97.671549299685296, 18.568036692925251, 2109.0 ], [ -97.671542611942371, 18.568036098574357, 2109.0 ], [ -97.671525892585066, 18.56802919054627, 2109.0 ], [ -97.671523818446886, 18.568024282608313, 2109.0 ], [ -97.671517250810254, 18.568018967560295, 2109.0 ], [ -97.671505829356292, 18.568019034697745, 2109.0 ], [ -97.671499141613367, 18.568014158215878, 2109.0 ], [ -97.671502510817191, 18.567999833387432, 2109.0 ], [ -97.671517067050814, 18.567983888243383, 2109.0 ], [ -97.671520522575193, 18.567977510185759, 2109.0 ], [ -97.671525079988342, 18.567956249993692, 2109.0 ], [ -97.671523735248641, 18.567939241840037, 2109.0 ], [ -97.67151563404127, 18.567921170676776, 2109.0 ], [ -97.671513338217082, 18.567910540580741, 2109.0 ], [ -97.671516755540011, 18.567851012042947, 2109.0 ], [ -97.671519185513404, 18.567845696994929, 2109.0 ], [ -97.671523571724506, 18.567841444956517, 2109.0 ], [ -97.671531834832834, 18.567840381946912, 2109.0 ], [ -97.671539237672079, 18.567846760004535, 2109.0 ], [ -97.671546070653875, 18.567866957187, 2109.0 ], [ -97.671551528932937, 18.567874432544855, 2109.0 ], [ -97.671563789794973, 18.567879813094979, 2109.0 ], [ -97.671579394528464, 18.567879880841797, 2109.0 ], [ -97.671591655390486, 18.567872398354801, 2109.0 ], [ -97.671614944471727, 18.567838255927708, 2109.0 ], [ -97.671631781848035, 18.567824421617008, 2109.0 ], [ -97.671647386581526, 18.567819877051139, 2109.0 ], [ -97.671673022929397, 18.567820830444354, 2109.0 ], [ -97.671686398415247, 18.567819333751061, 2109.0 ], [ -97.671693086158172, 18.567821064009092, 2109.0 ], [ -97.671698529492318, 18.567826562822066, 2109.0 ], [ -97.671699924416004, 18.567834003889292, 2109.0 ], [ -97.671696430029641, 18.567839422645562, 2109.0 ], [ -97.671683054543792, 18.567848141080002, 2109.0 ], [ -97.671677548750964, 18.567855264081363, 2109.0 ], [ -97.671674931882848, 18.56786376815819, 2109.0 ], [ -97.671670814980303, 18.567894595436691, 2109.0 ], [ -97.671665147232147, 18.567904162523121, 2109.0 ], [ -97.671653936229461, 18.567916918638364, 2109.0 ], [ -97.671649379680048, 18.567925422715192, 2109.0 ], [ -97.671644860700127, 18.567943493878449, 2109.0 ], [ -97.671644082518057, 18.567958376012896, 2109.0 ], [ -97.671644883566628, 18.567973258147347, 2109.0 ], [ -97.671648323654651, 18.567988140281795, 2109.0 ], [ -97.67164876388739, 18.568003022416242, 2109.0 ], [ -97.671643418520731, 18.568014715521883, 2109.0 ], [ -97.671629860082831, 18.568021093579503, 2109.0 ], [ -97.671635125719504, 18.568023288350574, 2109.0 ], [ -97.671645157333884, 18.568023272588615, 2109.0 ], [ -97.671658532819734, 18.568016085168871, 2109.0 ], [ -97.671668564434114, 18.568014411804853, 2109.0 ], [ -97.671676366800867, 18.568016735827428, 2109.0 ], [ -97.671683054543792, 18.568021639449299, 2109.0 ], [ -97.67169439312859, 18.568035975713951, 2109.0 ], [ -97.671699956769075, 18.568051920858004, 2109.0 ], [ -97.671701548065641, 18.568068929011659, 2109.0 ], [ -97.671691658987811, 18.568112512405403, 2109.0 ], [ -97.671690713707207, 18.568131646578262, 2109.0 ], [ -97.671697544653455, 18.568143253660004, 2109.0 ], [ -97.671716493258415, 18.568153204413022, 2109.0 ], [ -97.671729868744265, 18.568165853845382, 2109.0 ], [ -97.671743472780733, 18.568175229972006, 2109.0 ], [ -97.671753328066984, 18.568187986087246, 2109.0 ], [ -97.671754974389287, 18.568202868221697, 2109.0 ], [ -97.671752273594194, 18.568231569480989, 2109.0 ], [ -97.671751363898522, 18.56827196384592, 2109.0 ], [ -97.671747947398913, 18.568285782970765, 2109.0 ], [ -97.67174121043783, 18.568295350057198, 2109.0 ], [ -97.671734327239548, 18.568298706787267, 2109.0 ], [ -97.671724295625154, 18.568298922792682, 2109.0 ], [ -97.671718673712675, 18.568301728114818, 2109.0 ], [ -97.671717982123667, 18.568304917143628, 2109.0 ], [ -97.671725664261885, 18.568327240345301, 2109.0 ], [ -97.671725718018237, 18.568337870441336, 2109.0 ], [ -97.671722162835351, 18.56835381558539, 2109.0 ], [ -97.671710920139304, 18.568370865262857, 2109.0 ], [ -97.671698659277283, 18.568381639861759, 2109.0 ], [ -97.671685283791433, 18.568387975886033, 2109.0 ], [ -97.671647386581526, 18.568391846534428, 2109.0 ], [ -97.671634011095676, 18.568395252004539, 2109.0 ], [ -97.671632046470961, 18.56839739897913, 2109.0 ], [ -97.671632125630481, 18.568408029075165, 2109.0 ], [ -97.671624138240773, 18.568442045382476, 2109.0 ], [ -97.671621215214216, 18.568449486449701, 2109.0 ], [ -97.671614910496572, 18.568455864507321, 2109.0 ], [ -97.67161501132766, 18.568461179555339, 2109.0 ], [ -97.671620628771649, 18.568474998680184, 2109.0 ], [ -97.67161633706057, 18.568492006833839, 2109.0 ], [ -97.671610590646651, 18.568499447901065, 2109.0 ], [ -97.671611529881048, 18.568511141006702, 2109.0 ], [ -97.671606576967449, 18.56852921216996, 2109.0 ], [ -97.671611136203211, 18.568539842265995, 2109.0 ], [ -97.671609123546361, 18.568546220323615, 2109.0 ], [ -97.671610440972231, 18.568574921582911, 2109.0 ] ] } },
{ "type": "Feature", "properties": { "FID": 22, "elev": 2108.0, "elevation": 2108.0, "ELEVATION": 2108.0, "is_master": false, "tipo": "Ordinaria (1m)" }, "geometry": { "type": "LineString", "coordinates": [ [ -97.671428834383505, 18.568574921582911, 2108.0 ], [ -97.671434487565321, 18.568568543525288, 2108.0 ], [ -97.671438045805289, 18.56856003944846, 2108.0 ], [ -97.671436693261185, 18.568539842265995, 2108.0 ], [ -97.671432264184119, 18.568535489160453, 2108.0 ], [ -97.671408734260325, 18.568524960131548, 2108.0 ], [ -97.671399940093323, 18.568507898636909, 2108.0 ], [ -97.671388737741324, 18.568497321881857, 2108.0 ], [ -97.671387656713634, 18.568490943824237, 2108.0 ], [ -97.671398825469495, 18.568480518579012, 2108.0 ], [ -97.671411086331531, 18.568481687937716, 2108.0 ], [ -97.67141888869827, 18.568480377764924, 2108.0 ], [ -97.671435608055589, 18.568467559338625, 2108.0 ], [ -97.671459015155818, 18.56845688475217, 2108.0 ], [ -97.671465702898743, 18.56845206581124, 2108.0 ], [ -97.671470333628619, 18.568444171401683, 2108.0 ], [ -97.671473311543579, 18.56842822625763, 2108.0 ], [ -97.671477100533082, 18.568419722180803, 2108.0 ], [ -97.671499317385013, 18.56839102092151, 2108.0 ], [ -97.671504944770248, 18.568371886748647, 2108.0 ], [ -97.671505730680124, 18.568344248498956, 2108.0 ], [ -97.671513495754738, 18.568330429374111, 2108.0 ], [ -97.671519204842141, 18.568325110107804, 2108.0 ], [ -97.671524777961238, 18.568323765403562, 2108.0 ], [ -97.671528049921491, 18.568316610249266, 2108.0 ], [ -97.67153459682585, 18.568312358210854, 2108.0 ], [ -97.671541497318557, 18.568302940844085, 2108.0 ], [ -97.671561560547332, 18.568290976067395, 2108.0 ], [ -97.671570477537898, 18.568287677308394, 2108.0 ], [ -97.671586974711062, 18.56826877481711, 2108.0 ], [ -97.671596324482906, 18.568263459769092, 2108.0 ], [ -97.671603860798598, 18.56825601870187, 2108.0 ], [ -97.671606256052115, 18.568250703653852, 2108.0 ], [ -97.671606727359247, 18.568241136567419, 2108.0 ], [ -97.671602546526231, 18.568209246279316, 2108.0 ], [ -97.671607366457337, 18.568199679192887, 2108.0 ], [ -97.671608392285592, 18.568193301135263, 2108.0 ], [ -97.671599487089438, 18.568183734048834, 2108.0 ], [ -97.671587430259976, 18.568162473856763, 2108.0 ], [ -97.671578098778269, 18.568149717741523, 2108.0 ], [ -97.671579416955495, 18.568139087645488, 2108.0 ], [ -97.671574857813965, 18.568135898616678, 2108.0 ], [ -97.671573531179831, 18.568131646578262, 2108.0 ], [ -97.671575358511561, 18.56812739453985, 2108.0 ], [ -97.671580405120721, 18.568123142501435, 2108.0 ], [ -97.671581303575081, 18.568117827453417, 2108.0 ], [ -97.671579522302409, 18.568109323376589, 2108.0 ], [ -97.671571409371353, 18.56809018920373, 2108.0 ], [ -97.671571353684058, 18.568081685126902, 2108.0 ], [ -97.671578188691555, 18.568063613963641, 2108.0 ], [ -97.671596113885769, 18.568044552821974, 2108.0 ], [ -97.671606145500164, 18.568040013762403, 2108.0 ], [ -97.671626208728938, 18.568037011811921, 2108.0 ], [ -97.671637354967146, 18.568030571435202, 2108.0 ], [ -97.671656303572092, 18.56802804912725, 2108.0 ], [ -97.671664105938845, 18.568029450846819, 2108.0 ], [ -97.671670793682324, 18.568037038723556, 2108.0 ], [ -97.671670585571619, 18.568073181050071, 2108.0 ], [ -97.671673037660113, 18.568082748136504, 2108.0 ], [ -97.671682235554968, 18.568098693280557, 2108.0 ], [ -97.671682968098224, 18.568132709587868, 2108.0 ], [ -97.671686494740769, 18.568141213664695, 2108.0 ], [ -97.671696289157012, 18.568151843760731, 2108.0 ], [ -97.671705347020207, 18.568156052076382, 2108.0 ], [ -97.671720951753699, 18.568179918116922, 2108.0 ], [ -97.671728754120437, 18.56818593762668, 2108.0 ], [ -97.67173655648719, 18.568188026972233, 2108.0 ], [ -97.671741014982473, 18.568191147718903, 2108.0 ], [ -97.671744828011953, 18.568199679192887, 2108.0 ], [ -97.671744358853928, 18.568203000067847, 2108.0 ], [ -97.671734327239548, 18.56820833128371, 2108.0 ], [ -97.671731840771017, 18.568211372298524, 2108.0 ], [ -97.671731764438647, 18.56822519142337, 2108.0 ], [ -97.671736194914089, 18.568249640644247, 2108.0 ], [ -97.671735484514784, 18.568266648797906, 2108.0 ], [ -97.671726524872795, 18.568275075093542, 2108.0 ], [ -97.671720951753699, 18.568277138013148, 2108.0 ], [ -97.671721194543039, 18.568283656951561, 2108.0 ], [ -97.671719094047333, 18.568287908989973, 2108.0 ], [ -97.671709993524331, 18.568295350057198, 2108.0 ], [ -97.67170668456879, 18.568312358210854, 2108.0 ], [ -97.671702822725081, 18.568320862287681, 2108.0 ], [ -97.671704778780608, 18.568327240345301, 2108.0 ], [ -97.67170295505376, 18.568333618402921, 2108.0 ], [ -97.671696430029641, 18.568341397700475, 2108.0 ], [ -97.671687513039075, 18.568344114298409, 2108.0 ], [ -97.671675252177039, 18.568353885520231, 2108.0 ], [ -97.671671735877595, 18.568359130633407, 2108.0 ], [ -97.671672040693849, 18.568370823739045, 2108.0 ], [ -97.671667385505074, 18.568375075777457, 2108.0 ], [ -97.67165741819592, 18.568379563580649, 2108.0 ], [ -97.67163846959096, 18.568382287103326, 2108.0 ], [ -97.67162843797658, 18.56838979495053, 2108.0 ], [ -97.671619668131072, 18.568410155094373, 2108.0 ], [ -97.671614099369165, 18.568417596161595, 2108.0 ], [ -97.671602607483152, 18.568446297420891, 2108.0 ], [ -97.671599568775548, 18.568462242564941, 2108.0 ], [ -97.671600791018804, 18.568467557612959, 2108.0 ], [ -97.671599329146787, 18.568485628776219, 2108.0 ], [ -97.671593862120474, 18.568495195862649, 2108.0 ], [ -97.671594030932511, 18.568512204016304, 2108.0 ], [ -97.6715916598136, 18.568523897121942, 2108.0 ], [ -97.671596274530003, 18.568538779256393, 2108.0 ], [ -97.671597508875095, 18.56855047236203, 2108.0 ], [ -97.671595935352954, 18.568562165467668, 2108.0 ], [ -97.671599766679194, 18.568574921582911, 2108.0 ] ] } },
{ "type": "Feature", "properties": { "FID": 23, "elev": 2107.0, "elevation": 2107.0, "ELEVATION": 2107.0, "is_master": false, "tipo": "Ordinaria (1m)" }, "geometry": { "type": "LineString", "coordinates": [ [ -97.671442169953878, 18.568574921582911, 2107.0 ], [ -97.671443934951185, 18.568571732554098, 2107.0 ], [ -97.67144918497948, 18.568569606534894, 2107.0 ], [ -97.671452169458178, 18.568564291486876, 2107.0 ], [ -97.671447594867544, 18.568549409352428, 2107.0 ], [ -97.671445533702212, 18.568531338189167, 2107.0 ], [ -97.67143783730323, 18.56852493135581, 2107.0 ], [ -97.671416431929487, 18.568517519064322, 2107.0 ], [ -97.671411974219907, 18.568510077997097, 2107.0 ], [ -97.671412155522319, 18.568501573920269, 2107.0 ], [ -97.671424484990425, 18.568488817805029, 2107.0 ], [ -97.67143232028117, 18.568476061689786, 2107.0 ], [ -97.67143783730323, 18.568471691896029, 2107.0 ], [ -97.671465702898743, 18.568463149107274, 2107.0 ], [ -97.67148141267532, 18.568463305574546, 2107.0 ], [ -97.671482929018126, 18.568457990526529, 2107.0 ], [ -97.671479026493358, 18.568448423440095, 2107.0 ], [ -97.671478910519554, 18.568438856353666, 2107.0 ], [ -97.671483610371553, 18.568427163248028, 2107.0 ], [ -97.671503668417301, 18.568395272959922, 2107.0 ], [ -97.671505807500921, 18.568378264806267, 2107.0 ], [ -97.671510017249261, 18.568368697719837, 2107.0 ], [ -97.671509490627315, 18.568343185489354, 2107.0 ], [ -97.671519204842141, 18.568336897034076, 2107.0 ], [ -97.671532580327991, 18.568338418408675, 2107.0 ], [ -97.671539456027091, 18.568336807431734, 2107.0 ], [ -97.671539158794076, 18.568328303354907, 2107.0 ], [ -97.671541497318557, 18.568325032924459, 2107.0 ], [ -97.671548185061482, 18.568323570431193, 2107.0 ], [ -97.671550359190363, 18.568320862287681, 2107.0 ], [ -97.671551296641596, 18.568310232191646, 2107.0 ], [ -97.671554655966318, 18.568303854134026, 2107.0 ], [ -97.671562675171145, 18.568298336203032, 2107.0 ], [ -97.671582903208119, 18.568294287047593, 2107.0 ], [ -97.671610312557107, 18.56825601870187, 2107.0 ], [ -97.671613161550468, 18.568245388605835, 2107.0 ], [ -97.671613159003812, 18.568233695500197, 2107.0 ], [ -97.671609081351747, 18.568210309288919, 2107.0 ], [ -97.671611811180483, 18.568191175116059, 2107.0 ], [ -97.671603706482799, 18.568169914923988, 2107.0 ], [ -97.671601750697661, 18.568149717741523, 2107.0 ], [ -97.67159582139584, 18.568138024635886, 2107.0 ], [ -97.671593936886126, 18.568111449395797, 2107.0 ], [ -97.671581486651903, 18.568088063184522, 2107.0 ], [ -97.671581445311048, 18.568074244059677, 2107.0 ], [ -97.671593889087731, 18.568054046877212, 2107.0 ], [ -97.671603916252522, 18.568046528334474, 2107.0 ], [ -97.671618406362185, 18.568043130681144, 2107.0 ], [ -97.671634011095676, 18.568043301594376, 2107.0 ], [ -97.671642928086243, 18.568045366220716, 2107.0 ], [ -97.671651845076809, 18.568040409982583, 2107.0 ], [ -97.671655961127428, 18.568044479790778, 2107.0 ], [ -97.671653906940676, 18.568051920858004, 2107.0 ], [ -97.67165853994193, 18.568080622117296, 2107.0 ], [ -97.671670949897987, 18.56809975629016, 2107.0 ], [ -97.671673893891267, 18.56812420551104, 2107.0 ], [ -97.671677223563947, 18.568135898616678, 2107.0 ], [ -97.671688551449293, 18.568155032789541, 2107.0 ], [ -97.671701777787646, 18.568165662885573, 2107.0 ], [ -97.67170423239638, 18.568172047464728, 2107.0 ], [ -97.671709745859573, 18.568178419000816, 2107.0 ], [ -97.67171062195969, 18.568185860068041, 2107.0 ], [ -97.671708241517635, 18.568216687346542, 2107.0 ], [ -97.671710103433369, 18.568239010548215, 2107.0 ], [ -97.671706747569274, 18.568250703653852, 2107.0 ], [ -97.671696243166238, 18.568269837826715, 2107.0 ], [ -97.671692993030334, 18.568279404913145, 2107.0 ], [ -97.671687482914109, 18.568321925297283, 2107.0 ], [ -97.671662901183709, 18.568346374518164, 2107.0 ], [ -97.671660491269392, 18.568351689566182, 2107.0 ], [ -97.671659762031055, 18.568364445681421, 2107.0 ], [ -97.671647386581526, 18.568370705271107, 2107.0 ], [ -97.671631781848035, 18.568374846429496, 2107.0 ], [ -97.671617291738372, 18.568383375429363, 2107.0 ], [ -97.671613023544708, 18.568386768883094, 2107.0 ], [ -97.671610542559478, 18.568396335969528, 2107.0 ], [ -97.671597215938647, 18.568402714027147, 2107.0 ], [ -97.671591704087646, 18.568410155094373, 2107.0 ], [ -97.671590815982427, 18.568434604315254, 2107.0 ], [ -97.671587473476805, 18.568451612468909, 2107.0 ], [ -97.671583930697878, 18.568461179555339, 2107.0 ], [ -97.671579294212322, 18.568466494603356, 2107.0 ], [ -97.671575827732241, 18.568480313728202, 2107.0 ], [ -97.671579314531542, 18.568509014987495, 2107.0 ], [ -97.671578011050656, 18.568533464208375, 2107.0 ], [ -97.671588527619562, 18.568574921582911, 2107.0 ] ] } },
{ "type": "Feature", "properties": { "FID": 24, "elev": 2106.0, "elevation": 2106.0, "ELEVATION": 2106.0, "is_master": false, "tipo": "Ordinaria (1m)" }, "geometry": { "type": "LineString", "coordinates": [ [ -97.671463097089003, 18.568574921582911, 2106.0 ], [ -97.671465991341137, 18.568565354496478, 2106.0 ], [ -97.671465989909464, 18.568557913429256, 2106.0 ], [ -97.671454579642472, 18.56852921216996, 2106.0 ], [ -97.671446754293797, 18.568521954509322, 2106.0 ], [ -97.671424879022936, 18.568514330035512, 2106.0 ], [ -97.671423202823235, 18.568512204016304, 2106.0 ], [ -97.671423076914039, 18.568506888968287, 2106.0 ], [ -97.671429814851521, 18.568497321881857, 2106.0 ], [ -97.671433466573603, 18.56848243974741, 2106.0 ], [ -97.671436722679402, 18.568478094462538, 2106.0 ], [ -97.671441181174686, 18.568475962143737, 2106.0 ], [ -97.671477963760779, 18.56846969225699, 2106.0 ], [ -97.671485421065796, 18.568465431593754, 2106.0 ], [ -97.671489301315006, 18.568440982372874, 2106.0 ], [ -97.671493568494256, 18.568435653696529, 2106.0 ], [ -97.671504714732464, 18.568428401911639, 2106.0 ], [ -97.671507397641022, 18.568423974219218, 2106.0 ], [ -97.671503446054956, 18.568417596161595, 2106.0 ], [ -97.671503305255612, 18.568411218103975, 2106.0 ], [ -97.671505682061664, 18.568403777036753, 2106.0 ], [ -97.67151056197244, 18.568396335969528, 2106.0 ], [ -97.671510518463393, 18.56838145383508, 2106.0 ], [ -97.671519064161458, 18.568376138787063, 2106.0 ], [ -97.671524801803471, 18.568367634710235, 2106.0 ], [ -97.671526581891897, 18.568362319662217, 2106.0 ], [ -97.671523663336529, 18.568358067623802, 2106.0 ], [ -97.671525101804647, 18.568351689566182, 2106.0 ], [ -97.671529236456522, 18.568348748572944, 2106.0 ], [ -97.671531465704163, 18.568350286115592, 2106.0 ], [ -97.671533694951805, 18.568357940062651, 2106.0 ], [ -97.671538153447088, 18.568358793764165, 2106.0 ], [ -97.671550414309124, 18.568357255242478, 2106.0 ], [ -97.671561560547332, 18.568351794698998, 2106.0 ], [ -97.67156840752223, 18.568344248498956, 2106.0 ], [ -97.671580586916733, 18.568321925297283, 2106.0 ], [ -97.671591655390486, 18.568311487311419, 2106.0 ], [ -97.671595257808718, 18.568304917143628, 2106.0 ], [ -97.671604797605681, 18.56827196384592, 2106.0 ], [ -97.671618500936333, 18.568250703653852, 2106.0 ], [ -97.671620493788907, 18.568233695500197, 2106.0 ], [ -97.671619745919102, 18.568220939384954, 2106.0 ], [ -97.671613692219239, 18.568208183269714, 2106.0 ], [ -97.671616512407894, 18.568189049096851, 2106.0 ], [ -97.671612584955625, 18.568174166962404, 2106.0 ], [ -97.671612024896078, 18.568158221818351, 2106.0 ], [ -97.671606029602174, 18.568139087645488, 2106.0 ], [ -97.67160421883348, 18.568113575415005, 2106.0 ], [ -97.671600729267553, 18.568100819299762, 2106.0 ], [ -97.671591528629349, 18.568083811146106, 2106.0 ], [ -97.671591355912867, 18.568072118040469, 2106.0 ], [ -97.671596113885769, 18.568061466936339, 2106.0 ], [ -97.671605004017934, 18.568052983867606, 2106.0 ], [ -97.671622864857468, 18.568048408007503, 2106.0 ], [ -97.671631781848035, 18.568050881952924, 2106.0 ], [ -97.671642928086243, 18.568058266207636, 2106.0 ], [ -97.671646481461153, 18.568062550954039, 2106.0 ], [ -97.671649443260506, 18.568071055030867, 2106.0 ], [ -97.671650644431111, 18.568085937165314, 2106.0 ], [ -97.671662083762101, 18.568102945318969, 2106.0 ], [ -97.67166947599776, 18.56813377259747, 2106.0 ], [ -97.671680991867021, 18.568156095799143, 2106.0 ], [ -97.67168082529615, 18.568164563220467, 2106.0 ], [ -97.671689742286716, 18.568169186248049, 2106.0 ], [ -97.671693025635619, 18.568173103952798, 2106.0 ], [ -97.671693413468347, 18.568219876375352, 2106.0 ], [ -97.67169117197048, 18.568239010548215, 2106.0 ], [ -97.671681755974191, 18.568269837826715, 2106.0 ], [ -97.671675360312193, 18.568303854134026, 2106.0 ], [ -97.671668734281567, 18.568317673258871, 2106.0 ], [ -97.671650590424875, 18.568341059470146, 2106.0 ], [ -97.671645179012145, 18.568363382671819, 2106.0 ], [ -97.671640698838601, 18.568365732855092, 2106.0 ], [ -97.671629552600393, 18.56836636335683, 2106.0 ], [ -97.671618406362185, 18.568369984328012, 2106.0 ], [ -97.671605030876336, 18.568369878841619, 2106.0 ], [ -97.671592770014314, 18.568389003832614, 2106.0 ], [ -97.67155933129969, 18.568413540976813, 2106.0 ], [ -97.671553504215666, 18.568421848200011, 2106.0 ], [ -97.671553548803729, 18.568430352276838, 2106.0 ], [ -97.671559442762074, 18.568443108392081, 2106.0 ], [ -97.671560167267558, 18.568449486449701, 2106.0 ], [ -97.67155944455024, 18.568461179555339, 2106.0 ], [ -97.671556119671735, 18.568468620622564, 2106.0 ], [ -97.671555278122156, 18.568476061689786, 2106.0 ], [ -97.671556928973814, 18.568481376737804, 2106.0 ], [ -97.67156268203037, 18.568488817805029, 2106.0 ], [ -97.67156739734088, 18.568501573920269, 2106.0 ], [ -97.67156846711211, 18.568515393045114, 2106.0 ], [ -97.671566868053944, 18.56851964508353, 2106.0 ], [ -97.671567029028282, 18.568531338189167, 2106.0 ], [ -97.67157511976238, 18.568547283333221, 2106.0 ], [ -97.671575879415911, 18.56856322847727, 2106.0 ], [ -97.671578427728221, 18.568574921582911, 2106.0 ] ] } },
{ "type": "Feature", "properties": { "FID": 25, "elev": 2105.0, "elevation": 2105.0, "ELEVATION": 2105.0, "is_master": true, "tipo": "Maestra (5m)" }, "geometry": { "type": "LineString", "coordinates": [ [ -97.671478671032119, 18.568574921582911, 2105.0 ], [ -97.671482861736308, 18.568570669544496, 2105.0 ], [ -97.67148362835357, 18.568565354496478, 2105.0 ], [ -97.67147811791088, 18.568558976438858, 2105.0 ], [ -97.671474528605458, 18.568545157314013, 2105.0 ], [ -97.67146363548396, 18.568527086150755, 2105.0 ], [ -97.671459015155818, 18.568521637029452, 2105.0 ], [ -97.671445016104201, 18.56851645605472, 2105.0 ], [ -97.671438872477964, 18.568510077997097, 2105.0 ], [ -97.671438715835649, 18.568502636929875, 2105.0 ], [ -97.671441432482439, 18.568497321881857, 2105.0 ], [ -97.671440183879696, 18.568486691785822, 2105.0 ], [ -97.671443410422327, 18.568485668889789, 2105.0 ], [ -97.671450098165252, 18.568489263583249, 2105.0 ], [ -97.671457900532005, 18.56848452911111, 2105.0 ], [ -97.671479078384593, 18.56847612230948, 2105.0 ], [ -97.671488950270955, 18.568467557612959, 2105.0 ], [ -97.671492395467638, 18.568453738488113, 2105.0 ], [ -97.671496470359727, 18.568448423440095, 2105.0 ], [ -97.671509173227747, 18.568440965866511, 2105.0 ], [ -97.671522548713597, 18.568438004802964, 2105.0 ], [ -97.671531465704163, 18.568440852737556, 2105.0 ], [ -97.671536951533454, 18.568449486449701, 2105.0 ], [ -97.671540300773614, 18.568485628776219, 2105.0 ], [ -97.671545955813841, 18.568499465046379, 2105.0 ], [ -97.671550414309124, 18.568498851878338, 2105.0 ], [ -97.671552202272252, 18.568501573920269, 2105.0 ], [ -97.671546955527987, 18.568506888968287, 2105.0 ], [ -97.671546854372124, 18.56851326702591, 2105.0 ], [ -97.671555866273465, 18.568544094304411, 2105.0 ], [ -97.671565042555926, 18.56855685041965, 2105.0 ], [ -97.671564569675539, 18.568566417506084, 2105.0 ], [ -97.671567367377875, 18.568574921582911, 2105.0 ] ] } },
{ "type": "Feature", "properties": { "FID": 26, "elev": 2104.0, "elevation": 2104.0, "ELEVATION": 2104.0, "is_master": false, "tipo": "Ordinaria (1m)" }, "geometry": { "type": "LineString", "coordinates": [ [ -97.671503498026766, 18.568574921582911, 2104.0 ], [ -97.671504867515793, 18.568554724400443, 2104.0 ], [ -97.671499141613367, 18.568549524764897, 2104.0 ], [ -97.671490224622801, 18.568545301800754, 2104.0 ], [ -97.671480193008421, 18.568530328330045, 2104.0 ], [ -97.671470814101667, 18.568523897121942, 2104.0 ], [ -97.671465702898246, 18.56851645605472, 2104.0 ], [ -97.671467295218491, 18.568511141006702, 2104.0 ], [ -97.671472390641668, 18.56850817628267, 2104.0 ], [ -97.671481307632234, 18.56851153364989, 2104.0 ], [ -97.671486880751345, 18.568517725760636, 2104.0 ], [ -97.671491339246614, 18.568517732762128, 2104.0 ], [ -97.671493646768411, 18.568515393045114, 2104.0 ], [ -97.671496079925149, 18.568503699939477, 2104.0 ], [ -97.671500362172509, 18.568499447901065, 2104.0 ], [ -97.671500256237181, 18.568495099225412, 2104.0 ], [ -97.671493568494256, 18.568488957216125, 2104.0 ], [ -97.671489109998987, 18.56849055727529, 2104.0 ], [ -97.671485856502429, 18.568487754795427, 2104.0 ], [ -97.671490224622801, 18.568477943273631, 2104.0 ], [ -97.671498026989539, 18.568473301037983, 2104.0 ], [ -97.671499653737825, 18.568457990526529, 2104.0 ], [ -97.671504714732464, 18.568453513001227, 2104.0 ], [ -97.671508284759497, 18.568453738488113, 2104.0 ], [ -97.671510287851575, 18.568455751763878, 2104.0 ], [ -97.671515606545682, 18.568473935670582, 2104.0 ], [ -97.671522386389739, 18.568485628776219, 2104.0 ], [ -97.671528169654849, 18.568500510910667, 2104.0 ], [ -97.671532902330426, 18.56852602314115, 2104.0 ], [ -97.671533457617457, 18.568547283333221, 2104.0 ], [ -97.671536943284082, 18.56856003944846, 2104.0 ], [ -97.671541046363885, 18.568566417506084, 2104.0 ], [ -97.671550713230971, 18.568574921582911, 2104.0 ] ] } },
{ "type": "Feature", "properties": { "FID": 27, "elev": 2117.0, "elevation": 2117.0, "ELEVATION": 2117.0, "is_master": false, "tipo": "Ordinaria (1m)" }, "geometry": { "type": "LineString", "coordinates": [ [ -97.670960997855062, 18.568573858573306, 2117.0 ], [ -97.670965658845262, 18.568567480515686, 2117.0 ], [ -97.670963007555585, 18.568563273235572, 2117.0 ], [ -97.670960655552022, 18.568565354496478, 2117.0 ], [ -97.670959158769065, 18.568572795563703, 2117.0 ], [ -97.670960997855062, 18.568573858573306, 2117.0 ] ] } },
{ "type": "Feature", "properties": { "FID": 28, "elev": 2115.0, "elevation": 2115.0, "ELEVATION": 2115.0, "is_master": true, "tipo": "Maestra (5m)" }, "geometry": { "type": "LineString", "coordinates": [ [ -97.671733677042312, 18.568569606534894, 2115.0 ], [ -97.671742263155693, 18.568565354496478, 2115.0 ], [ -97.671748781851647, 18.568558976438858, 2115.0 ], [ -97.671752422630831, 18.568552598381238, 2115.0 ], [ -97.671753042706044, 18.568546220323615, 2115.0 ], [ -97.671751212845834, 18.568538779256393, 2115.0 ], [ -97.671742129606287, 18.56853215937668, 2115.0 ], [ -97.67173321261572, 18.56853211693328, 2115.0 ], [ -97.67172318100134, 18.56853568005938, 2115.0 ], [ -97.671716383981561, 18.568541968285203, 2115.0 ], [ -97.671713027107543, 18.568551535371633, 2115.0 ], [ -97.671714043140611, 18.568561102458066, 2115.0 ], [ -97.671718630261324, 18.568567480515686, 2115.0 ], [ -97.67172318100134, 18.568569863123418, 2115.0 ], [ -97.671733677042312, 18.568569606534894, 2115.0 ] ] } },
{ "type": "Feature", "properties": { "FID": 29, "elev": 2111.0, "elevation": 2111.0, "ELEVATION": 2111.0, "is_master": false, "tipo": "Ordinaria (1m)" }, "geometry": { "type": "LineString", "coordinates": [ [ -97.671324661037204, 18.568569606534894, 2111.0 ], [ -97.671323031049681, 18.568567411188972, 2111.0 ], [ -97.671323031049681, 18.568569574803263, 2111.0 ], [ -97.671324661037204, 18.568569606534894, 2111.0 ] ] } },
{ "type": "Feature", "properties": { "FID": 30, "elev": 2105.0, "elevation": 2105.0, "ELEVATION": 2105.0, "is_master": true, "tipo": "Maestra (5m)" }, "geometry": { "type": "LineString", "coordinates": [ [ -97.671553252578022, 18.56856322847727, 2105.0 ], [ -97.671554433234448, 18.568562165467668, 2105.0 ], [ -97.671552643556765, 18.568560084364361, 2105.0 ], [ -97.671551521298539, 18.56856322847727, 2105.0 ], [ -97.671553252578022, 18.56856322847727, 2105.0 ] ] } },
{ "type": "Feature", "properties": { "FID": 31, "elev": 2118.0, "elevation": 2118.0, "ELEVATION": 2118.0, "is_master": false, "tipo": "Ordinaria (1m)" }, "geometry": { "type": "LineString", "coordinates": [ [ -97.670840650624555, 18.568558976438858, 2118.0 ], [ -97.670843283024439, 18.568554724400443, 2118.0 ], [ -97.670841513559125, 18.568551679021581, 2118.0 ], [ -97.670839284311484, 18.568551269619231, 2118.0 ], [ -97.670835840249111, 18.568558976438858, 2118.0 ], [ -97.670840650624555, 18.568558976438858, 2118.0 ] ] } },
{ "type": "Feature", "properties": { "FID": 32, "elev": 2110.0, "elevation": 2110.0, "ELEVATION": 2110.0, "is_master": true, "tipo": "Maestra (5m)" }, "geometry": { "type": "LineString", "coordinates": [ [ -97.671418485536464, 18.568557913429256, 2110.0 ], [ -97.671420631564615, 18.56855685041965, 2110.0 ], [ -97.671421800967281, 18.568552598381238, 2110.0 ], [ -97.671417774074456, 18.568548579576998, 2110.0 ], [ -97.67141473004331, 18.56855047236203, 2110.0 ], [ -97.671414146167578, 18.56855366139084, 2110.0 ], [ -97.671415544826814, 18.568557068472902, 2110.0 ], [ -97.671418485536464, 18.568557913429256, 2110.0 ] ] } },
{ "type": "Feature", "properties": { "FID": 33, "elev": 2117.0, "elevation": 2117.0, "ELEVATION": 2117.0, "is_master": false, "tipo": "Ordinaria (1m)" }, "geometry": { "type": "LineString", "coordinates": [ [ -97.67096427079592, 18.568557913429256, 2117.0 ], [ -97.670968550951386, 18.568552598381238, 2117.0 ], [ -97.670975268417607, 18.568549529029003, 2117.0 ], [ -97.670984185408173, 18.568541179179913, 2117.0 ], [ -97.670986391272109, 18.56852921216996, 2117.0 ], [ -97.670999706960785, 18.568515393045114, 2117.0 ], [ -97.670999790141664, 18.568511756433313, 2117.0 ], [ -97.670996669194977, 18.568509014987495, 2117.0 ], [ -97.670998523523693, 18.568506888968287, 2117.0 ], [ -97.670997560894023, 18.568503571866032, 2117.0 ], [ -97.670990059475713, 18.568512204016304, 2117.0 ], [ -97.670987281585454, 18.56851964508353, 2117.0 ], [ -97.670981232378836, 18.568523897121942, 2117.0 ], [ -97.670975677770613, 18.568531338189167, 2117.0 ], [ -97.670974153793793, 18.568536750761002, 2117.0 ], [ -97.670966590275015, 18.568541968285203, 2117.0 ], [ -97.670960992374773, 18.56855685041965, 2117.0 ], [ -97.670961892931771, 18.56855873640443, 2117.0 ], [ -97.67096427079592, 18.568557913429256, 2117.0 ] ] } },
{ "type": "Feature", "properties": { "FID": 34, "elev": 2116.0, "elevation": 2116.0, "ELEVATION": 2116.0, "is_master": false, "tipo": "Ordinaria (1m)" }, "geometry": { "type": "LineString", "coordinates": [ [ -97.671740573339065, 18.568549409352428, 2116.0 ], [ -97.671744573956772, 18.568545157314013, 2116.0 ], [ -97.671744358853928, 18.568541716820565, 2116.0 ], [ -97.671741014982473, 18.568539673534314, 2116.0 ], [ -97.671737209887354, 18.568540905275597, 2116.0 ], [ -97.671735761018127, 18.568544094304411, 2116.0 ], [ -97.67173655648719, 18.568548555783376, 2116.0 ], [ -97.671740573339065, 18.568549409352428, 2116.0 ] ] } },
{ "type": "Feature", "properties": { "FID": 35, "elev": 2124.0, "elevation": 2124.0, "ELEVATION": 2124.0, "is_master": false, "tipo": "Ordinaria (1m)" }, "geometry": { "type": "LineString", "coordinates": [ [ -97.671148987325324, 18.565055296785825, 2124.0 ], [ -97.671149430731248, 18.565066989891463, 2124.0 ], [ -97.671147307617503, 18.565073367949083, 2124.0 ], [ -97.67114798417272, 18.565090376102738, 2124.0 ], [ -97.671154768911592, 18.565096754160361, 2124.0 ], [ -97.671163639843314, 18.565116224020464, 2124.0 ], [ -97.671171029863686, 18.565125455419654, 2124.0 ], [ -97.671178129952992, 18.565128694157547, 2124.0 ], [ -97.67118593231973, 18.565129668397347, 2124.0 ], [ -97.671187921613637, 18.565139274544499, 2124.0 ], [ -97.671190390815013, 18.565142660832823, 2124.0 ], [ -97.671200422429408, 18.565147838415616, 2124.0 ], [ -97.671203186085734, 18.565150967650137, 2124.0 ], [ -97.671204493902522, 18.565157345707757, 2124.0 ], [ -97.671210103996643, 18.565159471726965, 2124.0 ], [ -97.671211113480922, 18.565165849784584, 2124.0 ], [ -97.671209803846565, 18.565170101823, 2124.0 ], [ -97.671215863247625, 18.565174353861412, 2124.0 ], [ -97.671213863481356, 18.565189235995863, 2124.0 ], [ -97.67121818210228, 18.565191362015067, 2124.0 ], [ -97.671221569883173, 18.56520411813031, 2124.0 ], [ -97.671234061615934, 18.56521368521674, 2124.0 ], [ -97.671236090391673, 18.56522388223479, 2124.0 ], [ -97.671276216849222, 18.565236636836559, 2124.0 ], [ -97.671286248463602, 18.565235531194954, 2124.0 ], [ -97.671296280077996, 18.565226278816731, 2124.0 ], [ -97.671308540940018, 18.565226374017392, 2124.0 ], [ -97.671325260297323, 18.565244490116093, 2124.0 ], [ -97.671327791293962, 18.565250890552864, 2124.0 ], [ -97.671324205007096, 18.565274276764139, 2124.0 ], [ -97.671320712255095, 18.565279591812157, 2124.0 ], [ -97.671319630261266, 18.565285969869777, 2124.0 ], [ -97.67131085818427, 18.56529872598502, 2124.0 ], [ -97.671299826608333, 18.565343372388366, 2124.0 ], [ -97.671294893594705, 18.565355065494003, 2124.0 ], [ -97.67128401921596, 18.565365877667251, 2124.0 ], [ -97.671268414482469, 18.565375060198448, 2124.0 ], [ -97.671257268244261, 18.565376277367456, 2124.0 ], [ -97.671249105946913, 18.565383766753296, 2124.0 ], [ -97.671250443014699, 18.565390144810916, 2124.0 ], [ -97.671248862290611, 18.565392270830124, 2124.0 ], [ -97.671252016735991, 18.565395459858934, 2124.0 ], [ -97.671251870656477, 18.565399711897349, 2124.0 ], [ -97.671244842103476, 18.565411405002987, 2124.0 ], [ -97.67124166351077, 18.565421900824123, 2124.0 ], [ -97.671237205015487, 18.565421315523292, 2124.0 ], [ -97.671233366805211, 18.56542416111823, 2124.0 ], [ -97.671234975767845, 18.565428264099946, 2124.0 ], [ -97.671242778134598, 18.56543038143894, 2124.0 ], [ -97.671242654287497, 18.56543372820466, 2124.0 ], [ -97.671236142869247, 18.565441169271885, 2124.0 ], [ -97.67123683769627, 18.565451799367917, 2124.0 ], [ -97.671234081786281, 18.56546136645435, 2124.0 ], [ -97.671229402648748, 18.56547115805574, 2124.0 ], [ -97.671221742453412, 18.565479437617608, 2124.0 ], [ -97.671221600281996, 18.565483952668707, 2124.0 ], [ -97.671230746222321, 18.565493256742453, 2124.0 ], [ -97.671221753670594, 18.565502823828886, 2124.0 ], [ -97.671221587722854, 18.565507075867298, 2124.0 ], [ -97.671232746520204, 18.565519277368836, 2124.0 ], [ -97.671243892758412, 18.565522900723423, 2124.0 ], [ -97.671256772855898, 18.565531525088179, 2124.0 ], [ -97.671258256385954, 18.565542155184215, 2124.0 ], [ -97.671262852622192, 18.565549596251437, 2124.0 ], [ -97.671271667195114, 18.565558100328264, 2124.0 ], [ -97.671272692976387, 18.56556554139549, 2124.0 ], [ -97.67127502943363, 18.5655687304243, 2124.0 ], [ -97.671273172023163, 18.565581486539543, 2124.0 ], [ -97.671274944898116, 18.565585738577955, 2124.0 ], [ -97.671277331473036, 18.565588927605365, 2124.0 ], [ -97.671290290277085, 18.56559636867399, 2124.0 ], [ -97.671295329906869, 18.565604872750818, 2124.0 ], [ -97.671298713531527, 18.565617628866061, 2124.0 ], [ -97.671299965248991, 18.565631447990906, 2124.0 ], [ -97.671296959155526, 18.565677157403854, 2124.0 ], [ -97.67129839896684, 18.565695228567112, 2124.0 ], [ -97.671296306855737, 18.565707984682355, 2124.0 ], [ -97.671294026599398, 18.565712236720767, 2124.0 ], [ -97.671293825274091, 18.565727118855218, 2124.0 ], [ -97.671299623949452, 18.565744824477623, 2124.0 ], [ -97.671309895267882, 18.565760072152926, 2124.0 ], [ -97.671313314682436, 18.565772828268166, 2124.0 ], [ -97.671316282378768, 18.565808970594684, 2124.0 ], [ -97.671312179858958, 18.565827041757942, 2124.0 ], [ -97.671318763088394, 18.565835545834769, 2124.0 ], [ -97.671321916425867, 18.565846334209809, 2124.0 ], [ -97.671327489544964, 18.56584857369683, 2124.0 ], [ -97.671340865030814, 18.565849468667871, 2124.0 ], [ -97.671354304470498, 18.56585999505565, 2124.0 ], [ -97.671363212069238, 18.565871688161288, 2124.0 ], [ -97.671368943242442, 18.565885507286133, 2124.0 ], [ -97.671370080479207, 18.565903578449394, 2124.0 ], [ -97.671366580590544, 18.565914208545429, 2124.0 ], [ -97.671357584388133, 18.565921712142629, 2124.0 ], [ -97.671348847704365, 18.565920586603049, 2124.0 ], [ -97.671348816356513, 18.565926964660669, 2124.0 ], [ -97.671331433115441, 18.565942909804722, 2124.0 ], [ -97.671327489544964, 18.565957579337248, 2124.0 ], [ -97.671333062664075, 18.565967828000424, 2124.0 ], [ -97.671346438149925, 18.565966052301601, 2124.0 ], [ -97.671357584388133, 18.565967359024221, 2124.0 ], [ -97.671365386754871, 18.565972992976498, 2124.0 ], [ -97.6713732362184, 18.56598224116005, 2124.0 ], [ -97.671379825321253, 18.565993934265688, 2124.0 ], [ -97.67138553388007, 18.566009879409741, 2124.0 ], [ -97.671393491353555, 18.566041769697843, 2124.0 ], [ -97.671402016982313, 18.566091731149207, 2124.0 ], [ -97.671405695937636, 18.566104487264447, 2124.0 ], [ -97.671424461817381, 18.566101604032923, 2124.0 ], [ -97.671428907718038, 18.56611086532207, 2124.0 ], [ -97.671435608055589, 18.566118426406508, 2124.0 ], [ -97.671441181174686, 18.56612159641664, 2124.0 ], [ -97.671455671284363, 18.566124603989767, 2124.0 ], [ -97.6714625189733, 18.566127873475725, 2124.0 ], [ -97.671469150314493, 18.566138503571761, 2124.0 ], [ -97.671474527811696, 18.566164015802244, 2124.0 ], [ -97.671482078382752, 18.566172519879071, 2124.0 ], [ -97.671486029662603, 18.566179960946293, 2124.0 ], [ -97.671486000511038, 18.566187402013519, 2124.0 ], [ -97.671479004777353, 18.566202284147966, 2124.0 ], [ -97.671479166381204, 18.566227796378453, 2124.0 ], [ -97.671472390641668, 18.566231305174377, 2124.0 ], [ -97.671470406815786, 18.566234174436072, 2124.0 ], [ -97.671474928338668, 18.566246930551312, 2124.0 ], [ -97.67148045656478, 18.566294765983468, 2124.0 ], [ -97.671480477949842, 18.566313900156331, 2124.0 ], [ -97.67147517463296, 18.566327719281176, 2124.0 ], [ -97.67149586654584, 18.566369176655712, 2124.0 ], [ -97.671497207413211, 18.56637768073254, 2124.0 ], [ -97.671496592840228, 18.566420201116678, 2124.0 ], [ -97.671502287560969, 18.566446776356766, 2124.0 ], [ -97.671507230597669, 18.566460595481612, 2124.0 ], [ -97.671504462038257, 18.566469099558439, 2124.0 ], [ -97.671504045958173, 18.566490359750507, 2124.0 ], [ -97.671518214065415, 18.56650311586575, 2124.0 ], [ -97.671521325461185, 18.566520124019405, 2124.0 ], [ -97.671532580327991, 18.56653602827847, 2124.0 ], [ -97.671552643556765, 18.566544779649917, 2124.0 ], [ -97.671567133666429, 18.566545786675775, 2124.0 ], [ -97.671576050656995, 18.566548530535126, 2124.0 ], [ -97.671584103814098, 18.566544573240286, 2124.0 ], [ -97.67157881731255, 18.566535006153853, 2124.0 ], [ -97.671580822640237, 18.566529691105835, 2124.0 ], [ -97.671583853023748, 18.566528354290728, 2124.0 ], [ -97.671597228509597, 18.566529566534399, 2124.0 ], [ -97.671606145500164, 18.566527766691898, 2124.0 ], [ -97.671610721324271, 18.566522250038613, 2124.0 ], [ -97.671616177114544, 18.56650625867675, 2124.0 ], [ -97.671619520986013, 18.566504161730037, 2124.0 ], [ -97.671635571569027, 18.566504178875352, 2124.0 ], [ -97.67163858332809, 18.566502052856144, 2124.0 ], [ -97.671641813462429, 18.566493548776648, 2124.0 ], [ -97.671645003592673, 18.566493548779317, 2124.0 ], [ -97.671641147784314, 18.566502052856144, 2124.0 ], [ -97.671642928086243, 18.566504245313453, 2124.0 ], [ -97.671647386581526, 18.566504491734367, 2124.0 ], [ -97.671656412315883, 18.566500989846542, 2124.0 ], [ -97.671661876691203, 18.566495900970782, 2124.0 ], [ -97.671669679057942, 18.566492267136535, 2124.0 ], [ -97.671679710672322, 18.566491003407698, 2124.0 ], [ -97.671689742286716, 18.566493404109373, 2124.0 ], [ -97.671700888524924, 18.566492613330865, 2124.0 ], [ -97.671729868744265, 18.566481666914964, 2124.0 ], [ -97.671749931973039, 18.566482753733517, 2124.0 ], [ -97.671775568320911, 18.566489197856288, 2124.0 ], [ -97.671806777787893, 18.566499734904649, 2124.0 ], [ -97.67183464338342, 18.566511379261158, 2124.0 ], [ -97.671873655217141, 18.566530754114467, 2124.0 ], [ -97.671899291565012, 18.566546659145921, 2124.0 ], [ -97.671924927912897, 18.566565637416399, 2124.0 ], [ -97.671949449636955, 18.56658798092996, 2124.0 ], [ -97.671965222766843, 18.566606227797287, 2124.0 ], [ -97.671980560026256, 18.56662855099896, 2124.0 ], [ -97.671997608141297, 18.566660441287063, 2124.0 ], [ -97.672018612045022, 18.566710402738426, 2124.0 ], [ -97.672031060106704, 18.566748671084152, 2124.0 ], [ -97.672039919937063, 18.566785876420273, 2124.0 ], [ -97.672050635525167, 18.566857098063704, 2124.0 ], [ -97.672067805826856, 18.566946390870395, 2124.0 ], [ -97.67207236311161, 18.566981470187311, 2124.0 ], [ -97.672073486707177, 18.567047376782725, 2124.0 ], [ -97.67206842924945, 18.567083519109243, 2124.0 ], [ -97.672068249959182, 18.567097338234088, 2124.0 ], [ -97.672069523814969, 18.567114346387743, 2124.0 ], [ -97.672074233132975, 18.567133480560607, 2124.0 ], [ -97.672083052501279, 18.567156866771882, 2124.0 ], [ -97.672113477303753, 18.5672238363769, 2124.0 ], [ -97.672131207081605, 18.567273797828264, 2124.0 ], [ -97.672157050076123, 18.567362027625354, 2124.0 ], [ -97.672191168423183, 18.567502344893011, 2124.0 ], [ -97.672217940222893, 18.56758525964208, 2124.0 ], [ -97.672228154054039, 18.56760651983415, 2124.0 ], [ -97.672239251838235, 18.567621401968598, 2124.0 ], [ -97.672249283444728, 18.567630110470351, 2124.0 ], [ -97.67227583175756, 18.567646914199081, 2124.0 ], [ -97.672285095229427, 18.567672426429564, 2124.0 ], [ -97.672301800371727, 18.567690497592825, 2124.0 ], [ -97.672306336261158, 18.567700064679254, 2124.0 ], [ -97.672306283484275, 18.56771069477529, 2124.0 ], [ -97.672303869886974, 18.567716009823307, 2124.0 ], [ -97.672287180654635, 18.567731809064082, 2124.0 ], [ -97.672281414884509, 18.567743648072998, 2124.0 ], [ -97.672271477571982, 18.567771286322689, 2124.0 ], [ -97.672262507795153, 18.567806365639601, 2124.0 ], [ -97.67226013140332, 18.567821247774052, 2124.0 ], [ -97.672260095295798, 18.567843570975722, 2124.0 ], [ -97.672266993578774, 18.567874398254222, 2124.0 ], [ -97.672284913623145, 18.567908414561536, 2124.0 ], [ -97.672309473139734, 18.567941367859241, 2124.0 ], [ -97.672353894168609, 18.567984951252985, 2124.0 ], [ -97.67243431099898, 18.568051808962256, 2124.0 ], [ -97.67247009629007, 18.568085937165314, 2124.0 ], [ -97.672500129535592, 18.568119953472625, 2124.0 ], [ -97.672541314895412, 18.568173103952798, 2124.0 ], [ -97.67256583660982, 18.568201805206183, 2124.0 ] ] } },
{ "type": "Feature", "properties": { "FID": 36, "elev": 2116.0, "elevation": 2116.0, "ELEVATION": 2116.0, "is_master": false, "tipo": "Ordinaria (1m)" }, "geometry": { "type": "LineString", "coordinates": [ [ -97.6710120510037, 18.568532613800691, 2116.0 ], [ -97.671010590846493, 18.568531338189167, 2116.0 ], [ -97.671012005903307, 18.568521771102738, 2116.0 ], [ -97.671014280251342, 18.568517936675239, 2116.0 ], [ -97.671016836199072, 18.568520708093132, 2116.0 ], [ -97.671012112927244, 18.568527086150755, 2116.0 ], [ -97.6710120510037, 18.568532613800691, 2116.0 ] ] } },
{ "type": "Feature", "properties": { "FID": 37, "elev": 2120.0, "elevation": 2120.0, "ELEVATION": 2120.0, "is_master": true, "tipo": "Maestra (5m)" }, "geometry": { "type": "LineString", "coordinates": [ [ -97.670522380579214, 18.568528149160358, 2120.0 ], [ -97.670524960392825, 18.568527086150755, 2120.0 ], [ -97.670525497492548, 18.568523897121942, 2120.0 ], [ -97.670522731146391, 18.568520566217348, 2120.0 ], [ -97.670519387274922, 18.568520909203059, 2120.0 ], [ -97.670517313834921, 18.56852283411234, 2120.0 ], [ -97.670517123195296, 18.568527086150755, 2120.0 ], [ -97.670522380579214, 18.568528149160358, 2120.0 ] ] } },
{ "type": "Feature", "properties": { "FID": 38, "elev": 2120.0, "elevation": 2120.0, "ELEVATION": 2120.0, "is_master": true, "tipo": "Maestra (5m)" }, "geometry": { "type": "LineString", "coordinates": [ [ -97.670567467369594, 18.568518582073928, 2120.0 ], [ -97.670567130328578, 18.568514330035512, 2120.0 ], [ -97.670562988736151, 18.568514330035512, 2120.0 ], [ -97.670561845239178, 18.568517519064322, 2120.0 ], [ -97.670563972227754, 18.56851920146535, 2120.0 ], [ -97.670567467369594, 18.568518582073928, 2120.0 ] ] } },
{ "type": "Feature", "properties": { "FID": 39, "elev": 2116.0, "elevation": 2116.0, "ELEVATION": 2116.0, "is_master": false, "tipo": "Ordinaria (1m)" }, "geometry": { "type": "LineString", "coordinates": [ [ -97.671058994435924, 18.56851645605472, 2116.0 ], [ -97.671058865204174, 18.56851235587482, 2116.0 ], [ -97.671053292085062, 18.568511495343238, 2116.0 ], [ -97.671050809513829, 18.568514330035512, 2116.0 ], [ -97.67105440670889, 18.568517172968171, 2116.0 ], [ -97.671058994435924, 18.56851645605472, 2116.0 ] ] } },
{ "type": "Feature", "properties": { "FID": 40, "elev": 2104.0, "elevation": 2104.0, "ELEVATION": 2104.0, "is_master": false, "tipo": "Ordinaria (1m)" }, "geometry": { "type": "LineString", "coordinates": [ [ -97.671465702898743, 18.568505015188649, 2104.0 ], [ -97.671454556660535, 18.568504708713895, 2104.0 ], [ -97.671452349705376, 18.568503699939477, 2104.0 ], [ -97.671452703430575, 18.568499447901065, 2104.0 ], [ -97.671456785908177, 18.568497123011465, 2104.0 ], [ -97.671464588274929, 18.568497925566323, 2104.0 ], [ -97.671467380352411, 18.568503699939477, 2104.0 ], [ -97.671465702898743, 18.568505015188649, 2104.0 ] ] } },
{ "type": "Feature", "properties": { "FID": 41, "elev": 2116.0, "elevation": 2116.0, "ELEVATION": 2116.0, "is_master": false, "tipo": "Ordinaria (1m)" }, "geometry": { "type": "LineString", "coordinates": [ [ -97.671123983276203, 18.568499447901065, 2116.0 ], [ -97.67112579053989, 18.568498384891459, 2116.0 ], [ -97.671127835181906, 18.568492006833839, 2116.0 ], [ -97.671143654101769, 18.568474998680184, 2116.0 ], [ -97.671144269318617, 18.568470746641768, 2116.0 ], [ -97.671142461990726, 18.568467739102402, 2116.0 ], [ -97.671138003495443, 18.568468550276339, 2116.0 ], [ -97.671131450586046, 18.568474998680184, 2116.0 ], [ -97.671123456225573, 18.568477124699392, 2116.0 ], [ -97.671120198591453, 18.568480313728202, 2116.0 ], [ -97.67112016951431, 18.568482543818277, 2116.0 ], [ -97.671114426268417, 18.568486691785822, 2116.0 ], [ -97.671115750827028, 18.568494132853047, 2116.0 ], [ -97.671121284138138, 18.568499470398621, 2116.0 ], [ -97.671123983276203, 18.568499447901065, 2116.0 ] ] } },
{ "type": "Feature", "properties": { "FID": 42, "elev": 2117.0, "elevation": 2117.0, "ELEVATION": 2117.0, "is_master": false, "tipo": "Ordinaria (1m)" }, "geometry": { "type": "LineString", "coordinates": [ [ -97.671007456023872, 18.568497321881857, 2117.0 ], [ -97.671019763299839, 18.568484565766614, 2117.0 ], [ -97.671018602816886, 18.568476061689786, 2117.0 ], [ -97.671015394875155, 18.568472933988453, 2117.0 ], [ -97.671004457628925, 18.568483502757012, 2117.0 ], [ -97.67100309195186, 18.568495195862649, 2117.0 ], [ -97.671007456023872, 18.568497321881857, 2117.0 ] ] } },
{ "type": "Feature", "properties": { "FID": 43, "elev": 2115.0, "elevation": 2115.0, "ELEVATION": 2115.0, "is_master": true, "tipo": "Maestra (5m)" }, "geometry": { "type": "LineString", "coordinates": [ [ -97.671245594819112, 18.568480313728202, 2115.0 ], [ -97.6712480684387, 18.568479250718596, 2115.0 ], [ -97.671249465877523, 18.568475090318941, 2115.0 ], [ -97.671242778134598, 18.56847525380249, 2115.0 ], [ -97.671241968228074, 18.568478187708994, 2115.0 ], [ -97.671245594819112, 18.568480313728202, 2115.0 ] ] } },
{ "type": "Feature", "properties": { "FID": 44, "elev": 2115.0, "elevation": 2115.0, "ELEVATION": 2115.0, "is_master": true, "tipo": "Maestra (5m)" }, "geometry": { "type": "LineString", "coordinates": [ [ -97.671233233186939, 18.568479250718596, 2115.0 ], [ -97.671233861144032, 18.568476061696153, 2115.0 ], [ -97.67123163189639, 18.568475164775435, 2115.0 ], [ -97.671229874220359, 18.568478187708994, 2115.0 ], [ -97.67123163189639, 18.568480136559934, 2115.0 ], [ -97.671233233186939, 18.568479250718596, 2115.0 ] ] } },
{ "type": "Feature", "properties": { "FID": 45, "elev": 2119.0, "elevation": 2119.0, "ELEVATION": 2119.0, "is_master": false, "tipo": "Ordinaria (1m)" }, "geometry": { "type": "LineString", "coordinates": [ [ -97.67065202750959, 18.568477265262644, 2119.0 ], [ -97.670649444204969, 18.568477124699392, 2119.0 ], [ -97.670647961361894, 18.568474998680184, 2119.0 ], [ -97.670650912885776, 18.568469702959614, 2119.0 ], [ -97.670654256757231, 18.568468949649343, 2119.0 ], [ -97.670658046478223, 18.568470746641768, 2119.0 ], [ -97.670659572655453, 18.568472872660976, 2119.0 ], [ -97.670658715277298, 18.568474998680184, 2119.0 ], [ -97.67065202750959, 18.568477265262644, 2119.0 ] ] } },
{ "type": "Feature", "properties": { "FID": 46, "elev": 2120.0, "elevation": 2120.0, "ELEVATION": 2120.0, "is_master": true, "tipo": "Maestra (5m)" }, "geometry": { "type": "LineString", "coordinates": [ [ -97.67076132621014, 18.568476061689786, 2120.0 ], [ -97.670761260644028, 18.568476010253839, 2120.0 ], [ -97.670761260644028, 18.568476071382886, 2120.0 ], [ -97.67076132621014, 18.568476061689786, 2120.0 ] ] } },
{ "type": "Feature", "properties": { "FID": 47, "elev": 2115.0, "elevation": 2115.0, "ELEVATION": 2115.0, "is_master": true, "tipo": "Maestra (5m)" }, "geometry": { "type": "LineString", "coordinates": [ [ -97.671233919808444, 18.568474998680184, 2115.0 ], [ -97.67123311806148, 18.568474998680184, 2115.0 ], [ -97.671233861144032, 18.568476061607065, 2115.0 ], [ -97.671233919808444, 18.568474998680184, 2115.0 ] ] } },
{ "type": "Feature", "properties": { "FID": 48, "elev": 2119.0, "elevation": 2119.0, "ELEVATION": 2119.0, "is_master": false, "tipo": "Ordinaria (1m)" }, "geometry": { "type": "LineString", "coordinates": [ [ -97.670646454390493, 18.568467557614799, 2119.0 ], [ -97.670643110519023, 18.568467211516811, 2119.0 ], [ -97.67064199589521, 18.568465431581934, 2119.0 ], [ -97.670644225142851, 18.568463624477427, 2119.0 ], [ -97.670646838743536, 18.568465431593754, 2119.0 ], [ -97.670646454390493, 18.568467557614799, 2119.0 ] ] } },
{ "type": "Feature", "properties": { "FID": 49, "elev": 2111.0, "elevation": 2111.0, "ELEVATION": 2111.0, "is_master": false, "tipo": "Ordinaria (1m)" }, "geometry": { "type": "LineString", "coordinates": [ [ -97.671680023183683, 18.568435667324856, 2111.0 ], [ -97.671683230658985, 18.568432478296046, 2111.0 ], [ -97.671684501707318, 18.568423974219218, 2111.0 ], [ -97.671679710672322, 18.568417634126224, 2111.0 ], [ -97.671673022929397, 18.568417508550915, 2111.0 ], [ -97.671660885003831, 18.568426100238423, 2111.0 ], [ -97.671659718272494, 18.568430352276838, 2111.0 ], [ -97.671661876691203, 18.568433590046265, 2111.0 ], [ -97.671675252177039, 18.5684365408225, 2111.0 ], [ -97.671680023183683, 18.568435667324856, 2111.0 ] ] } },
{ "type": "Feature", "properties": { "FID": 50, "elev": 2119.0, "elevation": 2119.0, "ELEVATION": 2119.0, "is_master": false, "tipo": "Ordinaria (1m)" }, "geometry": { "type": "LineString", "coordinates": [ [ -97.670674319986006, 18.568431479711265, 2119.0 ], [ -97.670669861490722, 18.568430393161822, 2119.0 ], [ -97.670668746866909, 18.568427163237686, 2119.0 ], [ -97.670674577206896, 18.568427163248028, 2119.0 ], [ -97.670676034791882, 18.568429289267236, 2119.0 ], [ -97.670674319986006, 18.568431479711265, 2119.0 ] ] } },
{ "type": "Feature", "properties": { "FID": 51, "elev": 2119.0, "elevation": 2119.0, "ELEVATION": 2119.0, "is_master": false, "tipo": "Ordinaria (1m)" }, "geometry": { "type": "LineString", "coordinates": [ [ -97.670816786509633, 18.568416533151993, 2119.0 ], [ -97.670820546898412, 18.568410155094373, 2119.0 ], [ -97.670821094599347, 18.568402714027147, 2119.0 ], [ -97.670811418715957, 18.568393993529202, 2119.0 ], [ -97.67080584559686, 18.568394781568692, 2119.0 ], [ -97.670798315693716, 18.568401651017545, 2119.0 ], [ -97.670798314354826, 18.568403777036753, 2119.0 ], [ -97.670814762587426, 18.568417133983509, 2119.0 ], [ -97.670816786509633, 18.568416533151993, 2119.0 ] ] } },
{ "type": "Feature", "properties": { "FID": 52, "elev": 2115.0, "elevation": 2115.0, "ELEVATION": 2115.0, "is_master": true, "tipo": "Maestra (5m)" }, "geometry": { "type": "LineString", "coordinates": [ [ -97.671303323551925, 18.568396335969528, 2115.0 ], [ -97.671304564072315, 18.568393146940718, 2115.0 ], [ -97.671302732035102, 18.568389957911908, 2115.0 ], [ -97.671303540471683, 18.568386768883094, 2115.0 ], [ -97.671301853197093, 18.568385327914523, 2115.0 ], [ -97.67129739470181, 18.568387758432685, 2115.0 ], [ -97.671295969597821, 18.56839102092151, 2115.0 ], [ -97.671298509325638, 18.56839620780525, 2115.0 ], [ -97.671303323551925, 18.568396335969528, 2115.0 ] ] } },
{ "type": "Feature", "properties": { "FID": 53, "elev": 2116.0, "elevation": 2116.0, "ELEVATION": 2116.0, "is_master": false, "tipo": "Ordinaria (1m)" }, "geometry": { "type": "LineString", "coordinates": [ [ -97.67117590070535, 18.568393602516259, 2116.0 ], [ -97.6711735054499, 18.568392083931112, 2116.0 ], [ -97.671174786081522, 18.568388425200386, 2116.0 ], [ -97.671177356907435, 18.56839102092151, 2116.0 ], [ -97.67117590070535, 18.568393602516259, 2116.0 ] ] } },
{ "type": "Feature", "properties": { "FID": 54, "elev": 2119.0, "elevation": 2119.0, "ELEVATION": 2119.0, "is_master": false, "tipo": "Ordinaria (1m)" }, "geometry": { "type": "LineString", "coordinates": [ [ -97.670790240863369, 18.568392366646432, 2119.0 ], [ -97.670780242032038, 18.568385705873492, 2119.0 ], [ -97.670781323872802, 18.568381478556233, 2119.0 ], [ -97.670788011615727, 18.56838153630996, 2119.0 ], [ -97.67079118829362, 18.56838464286389, 2119.0 ], [ -97.670790240863369, 18.568392366646432, 2119.0 ] ] } },
{ "type": "Feature", "properties": { "FID": 55, "elev": 2105.0, "elevation": 2105.0, "ELEVATION": 2105.0, "is_master": true, "tipo": "Maestra (5m)" }, "geometry": { "type": "LineString", "coordinates": [ [ -97.671571592161712, 18.568385813196578, 2105.0 ], [ -97.671561560547332, 18.568385925991642, 2105.0 ], [ -97.671558216675862, 18.568384499766442, 2105.0 ], [ -97.671555883257781, 18.568380390825475, 2105.0 ], [ -97.671557171716032, 18.568375075777457, 2105.0 ], [ -97.671561560547332, 18.568370693041143, 2105.0 ], [ -97.671573821409353, 18.568365685105388, 2105.0 ], [ -97.671578279904637, 18.56836420202529, 2105.0 ], [ -97.671584967647561, 18.568365462695418, 2105.0 ], [ -97.671587616958661, 18.568371886748647, 2105.0 ], [ -97.671585060305773, 18.568380390825475, 2105.0 ], [ -97.671577165280823, 18.568384853619772, 2105.0 ], [ -97.671571592161712, 18.568385813196578, 2105.0 ] ] } },
{ "type": "Feature", "properties": { "FID": 56, "elev": 2116.0, "elevation": 2116.0, "ELEVATION": 2116.0, "is_master": false, "tipo": "Ordinaria (1m)" }, "geometry": { "type": "LineString", "coordinates": [ [ -97.671184817695917, 18.568385106227048, 2116.0 ], [ -97.671181473824447, 18.568385250297947, 2116.0 ], [ -97.671180593858281, 18.568383579854284, 2116.0 ], [ -97.671181257554153, 18.568380390825475, 2116.0 ], [ -97.671183703072089, 18.568378659638405, 2116.0 ], [ -97.67118593231973, 18.568379178330147, 2116.0 ], [ -97.671186628959617, 18.56838145383508, 2116.0 ], [ -97.671184817695917, 18.568385106227048, 2116.0 ] ] } },
{ "type": "Feature", "properties": { "FID": 57, "elev": 2119.0, "elevation": 2119.0, "ELEVATION": 2119.0, "is_master": false, "tipo": "Ordinaria (1m)" }, "geometry": { "type": "LineString", "coordinates": [ [ -97.670762375267856, 18.568382109587755, 2119.0 ], [ -97.67075969588366, 18.568380390825475, 2119.0 ], [ -97.670761260644028, 18.568377515471628, 2119.0 ], [ -97.670764788244696, 18.568379327815872, 2119.0 ], [ -97.670762375267856, 18.568382109587755, 2119.0 ] ] } },
{ "type": "Feature", "properties": { "FID": 58, "elev": 2115.0, "elevation": 2115.0, "ELEVATION": 2115.0, "is_master": true, "tipo": "Maestra (5m)" }, "geometry": { "type": "LineString", "coordinates": [ [ -97.671299146253531, 18.568380390825475, 2115.0 ], [ -97.671298509325638, 18.568380272713298, 2115.0 ], [ -97.671298509325638, 18.568380922330277, 2115.0 ], [ -97.671299146253531, 18.568380390825475, 2115.0 ] ] } },
{ "type": "Feature", "properties": { "FID": 59, "elev": 2115.0, "elevation": 2115.0, "ELEVATION": 2115.0, "is_master": true, "tipo": "Maestra (5m)" }, "geometry": { "type": "LineString", "coordinates": [ [ -97.671300920023668, 18.568379327815872, 2115.0 ], [ -97.671311884811487, 18.56837724582665, 2115.0 ], [ -97.671316510500333, 18.568372949758253, 2115.0 ], [ -97.671319258476757, 18.568363382671819, 2115.0 ], [ -97.6713185725513, 18.568358067623802, 2115.0 ], [ -97.671316343306771, 18.568356207356995, 2115.0 ], [ -97.671309655563846, 18.568356940833624, 2115.0 ], [ -97.671306283925944, 18.568361256652612, 2115.0 ], [ -97.671307219314627, 18.568368697719837, 2115.0 ], [ -97.671305197068563, 18.568370971893692, 2115.0 ], [ -97.671299560256656, 18.568370823739045, 2115.0 ], [ -97.671298235829966, 18.568374012767855, 2115.0 ], [ -97.671300920023668, 18.568379327815872, 2115.0 ] ] } },
{ "type": "Feature", "properties": { "FID": 60, "elev": 2119.0, "elevation": 2119.0, "ELEVATION": 2119.0, "is_master": false, "tipo": "Ordinaria (1m)" }, "geometry": { "type": "LineString", "coordinates": [ [ -97.670779094625161, 18.568372906370104, 2119.0 ], [ -97.670776358730322, 18.568369760729439, 2119.0 ], [ -97.670780209248989, 18.568366117977018, 2119.0 ], [ -97.670782327034246, 18.568366571700629, 2119.0 ], [ -97.67078243849663, 18.568368814534079, 2119.0 ], [ -97.670779094625161, 18.568372906370104, 2119.0 ] ] } },
{ "type": "Feature", "properties": { "FID": 61, "elev": 2120.0, "elevation": 2120.0, "ELEVATION": 2120.0, "is_master": true, "tipo": "Maestra (5m)" }, "geometry": { "type": "LineString", "coordinates": [ [ -97.670570829349785, 18.568361256652612, 2120.0 ], [ -97.670579710018103, 18.568352752575784, 2120.0 ], [ -97.670579605090552, 18.568348500537372, 2120.0 ], [ -97.670568430723037, 18.568337143689874, 2120.0 ], [ -97.670551711365732, 18.568336792903128, 2120.0 ], [ -97.670548227191972, 18.568341059470146, 2120.0 ], [ -97.670547943293599, 18.568344248498956, 2120.0 ], [ -97.670550922788337, 18.568352752575784, 2120.0 ], [ -97.670550753341942, 18.568359130633407, 2120.0 ], [ -97.670558399108657, 18.568361354599297, 2120.0 ], [ -97.670570829349785, 18.568361256652612, 2120.0 ] ] } },
{ "type": "Feature", "properties": { "FID": 62, "elev": 2105.0, "elevation": 2105.0, "ELEVATION": 2105.0, "is_master": true, "tipo": "Maestra (5m)" }, "geometry": { "type": "LineString", "coordinates": [ [ -97.671600572381053, 18.568360486027313, 2105.0 ], [ -97.671593731650546, 18.568359130633407, 2105.0 ], [ -97.671591359673968, 18.568352752575784, 2105.0 ], [ -97.671594076401362, 18.568347437527766, 2105.0 ], [ -97.671601461575335, 18.568339996460544, 2105.0 ], [ -97.671605096740478, 18.568331492383717, 2105.0 ], [ -97.671609447255548, 18.568269837826715, 2105.0 ], [ -97.671612641264176, 18.568264522778698, 2105.0 ], [ -97.671621818302285, 18.568258144721078, 2105.0 ], [ -97.671627420149036, 18.568251766663455, 2105.0 ], [ -97.671631823726969, 18.568242199577025, 2105.0 ], [ -97.671635786041662, 18.568226254432972, 2105.0 ], [ -97.67163408743977, 18.568217750356144, 2105.0 ], [ -97.67162774531748, 18.568211372298524, 2105.0 ], [ -97.671622148587176, 18.568200742202489, 2105.0 ], [ -97.671626746734432, 18.568182671039231, 2105.0 ], [ -97.671626269039237, 18.568178419000816, 2105.0 ], [ -97.67162107457365, 18.568172040943196, 2105.0 ], [ -97.67162528020927, 18.568162473856763, 2105.0 ], [ -97.671617228883633, 18.568152906770333, 2105.0 ], [ -97.67161366131873, 18.568142276674298, 2105.0 ], [ -97.671609669968902, 18.568100819299762, 2105.0 ], [ -97.671600864563999, 18.568074244059677, 2105.0 ], [ -97.671601810851968, 18.568068929011659, 2105.0 ], [ -97.671609429872134, 18.568061487944433, 2105.0 ], [ -97.67162509410511, 18.568053778390219, 2105.0 ], [ -97.671637354967146, 18.568061448729324, 2105.0 ], [ -97.671645073788042, 18.568071055030867, 2105.0 ], [ -97.671641086801586, 18.568081685126902, 2105.0 ], [ -97.671641926335724, 18.568088063184522, 2105.0 ], [ -97.671664105938845, 18.568124699296146, 2105.0 ], [ -97.671665171449291, 18.56813696162628, 2105.0 ], [ -97.671671422443922, 18.568152906770333, 2105.0 ], [ -97.671670579206037, 18.568157158808745, 2105.0 ], [ -97.671663275131266, 18.568163536866368, 2105.0 ], [ -97.671662957718198, 18.568169914923988, 2105.0 ], [ -97.671674365404499, 18.568183734048834, 2105.0 ], [ -97.671678823927152, 18.568192238125661, 2105.0 ], [ -97.671681130028162, 18.568201805212091, 2105.0 ], [ -97.671681028709813, 18.568224128413764, 2105.0 ], [ -97.6716695222607, 18.56825920773068, 2105.0 ], [ -97.671664274740039, 18.568291098018783, 2105.0 ], [ -97.671655167409654, 18.568312358210854, 2105.0 ], [ -97.671635115984799, 18.568338933450939, 2105.0 ], [ -97.671632012142211, 18.56835062655658, 2105.0 ], [ -97.671627496610341, 18.568355941604594, 2105.0 ], [ -97.671616177114544, 18.568359482420757, 2105.0 ], [ -97.671611718619261, 18.568359215366055, 2105.0 ], [ -97.671608374747805, 18.568356424790778, 2105.0 ], [ -97.671600572381053, 18.568360486027313, 2105.0 ] ] } },
{ "type": "Feature", "properties": { "FID": 63, "elev": 2119.0, "elevation": 2119.0, "ELEVATION": 2119.0, "is_master": false, "tipo": "Ordinaria (1m)" }, "geometry": { "type": "LineString", "coordinates": [ [ -97.670801387101577, 18.568350759432779, 2119.0 ], [ -97.670796065671723, 18.568348500537372, 2119.0 ], [ -97.670796928606293, 18.568346084606453, 2119.0 ], [ -97.670801387101577, 18.568344719011403, 2119.0 ], [ -97.670803009375845, 18.568347437527766, 2119.0 ], [ -97.670801387101577, 18.568350759432779, 2119.0 ] ] } },
{ "type": "Feature", "properties": { "FID": 64, "elev": 2120.0, "elevation": 2120.0, "ELEVATION": 2120.0, "is_master": true, "tipo": "Maestra (5m)" }, "geometry": { "type": "LineString", "coordinates": [ [ -97.670525568370664, 18.568327240345301, 2120.0 ], [ -97.670525541936897, 18.568322988306889, 2120.0 ], [ -97.670521616522564, 18.568320507951146, 2120.0 ], [ -97.67052306846675, 18.568326177335699, 2120.0 ], [ -97.670525568370664, 18.568327240345301, 2120.0 ] ] } },
{ "type": "Feature", "properties": { "FID": 65, "elev": 2113.0, "elevation": 2113.0, "ELEVATION": 2113.0, "is_master": false, "tipo": "Ordinaria (1m)" }, "geometry": { "type": "LineString", "coordinates": [ [ -97.671422333899173, 18.568322988306889, 2113.0 ], [ -97.671421943593188, 18.568322988306889, 2113.0 ], [ -97.671422232569739, 18.568323664767544, 2113.0 ], [ -97.671422333899173, 18.568322988306889, 2113.0 ] ] } },
{ "type": "Feature", "properties": { "FID": 66, "elev": 2106.0, "elevation": 2106.0, "ELEVATION": 2106.0, "is_master": false, "tipo": "Ordinaria (1m)" }, "geometry": { "type": "LineString", "coordinates": [ [ -97.671570477537898, 18.568317867141126, 2106.0 ], [ -97.671560445923504, 18.568316536456855, 2106.0 ], [ -97.671557546310879, 18.568312358210854, 2106.0 ], [ -97.67155933129969, 18.568307965094004, 2106.0 ], [ -97.671566019042615, 18.568304951593014, 2106.0 ], [ -97.671573586099882, 18.568307043162836, 2106.0 ], [ -97.671576055420346, 18.568310232191646, 2106.0 ], [ -97.671575978745778, 18.568315547239663, 2106.0 ], [ -97.671570477537898, 18.568317867141126, 2106.0 ] ] } },
{ "type": "Feature", "properties": { "FID": 67, "elev": 2104.0, "elevation": 2104.0, "ELEVATION": 2104.0, "is_master": false, "tipo": "Ordinaria (1m)" }, "geometry": { "type": "LineString", "coordinates": [ [ -97.671629552600393, 18.568316676985297, 2104.0 ], [ -97.671621750233655, 18.568315496620158, 2104.0 ], [ -97.671613777553731, 18.568305980153234, 2104.0 ], [ -97.671614198262219, 18.568285782970765, 2104.0 ], [ -97.671612287755323, 18.568273026855525, 2104.0 ], [ -97.671613067325026, 18.56826877481711, 2104.0 ], [ -97.671619520986013, 18.56826427896203, 2104.0 ], [ -97.671640698838601, 18.568265507240792, 2104.0 ], [ -97.671647628671764, 18.568274089865128, 2104.0 ], [ -97.671647537950193, 18.568290035009181, 2104.0 ], [ -97.671645285411785, 18.568297476076406, 2104.0 ], [ -97.671637177640619, 18.568311295201251, 2104.0 ], [ -97.671629552600393, 18.568316676985297, 2104.0 ] ] } },
{ "type": "Feature", "properties": { "FID": 68, "elev": 2103.0, "elevation": 2103.0, "ELEVATION": 2103.0, "is_master": false, "tipo": "Ordinaria (1m)" }, "geometry": { "type": "LineString", "coordinates": [ [ -97.671622864857468, 18.568282706495914, 2103.0 ], [ -97.671617470388881, 18.568277278893937, 2103.0 ], [ -97.671617684389943, 18.568270900836318, 2103.0 ], [ -97.671620635609827, 18.568270777975911, 2103.0 ], [ -97.671626104040513, 18.568276215884335, 2103.0 ], [ -97.671626208728938, 18.568280815027926, 2103.0 ], [ -97.671622864857468, 18.568282706495914, 2103.0 ] ] } },
{ "type": "Feature", "properties": { "FID": 69, "elev": 2120.0, "elevation": 2120.0, "ELEVATION": 2120.0, "is_master": true, "tipo": "Maestra (5m)" }, "geometry": { "type": "LineString", "coordinates": [ [ -97.670645704162922, 18.568281530932353, 2120.0 ], [ -97.670649011716094, 18.568277278893937, 2120.0 ], [ -97.670647667177207, 18.568273026855525, 2120.0 ], [ -97.670638919533459, 18.56827196384592, 2120.0 ], [ -97.67063983535725, 18.568279404913145, 2120.0 ], [ -97.67064199589521, 18.568281521607705, 2120.0 ], [ -97.670645704162922, 18.568281530932353, 2120.0 ] ] } },
{ "type": "Feature", "properties": { "FID": 70, "elev": 2119.0, "elevation": 2119.0, "ELEVATION": 2119.0, "is_master": false, "tipo": "Ordinaria (1m)" }, "geometry": { "type": "LineString", "coordinates": [ [ -97.670878982067563, 18.56825920773068, 2119.0 ], [ -97.670881378561702, 18.56825601870187, 2119.0 ], [ -97.670880525392846, 18.568251872964417, 2119.0 ], [ -97.670876389309413, 18.56825601870187, 2119.0 ], [ -97.670877181521391, 18.568259489115576, 2119.0 ], [ -97.670878982067563, 18.56825920773068, 2119.0 ] ] } },
{ "type": "Feature", "properties": { "FID": 71, "elev": 2119.0, "elevation": 2119.0, "ELEVATION": 2119.0, "is_master": false, "tipo": "Ordinaria (1m)" }, "geometry": { "type": "LineString", "coordinates": [ [ -97.6708786877698, 18.568236884529007, 2119.0 ], [ -97.670876793826139, 18.568236884529007, 2119.0 ], [ -97.670878296145204, 18.568237947525883, 2119.0 ], [ -97.6708786877698, 18.568236884529007, 2119.0 ] ] } },
{ "type": "Feature", "properties": { "FID": 72, "elev": 2104.0, "elevation": 2104.0, "ELEVATION": 2104.0, "is_master": false, "tipo": "Ordinaria (1m)" }, "geometry": { "type": "LineString", "coordinates": [ [ -97.671660762067376, 18.568223116023667, 2104.0 ], [ -97.67165741819592, 18.568223308190305, 2104.0 ], [ -97.671652959700637, 18.568220076652523, 2104.0 ], [ -97.671635352565048, 18.568201805212091, 2104.0 ], [ -97.671635142355669, 18.568186923077644, 2104.0 ], [ -97.671641612464683, 18.568179482010418, 2104.0 ], [ -97.671646271957712, 18.568177106482846, 2104.0 ], [ -97.671652959700637, 18.568177135915004, 2104.0 ], [ -97.671658532819734, 18.568180518565033, 2104.0 ], [ -97.671666432602791, 18.568193301135263, 2104.0 ], [ -97.671667702504521, 18.568213498317732, 2104.0 ], [ -97.671665220562659, 18.568219096834977, 2104.0 ], [ -97.671660762067376, 18.568223116023667, 2104.0 ] ] } },
{ "type": "Feature", "properties": { "FID": 73, "elev": 2117.0, "elevation": 2117.0, "ELEVATION": 2117.0, "is_master": false, "tipo": "Ordinaria (1m)" }, "geometry": { "type": "LineString", "coordinates": [ [ -97.67140414243282, 18.56822200239456, 2117.0 ], [ -97.671407864610615, 18.568218813365746, 2117.0 ], [ -97.671407742460062, 18.568215293109308, 2117.0 ], [ -97.671403283964779, 18.568212152658173, 2117.0 ], [ -97.671398825469495, 18.568212715047498, 2117.0 ], [ -97.671395973140221, 18.568216687346542, 2117.0 ], [ -97.671396547537142, 18.568220939384954, 2117.0 ], [ -97.671401054717137, 18.568222998165602, 2117.0 ], [ -97.67140414243282, 18.56822200239456, 2117.0 ] ] } },
{ "type": "Feature", "properties": { "FID": 74, "elev": 2120.0, "elevation": 2120.0, "ELEVATION": 2120.0, "is_master": true, "tipo": "Maestra (5m)" }, "geometry": { "type": "LineString", "coordinates": [ [ -97.670777298842339, 18.568218813365746, 2120.0 ], [ -97.670780209248989, 18.568215793896751, 2120.0 ], [ -97.670790055863563, 18.568211372298524, 2120.0 ], [ -97.670791112063597, 18.568207120260109, 2120.0 ], [ -97.670789126239555, 18.568204462736102, 2120.0 ], [ -97.670780209248989, 18.568206710558492, 2120.0 ], [ -97.670771412397514, 18.568215624336936, 2120.0 ], [ -97.670771190928974, 18.568217750356144, 2120.0 ], [ -97.670773521506064, 18.568219825350891, 2120.0 ], [ -97.670777298842339, 18.568218813365746, 2120.0 ] ] } },
{ "type": "Feature", "properties": { "FID": 75, "elev": 2120.0, "elevation": 2120.0, "ELEVATION": 2120.0, "is_master": true, "tipo": "Maestra (5m)" }, "geometry": { "type": "LineString", "coordinates": [ [ -97.670711494196681, 18.568216687346542, 2120.0 ], [ -97.670712461436196, 18.568207120260109, 2120.0 ], [ -97.670708873324457, 18.568202868223931, 2120.0 ], [ -97.670706644076816, 18.568202985566913, 2120.0 ], [ -97.670702352775109, 18.568207120260109, 2120.0 ], [ -97.670711494196681, 18.568216687346542, 2120.0 ] ] } },
{ "type": "Feature", "properties": { "FID": 76, "elev": 2120.0, "elevation": 2120.0, "ELEVATION": 2120.0, "is_master": true, "tipo": "Maestra (5m)" }, "geometry": { "type": "LineString", "coordinates": [ [ -97.670798321886068, 18.568202868221697, 2120.0 ], [ -97.67080191401466, 18.568201805212091, 2120.0 ], [ -97.670802564422985, 18.568198616183281, 2120.0 ], [ -97.670798043230107, 18.568193767822407, 2120.0 ], [ -97.670795813982465, 18.568193494409737, 2120.0 ], [ -97.670794223604588, 18.568195427154471, 2120.0 ], [ -97.670796655207994, 18.568199679192887, 2120.0 ], [ -97.67079492228342, 18.568201805212091, 2120.0 ], [ -97.670798321886068, 18.568202868221697, 2120.0 ] ] } },
{ "type": "Feature", "properties": { "FID": 77, "elev": 2125.0, "elevation": 2125.0, "ELEVATION": 2125.0, "is_master": true, "tipo": "Maestra (5m)" }, "geometry": { "type": "LineString", "coordinates": [ [ -97.671157020216299, 18.565055296785825, 2125.0 ], [ -97.671160767543469, 18.565077619987498, 2125.0 ], [ -97.671163639843314, 18.565079007974322, 2125.0 ], [ -97.671166983714784, 18.565078160899464, 2125.0 ], [ -97.67116867057851, 18.565079746006706, 2125.0 ], [ -97.67116649252462, 18.565087187073928, 2125.0 ], [ -97.67117590070535, 18.565097726501499, 2125.0 ], [ -97.671182588448275, 18.565109406336884, 2125.0 ], [ -97.67118593231973, 18.565110734862664, 2125.0 ], [ -97.671188161567372, 18.5651203489622, 2125.0 ], [ -97.671197078557938, 18.565133971307699, 2125.0 ], [ -97.671201537053221, 18.565137582079057, 2125.0 ], [ -97.671212683291429, 18.565136961107619, 2125.0 ], [ -97.671216027162899, 18.565138278496129, 2125.0 ], [ -97.671229495106019, 18.565150967650137, 2125.0 ], [ -97.671230757681627, 18.565154156678947, 2125.0 ], [ -97.671230197676635, 18.56516691279419, 2125.0 ], [ -97.671234190357808, 18.565181794928638, 2125.0 ], [ -97.671232567195872, 18.565186046967053, 2125.0 ], [ -97.671233315689818, 18.565189235995863, 2125.0 ], [ -97.671246122006053, 18.565199039822424, 2125.0 ], [ -97.67125020896006, 18.565199866091895, 2125.0 ], [ -97.671249653886349, 18.56521049618793, 2125.0 ], [ -97.671252598939688, 18.565216874245554, 2125.0 ], [ -97.671257268244261, 18.565220910729241, 2125.0 ], [ -97.671269529106297, 18.565225267907941, 2125.0 ], [ -97.671277331473036, 18.565232372617452, 2125.0 ], [ -97.671285133839788, 18.565229611462843, 2125.0 ], [ -97.671292936206527, 18.565221392036367, 2125.0 ], [ -97.67131077018766, 18.565215884648214, 2125.0 ], [ -97.671318572554398, 18.565217818766826, 2125.0 ], [ -97.671323031049681, 18.565216972672367, 2125.0 ], [ -97.671327489544964, 18.565209602902549, 2125.0 ], [ -97.671338635783172, 18.565205993455063, 2125.0 ], [ -97.671350896645208, 18.565207503218527, 2125.0 ], [ -97.671360592405833, 18.565219000264758, 2125.0 ], [ -97.671361073804306, 18.565236008418413, 2125.0 ], [ -97.671352182178012, 18.565259394629692, 2125.0 ], [ -97.671346589997228, 18.565265772687312, 2125.0 ], [ -97.671339750407, 18.565268880981215, 2125.0 ], [ -97.671334055647435, 18.565274276764139, 2125.0 ], [ -97.671321762988725, 18.56529872598502, 2125.0 ], [ -97.671316040207302, 18.565316797148277, 2125.0 ], [ -97.671310980215949, 18.565347624426778, 2125.0 ], [ -97.671307324213245, 18.565359317532415, 2125.0 ], [ -97.671301853197093, 18.565367209573413, 2125.0 ], [ -97.671288400840638, 18.565374199666866, 2125.0 ], [ -97.671273997293952, 18.565386955782106, 2125.0 ], [ -97.67126488030938, 18.565414594031797, 2125.0 ], [ -97.671258505204847, 18.565422035099022, 2125.0 ], [ -97.671259406502202, 18.56542735014704, 2125.0 ], [ -97.671256983530569, 18.565432665195058, 2125.0 ], [ -97.671256371420498, 18.565452862377523, 2125.0 ], [ -97.671246122006053, 18.565459251172612, 2125.0 ], [ -97.671243741136792, 18.565463492473558, 2125.0 ], [ -97.671241224852366, 18.565479437617608, 2125.0 ], [ -97.671245926102472, 18.565490067713643, 2125.0 ], [ -97.671250567232008, 18.565495382761661, 2125.0 ], [ -97.671251245948397, 18.565502823828886, 2125.0 ], [ -97.671248061911825, 18.565512390915316, 2125.0 ], [ -97.671250580501336, 18.565517191603849, 2125.0 ], [ -97.671259497491903, 18.565517515492331, 2125.0 ], [ -97.671269529106297, 18.565521179535118, 2125.0 ], [ -97.671276413547531, 18.565525147030559, 2125.0 ], [ -97.6712855168131, 18.565535777126591, 2125.0 ], [ -97.671288714496612, 18.56555597430906, 2125.0 ], [ -97.671281912056926, 18.565566604405092, 2125.0 ], [ -97.671280338296441, 18.565577234501127, 2125.0 ], [ -97.671282028221242, 18.565584675568353, 2125.0 ], [ -97.671286738433665, 18.565585738577955, 2125.0 ], [ -97.67129739470181, 18.565577784988243, 2125.0 ], [ -97.671304199300465, 18.565582549549145, 2125.0 ], [ -97.671308781788383, 18.565592116635578, 2125.0 ], [ -97.671312108192126, 18.565609124789233, 2125.0 ], [ -97.671312655380504, 18.565625069933283, 2125.0 ], [ -97.671310864825529, 18.565637826048526, 2125.0 ], [ -97.671305362198012, 18.565647393134956, 2125.0 ], [ -97.671307561986396, 18.565653771192579, 2125.0 ], [ -97.671303023338581, 18.565655897211784, 2125.0 ], [ -97.671302784609097, 18.565658023230991, 2125.0 ], [ -97.671306552424738, 18.565665464298217, 2125.0 ], [ -97.671308845697922, 18.56569416555751, 2125.0 ], [ -97.67130881829587, 18.565706921672753, 2125.0 ], [ -97.671306523916755, 18.565722866816802, 2125.0 ], [ -97.671303928703523, 18.565729244874422, 2125.0 ], [ -97.671303729660892, 18.565738811960856, 2125.0 ], [ -97.671305197068563, 18.565742530121678, 2125.0 ], [ -97.67131535920096, 18.565749442056891, 2125.0 ], [ -97.671319625435217, 18.565755820114511, 2125.0 ], [ -97.671322751422807, 18.565788773412219, 2125.0 ], [ -97.671329642013305, 18.565808970594684, 2125.0 ], [ -97.67134775750057, 18.565834482825167, 2125.0 ], [ -97.671375559554946, 18.565861058065256, 2125.0 ], [ -97.671384405789354, 18.565878066218911, 2125.0 ], [ -97.671388448952641, 18.565905704468602, 2125.0 ], [ -97.671386228352233, 18.565949287862342, 2125.0 ], [ -97.671387435481279, 18.565968422035205, 2125.0 ], [ -97.671397874687926, 18.566000312323307, 2125.0 ], [ -97.671408672710015, 18.566059840861104, 2125.0 ], [ -97.671413227675089, 18.566073659985946, 2125.0 ], [ -97.671415580324378, 18.566077912024362, 2125.0 ], [ -97.671432264184119, 18.566092762641006, 2125.0 ], [ -97.671440066550872, 18.566106595417949, 2125.0 ], [ -97.671446754293797, 18.56611099611121, 2125.0 ], [ -97.671464588274929, 18.566114338548822, 2125.0 ], [ -97.671484651503704, 18.566115383112884, 2125.0 ], [ -97.671490624744166, 18.56611405435088, 2125.0 ], [ -97.671495797741898, 18.566107933473003, 2125.0 ], [ -97.671499141613367, 18.566108609032078, 2125.0 ], [ -97.671501395291116, 18.56611086532207, 2125.0 ], [ -97.67150360010865, 18.566119502275097, 2125.0 ], [ -97.671509826627926, 18.566122558427708, 2125.0 ], [ -97.671511402478615, 18.566131062504535, 2125.0 ], [ -97.671516030998035, 18.566139566581363, 2125.0 ], [ -97.671517200247365, 18.566149133667793, 2125.0 ], [ -97.671512536540334, 18.56615763774462, 2125.0 ], [ -97.671520495881239, 18.566183149975107, 2125.0 ], [ -97.67152224570907, 18.566212914244002, 2125.0 ], [ -97.671521434089783, 18.566219813384762, 2125.0 ], [ -97.671517210252148, 18.566224607349639, 2125.0 ], [ -97.67151363172303, 18.56623339414179, 2125.0 ], [ -97.671510310715647, 18.56623630045528, 2125.0 ], [ -97.671512623253861, 18.56624586754171, 2125.0 ], [ -97.671504742141252, 18.566260749676157, 2125.0 ], [ -97.671502265256734, 18.566271379772193, 2125.0 ], [ -97.671502321125047, 18.566296892002676, 2125.0 ], [ -97.671507118377036, 18.566312837146729, 2125.0 ], [ -97.671507074892304, 18.566319215204349, 2125.0 ], [ -97.671503836007872, 18.566327719281176, 2125.0 ], [ -97.6715044643299, 18.566334097338796, 2125.0 ], [ -97.671514620400657, 18.566346853454039, 2125.0 ], [ -97.671530351080349, 18.566357546699159, 2125.0 ], [ -97.671535924199446, 18.566358936329866, 2125.0 ], [ -97.671540382694729, 18.566355454168104, 2125.0 ], [ -97.671548185061482, 18.566354571828118, 2125.0 ], [ -97.671552478427301, 18.566361735588487, 2125.0 ], [ -97.671560064203021, 18.566367050636504, 2125.0 ], [ -97.671569214297563, 18.566370239665314, 2125.0 ], [ -97.671572706788211, 18.566376617722938, 2125.0 ], [ -97.671573561330462, 18.566382995780558, 2125.0 ], [ -97.671570477537898, 18.5663882548807, 2125.0 ], [ -97.671561560547332, 18.566391877505534, 2125.0 ], [ -97.671560349643713, 18.566396814905403, 2125.0 ], [ -97.671564904418787, 18.566401753811562, 2125.0 ], [ -97.671578837216543, 18.566406381991833, 2125.0 ], [ -97.671579511857288, 18.566410634030248, 2125.0 ], [ -97.671576496506532, 18.566413823059058, 2125.0 ], [ -97.671575446468381, 18.56641807509747, 2125.0 ], [ -97.671575950839937, 18.566421264126284, 2125.0 ], [ -97.671578279904637, 18.566422817755704, 2125.0 ], [ -97.671582253780869, 18.566421264126284, 2125.0 ], [ -97.671581269719127, 18.566415949078266, 2125.0 ], [ -97.67158273839992, 18.566413481377399, 2125.0 ], [ -97.671587196895203, 18.56641375219175, 2125.0 ], [ -97.671593661713374, 18.56640850801104, 2125.0 ], [ -97.671599457757239, 18.566406253142183, 2125.0 ], [ -97.671622864857468, 18.566401654396493, 2125.0 ], [ -97.671634011095676, 18.566403104378889, 2125.0 ], [ -97.671649615829168, 18.566417024306368, 2125.0 ], [ -97.671656303572092, 18.566418905573723, 2125.0 ], [ -97.671662850634334, 18.566417012087868, 2125.0 ], [ -97.671669498308134, 18.566403192963023, 2125.0 ], [ -97.671676366800867, 18.566399696706004, 2125.0 ], [ -97.671686398415247, 18.566402302692481, 2125.0 ], [ -97.671705347020207, 18.566402912608844, 2125.0 ], [ -97.671717607882229, 18.566405085353747, 2125.0 ], [ -97.671745473477756, 18.566415910656232, 2125.0 ], [ -97.671839101878703, 18.566473260741329, 2125.0 ], [ -97.671947220389313, 18.566545608275952, 2125.0 ], [ -97.671980718212765, 18.566575400518786, 2125.0 ], [ -97.672006211555399, 18.566609416826097, 2125.0 ], [ -97.672025244057792, 18.566644496143009, 2125.0 ], [ -97.672061072291726, 18.566722095844064, 2125.0 ], [ -97.67207673967728, 18.566762490208994, 2125.0 ], [ -97.672087943773818, 18.566799695545118, 2125.0 ], [ -97.672116798018934, 18.566912374563085, 2125.0 ], [ -97.672130294698007, 18.566975092129688, 2125.0 ], [ -97.672138125050978, 18.567033557657879, 2125.0 ], [ -97.672141951037233, 18.567104779301314, 2125.0 ], [ -97.672149803268724, 18.56715261473347, 2125.0 ], [ -97.672191484959939, 18.567317381222008, 2125.0 ], [ -97.6722101074416, 18.567401358980682, 2125.0 ], [ -97.672223607641143, 18.567449194412838, 2125.0 ], [ -97.672234585709063, 18.56747789567213, 2125.0 ], [ -97.67224916110797, 18.567507659941029, 2125.0 ], [ -97.672275939956791, 18.567556558382787, 2125.0 ], [ -97.672291598618145, 18.567579944594062, 2125.0 ], [ -97.672298326903046, 18.56758844867089, 2125.0 ], [ -97.672308358507237, 18.567594921640083, 2125.0 ], [ -97.672316160873976, 18.567591257254158, 2125.0 ], [ -97.672321948737121, 18.567593763718907, 2125.0 ], [ -97.672322511014499, 18.567598015757323, 2125.0 ], [ -97.672319161784259, 18.567601204786133, 2125.0 ], [ -97.672320384711611, 18.567608645853358, 2125.0 ], [ -97.672324817084629, 18.567623527987806, 2125.0 ], [ -97.672336392762929, 18.567644788179877, 2125.0 ], [ -97.6723381567991, 18.567664985362342, 2125.0 ], [ -97.672337680890166, 18.567693686621634, 2125.0 ], [ -97.672330378520044, 18.56773833302498, 2125.0 ], [ -97.672329208529291, 18.567763845255463, 2125.0 ], [ -97.67233040834445, 18.567775538361101, 2125.0 ], [ -97.672335391197038, 18.567794672533964, 2125.0 ], [ -97.672338242158517, 18.567830814860482, 2125.0 ], [ -97.672340568277647, 18.56783931893731, 2125.0 ], [ -97.672347244496336, 18.567853138062155, 2125.0 ], [ -97.67235609515501, 18.567865894177395, 2125.0 ], [ -97.672383917141232, 18.567894595436691, 2125.0 ], [ -97.672424279384586, 18.56792765870091, 2125.0 ], [ -97.672493386061475, 18.567977431444309, 2125.0 ], [ -97.672520137033175, 18.567998726085762, 2125.0 ], [ -97.672544705199897, 18.568022156589105, 2125.0 ], [ -97.67256583660982, 18.568046605805513, 2125.0 ] ] } },
{ "type": "Feature", "properties": { "FID": 78, "elev": 2121.0, "elevation": 2121.0, "ELEVATION": 2121.0, "is_master": false, "tipo": "Ordinaria (1m)" }, "geometry": { "type": "LineString", "coordinates": [ [ -97.670553383301453, 18.568198616183281, 2121.0 ], [ -97.670558332705525, 18.568195427154471, 2121.0 ], [ -97.670559062445761, 18.568191175116059, 2121.0 ], [ -97.67055756314079, 18.568187986087246, 2121.0 ], [ -97.670552825989546, 18.568184821036098, 2121.0 ], [ -97.670546138246621, 18.568184759093807, 2121.0 ], [ -97.67054390899898, 18.568190653274979, 2121.0 ], [ -97.670548713412003, 18.568198616183281, 2121.0 ], [ -97.670553383301453, 18.568198616183281, 2121.0 ] ] } },
{ "type": "Feature", "properties": { "FID": 79, "elev": 2121.0, "elevation": 2121.0, "ELEVATION": 2121.0, "is_master": false, "tipo": "Ordinaria (1m)" }, "geometry": { "type": "LineString", "coordinates": [ [ -97.670552916364457, 18.568178419000816, 2121.0 ], [ -97.670552825989546, 18.568174656591069, 2121.0 ], [ -97.670550039429997, 18.568177355991214, 2121.0 ], [ -97.670551711365732, 18.56817921625802, 2121.0 ], [ -97.670552916364457, 18.568178419000816, 2121.0 ] ] } },
{ "type": "Feature", "properties": { "FID": 80, "elev": 2106.0, "elevation": 2106.0, "ELEVATION": 2106.0, "is_master": false, "tipo": "Ordinaria (1m)" }, "geometry": { "type": "LineString", "coordinates": [ [ -97.671676798268152, 18.56816778890478, 2106.0 ], [ -97.671676366800867, 18.568166174705013, 2106.0 ], [ -97.67167470400139, 18.568166725895178, 2106.0 ], [ -97.671675252180663, 18.56816778890478, 2106.0 ], [ -97.671676798268152, 18.56816778890478, 2106.0 ] ] } },
{ "type": "Feature", "properties": { "FID": 81, "elev": 2104.0, "elevation": 2104.0, "ELEVATION": 2104.0, "is_master": false, "tipo": "Ordinaria (1m)" }, "geometry": { "type": "LineString", "coordinates": [ [ -97.671645157333884, 18.568163613742374, 2104.0 ], [ -97.671630667224221, 18.568161294304581, 2104.0 ], [ -97.671625298790573, 18.568155032789541, 2104.0 ], [ -97.671622767137023, 18.568148654731917, 2104.0 ], [ -97.671619604204523, 18.56812739453985, 2104.0 ], [ -97.671618565121662, 18.56809656726135, 2104.0 ], [ -97.671615646161982, 18.56809018920373, 2104.0 ], [ -97.671615349590795, 18.568079559107694, 2104.0 ], [ -97.67161335420856, 18.568074244059677, 2104.0 ], [ -97.671620635609827, 18.568065663844418, 2104.0 ], [ -97.671626208728938, 18.568062870437799, 2104.0 ], [ -97.671630667224221, 18.568064585583279, 2104.0 ], [ -97.671634362821422, 18.568071055030867, 2104.0 ], [ -97.671627312686496, 18.568081685126902, 2104.0 ], [ -97.671627710374906, 18.56809018920373, 2104.0 ], [ -97.67163962265009, 18.56809975629016, 2104.0 ], [ -97.671647431541146, 18.568114638424607, 2104.0 ], [ -97.671651983580361, 18.56813058356866, 2104.0 ], [ -97.67165741819592, 18.568138875043566, 2104.0 ], [ -97.671661711269991, 18.568142276674298, 2104.0 ], [ -97.671658327240706, 18.568147591722315, 2104.0 ], [ -97.671656157159646, 18.568157158808745, 2104.0 ], [ -97.671651845076809, 18.568161345574641, 2104.0 ], [ -97.671645157333884, 18.568163613742374, 2104.0 ] ] } },
{ "type": "Feature", "properties": { "FID": 82, "elev": 2120.0, "elevation": 2120.0, "ELEVATION": 2120.0, "is_master": true, "tipo": "Maestra (5m)" }, "geometry": { "type": "LineString", "coordinates": [ [ -97.670763126990892, 18.568159284827953, 2120.0 ], [ -97.670766610838371, 18.568157158808745, 2120.0 ], [ -97.670766619412404, 18.568155032789541, 2120.0 ], [ -97.670763489891669, 18.568152906774468, 2120.0 ], [ -97.670760641408577, 18.568157158808745, 2120.0 ], [ -97.670763126990892, 18.568159284827953, 2120.0 ] ] } },
{ "type": "Feature", "properties": { "FID": 83, "elev": 2119.0, "elevation": 2119.0, "ELEVATION": 2119.0, "is_master": false, "tipo": "Ordinaria (1m)" }, "geometry": { "type": "LineString", "coordinates": [ [ -97.670954403441883, 18.568156095799143, 2119.0 ], [ -97.670954090565019, 18.568154545576803, 2119.0 ], [ -97.670952926402364, 18.568156095799143, 2119.0 ], [ -97.670954403441883, 18.568156095799143, 2119.0 ] ] } },
{ "type": "Feature", "properties": { "FID": 84, "elev": 2121.0, "elevation": 2121.0, "ELEVATION": 2121.0, "is_master": false, "tipo": "Ordinaria (1m)" }, "geometry": { "type": "LineString", "coordinates": [ [ -97.670535115855515, 18.568145465703108, 2121.0 ], [ -97.670547464442564, 18.568129520559058, 2121.0 ], [ -97.670546138246621, 18.568124609185571, 2121.0 ], [ -97.670542551444328, 18.56812420551104, 2121.0 ], [ -97.670540291360268, 18.56812739453985, 2121.0 ], [ -97.670538281946463, 18.568138024635886, 2121.0 ], [ -97.670530803724972, 18.568143339683903, 2121.0 ], [ -97.670531648136958, 18.568146114138965, 2121.0 ], [ -97.670535115855515, 18.568145465703108, 2121.0 ] ] } },
{ "type": "Feature", "properties": { "FID": 85, "elev": 2121.0, "elevation": 2121.0, "ELEVATION": 2121.0, "is_master": false, "tipo": "Ordinaria (1m)" }, "geometry": { "type": "LineString", "coordinates": [ [ -97.670651470197683, 18.568128457549452, 2121.0 ], [ -97.670660944500156, 18.568124993810297, 2121.0 ], [ -97.670662240997331, 18.56812101648223, 2121.0 ], [ -97.67066158755236, 18.568110386386195, 2121.0 ], [ -97.670655371381059, 18.568103793579159, 2121.0 ], [ -97.670648316467933, 18.568104008328572, 2121.0 ], [ -97.670644225142851, 18.568106978006195, 2121.0 ], [ -97.670643525048547, 18.568110386386195, 2121.0 ], [ -97.670645661292767, 18.568123142501435, 2121.0 ], [ -97.670649680933124, 18.568128457549452, 2121.0 ], [ -97.670651470197683, 18.568128457549452, 2121.0 ] ] } },
{ "type": "Feature", "properties": { "FID": 86, "elev": 2111.0, "elevation": 2111.0, "ELEVATION": 2111.0, "is_master": false, "tipo": "Ordinaria (1m)" }, "geometry": { "type": "LineString", "coordinates": [ [ -97.67171263665999, 18.56812739453985, 2111.0 ], [ -97.671713702958513, 18.568125268520642, 2111.0 ], [ -97.671710920139304, 18.568123280067386, 2111.0 ], [ -97.671710043058269, 18.568125268520642, 2111.0 ], [ -97.67171263665999, 18.56812739453985, 2111.0 ] ] } },
{ "type": "Feature", "properties": { "FID": 87, "elev": 2117.0, "elevation": 2117.0, "ELEVATION": 2117.0, "is_master": false, "tipo": "Ordinaria (1m)" }, "geometry": { "type": "LineString", "coordinates": [ [ -97.671389908478929, 18.568127767525674, 2117.0 ], [ -97.671383351868229, 18.56812420551104, 2117.0 ], [ -97.671384335359832, 18.568120065368372, 2117.0 ], [ -97.671387679231287, 18.56811925148515, 2117.0 ], [ -97.671395853139316, 18.568123142501435, 2117.0 ], [ -97.671389908478929, 18.568127767525674, 2117.0 ] ] } },
{ "type": "Feature", "properties": { "FID": 88, "elev": 2121.0, "elevation": 2121.0, "ELEVATION": 2121.0, "is_master": false, "tipo": "Ordinaria (1m)" }, "geometry": { "type": "LineString", "coordinates": [ [ -97.670576739736973, 18.568117827453417, 2121.0 ], [ -97.670584278245883, 18.568111449395797, 2121.0 ], [ -97.6705865821136, 18.568102945318969, 2121.0 ], [ -97.670585753834914, 18.568098693280557, 2121.0 ], [ -97.670581806208887, 18.568093732569071, 2121.0 ], [ -97.670578462337431, 18.56809242911682, 2121.0 ], [ -97.67056285760394, 18.56809484518579, 2121.0 ], [ -97.670555394470526, 18.568102945318969, 2121.0 ], [ -97.670556218322915, 18.568108260366987, 2121.0 ], [ -97.670567316099223, 18.56811587860248, 2121.0 ], [ -97.670576739736973, 18.568117827453417, 2121.0 ] ] } },
{ "type": "Feature", "properties": { "FID": 89, "elev": 2120.0, "elevation": 2120.0, "ELEVATION": 2120.0, "is_master": true, "tipo": "Maestra (5m)" }, "geometry": { "type": "LineString", "coordinates": [ [ -97.670799157853935, 18.568117266745055, 2120.0 ], [ -97.670795903871493, 18.568115701434213, 2120.0 ], [ -97.670796928606293, 18.568113764394489, 2120.0 ], [ -97.67079969594819, 18.568114638424607, 2120.0 ], [ -97.670799157853935, 18.568117266745055, 2120.0 ] ] } },
{ "type": "Feature", "properties": { "FID": 90, "elev": 2121.0, "elevation": 2121.0, "ELEVATION": 2121.0, "is_master": false, "tipo": "Ordinaria (1m)" }, "geometry": { "type": "LineString", "coordinates": [ [ -97.67063982146513, 18.568116764443815, 2121.0 ], [ -97.670639097873277, 18.568116764443815, 2121.0 ], [ -97.670639766647568, 18.568116817594294, 2121.0 ], [ -97.67063982146513, 18.568116764443815, 2121.0 ] ] } },
{ "type": "Feature", "properties": { "FID": 91, "elev": 2121.0, "elevation": 2121.0, "ELEVATION": 2121.0, "is_master": false, "tipo": "Ordinaria (1m)" }, "geometry": { "type": "LineString", "coordinates": [ [ -97.670638449364873, 18.568116764443815, 2121.0 ], [ -97.670639566265763, 18.568115701434213, 2121.0 ], [ -97.670637537399926, 18.56811392975154, 2121.0 ], [ -97.670636414519635, 18.568115701434213, 2121.0 ], [ -97.670638449364873, 18.568116764443815, 2121.0 ] ] } },
{ "type": "Feature", "properties": { "FID": 92, "elev": 2120.0, "elevation": 2120.0, "ELEVATION": 2120.0, "is_master": true, "tipo": "Maestra (5m)" }, "geometry": { "type": "LineString", "coordinates": [ [ -97.670810304092143, 18.568114909387841, 2120.0 ], [ -97.670806613042771, 18.568113575415005, 2120.0 ], [ -97.670808074844501, 18.568110652138596, 2120.0 ], [ -97.670811542563058, 18.568113575415005, 2120.0 ], [ -97.670810304092143, 18.568114909387841, 2120.0 ] ] } },
{ "type": "Feature", "properties": { "FID": 93, "elev": 2119.0, "elevation": 2119.0, "ELEVATION": 2119.0, "is_master": false, "tipo": "Ordinaria (1m)" }, "geometry": { "type": "LineString", "coordinates": [ [ -97.670999109530669, 18.568110386386195, 2119.0 ], [ -97.671002209325209, 18.568107197357385, 2119.0 ], [ -97.671001020686361, 18.568101882309367, 2119.0 ], [ -97.670995331646381, 18.568096567267478, 2119.0 ], [ -97.670989758527284, 18.568094744959172, 2119.0 ], [ -97.670987998594939, 18.56809975629016, 2119.0 ], [ -97.670988595441557, 18.568106134347779, 2119.0 ], [ -97.670991987774926, 18.568109961182351, 2119.0 ], [ -97.670999109530669, 18.568110386386195, 2119.0 ] ] } },
{ "type": "Feature", "properties": { "FID": 94, "elev": 2121.0, "elevation": 2121.0, "ELEVATION": 2121.0, "is_master": false, "tipo": "Ordinaria (1m)" }, "geometry": { "type": "LineString", "coordinates": [ [ -97.670661044530505, 18.568085937165314, 2121.0 ], [ -97.670665345342485, 18.568081685126902, 2121.0 ], [ -97.67066545009223, 18.568075307069279, 2121.0 ], [ -97.670669465052356, 18.568067866002057, 2121.0 ], [ -97.670669304178816, 18.568062550954039, 2121.0 ], [ -97.670671478356113, 18.568058298915624, 2121.0 ], [ -97.670668746866909, 18.568053890378575, 2121.0 ], [ -97.670666180422145, 18.568055109886814, 2121.0 ], [ -97.670667602910882, 18.568060424934831, 2121.0 ], [ -97.670657771100579, 18.568069992021261, 2121.0 ], [ -97.670661925369117, 18.568074244059677, 2121.0 ], [ -97.670652468714863, 18.568076370078884, 2121.0 ], [ -97.670654187093248, 18.568083811146106, 2121.0 ], [ -97.670661044530505, 18.568085937165314, 2121.0 ] ] } },
{ "type": "Feature", "properties": { "FID": 95, "elev": 2123.0, "elevation": 2123.0, "ELEVATION": 2123.0, "is_master": false, "tipo": "Ordinaria (1m)" }, "geometry": { "type": "LineString", "coordinates": [ [ -97.670512699531997, 18.567845059189168, 2123.0 ], [ -97.670529418889316, 18.567841090619982, 2123.0 ], [ -97.670534992008413, 18.567843669258849, 2123.0 ], [ -97.670541679751338, 18.567843471937561, 2123.0 ], [ -97.670553940613374, 18.567838304989689, 2123.0 ], [ -97.670560628356299, 18.567833215795964, 2123.0 ], [ -97.670565086829896, 18.56783294087969, 2123.0 ], [ -97.670566201475395, 18.567828461053502, 2123.0 ], [ -97.670570659970679, 18.567824269587867, 2123.0 ], [ -97.670578462337431, 18.567824968307661, 2123.0 ], [ -97.670584182117565, 18.567831877870084, 2123.0 ], [ -97.670589608575639, 18.567834176430029, 2123.0 ], [ -97.670593466412527, 18.567834003889292, 2123.0 ], [ -97.670599640190019, 18.567828673509407, 2123.0 ], [ -97.67060760349176, 18.567825499812464, 2123.0 ], [ -97.670609496961461, 18.567823373793257, 2123.0 ], [ -97.670608557180586, 18.567813730322904, 2123.0 ], [ -97.670615707597548, 18.567810617678017, 2123.0 ], [ -97.670620585829312, 18.567806365639601, 2123.0 ], [ -97.670619450770729, 18.567795735543566, 2123.0 ], [ -97.670620564077694, 18.567790420495552, 2123.0 ], [ -97.670628566692542, 18.567770223313083, 2123.0 ], [ -97.670649995406308, 18.567742585063392, 2123.0 ], [ -97.670663086326329, 18.567720261861719, 2123.0 ], [ -97.670675475388748, 18.567709631765688, 2123.0 ], [ -97.670685466224214, 18.567693114231847, 2123.0 ], [ -97.670691137982601, 18.567690497592825, 2123.0 ], [ -97.670695497838608, 18.567686146413617, 2123.0 ], [ -97.67070775870063, 18.567682857211299, 2123.0 ], [ -97.670733395048515, 18.567679580652928, 2123.0 ], [ -97.670767948386953, 18.567680012452644, 2123.0 ], [ -97.670793584734838, 18.567667111376682, 2123.0 ], [ -97.670813647963598, 18.567662574145434, 2123.0 ], [ -97.670837055063842, 18.567660201819127, 2123.0 ], [ -97.670840398935297, 18.567664631025806, 2123.0 ], [ -97.670844857430581, 18.567664888725105, 2123.0 ], [ -97.670847086678222, 18.5676617961681, 2123.0 ], [ -97.670851545173505, 18.567661925183181, 2123.0 ], [ -97.670858179839115, 18.567654355266306, 2123.0 ], [ -97.670881640016674, 18.567640286021554, 2123.0 ], [ -97.670890658336674, 18.567628843035823, 2123.0 ], [ -97.670895015502524, 18.56761393137333, 2123.0 ], [ -97.670909505612187, 18.567603535230262, 2123.0 ], [ -97.670910620236015, 18.567594464338875, 2123.0 ], [ -97.67091396410747, 18.567590459770141, 2123.0 ], [ -97.670917586634886, 18.567589511680495, 2123.0 ], [ -97.670919233238266, 18.567583133622872, 2123.0 ], [ -97.670923995721864, 18.567583930880076, 2123.0 ], [ -97.670926758050456, 18.567581007603668, 2123.0 ], [ -97.670926143905945, 18.56757569255565, 2123.0 ], [ -97.670929568840961, 18.567567363820611, 2123.0 ], [ -97.670933470024337, 18.567566125469217, 2123.0 ], [ -97.670931718472616, 18.567573566536442, 2123.0 ], [ -97.670932912712431, 18.567575810667826, 2123.0 ], [ -97.670936256583886, 18.567575905157572, 2123.0 ], [ -97.670939717784179, 18.567574629546044, 2123.0 ], [ -97.67094628819828, 18.567566125454178, 2123.0 ], [ -97.670958549060302, 18.56756389314905, 2123.0 ], [ -97.670969498600186, 18.567551243334769, 2123.0 ], [ -97.670985300032001, 18.567540738298689, 2123.0 ], [ -97.670994217022567, 18.567525483068714, 2123.0 ], [ -97.671022023953668, 18.567499155864201, 2123.0 ], [ -97.671046604342138, 18.567468541187619, 2123.0 ], [ -97.671092303918797, 18.567439677945909, 2123.0 ], [ -97.671109023268215, 18.567423682182355, 2123.0 ], [ -97.671164727928485, 18.567340767433283, 2123.0 ], [ -97.671220403700545, 18.567239781520954, 2123.0 ], [ -97.671228288024921, 18.567229016132789, 2123.0 ], [ -97.671252909939881, 18.567203639194435, 2123.0 ], [ -97.671261918502779, 18.567181315992762, 2123.0 ], [ -97.671269863493436, 18.567127102502987, 2123.0 ], [ -97.671269884493597, 18.567097338234088, 2123.0 ], [ -97.671264784423812, 18.56706119590757, 2123.0 ], [ -97.6712636734065, 18.567038872705897, 2123.0 ], [ -97.671264775563529, 18.567016549504224, 2123.0 ], [ -97.671269443366, 18.566997415331361, 2123.0 ], [ -97.671288425868283, 18.566975092129688, 2123.0 ], [ -97.671291938683268, 18.566967651062466, 2123.0 ], [ -97.671293217795707, 18.566959146985639, 2123.0 ], [ -97.671288477711244, 18.566951180008399, 2123.0 ], [ -97.671269410888613, 18.56693894980317, 2123.0 ], [ -97.671260502586222, 18.56692938271674, 2123.0 ], [ -97.671256340384502, 18.56689217738062, 2123.0 ], [ -97.671252809748978, 18.566885799324282, 2123.0 ], [ -97.671210937748469, 18.566857098063704, 2123.0 ], [ -97.671202469055061, 18.566846467967668, 2123.0 ], [ -97.671194747560406, 18.566829459814013, 2123.0 ], [ -97.671187970809612, 18.56680394758353, 2123.0 ], [ -97.671172748668255, 18.566723158853666, 2123.0 ], [ -97.671157093961611, 18.56665937827746, 2123.0 ], [ -97.671147043380429, 18.566623235950942, 2123.0 ], [ -97.671134517616622, 18.566589219643632, 2123.0 ], [ -97.671128766677057, 18.566565833432353, 2123.0 ], [ -97.6711231954895, 18.566519061009803, 2123.0 ], [ -97.671123191638685, 18.566494611788922, 2123.0 ], [ -97.6711277385877, 18.566452091404784, 2123.0 ], [ -97.671125866235258, 18.566434020241523, 2123.0 ], [ -97.671120390092497, 18.566420201116678, 2123.0 ], [ -97.671112376474966, 18.566407445001438, 2123.0 ], [ -97.671099224385372, 18.566393625876593, 2123.0 ], [ -97.671066667570912, 18.566366126542931, 2123.0 ], [ -97.671056459841324, 18.566350042482849, 2123.0 ], [ -97.67105415143665, 18.566341538406022, 2123.0 ], [ -97.671053620756197, 18.566296892002676, 2123.0 ], [ -97.671039630798234, 18.566240552493692, 2123.0 ], [ -97.671036242669246, 18.566216103272811, 2123.0 ], [ -97.671035170055077, 18.566184212984709, 2123.0 ], [ -97.671037757015569, 18.566176771917483, 2123.0 ], [ -97.671045489718324, 18.56616823986672, 2123.0 ], [ -97.671070011442382, 18.566155542944493, 2123.0 ], [ -97.671076910596582, 18.566144881629381, 2123.0 ], [ -97.67107924247685, 18.566128936485327, 2123.0 ], [ -97.671079594336959, 18.566103424254845, 2123.0 ], [ -97.671077358205153, 18.566077912024362, 2123.0 ], [ -97.671081167034075, 18.566063029889914, 2123.0 ], [ -97.671086279731185, 18.566055588822689, 2123.0 ], [ -97.671100183428976, 18.566047084745861, 2123.0 ], [ -97.671109028615618, 18.566033265621016, 2123.0 ], [ -97.671117048965215, 18.566024761544188, 2123.0 ], [ -97.67111353562926, 18.566013068438551, 2123.0 ], [ -97.671120192184631, 18.565998186304103, 2123.0 ], [ -97.671119868913678, 18.565987556208068, 2123.0 ], [ -97.671122735756796, 18.565972674073617, 2123.0 ], [ -97.67112203222797, 18.565965233006395, 2123.0 ], [ -97.671126022197043, 18.56595141388155, 2123.0 ], [ -97.67111805549149, 18.565919523593443, 2123.0 ], [ -97.671113335775317, 18.565912082526221, 2123.0 ], [ -97.671112556504511, 18.565901452430186, 2123.0 ], [ -97.67110745545358, 18.56589401136296, 2123.0 ], [ -97.671109192976616, 18.565887633305341, 2123.0 ], [ -97.671108214317442, 18.565875940199703, 2123.0 ], [ -97.671106803637286, 18.565869562142083, 2123.0 ], [ -97.671103336509077, 18.565864247094066, 2123.0 ], [ -97.671102499147679, 18.565854680007632, 2123.0 ], [ -97.671104697092275, 18.565849364959615, 2123.0 ], [ -97.671104823137341, 18.565840860882787, 2123.0 ], [ -97.671107967510309, 18.565837671853977, 2123.0 ], [ -97.671109265585628, 18.565831293796357, 2123.0 ], [ -97.671115711019027, 18.565829162591736, 2123.0 ], [ -97.67112351338578, 18.565822859197279, 2123.0 ], [ -97.671123793785512, 18.565820663700322, 2123.0 ], [ -97.671119054890497, 18.565813066256478, 2123.0 ], [ -97.671105730069357, 18.565811096613892, 2123.0 ], [ -97.671105440214987, 18.565799403508255, 2123.0 ], [ -97.671110964640775, 18.565787710402613, 2123.0 ], [ -97.671109587934879, 18.565783458364201, 2123.0 ], [ -97.671111057177299, 18.565778143316184, 2123.0 ], [ -97.671105679404647, 18.565770371147607, 2123.0 ], [ -97.671093224292818, 18.565760072152926, 2123.0 ], [ -97.671087654211888, 18.565742000989665, 2123.0 ], [ -97.671088875438926, 18.565726055845612, 2123.0 ], [ -97.671098602910078, 18.565707984682355, 2123.0 ], [ -97.67109856997881, 18.565703732643939, 2123.0 ], [ -97.671094761039299, 18.565696291576717, 2123.0 ], [ -97.671097535684353, 18.565683535461474, 2123.0 ], [ -97.671096607335983, 18.565681409442266, 2123.0 ], [ -97.671085423870579, 18.565675031384647, 2123.0 ], [ -97.671080917546192, 18.565668653327027, 2123.0 ], [ -97.671079731998958, 18.565654834202181, 2123.0 ], [ -97.671081203175433, 18.565639952067734, 2123.0 ], [ -97.671074337000874, 18.565632511000508, 2123.0 ], [ -97.671070011442382, 18.565615476728681, 2123.0 ], [ -97.671056635956532, 18.565603121911472, 2123.0 ], [ -97.671043507194469, 18.5655995577028, 2123.0 ], [ -97.67103069970986, 18.565585738577955, 2123.0 ], [ -97.671018738746625, 18.565579511125549, 2123.0 ], [ -97.67101212404944, 18.565566604405092, 2123.0 ], [ -97.670997581663414, 18.565550659261042, 2123.0 ], [ -97.671000403653096, 18.565542155184215, 2123.0 ], [ -97.671007592508417, 18.565536776099474, 2123.0 ], [ -97.671010936379872, 18.565536695566891, 2123.0 ], [ -97.671015394875155, 18.565540544399251, 2123.0 ], [ -97.671019383480015, 18.565537903145799, 2123.0 ], [ -97.671008707132231, 18.565530310220062, 2123.0 ], [ -97.671004248636947, 18.565529838227381, 2123.0 ], [ -97.670996446270209, 18.565532998382192, 2123.0 ], [ -97.670993102398739, 18.565532555263509, 2123.0 ], [ -97.670987198706797, 18.565526210040161, 2123.0 ], [ -97.670986701095458, 18.565482626646418, 2123.0 ], [ -97.670992190034085, 18.565468807521576, 2123.0 ], [ -97.670991987774926, 18.565465602996998, 2123.0 ], [ -97.670984167645244, 18.565459240435143, 2123.0 ], [ -97.670982936785862, 18.565449673348713, 2123.0 ], [ -97.670984185408173, 18.565447468588054, 2123.0 ], [ -97.670989758527284, 18.565447547328304, 2123.0 ], [ -97.670994217022567, 18.565443826795892, 2123.0 ], [ -97.671001339034518, 18.565444358300695, 2123.0 ], [ -97.671007592508417, 18.565439922984762, 2123.0 ], [ -97.671012914837164, 18.565426287137434, 2123.0 ], [ -97.671011014144327, 18.565418846070212, 2123.0 ], [ -97.671001302108237, 18.565408215974177, 2123.0 ], [ -97.671004248636947, 18.565402721673561, 2123.0 ], [ -97.671015394875155, 18.565398820006365, 2123.0 ], [ -97.671023979850119, 18.565405026945367, 2123.0 ], [ -97.671027655737191, 18.565405113806072, 2123.0 ], [ -97.671038856005637, 18.565395459858934, 2123.0 ], [ -97.671044632851263, 18.565382703743694, 2123.0 ], [ -97.671043750905156, 18.565379514714884, 2123.0 ], [ -97.67103545810393, 18.565372193988367, 2123.0 ], [ -97.671034918654584, 18.565368884618849, 2123.0 ], [ -97.671042212635243, 18.565355065494003, 2123.0 ], [ -97.671043500664268, 18.565346561417176, 2123.0 ], [ -97.671046604342138, 18.565345468691927, 2123.0 ], [ -97.671056635956532, 18.565348633476503, 2123.0 ], [ -97.671061035130094, 18.565355065494003, 2123.0 ], [ -97.67106443832327, 18.565354867453859, 2123.0 ], [ -97.671066780696918, 18.565350813455588, 2123.0 ], [ -97.671069274855313, 18.56533274229233, 2123.0 ], [ -97.671063983101533, 18.565325301225105, 2123.0 ], [ -97.67106426457309, 18.565323175205897, 2123.0 ], [ -97.671072031994498, 18.565316797148277, 2123.0 ], [ -97.671074655210248, 18.56530829307145, 2123.0 ], [ -97.671078510970844, 18.565304041033038, 2123.0 ], [ -97.671090074671156, 18.565306470769272, 2123.0 ], [ -97.671098991661722, 18.565300223181644, 2123.0 ], [ -97.671105679404647, 18.565297951836722, 2123.0 ], [ -97.671106794028461, 18.565294435981976, 2123.0 ], [ -97.671113481771386, 18.565287493691425, 2123.0 ], [ -97.671116622058591, 18.565278528802555, 2123.0 ], [ -97.671116944836726, 18.565275339773741, 2123.0 ], [ -97.671114003585728, 18.565272150744931, 2123.0 ], [ -97.671116597002069, 18.565267898706519, 2123.0 ], [ -97.671116979898827, 18.565253016572068, 2123.0 ], [ -97.671113437554908, 18.565248764533656, 2123.0 ], [ -97.671109203561855, 18.565237071428019, 2123.0 ], [ -97.671103409306909, 18.565229630360793, 2123.0 ], [ -97.671102036673716, 18.565221126283966, 2123.0 ], [ -97.671102064096289, 18.56520411813031, 2123.0 ], [ -97.671108860425221, 18.565177542890222, 2123.0 ], [ -97.671107908652289, 18.565175714911092, 2123.0 ], [ -97.671097877037894, 18.565173423728009, 2123.0 ], [ -97.671093418542611, 18.56517033967874, 2123.0 ], [ -97.671088747227671, 18.565161597746172, 2123.0 ], [ -97.671087953371313, 18.565149904640535, 2123.0 ], [ -97.671076699185306, 18.565136853383802, 2123.0 ], [ -97.671070250046867, 18.565131833477274, 2123.0 ], [ -97.671071126066195, 18.565130360517781, 2123.0 ], [ -97.671080043056762, 18.565134371225554, 2123.0 ], [ -97.671083114464622, 18.56513289648688, 2123.0 ], [ -97.671087022476954, 18.565118014352429, 2123.0 ], [ -97.671086821729531, 18.565111636294809, 2123.0 ], [ -97.671082272304403, 18.565107394678058, 2123.0 ], [ -97.671068775423876, 18.565107384256393, 2123.0 ], [ -97.671063197854835, 18.565101006198773, 2123.0 ], [ -97.671060921211165, 18.565091439112344, 2123.0 ], [ -97.671062076588044, 18.565076556977893, 2123.0 ], [ -97.671065613345434, 18.565068052901065, 2123.0 ], [ -97.671072240690023, 18.565059648038467, 2123.0 ], [ -97.671084929567598, 18.565055296785825, 2123.0 ] ] } },
{ "type": "Feature", "properties": { "FID": 96, "elev": 2123.0, "elevation": 2123.0, "ELEVATION": 2123.0, "is_master": false, "tipo": "Ordinaria (1m)" }, "geometry": { "type": "LineString", "coordinates": [ [ -97.670512699531997, 18.567901129819251, 2123.0 ], [ -97.670518272651108, 18.567900910964333, 2123.0 ], [ -97.670526075017847, 18.567896455703497, 2123.0 ], [ -97.670532823010717, 18.567897784465501, 2123.0 ], [ -97.670543007530313, 18.567888217379068, 2123.0 ], [ -97.67054037085758, 18.567882902331053, 2123.0 ], [ -97.67054057574299, 18.567878650292638, 2123.0 ], [ -97.670548572077124, 18.56787652427343, 2123.0 ], [ -97.670550032238879, 18.56787333524462, 2123.0 ], [ -97.670547252870449, 18.567870444419825, 2123.0 ], [ -97.670539450503696, 18.567869405743309, 2123.0 ], [ -97.670537162296114, 18.567871209225412, 2123.0 ], [ -97.670537270638121, 18.567875461263828, 2123.0 ], [ -97.670524960394033, 18.567888931676528, 2123.0 ], [ -97.670521616522564, 18.567891456296415, 2123.0 ], [ -97.670512699531997, 18.567892525889867, 2123.0 ] ] } },
{ "type": "Feature", "properties": { "FID": 97, "elev": 2123.0, "elevation": 2123.0, "ELEVATION": 2123.0, "is_master": false, "tipo": "Ordinaria (1m)" }, "geometry": { "type": "LineString", "coordinates": [ [ -97.670512699531997, 18.567915377274439, 2123.0 ], [ -97.670515205746781, 18.567914792619156, 2123.0 ], [ -97.670517825128599, 18.567910540580741, 2123.0 ], [ -97.67051715802728, 18.567906254902784, 2123.0 ], [ -97.670512699531997, 18.567902904877958, 2123.0 ] ] } },
{ "type": "Feature", "properties": { "FID": 98, "elev": 2122.0, "elevation": 2122.0, "ELEVATION": 2122.0, "is_master": false, "tipo": "Ordinaria (1m)" }, "geometry": { "type": "LineString", "coordinates": [ [ -97.670512699531997, 18.567997741797686, 2122.0 ], [ -97.670521210149303, 18.568000896397038, 2122.0 ], [ -97.670516043403467, 18.568004839819761, 2122.0 ], [ -97.670512699531997, 18.568011246753702, 2122.0 ] ] } },
{ "type": "Feature", "properties": { "FID": 99, "elev": 2121.0, "elevation": 2121.0, "ELEVATION": 2121.0, "is_master": false, "tipo": "Ordinaria (1m)" }, "geometry": { "type": "LineString", "coordinates": [ [ -97.670615244923511, 18.568059361952802, 2121.0 ], [ -97.670615244923511, 18.568059361908681, 2121.0 ], [ -97.670615245010254, 18.568059361925229, 2121.0 ], [ -97.670615244923511, 18.568059361952802, 2121.0 ] ] } },
{ "type": "Feature", "properties": { "FID": 100, "elev": 2126.0, "elevation": 2126.0, "ELEVATION": 2126.0, "is_master": false, "tipo": "Ordinaria (1m)" }, "geometry": { "type": "LineString", "coordinates": [ [ -97.671176973660991, 18.565055296785825, 2126.0 ], [ -97.671181736849803, 18.565068052901065, 2126.0 ], [ -97.671182372714625, 18.565082935035516, 2126.0 ], [ -97.671188161567372, 18.56510333413042, 2126.0 ], [ -97.671202651677049, 18.565111746062104, 2126.0 ], [ -97.671208272736962, 18.565119077362034, 2126.0 ], [ -97.671216027162899, 18.565123143721912, 2126.0 ], [ -97.671214896815542, 18.565127581438862, 2126.0 ], [ -97.671216027162899, 18.565130616013285, 2126.0 ], [ -97.671229402648748, 18.565130352594931, 2126.0 ], [ -97.67124152418279, 18.565143526582911, 2126.0 ], [ -97.67124378409035, 18.56516372376538, 2126.0 ], [ -97.671247041676665, 18.565170101823, 2126.0 ], [ -97.671253924372806, 18.565176517845249, 2126.0 ], [ -97.671259590377218, 18.565177542890222, 2126.0 ], [ -97.671268870464942, 18.565183920947845, 2126.0 ], [ -97.671276342850163, 18.565194551043881, 2126.0 ], [ -97.671275526267067, 18.565212622207138, 2126.0 ], [ -97.671277285978192, 18.565216874245554, 2126.0 ], [ -97.671292936206527, 18.5652147524032, 2126.0 ], [ -97.671300738573279, 18.565209265638771, 2126.0 ], [ -97.671318572554398, 18.565200842555587, 2126.0 ], [ -97.671336406535531, 18.565198166537016, 2126.0 ], [ -97.671346438149925, 18.56519857127762, 2126.0 ], [ -97.671355355140491, 18.565201816956112, 2126.0 ], [ -97.671361100073369, 18.56520730715912, 2126.0 ], [ -97.671364574701514, 18.565215811235948, 2126.0 ], [ -97.671365686472043, 18.565230693370395, 2126.0 ], [ -97.67135757786032, 18.565262583658502, 2126.0 ], [ -97.671354240516663, 18.56526913179766, 2126.0 ], [ -97.671339566771664, 18.565282780840967, 2126.0 ], [ -97.67132859908692, 18.565304041033038, 2126.0 ], [ -97.67132384770477, 18.565319986177087, 2126.0 ], [ -97.671315251729681, 18.565368884618849, 2126.0 ], [ -97.671309655563846, 18.565378654183299, 2126.0 ], [ -97.671294329486301, 18.565391207820522, 2126.0 ], [ -97.671292880101305, 18.565402900926159, 2126.0 ], [ -97.671282908422469, 18.565408215974177, 2126.0 ], [ -97.671281602461505, 18.565420972089417, 2126.0 ], [ -97.671286248463602, 18.565425787845047, 2126.0 ], [ -97.671286541785662, 18.56543053917585, 2126.0 ], [ -97.671290917045056, 18.56543691723347, 2126.0 ], [ -97.671291704766233, 18.565449673348713, 2126.0 ], [ -97.671298665080926, 18.56546455548316, 2126.0 ], [ -97.671299381388835, 18.565481563636816, 2126.0 ], [ -97.67130482317576, 18.565490067713643, 2126.0 ], [ -97.671302652010837, 18.565498571790471, 2126.0 ], [ -97.671305418150965, 18.565511327905714, 2126.0 ], [ -97.671301257449883, 18.565519831982542, 2126.0 ], [ -97.671308698000644, 18.565528336059369, 2126.0 ], [ -97.671311034734458, 18.565533651107387, 2126.0 ], [ -97.671313809517088, 18.56555597430906, 2126.0 ], [ -97.67132221123579, 18.565591053625973, 2126.0 ], [ -97.671323915507571, 18.565614439837251, 2126.0 ], [ -97.671322193297854, 18.565630384981301, 2126.0 ], [ -97.671319751380551, 18.565639952067734, 2126.0 ], [ -97.671310406764093, 18.565650582163766, 2126.0 ], [ -97.671317649479008, 18.565660149250199, 2126.0 ], [ -97.67131834161755, 18.565680346432664, 2126.0 ], [ -97.671320982010684, 18.565686724490284, 2126.0 ], [ -97.671321644250284, 18.565700543615129, 2126.0 ], [ -97.671325423882408, 18.565714362739975, 2126.0 ], [ -97.671325289921882, 18.5657218038072, 2126.0 ], [ -97.671321015459725, 18.56573137089363, 2126.0 ], [ -97.671323197722415, 18.565736685941648, 2126.0 ], [ -97.67132297079975, 18.565742000989665, 2126.0 ], [ -97.671327452799133, 18.565748379047285, 2126.0 ], [ -97.671327203743985, 18.565766450210546, 2126.0 ], [ -97.671330615767999, 18.565789836421821, 2126.0 ], [ -97.671335206963477, 18.565798340498649, 2126.0 ], [ -97.67134978202138, 18.565814551395103, 2126.0 ], [ -97.671361201110216, 18.565818537681114, 2126.0 ], [ -97.671367363634857, 18.56582597874834, 2126.0 ], [ -97.671373189121624, 18.565828012996935, 2126.0 ], [ -97.671371408969989, 18.565837671853977, 2126.0 ], [ -97.671372273229181, 18.565842986901995, 2126.0 ], [ -97.671390189557982, 18.56585680602684, 2126.0 ], [ -97.671396797770271, 18.56586637311327, 2126.0 ], [ -97.67140352602955, 18.56589401136296, 2126.0 ], [ -97.671408077626666, 18.565930153689479, 2126.0 ], [ -97.671407725823883, 18.565938657766306, 2126.0 ], [ -97.671399986343275, 18.565950350871944, 2126.0 ], [ -97.671397469120024, 18.565957791939169, 2126.0 ], [ -97.671398711432076, 18.565971611064015, 2126.0 ], [ -97.671404309418691, 18.565983304169652, 2126.0 ], [ -97.671414628065207, 18.56599499727529, 2126.0 ], [ -97.671417675362378, 18.566013068438551, 2126.0 ], [ -97.67142093217528, 18.566020509505776, 2126.0 ], [ -97.671424461817381, 18.566024829924924, 2126.0 ], [ -97.67143783730323, 18.566031990009492, 2126.0 ], [ -97.67143783730323, 18.566034354877772, 2126.0 ], [ -97.671432264184944, 18.566039643678636, 2126.0 ], [ -97.671432238001685, 18.566041769697843, 2126.0 ], [ -97.671438250792704, 18.566049210765069, 2126.0 ], [ -97.671437708917239, 18.566055588822689, 2126.0 ], [ -97.671445695093254, 18.566065155909119, 2126.0 ], [ -97.671446742308589, 18.566069407947534, 2126.0 ], [ -97.671444395187066, 18.56607684901476, 2126.0 ], [ -97.671451747808504, 18.566089605129999, 2126.0 ], [ -97.671455840166757, 18.566091731149207, 2126.0 ], [ -97.671471276017854, 18.566092060571453, 2126.0 ], [ -97.671484651503704, 18.566089388065063, 2126.0 ], [ -97.671510287851575, 18.566090453951102, 2126.0 ], [ -97.671521434089783, 18.566094837499492, 2126.0 ], [ -97.671532726348573, 18.566103424254845, 2126.0 ], [ -97.67153821255593, 18.566109802312464, 2126.0 ], [ -97.671541749966622, 18.566118306389292, 2126.0 ], [ -97.671552552424004, 18.566168267840656, 2126.0 ], [ -97.671571707830225, 18.566213977253607, 2126.0 ], [ -97.671578562983711, 18.566244804532108, 2126.0 ], [ -97.671580327912636, 18.566266064724175, 2126.0 ], [ -97.671586130733289, 18.566277757829813, 2126.0 ], [ -97.671593884638128, 18.566282206293916, 2126.0 ], [ -97.671605030876336, 18.566285372213823, 2126.0 ], [ -97.671626208728938, 18.566288197536068, 2126.0 ], [ -97.671658532819734, 18.566297201241834, 2126.0 ], [ -97.671691971534358, 18.566298980057255, 2126.0 ], [ -97.671703117772566, 18.566304292184917, 2126.0 ], [ -97.67173655648719, 18.566333034318852, 2126.0 ], [ -97.671784485311477, 18.566365930679957, 2126.0 ], [ -97.671810121659362, 18.566387336403103, 2126.0 ], [ -97.671835758009578, 18.566412760049456, 2126.0 ], [ -97.671871253010636, 18.566452091404784, 2126.0 ], [ -97.671899291565012, 18.566478595777564, 2126.0 ], [ -97.671923813289069, 18.566496765782066, 2126.0 ], [ -97.671970627489543, 18.566526438718839, 2126.0 ], [ -97.671991880909857, 18.566542447221078, 2126.0 ], [ -97.672010888037178, 18.566561581393941, 2126.0 ], [ -97.672029690566845, 18.566588156634026, 2126.0 ], [ -97.672061116745851, 18.566649811191027, 2126.0 ], [ -97.67210102381047, 18.566717843805652, 2126.0 ], [ -97.672121306796129, 18.566758238170582, 2126.0 ], [ -97.672154593497297, 18.566844341948464, 2126.0 ], [ -97.672182570275837, 18.566927256697532, 2126.0 ], [ -97.672193718261497, 18.566968714072068, 2126.0 ], [ -97.672203839302711, 18.567021864552242, 2126.0 ], [ -97.672211095463396, 18.567111157358934, 2126.0 ], [ -97.672218981229705, 18.567164307839107, 2126.0 ], [ -97.672236791502158, 18.567240844530556, 2126.0 ], [ -97.672258397133618, 18.567309940154782, 2126.0 ], [ -97.672261875681414, 18.567336515394867, 2126.0 ], [ -97.672262315969405, 18.567370531702181, 2126.0 ], [ -97.672269291630357, 18.567402421990284, 2126.0 ], [ -97.672277074731994, 18.567418367134337, 2126.0 ], [ -97.672296046980492, 18.567441753345612, 2126.0 ], [ -97.672302612002198, 18.56745663548006, 2126.0 ], [ -97.672309473140189, 18.567466202566493, 2126.0 ], [ -97.672321733993087, 18.567475769647753, 2126.0 ], [ -97.6723495995886, 18.56749055213022, 2126.0 ], [ -97.672368548193546, 18.567505727196295, 2126.0 ], [ -97.67238412574109, 18.567524668094684, 2126.0 ], [ -97.672395359091269, 18.567549117315561, 2126.0 ], [ -97.672397785633777, 18.567559747411597, 2126.0 ], [ -97.672397800272364, 18.56758525964208, 2126.0 ], [ -97.672383906016705, 18.567639473131859, 2126.0 ], [ -97.672370449208415, 18.567712820794497, 2126.0 ], [ -97.672371693025042, 18.567740459044188, 2126.0 ], [ -97.672378424999081, 18.567762782245861, 2126.0 ], [ -97.672389540275518, 18.567785105447534, 2126.0 ], [ -97.672403129397594, 18.567805302629999, 2126.0 ], [ -97.6724253041194, 18.567834003889292, 2126.0 ], [ -97.672449915732471, 18.56785955097255, 2126.0 ], [ -97.672486698318551, 18.567888169060449, 2126.0 ], [ -97.67256583660982, 18.567935040421126, 2126.0 ] ] } },
{ "type": "Feature", "properties": { "FID": 101, "elev": 2122.0, "elevation": 2122.0, "ELEVATION": 2122.0, "is_master": false, "tipo": "Ordinaria (1m)" }, "geometry": { "type": "LineString", "coordinates": [ [ -97.670577480650394, 18.568039164742761, 2122.0 ], [ -97.670580700991181, 18.568038101733158, 2122.0 ], [ -97.670579576961245, 18.56803429759205, 2122.0 ], [ -97.670569545346865, 18.568033382614768, 2122.0 ], [ -97.670567663670084, 18.568034912704348, 2122.0 ], [ -97.67057288921832, 18.568039447314934, 2122.0 ], [ -97.670577480650394, 18.568039164742761, 2122.0 ] ] } },
{ "type": "Feature", "properties": { "FID": 102, "elev": 2122.0, "elevation": 2122.0, "ELEVATION": 2122.0, "is_master": false, "tipo": "Ordinaria (1m)" }, "geometry": { "type": "LineString", "coordinates": [ [ -97.670533877384599, 18.568025378542991, 2122.0 ], [ -97.67053053351313, 18.568025432749852, 2122.0 ], [ -97.670530609726725, 18.568024282608313, 2122.0 ], [ -97.670533877384599, 18.568023036995832, 2122.0 ], [ -97.670533877384599, 18.568025378542991, 2122.0 ] ] } },
{ "type": "Feature", "properties": { "FID": 103, "elev": 2122.0, "elevation": 2122.0, "ELEVATION": 2122.0, "is_master": false, "tipo": "Ordinaria (1m)" }, "geometry": { "type": "LineString", "coordinates": [ [ -97.670541679751338, 18.568024998368113, 2122.0 ], [ -97.670538518272863, 18.568023219598711, 2122.0 ], [ -97.670541679751338, 18.568021286205404, 2122.0 ], [ -97.670543559153543, 18.568023219598711, 2122.0 ], [ -97.670541679751338, 18.568024998368113, 2122.0 ] ] } },
{ "type": "Feature", "properties": { "FID": 104, "elev": 2122.0, "elevation": 2122.0, "ELEVATION": 2122.0, "is_master": false, "tipo": "Ordinaria (1m)" }, "geometry": { "type": "LineString", "coordinates": [ [ -97.670566201475395, 18.568015371210048, 2122.0 ], [ -97.670559513732471, 18.568014915799054, 2122.0 ], [ -97.670557284483849, 18.568012589502676, 2122.0 ], [ -97.670558466661618, 18.568006211445056, 2122.0 ], [ -97.670563972227754, 18.568001910532637, 2122.0 ], [ -97.670573134813395, 18.568000896397038, 2122.0 ], [ -97.670579576961245, 18.568008762668104, 2122.0 ], [ -97.670582654292232, 18.568009400473866, 2122.0 ], [ -97.670571774594507, 18.568012320442154, 2122.0 ], [ -97.670566201475395, 18.568015371210048, 2122.0 ] ] } },
{ "type": "Feature", "properties": { "FID": 105, "elev": 2122.0, "elevation": 2122.0, "ELEVATION": 2122.0, "is_master": false, "tipo": "Ordinaria (1m)" }, "geometry": { "type": "LineString", "coordinates": [ [ -97.670529418889316, 18.56800673210282, 2122.0 ], [ -97.670526075017847, 18.568007138751305, 2122.0 ], [ -97.670523891398091, 18.568003022416242, 2122.0 ], [ -97.670526075017847, 18.568002118684952, 2122.0 ], [ -97.670529418889316, 18.568003898680917, 2122.0 ], [ -97.670529418889316, 18.56800673210282, 2122.0 ] ] } },
{ "type": "Feature", "properties": { "FID": 106, "elev": 2109.0, "elevation": 2109.0, "ELEVATION": 2109.0, "is_master": false, "tipo": "Ordinaria (1m)" }, "geometry": { "type": "LineString", "coordinates": [ [ -97.671620004690681, 18.567996644358622, 2109.0 ], [ -97.671621741208355, 18.56799558134902, 2109.0 ], [ -97.671619520986013, 18.56799416064424, 2109.0 ], [ -97.671616458973446, 18.56799558134902, 2109.0 ], [ -97.671617291738372, 18.567996698789837, 2109.0 ], [ -97.671620004690681, 18.567996644358622, 2109.0 ] ] } },
{ "type": "Feature", "properties": { "FID": 107, "elev": 2109.0, "elevation": 2109.0, "ELEVATION": 2109.0, "is_master": false, "tipo": "Ordinaria (1m)" }, "geometry": { "type": "LineString", "coordinates": [ [ -97.67162177433363, 18.567994518339415, 2109.0 ], [ -97.671621673363035, 18.567994518339415, 2109.0 ], [ -97.671621750233655, 18.567995227012485, 2109.0 ], [ -97.67162177433363, 18.567994518339415, 2109.0 ] ] } },
{ "type": "Feature", "properties": { "FID": 108, "elev": 2119.0, "elevation": 2119.0, "ELEVATION": 2119.0, "is_master": false, "tipo": "Ordinaria (1m)" }, "geometry": { "type": "LineString", "coordinates": [ [ -97.671098368431188, 18.567979636204967, 2119.0 ], [ -97.671102034094034, 18.567973258147347, 2119.0 ], [ -97.671100106285536, 18.567970240571697, 2119.0 ], [ -97.671093531620386, 18.567974321156949, 2119.0 ], [ -97.671093871358536, 18.567977510185759, 2119.0 ], [ -97.671098368431188, 18.567979636204967, 2119.0 ] ] } },
{ "type": "Feature", "properties": { "FID": 109, "elev": 2108.0, "elevation": 2108.0, "ELEVATION": 2108.0, "is_master": false, "tipo": "Ordinaria (1m)" }, "geometry": { "type": "LineString", "coordinates": [ [ -97.671566019042615, 18.567974470876614, 2108.0 ], [ -97.671554474724473, 18.567974321156949, 2108.0 ], [ -97.671544841190013, 18.56796703087123, 2108.0 ], [ -97.671540268148419, 18.567960502032104, 2108.0 ], [ -97.671538954932444, 18.567954123974484, 2108.0 ], [ -97.671540377971752, 18.567944556888055, 2108.0 ], [ -97.671545353007076, 18.567933926792019, 2108.0 ], [ -97.67154256735742, 18.567928611744001, 2108.0 ], [ -97.671530863807305, 18.567920107667174, 2108.0 ], [ -97.671525719327477, 18.567910540580741, 2108.0 ], [ -97.671525632928379, 18.567899910484709, 2108.0 ], [ -97.671528014750947, 18.567893532427085, 2108.0 ], [ -97.671531465704163, 18.567890210522076, 2108.0 ], [ -97.671541497318557, 18.567890253663698, 2108.0 ], [ -97.671554872804407, 18.567895588164667, 2108.0 ], [ -97.671572625227697, 18.567910540580741, 2108.0 ], [ -97.671579664740293, 18.567921170676776, 2108.0 ], [ -97.671581863480156, 18.567931800772811, 2108.0 ], [ -97.671580626481102, 18.567953060964882, 2108.0 ], [ -97.671574936033181, 18.567967119266886, 2108.0 ], [ -97.671570504723846, 18.567972195137742, 2108.0 ], [ -97.671566019042615, 18.567974470876614, 2108.0 ] ] } },
{ "type": "Feature", "properties": { "FID": 110, "elev": 2122.0, "elevation": 2122.0, "ELEVATION": 2122.0, "is_master": false, "tipo": "Ordinaria (1m)" }, "geometry": { "type": "LineString", "coordinates": [ [ -97.670641698301466, 18.567970069118537, 2122.0 ], [ -97.670650912885776, 18.567965734150295, 2122.0 ], [ -97.670651945283254, 18.567962628051312, 2122.0 ], [ -97.670645339766665, 18.567959838456414, 2122.0 ], [ -97.67063865202374, 18.567962547130165, 2122.0 ], [ -97.670634898876344, 18.567966880089728, 2122.0 ], [ -97.670635053381119, 18.567969006108932, 2122.0 ], [ -97.670639766647568, 18.567970883990451, 2122.0 ], [ -97.670641698301466, 18.567970069118537, 2122.0 ] ] } },
{ "type": "Feature", "properties": { "FID": 111, "elev": 2122.0, "elevation": 2122.0, "ELEVATION": 2122.0, "is_master": false, "tipo": "Ordinaria (1m)" }, "geometry": { "type": "LineString", "coordinates": [ [ -97.670630650617028, 18.567970069118537, 2122.0 ], [ -97.670632351976067, 18.567969006108932, 2122.0 ], [ -97.670631964280815, 18.567966919460453, 2122.0 ], [ -97.670626576932349, 18.56796794309933, 2122.0 ], [ -97.67062862040936, 18.567970543163359, 2122.0 ], [ -97.670630650617028, 18.567970069118537, 2122.0 ] ] } },
{ "type": "Feature", "properties": { "FID": 112, "elev": 2122.0, "elevation": 2122.0, "ELEVATION": 2122.0, "is_master": false, "tipo": "Ordinaria (1m)" }, "geometry": { "type": "LineString", "coordinates": [ [ -97.670664310226996, 18.56796156504171, 2122.0 ], [ -97.670668746866909, 18.567956930544813, 2122.0 ], [ -97.670673269513202, 18.567956249993692, 2122.0 ], [ -97.670673296087386, 18.567950934945674, 2122.0 ], [ -97.670670425517244, 18.567945619897657, 2122.0 ], [ -97.670674441485289, 18.567940304849639, 2122.0 ], [ -97.670673205362192, 18.567936260227732, 2122.0 ], [ -97.67067097611455, 18.567935512142547, 2122.0 ], [ -97.670666464541938, 18.567937115820829, 2122.0 ], [ -97.670667632243081, 18.567942430885392, 2122.0 ], [ -97.670662059123984, 18.567946459898252, 2122.0 ], [ -97.670657538949911, 18.567954123974484, 2122.0 ], [ -97.670658935037494, 18.567960502032104, 2122.0 ], [ -97.670660944500156, 18.567962254165174, 2122.0 ], [ -97.670664310226996, 18.56796156504171, 2122.0 ] ] } },
{ "type": "Feature", "properties": { "FID": 113, "elev": 2122.0, "elevation": 2122.0, "ELEVATION": 2122.0, "is_master": false, "tipo": "Ordinaria (1m)" }, "geometry": { "type": "LineString", "coordinates": [ [ -97.670527189641675, 18.567951010336426, 2122.0 ], [ -97.670526029830398, 18.567947745916864, 2122.0 ], [ -97.670529418889316, 18.567943004556568, 2122.0 ], [ -97.670532432501872, 18.567946682907259, 2122.0 ], [ -97.670529418889316, 18.567950580609139, 2122.0 ], [ -97.670527189641675, 18.567951010336426, 2122.0 ] ] } },
{ "type": "Feature", "properties": { "FID": 114, "elev": 2120.0, "elevation": 2120.0, "ELEVATION": 2120.0, "is_master": true, "tipo": "Maestra (5m)" }, "geometry": { "type": "LineString", "coordinates": [ [ -97.670987782603234, 18.567945619897657, 2120.0 ], [ -97.670987374470783, 18.567945619897657, 2120.0 ], [ -97.670987529279643, 18.567946210458548, 2120.0 ], [ -97.670987782603234, 18.567945619897657, 2120.0 ] ] } },
{ "type": "Feature", "properties": { "FID": 115, "elev": 2117.0, "elevation": 2117.0, "ELEVATION": 2117.0, "is_master": false, "tipo": "Ordinaria (1m)" }, "geometry": { "type": "LineString", "coordinates": [ [ -97.671779575100231, 18.567944556888055, 2117.0 ], [ -97.671777797568552, 18.567943469371023, 2117.0 ], [ -97.671777394180893, 18.567944556888055, 2117.0 ], [ -97.67177891219238, 18.567945374031488, 2117.0 ], [ -97.671779575100231, 18.567944556888055, 2117.0 ] ] } },
{ "type": "Feature", "properties": { "FID": 116, "elev": 2127.0, "elevation": 2127.0, "ELEVATION": 2127.0, "is_master": false, "tipo": "Ordinaria (1m)" }, "geometry": { "type": "LineString", "coordinates": [ [ -97.671191322830254, 18.565055296785825, 2127.0 ], [ -97.671190910788411, 18.565068052901065, 2127.0 ], [ -97.671193747048292, 18.565077619987498, 2127.0 ], [ -97.671198193181766, 18.565081717718066, 2127.0 ], [ -97.671203766300863, 18.565083105117051, 2127.0 ], [ -97.671205943705544, 18.565087187073928, 2127.0 ], [ -97.671211499003618, 18.565091439112344, 2127.0 ], [ -97.671213441235636, 18.565098880179566, 2127.0 ], [ -97.671229402648748, 18.565111428314669, 2127.0 ], [ -97.671230538915751, 18.565120140371636, 2127.0 ], [ -97.671237205015487, 18.565128525858871, 2127.0 ], [ -97.671252809748978, 18.565137012139154, 2127.0 ], [ -97.671257268244261, 18.565145033210698, 2127.0 ], [ -97.671265078488204, 18.565152030659739, 2127.0 ], [ -97.671268190378214, 18.565161597746172, 2127.0 ], [ -97.671272872977752, 18.565161259515843, 2127.0 ], [ -97.67127398760158, 18.565159441570664, 2127.0 ], [ -97.671278446096863, 18.565161477970442, 2127.0 ], [ -97.67127945036188, 18.565164786774982, 2127.0 ], [ -97.671288634030432, 18.565174353861412, 2127.0 ], [ -97.671291257556192, 18.565189235995863, 2127.0 ], [ -97.671296280077996, 18.56519557355788, 2127.0 ], [ -97.671298509325638, 18.565196300580517, 2127.0 ], [ -97.671311884811487, 18.565191265973134, 2127.0 ], [ -97.671329718792606, 18.565187861340874, 2127.0 ], [ -97.671339750407, 18.565187871837662, 2127.0 ], [ -97.671356469764305, 18.565193553397325, 2127.0 ], [ -97.671366501378699, 18.565202881263996, 2127.0 ], [ -97.671369909177116, 18.565209433178328, 2127.0 ], [ -97.671371257615959, 18.565230693370395, 2127.0 ], [ -97.671367567708586, 18.565246638514449, 2127.0 ], [ -97.671360971909195, 18.565259394629692, 2127.0 ], [ -97.671359994715232, 18.565270024725727, 2127.0 ], [ -97.67134526931288, 18.565291284917794, 2127.0 ], [ -97.67133280058539, 18.565316797148277, 2127.0 ], [ -97.67132498744671, 18.565349750445986, 2127.0 ], [ -97.671319886387593, 18.565403963935761, 2127.0 ], [ -97.671315005758174, 18.565409278983779, 2127.0 ], [ -97.671318169166739, 18.565416720051005, 2127.0 ], [ -97.671312115062406, 18.56543053917585, 2127.0 ], [ -97.671312899244398, 18.565441169271885, 2127.0 ], [ -97.671319941143153, 18.56546136645435, 2127.0 ], [ -97.671319846410199, 18.56547412256959, 2127.0 ], [ -97.671324145673509, 18.565476008146149, 2127.0 ], [ -97.671329104717458, 18.565487941694435, 2127.0 ], [ -97.671328714780316, 18.565491130723245, 2127.0 ], [ -97.671324099368661, 18.565496445771263, 2127.0 ], [ -97.671328933277778, 18.565516642953732, 2127.0 ], [ -97.671324203620316, 18.565550659261042, 2127.0 ], [ -97.671325328385208, 18.565558100328264, 2127.0 ], [ -97.671332052264816, 18.565569793433905, 2127.0 ], [ -97.671335883815402, 18.565613376827645, 2127.0 ], [ -97.671335517694487, 18.565618691875663, 2127.0 ], [ -97.67132965123966, 18.565630384981301, 2127.0 ], [ -97.67132717560699, 18.565648456144562, 2127.0 ], [ -97.671329787034892, 18.565656960221389, 2127.0 ], [ -97.671333062664075, 18.565661250914697, 2127.0 ], [ -97.671338391482067, 18.565663338279009, 2127.0 ], [ -97.671341074580099, 18.565671842355837, 2127.0 ], [ -97.671340953193152, 18.5656909765287, 2127.0 ], [ -97.67133855824413, 18.565695228567112, 2127.0 ], [ -97.67134445937954, 18.565709047691957, 2127.0 ], [ -97.67134733750305, 18.565730307884028, 2127.0 ], [ -97.671346391429168, 18.565738811960856, 2127.0 ], [ -97.67134208884228, 18.565746253028081, 2127.0 ], [ -97.671344167998654, 18.565752631085701, 2127.0 ], [ -97.671348817232243, 18.565759009143321, 2127.0 ], [ -97.671348892120108, 18.565770702248958, 2127.0 ], [ -97.671357779447305, 18.565782395354596, 2127.0 ], [ -97.671367616002513, 18.565784419650399, 2127.0 ], [ -97.671374025991284, 18.565791962441029, 2127.0 ], [ -97.671390072238836, 18.565801529527459, 2127.0 ], [ -97.671396832121076, 18.565811096613892, 2127.0 ], [ -97.671396596221854, 18.565818560623768, 2127.0 ], [ -97.671388489237415, 18.56582597874834, 2127.0 ], [ -97.67138777332292, 18.565836608844375, 2127.0 ], [ -97.671391023102757, 18.565839972473796, 2127.0 ], [ -97.671404398588606, 18.565844992296, 2127.0 ], [ -97.671409745299741, 18.565851490978822, 2127.0 ], [ -97.671415690054673, 18.565868499132478, 2127.0 ], [ -97.671426771728591, 18.565914208545429, 2127.0 ], [ -97.671437475050482, 18.565930153689479, 2127.0 ], [ -97.671439606162764, 18.565938657766306, 2127.0 ], [ -97.671450047035719, 18.56594822485274, 2127.0 ], [ -97.671455846922044, 18.565959917958377, 2127.0 ], [ -97.671455849624166, 18.565966296015997, 2127.0 ], [ -97.671452184250199, 18.56597586310243, 2127.0 ], [ -97.671451274712624, 18.56598543018886, 2127.0 ], [ -97.671458746451862, 18.565992871256086, 2127.0 ], [ -97.671456785908177, 18.565996780388176, 2127.0 ], [ -97.671448983541438, 18.565994502607456, 2127.0 ], [ -97.671445639669969, 18.565996034037745, 2127.0 ], [ -97.67144223608652, 18.566001375332913, 2127.0 ], [ -97.671442362675933, 18.566008816400135, 2127.0 ], [ -97.671444525046155, 18.566010942417687, 2127.0 ], [ -97.671456785908177, 18.566014016035684, 2127.0 ], [ -97.671460129779646, 18.566018043323496, 2127.0 ], [ -97.671467769597072, 18.566037517659431, 2127.0 ], [ -97.671466289542863, 18.566046021736259, 2127.0 ], [ -97.671470178155289, 18.566051336784277, 2127.0 ], [ -97.671473301101727, 18.566064092899516, 2127.0 ], [ -97.671480193008421, 18.566073389729269, 2127.0 ], [ -97.671489109998987, 18.566078995775616, 2127.0 ], [ -97.671518090218314, 18.566080918685834, 2127.0 ], [ -97.671543726566199, 18.566087378308158, 2127.0 ], [ -97.671555987428221, 18.566093898053399, 2127.0 ], [ -97.671573821409353, 18.56611360857266, 2127.0 ], [ -97.671636240343318, 18.56616917039598, 2127.0 ], [ -97.671640795762414, 18.566177834927089, 2127.0 ], [ -97.671641645505403, 18.566199095119156, 2127.0 ], [ -97.671647386581526, 18.566206455305217, 2127.0 ], [ -97.671659647443562, 18.566206699726319, 2127.0 ], [ -97.671670793681756, 18.566200611998031, 2127.0 ], [ -97.671678596048508, 18.566198964607302, 2127.0 ], [ -97.671685283791433, 18.566198901215124, 2127.0 ], [ -97.671687513039075, 18.566200378061783, 2127.0 ], [ -97.671693086158172, 18.56619925030304, 2127.0 ], [ -97.671696130673524, 18.566196969099952, 2127.0 ], [ -97.671697080226863, 18.566193780071139, 2127.0 ], [ -97.671695315405813, 18.566186272565815, 2127.0 ], [ -97.671710920139304, 18.566186332676477, 2127.0 ], [ -97.671719837129871, 18.566194993595378, 2127.0 ], [ -97.67173321261572, 18.566192559188824, 2127.0 ], [ -97.671738785734831, 18.566196808645671, 2127.0 ], [ -97.671742240064503, 18.566202284147966, 2127.0 ], [ -97.671743302894527, 18.566211851234399, 2127.0 ], [ -97.671753108650918, 18.566224607349639, 2127.0 ], [ -97.671815694781671, 18.56628307287783, 2127.0 ], [ -97.671839271906052, 18.566309648117919, 2127.0 ], [ -97.671860143801553, 18.566337286367609, 2127.0 ], [ -97.671878242774127, 18.566370239665314, 2127.0 ], [ -97.671888128438567, 18.566406381991833, 2127.0 ], [ -97.671894607132472, 18.566422327135886, 2127.0 ], [ -97.671911480257151, 18.566448902375971, 2127.0 ], [ -97.671934959527277, 18.566469056170291, 2127.0 ], [ -97.671970627489543, 18.566487154492542, 2127.0 ], [ -97.672000722332712, 18.566506202323456, 2127.0 ], [ -97.672018751660275, 18.566520124019405, 2127.0 ], [ -97.672038725239702, 18.56654032120187, 2127.0 ], [ -97.672056611567413, 18.566567959451561, 2127.0 ], [ -97.672084381738571, 18.566624298960544, 2127.0 ], [ -97.672098762132151, 18.566649811191027, 2127.0 ], [ -97.672140091213919, 18.566704024680806, 2127.0 ], [ -97.672156733122563, 18.566728473901684, 2127.0 ], [ -97.672183756425113, 18.566777372343445, 2127.0 ], [ -97.672214892655603, 18.566842215929256, 2127.0 ], [ -97.672236024065526, 18.566893240390222, 2127.0 ], [ -97.67225377751312, 18.566945327860793, 2127.0 ], [ -97.672267283433669, 18.566994226302551, 2127.0 ], [ -97.67228922667644, 18.56709521221488, 2127.0 ], [ -97.672305982045131, 18.567147299685452, 2127.0 ], [ -97.672336273641591, 18.567231277444126, 2127.0 ], [ -97.672349809894982, 18.56727804986668, 2127.0 ], [ -97.672354399662154, 18.567307814135575, 2127.0 ], [ -97.672354912628819, 18.567363090634956, 2127.0 ], [ -97.67236064973855, 18.567385413836629, 2127.0 ], [ -97.672379753096166, 18.567421556163147, 2127.0 ], [ -97.672430978163391, 18.567492777806578, 2127.0 ], [ -97.672440118282751, 18.567511911979441, 2127.0 ], [ -97.672445688735976, 18.567528920133096, 2127.0 ], [ -97.672451344334831, 18.567559747411597, 2127.0 ], [ -97.672450116016435, 18.567584196632478, 2127.0 ], [ -97.672444606069902, 18.567602267795735, 2127.0 ], [ -97.672426274467568, 18.567634158083841, 2127.0 ], [ -97.672417475188425, 18.567659670314324, 2127.0 ], [ -97.672413916613849, 18.567681993515997, 2127.0 ], [ -97.672413684196357, 18.567694749631237, 2127.0 ], [ -97.672415068538655, 18.567711757784892, 2127.0 ], [ -97.672418433538382, 18.567723450890533, 2127.0 ], [ -97.672424167922202, 18.56773514399617, 2127.0 ], [ -97.672434147083706, 18.56774790011141, 2127.0 ], [ -97.672515678537891, 18.567824626626006, 2127.0 ], [ -97.672536856390479, 18.567840280707902, 2127.0 ], [ -97.67256583660982, 18.56785435663414, 2127.0 ] ] } },
{ "type": "Feature", "properties": { "FID": 117, "elev": 2119.0, "elevation": 2119.0, "ELEVATION": 2119.0, "is_master": false, "tipo": "Ordinaria (1m)" }, "geometry": { "type": "LineString", "coordinates": [ [ -97.671134932087583, 18.567930737763209, 2119.0 ], [ -97.671146920486009, 18.567920288604977, 2119.0 ], [ -97.671149149733651, 18.567910298987652, 2119.0 ], [ -97.671164498651834, 18.567898847475103, 2119.0 ], [ -97.671166075502782, 18.567893532427085, 2119.0 ], [ -97.671163639843314, 18.567889611102771, 2119.0 ], [ -97.671161410595673, 18.567889321804632, 2119.0 ], [ -97.67115695210039, 18.567897232252719, 2119.0 ], [ -97.671152240281515, 18.567897784465501, 2119.0 ], [ -97.671149707045558, 18.567907351551931, 2119.0 ], [ -97.671143190783226, 18.567906288542328, 2119.0 ], [ -97.671136888871629, 18.567914978110764, 2119.0 ], [ -97.671126909100209, 18.567921170676776, 2119.0 ], [ -97.671126256329615, 18.567927548734396, 2119.0 ], [ -97.671129086504877, 18.567930123010665, 2119.0 ], [ -97.671134932087583, 18.567930737763209, 2119.0 ] ] } },
{ "type": "Feature", "properties": { "FID": 118, "elev": 2122.0, "elevation": 2122.0, "ELEVATION": 2122.0, "is_master": false, "tipo": "Ordinaria (1m)" }, "geometry": { "type": "LineString", "coordinates": [ [ -97.670642829521427, 18.567928611744001, 2122.0 ], [ -97.67064199589521, 18.567926326770088, 2122.0 ], [ -97.670639938128161, 18.567926485724794, 2122.0 ], [ -97.670639766647568, 18.567928636658287, 2122.0 ], [ -97.670642829521427, 18.567928611744001, 2122.0 ] ] } },
{ "type": "Feature", "properties": { "FID": 119, "elev": 2119.0, "elevation": 2119.0, "ELEVATION": 2119.0, "is_master": false, "tipo": "Ordinaria (1m)" }, "geometry": { "type": "LineString", "coordinates": [ [ -97.671298719327226, 18.567907351551931, 2119.0 ], [ -97.671304082444735, 18.567905431276518, 2119.0 ], [ -97.671308718029778, 18.567900973494311, 2119.0 ], [ -97.671309313985574, 18.567892469417483, 2119.0 ], [ -97.671300738573279, 18.567889056915064, 2119.0 ], [ -97.671291821582713, 18.567889506560928, 2119.0 ], [ -97.671289292665705, 18.567897784465501, 2119.0 ], [ -97.671290075786359, 18.567905225532726, 2119.0 ], [ -97.671292936206527, 18.567907543951861, 2119.0 ], [ -97.671298719327226, 18.567907351551931, 2119.0 ] ] } },
{ "type": "Feature", "properties": { "FID": 120, "elev": 2122.0, "elevation": 2122.0, "ELEVATION": 2122.0, "is_master": false, "tipo": "Ordinaria (1m)" }, "geometry": { "type": "LineString", "coordinates": [ [ -97.670617474171152, 18.567906108371208, 2122.0 ], [ -97.670615945872512, 18.567904162523121, 2122.0 ], [ -97.670617203046433, 18.567902036503913, 2122.0 ], [ -97.670626316853458, 18.567895658446293, 2122.0 ], [ -97.670630849657002, 18.567894678115216, 2122.0 ], [ -97.670634481577309, 18.567898847475103, 2122.0 ], [ -97.670631964280815, 18.567903851398359, 2122.0 ], [ -97.670624161914077, 18.567901714921177, 2122.0 ], [ -97.670617474171152, 18.567906108371208, 2122.0 ] ] } },
{ "type": "Feature", "properties": { "FID": 121, "elev": 2108.0, "elevation": 2108.0, "ELEVATION": 2108.0, "is_master": false, "tipo": "Ordinaria (1m)" }, "geometry": { "type": "LineString", "coordinates": [ [ -97.671642928086243, 18.567890508595713, 2108.0 ], [ -97.671631781848035, 18.56789056238738, 2108.0 ], [ -97.671623979481296, 18.567886109376975, 2108.0 ], [ -97.671620923743873, 18.567877587283036, 2108.0 ], [ -97.671621578753061, 18.567869083206208, 2108.0 ], [ -97.671625130650156, 18.567861642138983, 2108.0 ], [ -97.671630667224221, 18.567856213197079, 2108.0 ], [ -97.671637354967146, 18.56785306503096, 2108.0 ], [ -97.671648501205354, 18.567851782339762, 2108.0 ], [ -97.67165741819592, 18.567854251691262, 2108.0 ], [ -97.671661876691203, 18.567858284155005, 2108.0 ], [ -97.671663171621816, 18.567871209225412, 2108.0 ], [ -97.67165741819592, 18.567882013585319, 2108.0 ], [ -97.671649615829168, 18.567888159131968, 2108.0 ], [ -97.671642928086243, 18.567890508595713, 2108.0 ] ] } },
{ "type": "Feature", "properties": { "FID": 122, "elev": 2112.0, "elevation": 2112.0, "ELEVATION": 2112.0, "is_master": false, "tipo": "Ordinaria (1m)" }, "geometry": { "type": "LineString", "coordinates": [ [ -97.671697049896963, 18.567878650292638, 2112.0 ], [ -97.67170023106182, 18.567874398254222, 2112.0 ], [ -97.671699761447201, 18.567869083206208, 2112.0 ], [ -97.671697544653455, 18.567867170425455, 2112.0 ], [ -97.671693086158172, 18.567870052670965, 2112.0 ], [ -97.671692183018195, 18.567874398254222, 2112.0 ], [ -97.671694018337178, 18.567878650292638, 2112.0 ], [ -97.671697049896963, 18.567878650292638, 2112.0 ] ] } },
{ "type": "Feature", "properties": { "FID": 123, "elev": 2122.0, "elevation": 2122.0, "ELEVATION": 2122.0, "is_master": false, "tipo": "Ordinaria (1m)" }, "geometry": { "type": "LineString", "coordinates": [ [ -97.670649798261948, 18.567869276480678, 2122.0 ], [ -97.670644225142851, 18.567868817453807, 2122.0 ], [ -97.670643171762094, 18.567866957187, 2122.0 ], [ -97.670646454390493, 18.567861123811987, 2122.0 ], [ -97.67065202750959, 18.567863166798471, 2122.0 ], [ -97.670659995005792, 18.567861642138983, 2122.0 ], [ -97.670658715252515, 18.567865552059363, 2122.0 ], [ -97.670649798261948, 18.567869276480678, 2122.0 ] ] } },
{ "type": "Feature", "properties": { "FID": 124, "elev": 2123.0, "elevation": 2123.0, "ELEVATION": 2123.0, "is_master": false, "tipo": "Ordinaria (1m)" }, "geometry": { "type": "LineString", "coordinates": [ [ -97.670522230566831, 18.567869083206208, 2123.0 ], [ -97.670524982178208, 18.567868020196602, 2123.0 ], [ -97.670522731146391, 18.567865349415104, 2123.0 ], [ -97.67051793341777, 18.567868020196602, 2123.0 ], [ -97.67052050189875, 18.567869636468515, 2123.0 ], [ -97.670522230566831, 18.567869083206208, 2123.0 ] ] } },
{ "type": "Feature", "properties": { "FID": 125, "elev": 2108.0, "elevation": 2108.0, "ELEVATION": 2108.0, "is_master": false, "tipo": "Ordinaria (1m)" }, "geometry": { "type": "LineString", "coordinates": [ [ -97.671529236456522, 18.567863410414574, 2108.0 ], [ -97.671527185548698, 18.567862705148585, 2108.0 ], [ -97.671529236456522, 18.567859435892636, 2108.0 ], [ -97.671530216189566, 18.567862705148585, 2108.0 ], [ -97.671529236456522, 18.567863410414574, 2108.0 ] ] } },
{ "type": "Feature", "properties": { "FID": 126, "elev": 2128.0, "elevation": 2128.0, "ELEVATION": 2128.0, "is_master": false, "tipo": "Ordinaria (1m)" }, "geometry": { "type": "LineString", "coordinates": [ [ -97.671211256572946, 18.565055296785825, 2128.0 ], [ -97.671212683297213, 18.565061674843445, 2128.0 ], [ -97.671222701145027, 18.565071241929878, 2128.0 ], [ -97.671236090391673, 18.565089410664065, 2128.0 ], [ -97.671243609679351, 18.565096754160361, 2128.0 ], [ -97.671251743437026, 18.565101006198773, 2128.0 ], [ -97.671258227667295, 18.565108447265999, 2128.0 ], [ -97.671260842727548, 18.565114825323619, 2128.0 ], [ -97.67126019413179, 18.565118014352429, 2128.0 ], [ -97.671252809748978, 18.565121085677756, 2128.0 ], [ -97.671251244817142, 18.565124392410052, 2128.0 ], [ -97.671252809748978, 18.565125876612139, 2128.0 ], [ -97.671261726739544, 18.565124533392755, 2128.0 ], [ -97.671264207899071, 18.565123329400446, 2128.0 ], [ -97.671266185234828, 18.565119277639205, 2128.0 ], [ -97.671275124629901, 18.565126518429256, 2128.0 ], [ -97.67127871480082, 18.565133959496482, 2128.0 ], [ -97.671278874798332, 18.565138211534894, 2128.0 ], [ -97.67127571746579, 18.565144589592517, 2128.0 ], [ -97.671277331473036, 18.565149104462975, 2128.0 ], [ -97.671279560720677, 18.565149832507739, 2128.0 ], [ -97.671286248463602, 18.565146437729545, 2128.0 ], [ -97.671299623949452, 18.565156192342339, 2128.0 ], [ -97.671309025559069, 18.565167975803792, 2128.0 ], [ -97.671310102983256, 18.565177542890222, 2128.0 ], [ -97.671311884811487, 18.565179456307511, 2128.0 ], [ -97.671329718792606, 18.565174164558332, 2128.0 ], [ -97.671335291911717, 18.565174045143056, 2128.0 ], [ -97.671347552773739, 18.565175313761539, 2128.0 ], [ -97.671357584388133, 18.565179601201812, 2128.0 ], [ -97.671375418369266, 18.565196578178472, 2128.0 ], [ -97.671381250949494, 18.565209433178328, 2128.0 ], [ -97.671382401780818, 18.565222189293568, 2128.0 ], [ -97.671379988104448, 18.565232819389603, 2128.0 ], [ -97.671372261317984, 18.565251953562466, 2128.0 ], [ -97.671363257389103, 18.565260457639294, 2128.0 ], [ -97.671364455078432, 18.565277465792949, 2128.0 ], [ -97.671342876790888, 18.565316797148277, 2128.0 ], [ -97.671336614161547, 18.56534230937876, 2128.0 ], [ -97.671330697307255, 18.565355065494003, 2128.0 ], [ -97.671332147707119, 18.565368884618849, 2128.0 ], [ -97.671327394181574, 18.565373136657261, 2128.0 ], [ -97.671326097537602, 18.565377388695676, 2128.0 ], [ -97.671333048554914, 18.565386955782106, 2128.0 ], [ -97.671349799275632, 18.56542416111823, 2128.0 ], [ -97.671348303084727, 18.565456051406333, 2128.0 ], [ -97.671355180297539, 18.565494319752059, 2128.0 ], [ -97.671352337500394, 18.565513453924918, 2128.0 ], [ -97.671358699011947, 18.565524169061725, 2128.0 ], [ -97.671364328330583, 18.565528336059369, 2128.0 ], [ -97.671366673997426, 18.565533651107387, 2128.0 ], [ -97.671366676776358, 18.565544281203419, 2128.0 ], [ -97.671360943187594, 18.565549596251437, 2128.0 ], [ -97.671357584388133, 18.56554968444874, 2128.0 ], [ -97.67135598263242, 18.565547470232232, 2128.0 ], [ -97.671360596884938, 18.565543218193817, 2128.0 ], [ -97.671361106599406, 18.565538966155405, 2128.0 ], [ -97.671355355140491, 18.565536304479014, 2128.0 ], [ -97.671350896645208, 18.56553674349896, 2128.0 ], [ -97.671347399786157, 18.565540029165007, 2128.0 ], [ -97.671346372583812, 18.565546407222627, 2128.0 ], [ -97.671343924782491, 18.565549596251437, 2128.0 ], [ -97.671344208902283, 18.565551900396578, 2128.0 ], [ -97.67135312589285, 18.565560045242133, 2128.0 ], [ -97.671357894644245, 18.565569793433905, 2128.0 ], [ -97.671363215055749, 18.565574045472317, 2128.0 ], [ -97.671363397580052, 18.565580423529937, 2128.0 ], [ -97.671357416523094, 18.565585738577955, 2128.0 ], [ -97.671350455979976, 18.565603809741216, 2128.0 ], [ -97.671350896645208, 18.565606067460728, 2128.0 ], [ -97.671359922379565, 18.565612313818043, 2128.0 ], [ -97.671365052367733, 18.565620817894871, 2128.0 ], [ -97.67136570708665, 18.565625069933283, 2128.0 ], [ -97.671365778937329, 18.565630384981301, 2128.0 ], [ -97.671362218038581, 18.565635700029318, 2128.0 ], [ -97.671365738347632, 18.565654834202181, 2128.0 ], [ -97.671365498918277, 18.565665464298217, 2128.0 ], [ -97.671361794705447, 18.565675031384647, 2128.0 ], [ -97.67136458374631, 18.565700543615129, 2128.0 ], [ -97.671364094882009, 18.565714362739975, 2128.0 ], [ -97.671368696254675, 18.565729244874422, 2128.0 ], [ -97.671377691043801, 18.565745190018475, 2128.0 ], [ -97.671387642686241, 18.565756883124113, 2128.0 ], [ -97.671391175096915, 18.565767513220148, 2128.0 ], [ -97.671391271902721, 18.565781332344994, 2128.0 ], [ -97.67139548159804, 18.565784662169779, 2128.0 ], [ -97.671399940093323, 18.565779533405664, 2128.0 ], [ -97.671406676298147, 18.565779206325786, 2128.0 ], [ -97.671409971707703, 18.565781825885168, 2128.0 ], [ -97.671420003322098, 18.565797498949379, 2128.0 ], [ -97.671436165367496, 18.565811096613892, 2128.0 ], [ -97.671435078609264, 18.565824915738737, 2128.0 ], [ -97.671443500311341, 18.565837671853977, 2128.0 ], [ -97.671438831427167, 18.56584723894041, 2128.0 ], [ -97.671438647938729, 18.56586318408446, 2128.0 ], [ -97.671446729104559, 18.56589401136296, 2128.0 ], [ -97.671450126030848, 18.565901452430186, 2128.0 ], [ -97.671465702898743, 18.565912082520093, 2128.0 ], [ -97.671475734513137, 18.565913076954558, 2128.0 ], [ -97.671484651503704, 18.565924952943572, 2128.0 ], [ -97.671492453870442, 18.565924847727015, 2128.0 ], [ -97.671499141613367, 18.565920287060823, 2128.0 ], [ -97.671503644471784, 18.565919523593443, 2128.0 ], [ -97.671507180963189, 18.565914208545429, 2128.0 ], [ -97.671502530268825, 18.565901452430186, 2128.0 ], [ -97.671493058951938, 18.56589401136296, 2128.0 ], [ -97.671493486397324, 18.565888696314943, 2128.0 ], [ -97.671496794807737, 18.565882318257323, 2128.0 ], [ -97.671495616207082, 18.565874877190101, 2128.0 ], [ -97.671497842449185, 18.565870625151685, 2128.0 ], [ -97.671507112376517, 18.565867436122875, 2128.0 ], [ -97.671512371586971, 18.565854680007632, 2128.0 ], [ -97.671519204842141, 18.565850679356625, 2128.0 ], [ -97.671532580327991, 18.565859113265979, 2128.0 ], [ -97.671539268070916, 18.565860713503522, 2128.0 ], [ -97.671542406762867, 18.56586318408446, 2128.0 ], [ -97.671538605918144, 18.565869562142083, 2128.0 ], [ -97.671537216428163, 18.565882318257323, 2128.0 ], [ -97.671531147240216, 18.565899326410978, 2128.0 ], [ -97.671528320327354, 18.565924838641461, 2128.0 ], [ -97.671520328992656, 18.565933342718289, 2128.0 ], [ -97.67151887974353, 18.565942909804722, 2128.0 ], [ -97.671506943980106, 18.565945924357791, 2128.0 ], [ -97.671502885606202, 18.565943972814324, 2128.0 ], [ -97.671500256237181, 18.565938764067269, 2128.0 ], [ -97.671495797741898, 18.565938462633426, 2128.0 ], [ -97.671485766127518, 18.565942909806601, 2128.0 ], [ -97.671484099167785, 18.56594822485274, 2128.0 ], [ -97.67148439711508, 18.565958854948772, 2128.0 ], [ -97.671491267335412, 18.565969485044807, 2128.0 ], [ -97.671500256237181, 18.565966566173135, 2128.0 ], [ -97.671505829356292, 18.56596726086951, 2128.0 ], [ -97.671511578468625, 18.565969485044807, 2128.0 ], [ -97.671515988356262, 18.565973737083223, 2128.0 ], [ -97.671517311508524, 18.56599499727529, 2128.0 ], [ -97.671513286189651, 18.566031139601808, 2128.0 ], [ -97.671517936477102, 18.566053462803481, 2128.0 ], [ -97.671522548713597, 18.566055234486154, 2128.0 ], [ -97.671530351080349, 18.566062073894699, 2128.0 ], [ -97.671537038823274, 18.566061999092721, 2128.0 ], [ -97.671543726566199, 18.566057781279998, 2128.0 ], [ -97.671557102052049, 18.566053307392721, 2128.0 ], [ -97.671567133666429, 18.566053226579125, 2128.0 ], [ -97.671592770014314, 18.566063257677687, 2128.0 ], [ -97.671609489371619, 18.566065885425516, 2128.0 ], [ -97.671617291738372, 18.566064708326127, 2128.0 ], [ -97.671621750233655, 18.56605904810818, 2128.0 ], [ -97.67162509410511, 18.566058188460037, 2128.0 ], [ -97.67162811127649, 18.566061966880309, 2128.0 ], [ -97.671629460987475, 18.566073659985946, 2128.0 ], [ -97.671641813462429, 18.566086168889655, 2128.0 ], [ -97.671652959700637, 18.56609392923686, 2128.0 ], [ -97.671660762067376, 18.566094989720703, 2128.0 ], [ -97.671666335186472, 18.566091725988965, 2128.0 ], [ -97.671675252177039, 18.566091492964482, 2128.0 ], [ -97.671683797626343, 18.566094920178017, 2128.0 ], [ -97.671685247835825, 18.566100235226035, 2128.0 ], [ -97.671691971534358, 18.566102647978095, 2128.0 ], [ -97.671694257942193, 18.566102361245242, 2128.0 ], [ -97.671697544653455, 18.566096250798431, 2128.0 ], [ -97.671703489313842, 18.566094920178017, 2128.0 ], [ -97.671707576267849, 18.566091692842555, 2128.0 ], [ -97.671710920139304, 18.56609266487386, 2128.0 ], [ -97.67171092518285, 18.566097046197225, 2128.0 ], [ -97.671707576267849, 18.566100825786926, 2128.0 ], [ -97.671696430029641, 18.566103539799368, 2128.0 ], [ -97.671689791825557, 18.56611405435088, 2128.0 ], [ -97.671684688307479, 18.566118306389292, 2128.0 ], [ -97.671686398415247, 18.566120716780496, 2128.0 ], [ -97.671695315405813, 18.566124099791633, 2128.0 ], [ -97.671700888524924, 18.566122921406595, 2128.0 ], [ -97.671705347020207, 18.566118362337168, 2128.0 ], [ -97.671709805515491, 18.566120533501632, 2128.0 ], [ -97.671715378634588, 18.566119825715216, 2128.0 ], [ -97.671721194944354, 18.566111928331672, 2128.0 ], [ -97.671725410248982, 18.566109611675266, 2128.0 ], [ -97.671735441863362, 18.566109966483832, 2128.0 ], [ -97.671741064157047, 18.566103424254845, 2128.0 ], [ -97.671740887677714, 18.566091731149207, 2128.0 ], [ -97.671745473477756, 18.566089488863323, 2128.0 ], [ -97.671749714172975, 18.566102361245242, 2128.0 ], [ -97.671755427840978, 18.566108739302862, 2128.0 ], [ -97.671755939208779, 18.566112991341278, 2128.0 ], [ -97.671754492642165, 18.566119369398898, 2128.0 ], [ -97.671750061580454, 18.56612362143731, 2128.0 ], [ -97.671750344796678, 18.566131062504535, 2128.0 ], [ -97.671745238820108, 18.566139566581363, 2128.0 ], [ -97.671745473477756, 18.566144967819348, 2128.0 ], [ -97.671752161220681, 18.566150244880696, 2128.0 ], [ -97.671757734339778, 18.566150185487825, 2128.0 ], [ -97.671763307458889, 18.566146830907233, 2128.0 ], [ -97.671775568320911, 18.566144132460707, 2128.0 ], [ -97.671782256063835, 18.56614778074648, 2128.0 ], [ -97.671791173054402, 18.566146810389075, 2128.0 ], [ -97.671823497145212, 18.566170284833238, 2128.0 ], [ -97.671840300099305, 18.566187402013519, 2128.0 ], [ -97.671875926526056, 18.566230985407262, 2128.0 ], [ -97.671894948375652, 18.566256497637745, 2128.0 ], [ -97.671908294295875, 18.566277757829813, 2128.0 ], [ -97.671933787743271, 18.566325593261968, 2128.0 ], [ -97.67194182561002, 18.566346853454039, 2128.0 ], [ -97.671945295129987, 18.566367050636504, 2128.0 ], [ -97.671945322516322, 18.566381932770955, 2128.0 ], [ -97.671942465601617, 18.566398940924611, 2128.0 ], [ -97.671943581075382, 18.566420201116678, 2128.0 ], [ -97.671947163229106, 18.566432957231921, 2128.0 ], [ -97.671958212573813, 18.566453154414386, 2128.0 ], [ -97.671962825122804, 18.566458456498871, 2128.0 ], [ -97.67196616899426, 18.566459109993833, 2128.0 ], [ -97.671968579166347, 18.566456343443196, 2128.0 ], [ -97.671969661482237, 18.566447839366369, 2128.0 ], [ -97.671975930396812, 18.566443587327957, 2128.0 ], [ -97.671987346846862, 18.566443423788016, 2128.0 ], [ -97.6719951492136, 18.566445615438383, 2128.0 ], [ -97.672033046423508, 18.566465967989608, 2128.0 ], [ -97.672051995028454, 18.566479729651622, 2128.0 ], [ -97.672062026645833, 18.566489296740905, 2128.0 ], [ -97.672076413066577, 18.566507367904162, 2128.0 ], [ -97.672085619513723, 18.566523313048215, 2128.0 ], [ -97.672118628926455, 18.566606227797287, 2128.0 ], [ -97.67214003275717, 18.566645559152615, 2128.0 ], [ -97.672152311172326, 18.566659516074999, 2128.0 ], [ -97.672175732938669, 18.566677449440718, 2128.0 ], [ -97.672191323006047, 18.566692146703932, 2128.0 ], [ -97.672214742918058, 18.566724221863272, 2128.0 ], [ -97.672253741942086, 18.56679119146829, 2128.0 ], [ -97.672274037382081, 18.566831585833221, 2128.0 ], [ -97.672323028758129, 18.566964462033656, 2128.0 ], [ -97.672327509771065, 18.566979344168104, 2128.0 ], [ -97.672328993714018, 18.566993163292949, 2128.0 ], [ -97.672328671411748, 18.567008045427396, 2128.0 ], [ -97.672325224752953, 18.567028242609862, 2128.0 ], [ -97.6723258731637, 18.567042061734707, 2128.0 ], [ -97.672332750855304, 18.567062258917172, 2128.0 ], [ -97.672338453350392, 18.567068500691512, 2128.0 ], [ -97.672348484964786, 18.567074112814179, 2128.0 ], [ -97.672375235936471, 18.567080184462679, 2128.0 ], [ -97.672393069917604, 18.567088660604671, 2128.0 ], [ -97.672419820889303, 18.56710581433698, 2128.0 ], [ -97.672442327716453, 18.567122850464571, 2128.0 ], [ -97.672470969737972, 18.567147299685452, 2128.0 ], [ -97.672493538055633, 18.567170685896727, 2128.0 ], [ -97.672511220050495, 18.567194072108006, 2128.0 ], [ -97.672523632898802, 18.567216395309678, 2128.0 ], [ -97.672525895922917, 18.5672238363769, 2128.0 ], [ -97.672526562511678, 18.567236592492144, 2128.0 ], [ -97.672522552051447, 18.567254663655401, 2128.0 ], [ -97.672512334673371, 18.567273797828264, 2128.0 ], [ -97.672478988837128, 18.567320570250818, 2128.0 ], [ -97.67246081637559, 18.567351397529318, 2128.0 ], [ -97.672454062133085, 18.567375846750195, 2128.0 ], [ -97.672454073655032, 18.567402421990284, 2128.0 ], [ -97.672462047984055, 18.56744069033601, 2128.0 ], [ -97.672487932978783, 18.567517227027459, 2128.0 ], [ -97.672509838537025, 18.567611834882168, 2128.0 ], [ -97.672530387201249, 18.567670300410359, 2128.0 ], [ -97.672530200493952, 18.567675615458377, 2128.0 ], [ -97.672528117739731, 18.567678804487187, 2128.0 ], [ -97.672516050079167, 18.567680930506391, 2128.0 ], [ -97.672511220042608, 18.56768287542026, 2128.0 ], [ -97.672506860625006, 18.567687308564015, 2128.0 ], [ -97.672505821386366, 18.567693686621634, 2128.0 ], [ -97.672507924633052, 18.567706442736878, 2128.0 ], [ -97.672512334666436, 18.567708211584858, 2128.0 ], [ -97.672516793161719, 18.567702545034997, 2128.0 ], [ -97.672524595528458, 18.567702367027071, 2128.0 ], [ -97.672529054023741, 18.567698854483705, 2128.0 ], [ -97.672540200261949, 18.567698046762718, 2128.0 ], [ -97.672548002628687, 18.567695588849347, 2128.0 ], [ -97.67256583660982, 18.567696814907038, 2128.0 ] ] } },
{ "type": "Feature", "properties": { "FID": 127, "elev": 2122.0, "elevation": 2122.0, "ELEVATION": 2122.0, "is_master": false, "tipo": "Ordinaria (1m)" }, "geometry": { "type": "LineString", "coordinates": [ [ -97.670747952939365, 18.567854201071757, 2122.0 ], [ -97.670747885158178, 18.56785094910159, 2122.0 ], [ -97.670744541291981, 18.567851012042947, 2122.0 ], [ -97.670745018982643, 18.567854201071757, 2122.0 ], [ -97.670747952939365, 18.567854201071757, 2122.0 ] ] } },
{ "type": "Feature", "properties": { "FID": 128, "elev": 2124.0, "elevation": 2124.0, "ELEVATION": 2124.0, "is_master": false, "tipo": "Ordinaria (1m)" }, "geometry": { "type": "LineString", "coordinates": [ [ -97.670512699531997, 18.567625579843551, 2124.0 ], [ -97.670556169861015, 18.567614011520877, 2124.0 ], [ -97.670597410942378, 18.567600141767336, 2124.0 ], [ -97.670615244923511, 18.56759171101071, 2124.0 ], [ -97.670635308152285, 18.567576861866215, 2124.0 ], [ -97.670654256757231, 18.56757652572534, 2124.0 ], [ -97.670659572655453, 18.56757888158446, 2124.0 ], [ -97.670663000040193, 18.567587385661287, 2124.0 ], [ -97.670672090738364, 18.567587551018338, 2124.0 ], [ -97.670671062855703, 18.56758207061327, 2124.0 ], [ -97.670661788912142, 18.56757569255565, 2124.0 ], [ -97.670659606951574, 18.56756931449803, 2124.0 ], [ -97.670660705652196, 18.567559747411597, 2124.0 ], [ -97.670663072418364, 18.567555495373185, 2124.0 ], [ -97.670668746866909, 18.567550180317646, 2124.0 ], [ -97.6706843516004, 18.567540772690176, 2124.0 ], [ -97.670711102572099, 18.567530930607781, 2124.0 ], [ -97.670747885158178, 18.567524455492762, 2124.0 ], [ -97.670775750753705, 18.56752544763506, 2124.0 ], [ -97.670784737408255, 18.567528920133096, 2124.0 ], [ -97.670794504741792, 18.567541676248339, 2124.0 ], [ -97.67080584559686, 18.567549070729484, 2124.0 ], [ -97.670809189468315, 18.56754793619378, 2124.0 ], [ -97.670813647963598, 18.567541600319082, 2124.0 ], [ -97.670819221082709, 18.56754144002398, 2124.0 ], [ -97.670828138073276, 18.5675440961076, 2124.0 ], [ -97.670838169687656, 18.567543992657324, 2124.0 ], [ -97.67084820130205, 18.567539577140767, 2124.0 ], [ -97.670852882722102, 18.567532109161906, 2124.0 ], [ -97.670852729461316, 18.567527857123494, 2124.0 ], [ -97.67084915621858, 18.567522542075476, 2124.0 ], [ -97.670850486749217, 18.567517227027459, 2124.0 ], [ -97.670848257033242, 18.567512974989043, 2124.0 ], [ -97.670850430549692, 18.567511756262039, 2124.0 ], [ -97.670857118292616, 18.567513212121955, 2124.0 ], [ -97.670863806032202, 18.567509785960233, 2124.0 ], [ -97.670862426688558, 18.567489588777768, 2124.0 ], [ -97.670866035283183, 18.567483250090874, 2124.0 ], [ -97.670876066897563, 18.567476890122506, 2124.0 ], [ -97.670884983888129, 18.567476108911308, 2124.0 ], [ -97.670911734859828, 18.567478092097819, 2124.0 ], [ -97.670926224969506, 18.567472580620869, 2124.0 ], [ -97.670937255901791, 18.567460887518475, 2124.0 ], [ -97.670945148805032, 18.567434312278387, 2124.0 ], [ -97.67095966368413, 18.567412472262898, 2124.0 ], [ -97.670965236803227, 18.567408002790703, 2124.0 ], [ -97.670974153793793, 18.567404585974121, 2124.0 ], [ -97.670978472961096, 18.567396043932664, 2124.0 ], [ -97.67098325655499, 18.567396043932664, 2124.0 ], [ -97.671004248636947, 18.567376683441626, 2124.0 ], [ -97.671030999608647, 18.567369426172192, 2124.0 ], [ -97.671040891895061, 18.567362027625354, 2124.0 ], [ -97.671046619203793, 18.56735246053892, 2124.0 ], [ -97.671052212293233, 18.567337578404473, 2124.0 ], [ -97.671070200361669, 18.5673152552028, 2124.0 ], [ -97.671078928430859, 18.567293995010729, 2124.0 ], [ -97.671094484704525, 18.567279112876282, 2124.0 ], [ -97.671116984874828, 18.567263167732229, 2124.0 ], [ -97.671135704583818, 18.567237655501746, 2124.0 ], [ -97.671171695533658, 18.567168559877519, 2124.0 ], [ -97.67118391683556, 18.567138795608624, 2124.0 ], [ -97.671191658699613, 18.567112220368536, 2124.0 ], [ -97.671195631210594, 18.567076078042017, 2124.0 ], [ -97.671195639528676, 18.566979344168104, 2124.0 ], [ -97.671199074094133, 18.566950642908811, 2124.0 ], [ -97.671206271073501, 18.56692619368793, 2124.0 ], [ -97.671206325807418, 18.566915563591895, 2124.0 ], [ -97.671201828978511, 18.566902807476655, 2124.0 ], [ -97.671183637854739, 18.566869854178947, 2124.0 ], [ -97.671174555936531, 18.566843278938858, 2124.0 ], [ -97.671138204070431, 18.566649811191027, 2124.0 ], [ -97.671117661610708, 18.566576463528389, 2124.0 ], [ -97.671114296159828, 18.566552014307508, 2124.0 ], [ -97.671112548367034, 18.566514808971387, 2124.0 ], [ -97.671113143494054, 18.566483981692887, 2124.0 ], [ -97.671116491769354, 18.566454217423988, 2124.0 ], [ -97.671115948253146, 18.566440398299143, 2124.0 ], [ -97.671110065521759, 18.566422327135886, 2124.0 ], [ -97.671101359371946, 18.56640850801104, 2124.0 ], [ -97.671087845423514, 18.566394726850824, 2124.0 ], [ -97.671056608547744, 18.56637130267492, 2124.0 ], [ -97.671046404154708, 18.566357483550075, 2124.0 ], [ -97.671043711386673, 18.566341538406022, 2124.0 ], [ -97.671046820456041, 18.566322404233158, 2124.0 ], [ -97.671046838377677, 18.566299018021883, 2124.0 ], [ -97.671039986362302, 18.566274568801003, 2124.0 ], [ -97.671024251763455, 18.566234174436072, 2124.0 ], [ -97.671018419840365, 18.56620866220559, 2124.0 ], [ -97.671019615625198, 18.566184212984709, 2124.0 ], [ -97.67102542648955, 18.566170336139884, 2124.0 ], [ -97.67103545810393, 18.566161763116003, 2124.0 ], [ -97.67106443832327, 18.56615247149114, 2124.0 ], [ -97.671072035411967, 18.566143818619778, 2124.0 ], [ -97.671074654845398, 18.566135314542947, 2124.0 ], [ -97.671075843835439, 18.5661204324085, 2124.0 ], [ -97.67107501830003, 18.56607684901476, 2124.0 ], [ -97.671077638431242, 18.566061966880309, 2124.0 ], [ -97.671083386928231, 18.566053481190675, 2124.0 ], [ -97.671092303918797, 18.566049819413994, 2124.0 ], [ -97.671097710649434, 18.566044958726653, 2124.0 ], [ -97.671102155081968, 18.566039643678636, 2124.0 ], [ -97.6711055925186, 18.566030076592206, 2124.0 ], [ -97.671113481771386, 18.566025902193964, 2124.0 ], [ -97.671113920481801, 18.566023698534586, 2124.0 ], [ -97.671107853212874, 18.566017320476963, 2124.0 ], [ -97.671107883136798, 18.566013068438551, 2124.0 ], [ -97.67111415518994, 18.566006690380931, 2124.0 ], [ -97.671115468811749, 18.566000312323307, 2124.0 ], [ -97.671112566187531, 18.565965233006395, 2124.0 ], [ -97.67111747828443, 18.565956728929567, 2124.0 ], [ -97.67111223353335, 18.565950350871944, 2124.0 ], [ -97.671111475913904, 18.565938657766306, 2124.0 ], [ -97.671106681602424, 18.565930153689479, 2124.0 ], [ -97.671106494262204, 18.565916334564633, 2124.0 ], [ -97.671102448835512, 18.565903578449394, 2124.0 ], [ -97.671097877037894, 18.565900926172965, 2124.0 ], [ -97.671093516316631, 18.565901452430186, 2124.0 ], [ -97.671091143932372, 18.565899326410978, 2124.0 ], [ -97.671093104161542, 18.56589401136296, 2124.0 ], [ -97.671090635774306, 18.565890822334151, 2124.0 ], [ -97.671092560690767, 18.565882318257323, 2124.0 ], [ -97.671090190777804, 18.565870625151685, 2124.0 ], [ -97.671085558961337, 18.565861058065256, 2124.0 ], [ -97.671091393897157, 18.565854680007632, 2124.0 ], [ -97.671094675960276, 18.565844049911597, 2124.0 ], [ -97.671087818369529, 18.565838734863583, 2124.0 ], [ -97.671081092593056, 18.565823852729132, 2124.0 ], [ -97.671070911026234, 18.565781332344994, 2124.0 ], [ -97.671066350783093, 18.565748379047285, 2124.0 ], [ -97.671066506962291, 18.565738811960856, 2124.0 ], [ -97.67106999763898, 18.565726055845612, 2124.0 ], [ -97.67109373181421, 18.565702669634337, 2124.0 ], [ -97.67109106803187, 18.56569416555751, 2124.0 ], [ -97.671091418535553, 18.56568459847108, 2124.0 ], [ -97.671086730799686, 18.565679649888473, 2124.0 ], [ -97.671077809673221, 18.565677157403854, 2124.0 ], [ -97.671068896818554, 18.565667683768815, 2124.0 ], [ -97.671061094451815, 18.565665872842953, 2124.0 ], [ -97.671057888040664, 18.565661212259801, 2124.0 ], [ -97.671054013732544, 18.565644204106146, 2124.0 ], [ -97.671059692325812, 18.565636763038921, 2124.0 ], [ -97.671059033693822, 18.565630384981301, 2124.0 ], [ -97.671061094451815, 18.565629023583039, 2124.0 ], [ -97.671063323699457, 18.565630951919758, 2124.0 ], [ -97.67106443832327, 18.565628109050483, 2124.0 ], [ -97.671063323699457, 18.565619845629989, 2124.0 ], [ -97.671056635956532, 18.565615465454556, 2124.0 ], [ -97.671052177461249, 18.565609992205069, 2124.0 ], [ -97.671039916599213, 18.565602630008989, 2124.0 ], [ -97.671027655737191, 18.565586502449179, 2124.0 ], [ -97.671016180910456, 18.565582549549145, 2124.0 ], [ -97.670998839999228, 18.565560226347472, 2124.0 ], [ -97.670988643903456, 18.565556954432925, 2124.0 ], [ -97.670974865136628, 18.565547470232232, 2124.0 ], [ -97.670972043338253, 18.565543218193817, 2124.0 ], [ -97.670970938060194, 18.565530462078577, 2124.0 ], [ -97.67096503510939, 18.565520894992144, 2124.0 ], [ -97.670971626518394, 18.565499634800076, 2124.0 ], [ -97.670964671047201, 18.565450736358315, 2124.0 ], [ -97.670965066095079, 18.565443295291089, 2124.0 ], [ -97.670969473139806, 18.565431602185452, 2124.0 ], [ -97.670979531174083, 18.565416720051005, 2124.0 ], [ -97.670987529279643, 18.565409831196561, 2124.0 ], [ -97.670991987774926, 18.565409721160044, 2124.0 ], [ -97.670998783519963, 18.565400774906951, 2124.0 ], [ -97.671004221384536, 18.565389081801314, 2124.0 ], [ -97.671010936379872, 18.565382143247721, 2124.0 ], [ -97.671015394875155, 18.565373109589888, 2124.0 ], [ -97.671024311865722, 18.565372205607471, 2124.0 ], [ -97.671027511332483, 18.565368884618849, 2124.0 ], [ -97.671035176385828, 18.565347624426778, 2124.0 ], [ -97.671034152896766, 18.565333805301933, 2124.0 ], [ -97.671048561516258, 18.565318923167485, 2124.0 ], [ -97.671050184529605, 18.565315734138675, 2124.0 ], [ -97.671050402319608, 18.56530510404264, 2124.0 ], [ -97.671057750580346, 18.565300885094018, 2124.0 ], [ -97.671066667570912, 18.565299355613785, 2124.0 ], [ -97.671071126066195, 18.565294509380259, 2124.0 ], [ -97.671091210798963, 18.565284906860175, 2124.0 ], [ -97.671092040810166, 18.565278528802555, 2124.0 ], [ -97.671105093891398, 18.565249827543258, 2124.0 ], [ -97.671104795504704, 18.565244512495241, 2124.0 ], [ -97.671101240813357, 18.565239197447227, 2124.0 ], [ -97.671089420050805, 18.565237071428019, 2124.0 ], [ -97.671085032234714, 18.565231756380001, 2124.0 ], [ -97.671087021571125, 18.565224315312776, 2124.0 ], [ -97.671093525587281, 18.565219000264758, 2124.0 ], [ -97.671090769501589, 18.565209433178328, 2124.0 ], [ -97.67108607833697, 18.565206244149518, 2124.0 ], [ -97.671086522150901, 18.565199866091895, 2124.0 ], [ -97.671087845423514, 18.565196513018392, 2124.0 ], [ -97.671094593620609, 18.565190299005465, 2124.0 ], [ -97.671098314658664, 18.565180731919035, 2124.0 ], [ -97.671079915414353, 18.565157345707757, 2124.0 ], [ -97.671074415912528, 18.565142463573309, 2124.0 ], [ -97.671061094451815, 18.565134971152965, 2124.0 ], [ -97.671056537454888, 18.565129707458066, 2124.0 ], [ -97.671046438725867, 18.565106321246791, 2124.0 ], [ -97.671045314320665, 18.565076556977893, 2124.0 ], [ -97.671055634959401, 18.565055296785825, 2124.0 ] ] } },
{ "type": "Feature", "properties": { "FID": 129, "elev": 2124.0, "elevation": 2124.0, "ELEVATION": 2124.0, "is_master": false, "tipo": "Ordinaria (1m)" }, "geometry": { "type": "LineString", "coordinates": [ [ -97.670512699531997, 18.567824356713096, 2124.0 ], [ -97.67052050189875, 18.567824645451442, 2124.0 ], [ -97.670535800110684, 18.567816995735637, 2124.0 ], [ -97.670541622380995, 18.567809554668411, 2124.0 ], [ -97.670543769670999, 18.567799987581981, 2124.0 ], [ -97.670541679748865, 18.567792546514756, 2124.0 ], [ -97.670536106632241, 18.567788389780652, 2124.0 ], [ -97.670512699531997, 18.567782796867981, 2124.0 ] ] } },
{ "type": "Feature", "properties": { "FID": 130, "elev": 2125.0, "elevation": 2125.0, "ELEVATION": 2125.0, "is_master": true, "tipo": "Maestra (5m)" }, "geometry": { "type": "LineString", "coordinates": [ [ -97.670512699531997, 18.567812859963897, 2125.0 ], [ -97.670518392855641, 18.567810617678017, 2125.0 ], [ -97.670521024012004, 18.567804239620394, 2125.0 ], [ -97.670519361353442, 18.567798924572379, 2125.0 ], [ -97.670512699531997, 18.567795456721377, 2125.0 ] ] } },
{ "type": "Feature", "properties": { "FID": 131, "elev": 2123.0, "elevation": 2123.0, "ELEVATION": 2123.0, "is_master": false, "tipo": "Ordinaria (1m)" }, "geometry": { "type": "LineString", "coordinates": [ [ -97.670627822283663, 18.567821247774052, 2123.0 ], [ -97.670635262741683, 18.567813806706827, 2123.0 ], [ -97.670635836637715, 18.567808491658809, 2123.0 ], [ -97.670633078904643, 18.567805665019637, 2123.0 ], [ -97.670626256055797, 18.567806365639601, 2123.0 ], [ -97.67062580731114, 18.567814869716429, 2123.0 ], [ -97.670621909565426, 18.567818058745239, 2123.0 ], [ -97.670624719225984, 18.567821247774052, 2123.0 ], [ -97.670627822283663, 18.567821247774052, 2123.0 ] ] } },
{ "type": "Feature", "properties": { "FID": 132, "elev": 2113.0, "elevation": 2113.0, "ELEVATION": 2113.0, "is_master": false, "tipo": "Ordinaria (1m)" }, "geometry": { "type": "LineString", "coordinates": [ [ -97.67177851054754, 18.567769160303481, 2113.0 ], [ -97.67177891219238, 18.56776745505891, 2113.0 ], [ -97.67177672546444, 18.567768097293879, 2113.0 ], [ -97.671777797568552, 18.567769957560682, 2113.0 ], [ -97.67177851054754, 18.567769160303481, 2113.0 ] ] } },
{ "type": "Feature", "properties": { "FID": 133, "elev": 2109.0, "elevation": 2109.0, "ELEVATION": 2109.0, "is_master": false, "tipo": "Ordinaria (1m)" }, "geometry": { "type": "LineString", "coordinates": [ [ -97.671738785734831, 18.567719223195848, 2109.0 ], [ -97.671735776250515, 18.567716009823307, 2109.0 ], [ -97.671738785734831, 18.567712411944647, 2109.0 ], [ -97.671741621614018, 18.567716009823307, 2109.0 ], [ -97.671738785734831, 18.567719223195848, 2109.0 ] ] } },
{ "type": "Feature", "properties": { "FID": 134, "elev": 2129.0, "elevation": 2129.0, "ELEVATION": 2129.0, "is_master": false, "tipo": "Ordinaria (1m)" }, "geometry": { "type": "LineString", "coordinates": [ [ -97.67256583660982, 18.567380993954593, 2129.0 ], [ -97.672552779587932, 18.567391791894249, 2129.0 ], [ -97.672541242192906, 18.567408800047904, 2129.0 ], [ -97.672534393431405, 18.567430060239975, 2129.0 ], [ -97.672532612245945, 18.567452383441648, 2129.0 ], [ -97.672533253304181, 18.567468328585697, 2129.0 ], [ -97.672536704396336, 18.56748746275856, 2129.0 ], [ -97.672551603721033, 18.567538487219529, 2129.0 ], [ -97.672552229513826, 18.567562936440407, 2129.0 ], [ -97.672556919619254, 18.56756937864516, 2129.0 ], [ -97.672561378114537, 18.56757168977466, 2129.0 ], [ -97.67256583660982, 18.567571568647857, 2129.0 ] ] } },
{ "type": "Feature", "properties": { "FID": 135, "elev": 2129.0, "elevation": 2129.0, "ELEVATION": 2129.0, "is_master": false, "tipo": "Ordinaria (1m)" }, "geometry": { "type": "LineString", "coordinates": [ [ -97.671234771587507, 18.565055296785825, 2129.0 ], [ -97.671248205867983, 18.565079746006706, 2129.0 ], [ -97.671256153620448, 18.565090356949412, 2129.0 ], [ -97.67128736308743, 18.565112670280261, 2129.0 ], [ -97.671302967821873, 18.565126518429256, 2129.0 ], [ -97.67131539305143, 18.565145652602119, 2129.0 ], [ -97.671318485201439, 18.565154156678947, 2129.0 ], [ -97.671321846761884, 18.565157345707757, 2129.0 ], [ -97.671330833416434, 18.565159708927453, 2129.0 ], [ -97.671340865030814, 18.565155621908399, 2129.0 ], [ -97.671342795233045, 18.565157345707757, 2129.0 ], [ -97.671343094278456, 18.565164846662846, 2129.0 ], [ -97.671346438149925, 18.565165451669021, 2129.0 ], [ -97.67135312589285, 18.565162363670122, 2129.0 ], [ -97.671362042883416, 18.565163579196074, 2129.0 ], [ -97.671373189121624, 18.56517008195366, 2129.0 ], [ -97.671396810572588, 18.565190299005465, 2129.0 ], [ -97.671393159832206, 18.565201992111103, 2129.0 ], [ -97.671396515059925, 18.56520730715912, 2129.0 ], [ -97.67139685848629, 18.565229630360793, 2129.0 ], [ -97.671387581654798, 18.565245575504846, 2129.0 ], [ -97.671377487008286, 18.565270024725727, 2129.0 ], [ -97.671365112452918, 18.565307230061848, 2129.0 ], [ -97.671364272131058, 18.56532189157166, 2129.0 ], [ -97.671361614181947, 18.565326364234711, 2129.0 ], [ -97.671357450389635, 18.565328490253915, 2129.0 ], [ -97.671354139949102, 18.56533274229233, 2129.0 ], [ -97.671354019646515, 18.56534230937876, 2129.0 ], [ -97.671356697432159, 18.565347624426778, 2129.0 ], [ -97.671353130982453, 18.565354002484401, 2129.0 ], [ -97.671356030670083, 18.565357191513211, 2129.0 ], [ -97.671356752435486, 18.565362506561229, 2129.0 ], [ -97.671354673505149, 18.565384829762902, 2129.0 ], [ -97.67135625507423, 18.565399711897349, 2129.0 ], [ -97.671367731308436, 18.565420972089417, 2129.0 ], [ -97.671369831403908, 18.56543053917585, 2129.0 ], [ -97.671379627321897, 18.565452862377523, 2129.0 ], [ -97.67137571103585, 18.565462429463953, 2129.0 ], [ -97.671377409269667, 18.565469870531178, 2129.0 ], [ -97.671374601440007, 18.565477311598404, 2129.0 ], [ -97.671379959429274, 18.565485815675231, 2129.0 ], [ -97.671382834624495, 18.565497508780869, 2129.0 ], [ -97.671377865695476, 18.565512390915316, 2129.0 ], [ -97.671385449983646, 18.565516504300305, 2129.0 ], [ -97.671388992729902, 18.565520894992144, 2129.0 ], [ -97.671390909942971, 18.565531525088179, 2129.0 ], [ -97.671395676096154, 18.565543218193817, 2129.0 ], [ -97.671395531136866, 18.5655687304243, 2129.0 ], [ -97.671389885575707, 18.565574045472317, 2129.0 ], [ -97.671388925692341, 18.565588927606765, 2129.0 ], [ -97.671396666250573, 18.5655995577028, 2129.0 ], [ -97.671400097998358, 18.565609124789233, 2129.0 ], [ -97.671402989128808, 18.565629321971699, 2129.0 ], [ -97.671406873580082, 18.565637826048526, 2129.0 ], [ -97.671406722029801, 18.565656960221389, 2129.0 ], [ -97.671411245563505, 18.565664401288611, 2129.0 ], [ -97.671410049685505, 18.565675031384647, 2129.0 ], [ -97.671406802679201, 18.565680346432664, 2129.0 ], [ -97.671405555539906, 18.56568778749989, 2129.0 ], [ -97.671398570034867, 18.56569416555751, 2129.0 ], [ -97.671396358191302, 18.565703732643939, 2129.0 ], [ -97.671407930468902, 18.565727118855218, 2129.0 ], [ -97.671416733758889, 18.565735622932046, 2129.0 ], [ -97.671421117945911, 18.565745870344621, 2129.0 ], [ -97.671425576441194, 18.565749387543576, 2129.0 ], [ -97.671445639669969, 18.565753483965498, 2129.0 ], [ -97.671459015155818, 18.565747995182708, 2129.0 ], [ -97.671467932146385, 18.565748415702789, 2129.0 ], [ -97.671479078384593, 18.565755665494933, 2129.0 ], [ -97.671487995375159, 18.565757736526191, 2129.0 ], [ -97.671496912365726, 18.565764348079195, 2129.0 ], [ -97.671504714732464, 18.565766443668949, 2129.0 ], [ -97.671515860970672, 18.565775831590479, 2129.0 ], [ -97.671545955813841, 18.56578351582418, 2129.0 ], [ -97.671560445923504, 18.56579081869652, 2129.0 ], [ -97.671577165280823, 18.565802149616395, 2129.0 ], [ -97.671579991180039, 18.565810033604286, 2129.0 ], [ -97.671574734261853, 18.56582278971953, 2129.0 ], [ -97.671574776801208, 18.565833419815565, 2129.0 ], [ -97.671585792469187, 18.565840860882787, 2129.0 ], [ -97.671585615334379, 18.565858932046048, 2129.0 ], [ -97.671585000919919, 18.565861058065256, 2129.0 ], [ -97.671580509152278, 18.565862092853365, 2129.0 ], [ -97.671576306091623, 18.56586637311327, 2129.0 ], [ -97.671574975142789, 18.565871688161288, 2129.0 ], [ -97.671579188674514, 18.565875940199703, 2129.0 ], [ -97.671581066464185, 18.565885507286133, 2129.0 ], [ -97.67157196738161, 18.565891885343756, 2129.0 ], [ -97.671570425560617, 18.565898263401376, 2129.0 ], [ -97.671573844156782, 18.565902515439788, 2129.0 ], [ -97.671568248290257, 18.565907272407763, 2129.0 ], [ -97.6715667787862, 18.565911019516616, 2129.0 ], [ -97.671567133666429, 18.565913236004725, 2129.0 ], [ -97.671572666977539, 18.565916334564633, 2129.0 ], [ -97.671571163460243, 18.565922712622257, 2129.0 ], [ -97.671573651792684, 18.565925901651067, 2129.0 ], [ -97.67158273839992, 18.565925761473974, 2129.0 ], [ -97.671583446097586, 18.565928027670271, 2129.0 ], [ -97.671576050656995, 18.565945212992194, 2129.0 ], [ -97.671561560547332, 18.565948429994943, 2129.0 ], [ -97.671559266427408, 18.565950350871944, 2129.0 ], [ -97.671558688974102, 18.565955665919962, 2129.0 ], [ -97.671563789794973, 18.565958038932578, 2129.0 ], [ -97.671567133666429, 18.565956675779088, 2129.0 ], [ -97.671570477537898, 18.565952391850384, 2129.0 ], [ -97.67157270678554, 18.565952395121183, 2129.0 ], [ -97.671579394528464, 18.5659607321785, 2129.0 ], [ -97.671584584273759, 18.565956728929567, 2129.0 ], [ -97.671581678593668, 18.565949287862342, 2129.0 ], [ -97.671583853023748, 18.565947453313509, 2129.0 ], [ -97.671591655390486, 18.565950206735049, 2129.0 ], [ -97.671599457757239, 18.565948502870636, 2129.0 ], [ -97.671606119578669, 18.565958854948772, 2129.0 ], [ -97.671611226873466, 18.565962043977585, 2129.0 ], [ -97.671616400039312, 18.565969485044807, 2129.0 ], [ -97.671622864857468, 18.565973859620353, 2129.0 ], [ -97.671636240343318, 18.565974746495701, 2129.0 ], [ -97.671644042710071, 18.565985183693879, 2129.0 ], [ -97.671656303572092, 18.565978851021313, 2129.0 ], [ -97.671664523922772, 18.56598224116005, 2129.0 ], [ -97.671668564434114, 18.565988786136533, 2129.0 ], [ -97.671676366800867, 18.565987060136919, 2129.0 ], [ -97.671679347771544, 18.565989682227272, 2129.0 ], [ -97.671679215283959, 18.565992871256086, 2129.0 ], [ -97.671674137553225, 18.566001085421203, 2129.0 ], [ -97.671667353928683, 18.566005627371325, 2129.0 ], [ -97.6716674498103, 18.566010145162142, 2129.0 ], [ -97.671674137553225, 18.566017243167174, 2129.0 ], [ -97.671678596048508, 18.566017480499916, 2129.0 ], [ -97.671683054543792, 18.566014021680857, 2129.0 ], [ -97.671688661235905, 18.566013068438551, 2129.0 ], [ -97.671695322550846, 18.566006690380931, 2129.0 ], [ -97.671695380971926, 18.566003501352117, 2129.0 ], [ -97.671691005527052, 18.565999249313705, 2129.0 ], [ -97.671690837006537, 18.56599499727529, 2129.0 ], [ -97.671699773901096, 18.565989047374316, 2129.0 ], [ -97.671707576267849, 18.565988572122308, 2129.0 ], [ -97.671707408475015, 18.565992871256086, 2129.0 ], [ -97.671701050652018, 18.566002438342515, 2129.0 ], [ -97.671708799930954, 18.566008816400135, 2129.0 ], [ -97.671712091302027, 18.566024761544188, 2129.0 ], [ -97.671720951753699, 18.566030131305936, 2129.0 ], [ -97.671726784333927, 18.566031139601808, 2129.0 ], [ -97.671730212111797, 18.566037517659431, 2129.0 ], [ -97.671727639497647, 18.566044958726653, 2129.0 ], [ -97.671722066377512, 18.566048771695883, 2129.0 ], [ -97.671716121717139, 18.566050273774671, 2129.0 ], [ -97.671712901692771, 18.566054525813087, 2129.0 ], [ -97.671713193530465, 18.566058777851499, 2129.0 ], [ -97.671718753467829, 18.566063029889914, 2129.0 ], [ -97.671721205966151, 18.566068344937932, 2129.0 ], [ -97.671720951753699, 18.566078036419103, 2129.0 ], [ -97.671728754120437, 18.566076628538692, 2129.0 ], [ -97.671730189321906, 18.566074722995552, 2129.0 ], [ -97.671728754120437, 18.566067042908415, 2129.0 ], [ -97.671730983368079, 18.56606498455832, 2129.0 ], [ -97.671738785734831, 18.566063424990826, 2129.0 ], [ -97.671742129606287, 18.566063953944013, 2129.0 ], [ -97.671748817349211, 18.566068755340371, 2129.0 ], [ -97.671757734339778, 18.566065229583053, 2129.0 ], [ -97.671761078211247, 18.566065721339761, 2129.0 ], [ -97.671769160634227, 18.566070470957136, 2129.0 ], [ -97.671773339073269, 18.566075106716092, 2129.0 ], [ -97.67177891219238, 18.566072584813764, 2129.0 ], [ -97.671790058430588, 18.566071249499384, 2129.0 ], [ -97.671811236283176, 18.566073539360744, 2129.0 ], [ -97.671822382521384, 18.56607701685838, 2129.0 ], [ -97.67183129951195, 18.566082995983336, 2129.0 ], [ -97.671833286450067, 18.566082164062777, 2129.0 ], [ -97.671833401777135, 18.566074722995552, 2129.0 ], [ -97.671839108978205, 18.566068344937932, 2129.0 ], [ -97.671848018869255, 18.566067296007926, 2129.0 ], [ -97.671859165107463, 18.566071834615922, 2129.0 ], [ -97.671870611918393, 18.566081101053172, 2129.0 ], [ -97.671874769840954, 18.566086594227123, 2129.0 ], [ -97.671883686831521, 18.566088619901588, 2129.0 ], [ -97.671890374574446, 18.566094800738735, 2129.0 ], [ -97.671898349751089, 18.566108739302862, 2129.0 ], [ -97.67190379650296, 18.566129999494933, 2129.0 ], [ -97.671911580292644, 18.566144881629381, 2129.0 ], [ -97.671968562694602, 18.566219292301621, 2129.0 ], [ -97.672019763822973, 18.566295828993074, 2129.0 ], [ -97.672033928140863, 18.566324530252366, 2129.0 ], [ -97.672050989148431, 18.566341538406022, 2129.0 ], [ -97.672085407821598, 18.566385121799765, 2129.0 ], [ -97.672116785502467, 18.56641807509747, 2129.0 ], [ -97.672137719733215, 18.566447839366369, 2129.0 ], [ -97.672146940712096, 18.566465910529629, 2129.0 ], [ -97.672156818842197, 18.566492485769714, 2129.0 ], [ -97.672162502018693, 18.566514808971387, 2129.0 ], [ -97.672167616454644, 18.566545636249888, 2129.0 ], [ -97.672175718277671, 18.566570085470769, 2129.0 ], [ -97.672205713595744, 18.566614731874115, 2129.0 ], [ -97.672252808066006, 18.566673197402306, 2129.0 ], [ -97.672293868400047, 18.566733788949701, 2129.0 ], [ -97.672311863918381, 18.5667635532186, 2129.0 ], [ -97.672327372678296, 18.566798632535512, 2129.0 ], [ -97.672353969420627, 18.566894303399827, 2129.0 ], [ -97.672361846160584, 18.566912374563085, 2129.0 ], [ -97.672371685063453, 18.566928319707138, 2129.0 ], [ -97.672403101531998, 18.566965709914495, 2129.0 ], [ -97.672417591641661, 18.566978330600808, 2129.0 ], [ -97.672432081751339, 18.566986933562248, 2129.0 ], [ -97.672455488851568, 18.566995478291641, 2129.0 ], [ -97.672504532299683, 18.567002578520864, 2129.0 ], [ -97.67256583660982, 18.567020092869569, 2129.0 ] ] } },
{ "type": "Feature", "properties": { "FID": 136, "elev": 2122.0, "elevation": 2122.0, "ELEVATION": 2122.0, "is_master": false, "tipo": "Ordinaria (1m)" }, "geometry": { "type": "LineString", "coordinates": [ [ -97.670955205188847, 18.567703015929602, 2122.0 ], [ -97.670953427098453, 18.56770112768886, 2122.0 ], [ -97.670955205188847, 18.567699075489763, 2122.0 ], [ -97.670957250851387, 18.56770112768886, 2122.0 ], [ -97.670955205188847, 18.567703015929602, 2122.0 ] ] } },
{ "type": "Feature", "properties": { "FID": 137, "elev": 2123.0, "elevation": 2123.0, "ELEVATION": 2123.0, "is_master": false, "tipo": "Ordinaria (1m)" }, "geometry": { "type": "LineString", "coordinates": [ [ -97.670692153967138, 18.567675855156619, 2123.0 ], [ -97.670689838090709, 18.567674552448771, 2123.0 ], [ -97.670691039343325, 18.567671692446744, 2123.0 ], [ -97.670694778726457, 18.567673489439169, 2123.0 ], [ -97.670692153967138, 18.567675855156619, 2123.0 ] ] } },
{ "type": "Feature", "properties": { "FID": 138, "elev": 2110.0, "elevation": 2110.0, "ELEVATION": 2110.0, "is_master": true, "tipo": "Maestra (5m)" }, "geometry": { "type": "LineString", "coordinates": [ [ -97.671687513039075, 18.567655536388088, 2110.0 ], [ -97.671679710672322, 18.567655670041344, 2110.0 ], [ -97.671671908305584, 18.567652259618804, 2110.0 ], [ -97.671658517757251, 18.567637347112651, 2110.0 ], [ -97.671643928714445, 18.567608645853358, 2110.0 ], [ -97.671641582036287, 18.567599078766925, 2110.0 ], [ -97.671641213746341, 18.567584196632478, 2110.0 ], [ -97.671647115917622, 18.567553369353977, 2110.0 ], [ -97.67166440734222, 18.567510848969839, 2110.0 ], [ -97.671670444125184, 18.567505533921821, 2110.0 ], [ -97.671676366800867, 18.567504529340049, 2110.0 ], [ -97.671679567688514, 18.567501281883406, 2110.0 ], [ -97.671685125171891, 18.567474706643321, 2110.0 ], [ -97.671696564028139, 18.567452383441648, 2110.0 ], [ -97.671695570663189, 18.567431123249577, 2110.0 ], [ -97.671699717989554, 18.567419430143939, 2110.0 ], [ -97.671698659277283, 18.567408936331187, 2110.0 ], [ -97.671695140483109, 18.567400295971076, 2110.0 ], [ -97.671687621209315, 18.567391791894249, 2110.0 ], [ -97.671683148858108, 18.567381161798213, 2110.0 ], [ -97.67167748142468, 18.567376766996261, 2110.0 ], [ -97.671662991315017, 18.567372375595614, 2110.0 ], [ -97.671652959700637, 18.567371640139545, 2110.0 ], [ -97.671646271957712, 18.567373707275173, 2110.0 ], [ -97.671641813462429, 18.567379069875543, 2110.0 ], [ -97.671636240343318, 18.567381024635687, 2110.0 ], [ -97.671635125719504, 18.567380098792206, 2110.0 ], [ -97.671636240343318, 18.567375799152753, 2110.0 ], [ -97.671626328933456, 18.567363090634956, 2110.0 ], [ -97.671623683345075, 18.567354586558128, 2110.0 ], [ -97.671623682248267, 18.567325885298835, 2110.0 ], [ -97.671616532601561, 18.567302499087557, 2110.0 ], [ -97.671618682824004, 18.567287616953109, 2110.0 ], [ -97.671614593175434, 18.567280175885884, 2110.0 ], [ -97.671603858689778, 18.567270608799454, 2110.0 ], [ -97.671604031807476, 18.567263167732229, 2110.0 ], [ -97.671608031599419, 18.567255726665007, 2110.0 ], [ -97.671603916252522, 18.567250924307459, 2110.0 ], [ -97.671601139050111, 18.567244033559366, 2110.0 ], [ -97.671593869228587, 18.567236592492144, 2110.0 ], [ -97.671592777318523, 18.567232340453728, 2110.0 ], [ -97.671587372532898, 18.567224899386506, 2110.0 ], [ -97.671573821409353, 18.567210321480395, 2110.0 ], [ -97.671566346160475, 18.567206828223245, 2110.0 ], [ -97.671561560547332, 18.567200897304584, 2110.0 ], [ -97.671561433365895, 18.567195135117608, 2110.0 ], [ -97.671567826540695, 18.567188757059988, 2110.0 ], [ -97.67156936291407, 18.567182396010519, 2110.0 ], [ -97.671568248290257, 18.567179134025682, 2110.0 ], [ -97.671560445923504, 18.567171905012636, 2110.0 ], [ -97.671552560399746, 18.567161118810297, 2110.0 ], [ -97.671548266856007, 18.56715261473347, 2110.0 ], [ -97.671545813404904, 18.567141984637434, 2110.0 ], [ -97.671539045688547, 18.567131354541399, 2110.0 ], [ -97.671542127445093, 18.567112220368536, 2110.0 ], [ -97.671540854266354, 18.567105842310916, 2110.0 ], [ -97.671546147250027, 18.567093086195676, 2110.0 ], [ -97.671546937701052, 18.567079267070831, 2110.0 ], [ -97.671551801396546, 18.56706757396519, 2110.0 ], [ -97.671552544550067, 18.56705800687876, 2110.0 ], [ -97.671556314024983, 18.567046313773123, 2110.0 ], [ -97.671558885450153, 18.567016549504224, 2110.0 ], [ -97.671561401315358, 18.567010171446604, 2110.0 ], [ -97.671564939070308, 18.567008045427396, 2110.0 ], [ -97.671570477537898, 18.566998719022386, 2110.0 ], [ -97.671576280579401, 18.566985722225724, 2110.0 ], [ -97.67157502651925, 18.566977218148896, 2110.0 ], [ -97.671565951896596, 18.566967651062466, 2110.0 ], [ -97.67156352892556, 18.566961273004843, 2110.0 ], [ -97.671563630563, 18.566950642908811, 2110.0 ], [ -97.671565028265888, 18.566947453879997, 2110.0 ], [ -97.671568248290257, 18.566946276976509, 2110.0 ], [ -97.671577165280823, 18.566948799604923, 2110.0 ], [ -97.671586082271389, 18.56695485629233, 2110.0 ], [ -97.671599505755395, 18.566972966110484, 2110.0 ], [ -97.671603026001023, 18.566981470187311, 2110.0 ], [ -97.671600254773196, 18.567015486494622, 2110.0 ], [ -97.671603972868326, 18.56702717960026, 2110.0 ], [ -97.671596206771085, 18.567036746686689, 2110.0 ], [ -97.671597472609264, 18.567044187753915, 2110.0 ], [ -97.671593636943953, 18.567052691830742, 2110.0 ], [ -97.671596301949876, 18.56706119590757, 2110.0 ], [ -97.671594105391549, 18.567066510955588, 2110.0 ], [ -97.67159734859338, 18.567075015032415, 2110.0 ], [ -97.671610603995447, 18.56713698892975, 2110.0 ], [ -97.671615288646279, 18.567141984637434, 2110.0 ], [ -97.671619201078869, 18.567150488714262, 2110.0 ], [ -97.671623979481296, 18.567151584942916, 2110.0 ], [ -97.671634011095676, 18.567158106528925, 2110.0 ], [ -97.671644042710071, 18.567157073143711, 2110.0 ], [ -97.671659647443562, 18.567152415897141, 2110.0 ], [ -97.671668564434114, 18.567152556397577, 2110.0 ], [ -97.671674137553225, 18.567156834313575, 2110.0 ], [ -97.671673022929397, 18.567164604492948, 2110.0 ], [ -97.671680658102574, 18.567169622887125, 2110.0 ], [ -97.671691903465728, 18.567190883079192, 2110.0 ], [ -97.671706350919806, 18.567207891232847, 2110.0 ], [ -97.67170776203848, 18.567212143271263, 2110.0 ], [ -97.671718053731766, 18.567221710357693, 2110.0 ], [ -97.671718409018112, 18.567247222588179, 2110.0 ], [ -97.671722046294207, 18.567261041713021, 2110.0 ], [ -97.671726448205547, 18.567265293751436, 2110.0 ], [ -97.67173321261572, 18.567268119658507, 2110.0 ], [ -97.671739900358645, 18.56726850059605, 2110.0 ], [ -97.671743244230115, 18.567271642967711, 2110.0 ], [ -97.671752610397448, 18.567282301905092, 2110.0 ], [ -97.671756036177612, 18.567291868991521, 2110.0 ], [ -97.671763315746048, 18.567299310058747, 2110.0 ], [ -97.671769086038594, 18.567314192193194, 2110.0 ], [ -97.671771109825627, 18.567315370883257, 2110.0 ], [ -97.671774453697097, 18.567312593909254, 2110.0 ], [ -97.671781216400092, 18.56731844423161, 2110.0 ], [ -97.671788724392627, 18.567339704423681, 2110.0 ], [ -97.671800143689964, 18.567354586558128, 2110.0 ], [ -97.671800041347808, 18.567375846750195, 2110.0 ], [ -97.671808073283728, 18.567388602865439, 2110.0 ], [ -97.671808034402005, 18.567392854903854, 2110.0 ], [ -97.671805663164079, 18.567396171493815, 2110.0 ], [ -97.67178894380676, 18.567403583884502, 2110.0 ], [ -97.671780026816194, 18.567411760661429, 2110.0 ], [ -97.671775347404477, 18.567420493153541, 2110.0 ], [ -97.671773032335707, 18.567431123249577, 2110.0 ], [ -97.671773187766874, 18.567441753345612, 2110.0 ], [ -97.671776801311864, 18.56745344645125, 2110.0 ], [ -97.67180231929261, 18.567483134790891, 2110.0 ], [ -97.671808146913563, 18.567495966835388, 2110.0 ], [ -97.671811517524063, 18.567514037998649, 2110.0 ], [ -97.671811780558556, 18.567528920133096, 2110.0 ], [ -97.671810406932465, 18.567544865277149, 2110.0 ], [ -97.671806770777678, 18.567555495373185, 2110.0 ], [ -97.671800090044968, 18.567564985615547, 2110.0 ], [ -97.671788841815044, 18.56756931449803, 2110.0 ], [ -97.671784510359203, 18.567573566536442, 2110.0 ], [ -97.671776566680123, 18.567593763718907, 2110.0 ], [ -97.671776928366498, 18.567611834882168, 2110.0 ], [ -97.671775588710375, 18.56761608692058, 2110.0 ], [ -97.67176792662066, 18.567627780026218, 2110.0 ], [ -97.671756619715964, 18.567638487903444, 2110.0 ], [ -97.671730983368079, 18.567654527646241, 2110.0 ], [ -97.671724295625154, 18.567654142664384, 2110.0 ], [ -97.671718722506057, 18.567650299653579, 2110.0 ], [ -97.671714264010774, 18.567649630017165, 2110.0 ], [ -97.671687513039075, 18.567655536388088, 2110.0 ] ] } },
{ "type": "Feature", "properties": { "FID": 139, "elev": 2124.0, "elevation": 2124.0, "ELEVATION": 2124.0, "is_master": false, "tipo": "Ordinaria (1m)" }, "geometry": { "type": "LineString", "coordinates": [ [ -97.6706715068878, 18.567629906045426, 2124.0 ], [ -97.67067378762836, 18.567628843035823, 2124.0 ], [ -97.670675696874255, 18.567624590997408, 2124.0 ], [ -97.67067097611455, 18.567621577052535, 2124.0 ], [ -97.670666517619267, 18.567620944470793, 2124.0 ], [ -97.670663452403758, 18.567622464978204, 2124.0 ], [ -97.67066523786599, 18.567627780026218, 2124.0 ], [ -97.6706715068878, 18.567629906045426, 2124.0 ] ] } },
{ "type": "Feature", "properties": { "FID": 140, "elev": 2125.0, "elevation": 2125.0, "ELEVATION": 2125.0, "is_master": true, "tipo": "Maestra (5m)" }, "geometry": { "type": "LineString", "coordinates": [ [ -97.670512699531997, 18.567471767734418, 2125.0 ], [ -97.670560628356299, 18.567445008812523, 2125.0 ], [ -97.670582920832715, 18.567436261129327, 2125.0 ], [ -97.670611901052055, 18.567434477635437, 2125.0 ], [ -97.670630849657002, 18.567429524342572, 2125.0 ], [ -97.67063320094374, 18.567432186259182, 2125.0 ], [ -97.670630695027114, 18.567436438297594, 2125.0 ], [ -97.670630872560224, 18.56744069033601, 2125.0 ], [ -97.670636422776099, 18.567445184328101, 2125.0 ], [ -97.670648683638134, 18.56744256858606, 2125.0 ], [ -97.67065202750959, 18.567438720641743, 2125.0 ], [ -97.670657600628701, 18.567441628538816, 2125.0 ], [ -97.670662059123984, 18.567440528729819, 2125.0 ], [ -97.670666517619267, 18.567435307255376, 2125.0 ], [ -97.670679893105117, 18.567431940723075, 2125.0 ], [ -97.670684673395556, 18.567425808201559, 2125.0 ], [ -97.67068433347643, 18.567420493153541, 2125.0 ], [ -97.67068100772893, 18.567417156326606, 2125.0 ], [ -97.670673205362192, 18.567413835356554, 2125.0 ], [ -97.670672090738364, 18.567408673331528, 2125.0 ], [ -97.67068100772893, 18.56740228758677, 2125.0 ], [ -97.670691039343325, 18.567402366042408, 2125.0 ], [ -97.670709987948271, 18.567383227074014, 2125.0 ], [ -97.67072670730559, 18.567370531697936, 2125.0 ], [ -97.670743426662895, 18.567361791400995, 2125.0 ], [ -97.670789126239555, 18.567347173837828, 2125.0 ], [ -97.670811418715957, 18.567332127073172, 2125.0 ], [ -97.670823679577992, 18.567325907916061, 2125.0 ], [ -97.670844857430581, 18.567309782671877, 2125.0 ], [ -97.670876066897563, 18.567299533850242, 2125.0 ], [ -97.670893900878696, 18.567289894830832, 2125.0 ], [ -97.670966470851027, 18.567229151424918, 2125.0 ], [ -97.670973230248336, 18.567216395309678, 2125.0 ], [ -97.67097838364829, 18.567198324146418, 2125.0 ], [ -97.670985182703177, 18.567182379002364, 2125.0 ], [ -97.671001006094926, 18.567161118810297, 2125.0 ], [ -97.67102208261808, 18.567147181573272, 2125.0 ], [ -97.671048833589779, 18.567138795600744, 2125.0 ], [ -97.671062209075629, 18.567132508666113, 2125.0 ], [ -97.671078928432948, 18.567120754817068, 2125.0 ], [ -97.671095676370356, 18.567104779301314, 2125.0 ], [ -97.671111274379115, 18.567085645128451, 2125.0 ], [ -97.671124751856681, 18.567063321926778, 2125.0 ], [ -97.671133573951423, 18.567040998725105, 2125.0 ], [ -97.671140526065145, 18.567013360475414, 2125.0 ], [ -97.671155015213103, 18.566928319707138, 2125.0 ], [ -97.671155011251926, 18.56689855543824, 2125.0 ], [ -97.671145527206235, 18.566841152919654, 2125.0 ], [ -97.67113599908609, 18.566765679237808, 2125.0 ], [ -97.671124370788718, 18.566699772642391, 2125.0 ], [ -97.67112157240291, 18.566647685171819, 2125.0 ], [ -97.671109899619296, 18.566604101778079, 2125.0 ], [ -97.671105407383351, 18.566577526537991, 2125.0 ], [ -97.671101880065066, 18.566516934990595, 2125.0 ], [ -97.67110314992162, 18.566478666644869, 2125.0 ], [ -97.671106018958923, 18.566459532472006, 2125.0 ], [ -97.671104738878256, 18.566438272279939, 2125.0 ], [ -97.671098077624592, 18.566421264126284, 2125.0 ], [ -97.671086815633643, 18.56640531898223, 2125.0 ], [ -97.671072240690023, 18.56639252104366, 2125.0 ], [ -97.671046407643814, 18.566376617722938, 2125.0 ], [ -97.671039765889518, 18.566370239665314, 2125.0 ], [ -97.671034457800502, 18.566361735588487, 2125.0 ], [ -97.671032325267916, 18.566346853454039, 2125.0 ], [ -97.671034245835386, 18.566336223358004, 2125.0 ], [ -97.671040133968972, 18.566320278213954, 2125.0 ], [ -97.671040141340072, 18.566297955012281, 2125.0 ], [ -97.671033253430679, 18.56627988384902, 2125.0 ], [ -97.671005169840754, 18.566226733368847, 2125.0 ], [ -97.670998342532741, 18.566201221138364, 2125.0 ], [ -97.67099835810842, 18.566191654051934, 2125.0 ], [ -97.671001959601057, 18.566175708907881, 2125.0 ], [ -97.67100980662542, 18.566160826773434, 2125.0 ], [ -97.671016245339572, 18.56615444871581, 2125.0 ], [ -97.671024311865722, 18.566151104124621, 2125.0 ], [ -97.671053292085062, 18.566150463334743, 2125.0 ], [ -97.671059979827987, 18.566147991293221, 2125.0 ], [ -97.671067697622107, 18.566140629590965, 2125.0 ], [ -97.671071309614391, 18.566129999494933, 2125.0 ], [ -97.671071987593109, 18.566075786005154, 2125.0 ], [ -97.671074243067324, 18.566060903870707, 2125.0 ], [ -97.671076888965374, 18.566054525813087, 2125.0 ], [ -97.671080957048304, 18.566050273774671, 2125.0 ], [ -97.671087845423514, 18.566048235241034, 2125.0 ], [ -97.67109219340368, 18.566044958726653, 2125.0 ], [ -97.671097877037894, 18.566035793056436, 2125.0 ], [ -97.671099219103041, 18.566030076592206, 2125.0 ], [ -97.671099476280773, 18.566014131448153, 2125.0 ], [ -97.671103232457028, 18.566003501352117, 2125.0 ], [ -97.671099172826473, 18.56598543018886, 2125.0 ], [ -97.671102076781224, 18.565962043977585, 2125.0 ], [ -97.67110136680941, 18.56595141388155, 2125.0 ], [ -97.671086461589695, 18.565924838641461, 2125.0 ], [ -97.671087655962069, 18.565913145535824, 2125.0 ], [ -97.671091590287688, 18.565905704468602, 2125.0 ], [ -97.671083386928231, 18.565900279363714, 2125.0 ], [ -97.671073432426184, 18.565889759324548, 2125.0 ], [ -97.671078388281273, 18.565884444276531, 2125.0 ], [ -97.671075870444824, 18.565868499132478, 2125.0 ], [ -97.67108070275583, 18.56585999505565, 2125.0 ], [ -97.671073152654969, 18.565852553988428, 2125.0 ], [ -97.671065444342716, 18.565836608844375, 2125.0 ], [ -97.67105298286684, 18.565760072152926, 2125.0 ], [ -97.671053072093528, 18.565730307884028, 2125.0 ], [ -97.671055475250071, 18.565722866816802, 2125.0 ], [ -97.671061584210761, 18.56571542574958, 2125.0 ], [ -97.671072146306557, 18.565706921672753, 2125.0 ], [ -97.671084508606626, 18.565701606624735, 2125.0 ], [ -97.671072539735434, 18.56569416555751, 2125.0 ], [ -97.6710678614334, 18.565679283423062, 2125.0 ], [ -97.671057750580346, 18.56567115078867, 2125.0 ], [ -97.671055521332704, 18.56566565816015, 2125.0 ], [ -97.671045594214306, 18.565658023230991, 2125.0 ], [ -97.671041274221594, 18.565639952067734, 2125.0 ], [ -97.671041200532983, 18.565617628866061, 2125.0 ], [ -97.671031934117622, 18.565609124789233, 2125.0 ], [ -97.671024311865722, 18.565590753360272, 2125.0 ], [ -97.671015394875155, 18.565585737517068, 2125.0 ], [ -97.670996446270209, 18.565564631153734, 2125.0 ], [ -97.670991987774926, 18.565562151160506, 2125.0 ], [ -97.670981956160531, 18.565560318677448, 2125.0 ], [ -97.670975268417607, 18.565556964751586, 2125.0 ], [ -97.670969785673421, 18.565551722270644, 2125.0 ], [ -97.670964287717595, 18.565541092174609, 2125.0 ], [ -97.670964041258244, 18.565532588097781, 2125.0 ], [ -97.67095966368413, 18.565525238145668, 2125.0 ], [ -97.670952975941205, 18.565518829371211, 2125.0 ], [ -97.67095073987629, 18.565513453924918, 2125.0 ], [ -97.670951680779723, 18.565508138876904, 2125.0 ], [ -97.670957434436488, 18.565505228255368, 2125.0 ], [ -97.670958635827432, 18.565502823828886, 2125.0 ], [ -97.670958651993899, 18.565494319752059, 2125.0 ], [ -97.670947554816252, 18.565473059559988, 2125.0 ], [ -97.670940715079169, 18.565466681504436, 2125.0 ], [ -97.670925110345678, 18.565462226985932, 2125.0 ], [ -97.670915078731298, 18.565457164835365, 2125.0 ], [ -97.670905277261909, 18.565449673348713, 2125.0 ], [ -97.670898359373979, 18.565447926678029, 2125.0 ], [ -97.670895961977379, 18.565445421310297, 2125.0 ], [ -97.670894162703092, 18.56543691723347, 2125.0 ], [ -97.670897321916428, 18.565431602185452, 2125.0 ], [ -97.670898359373979, 18.565420935161043, 2125.0 ], [ -97.670908390988373, 18.565410807296519, 2125.0 ], [ -97.670919537226581, 18.565402809837074, 2125.0 ], [ -97.670928454217147, 18.565404191403697, 2125.0 ], [ -97.670940715079169, 18.565403221037005, 2125.0 ], [ -97.670942944326811, 18.565403768689102, 2125.0 ], [ -97.67094628819828, 18.565408617018708, 2125.0 ], [ -97.67095631981266, 18.565409409911648, 2125.0 ], [ -97.67096969529851, 18.565406966710754, 2125.0 ], [ -97.670985300032001, 18.565400275943261, 2125.0 ], [ -97.670989746142581, 18.565395459858934, 2125.0 ], [ -97.670985692804209, 18.565389081801314, 2125.0 ], [ -97.671001168857543, 18.565377388695676, 2125.0 ], [ -97.671008900333703, 18.565363569570831, 2125.0 ], [ -97.671014360404058, 18.565359317532415, 2125.0 ], [ -97.671018911892077, 18.565350813455588, 2125.0 ], [ -97.671017695879698, 18.565344435397968, 2125.0 ], [ -97.671018881529008, 18.565340183359556, 2125.0 ], [ -97.671026560275962, 18.565326364234711, 2125.0 ], [ -97.671037555590928, 18.565315734138675, 2125.0 ], [ -97.671037687351571, 18.56529529627479, 2125.0 ], [ -97.671041031223041, 18.565292162600066, 2125.0 ], [ -97.671062209075629, 18.565288254886148, 2125.0 ], [ -97.671073421858551, 18.565281717831365, 2125.0 ], [ -97.671082372548952, 18.565266835696914, 2125.0 ], [ -97.671082045008561, 18.565261520648896, 2125.0 ], [ -97.671089163680534, 18.565244512495241, 2125.0 ], [ -97.671089120424853, 18.565241323466431, 2125.0 ], [ -97.671076036911856, 18.565220063274364, 2125.0 ], [ -97.671078082107954, 18.56521368521674, 2125.0 ], [ -97.671077460680507, 18.565208370168726, 2125.0 ], [ -97.671085186740314, 18.565188172986257, 2125.0 ], [ -97.671084689735295, 18.565175416871018, 2125.0 ], [ -97.671081188079413, 18.565169038813394, 2125.0 ], [ -97.671066843796027, 18.565154156678947, 2125.0 ], [ -97.671045373611676, 18.565141400563707, 2125.0 ], [ -97.671039819373462, 18.565119077362034, 2125.0 ], [ -97.671030999608647, 18.565107373353733, 2125.0 ], [ -97.671020967994266, 18.565102962752682, 2125.0 ], [ -97.671015493405449, 18.565096754160361, 2125.0 ], [ -97.671010978669131, 18.56508187202591, 2125.0 ], [ -97.671005319847964, 18.565074430958688, 2125.0 ], [ -97.671002586781796, 18.565061674843445, 2125.0 ], [ -97.671003263655209, 18.565055296785825, 2125.0 ] ] } },
{ "type": "Feature", "properties": { "FID": 141, "elev": 2125.0, "elevation": 2125.0, "ELEVATION": 2125.0, "is_master": true, "tipo": "Maestra (5m)" }, "geometry": { "type": "LineString", "coordinates": [ [ -97.670512699531997, 18.56752137450755, 2125.0 ], [ -97.670521224340106, 18.567509785960233, 2125.0 ], [ -97.670512699531997, 18.567508889746048, 2125.0 ] ] } },
{ "type": "Feature", "properties": { "FID": 142, "elev": 2124.0, "elevation": 2124.0, "ELEVATION": 2124.0, "is_master": false, "tipo": "Ordinaria (1m)" }, "geometry": { "type": "LineString", "coordinates": [ [ -97.670680321806586, 18.567623527987806, 2124.0 ], [ -97.670679533549048, 18.567623527987806, 2124.0 ], [ -97.670679893105117, 18.567624087466545, 2124.0 ], [ -97.670680321806586, 18.567623527987806, 2124.0 ] ] } },
{ "type": "Feature", "properties": { "FID": 143, "elev": 2120.0, "elevation": 2120.0, "ELEVATION": 2120.0, "is_master": true, "tipo": "Maestra (5m)" }, "geometry": { "type": "LineString", "coordinates": [ [ -97.671332119520841, 18.567622464978204, 2120.0 ], [ -97.671331948040248, 18.567622287809936, 2120.0 ], [ -97.671331948040248, 18.567622513296822, 2120.0 ], [ -97.671332119520841, 18.567622464978204, 2120.0 ] ] } },
{ "type": "Feature", "properties": { "FID": 144, "elev": 2124.0, "elevation": 2124.0, "ELEVATION": 2124.0, "is_master": false, "tipo": "Ordinaria (1m)" }, "geometry": { "type": "LineString", "coordinates": [ [ -97.670662255822307, 18.56761927594939, 2124.0 ], [ -97.670662317745851, 18.56760651983415, 2124.0 ], [ -97.670658715252515, 18.5676000612455, 2124.0 ], [ -97.670650912885776, 18.567597808927399, 2124.0 ], [ -97.670639818250521, 18.567605456824545, 2124.0 ], [ -97.67063914089384, 18.567608645853358, 2124.0 ], [ -97.670640881271382, 18.567612897889802, 2124.0 ], [ -97.670645339766665, 18.567614016057533, 2124.0 ], [ -97.67065202750959, 18.567619427807905, 2124.0 ], [ -97.670662255822307, 18.56761927594939, 2124.0 ] ] } },
{ "type": "Feature", "properties": { "FID": 145, "elev": 2109.0, "elevation": 2109.0, "ELEVATION": 2109.0, "is_master": false, "tipo": "Ordinaria (1m)" }, "geometry": { "type": "LineString", "coordinates": [ [ -97.671732097991907, 18.567617371662248, 2109.0 ], [ -97.671719837129871, 18.567617212231113, 2109.0 ], [ -97.671703117772566, 18.56760839643211, 2109.0 ], [ -97.671683054543792, 18.567601236612767, 2109.0 ], [ -97.67166957060806, 18.567593763718907, 2109.0 ], [ -97.671660608190109, 18.567583133622872, 2109.0 ], [ -97.671658216165241, 18.567568251488424, 2109.0 ], [ -97.671659639946085, 18.567552306344371, 2109.0 ], [ -97.671671708244901, 18.567527857123494, 2109.0 ], [ -97.671675449062164, 18.567523605085078, 2109.0 ], [ -97.671676068703803, 18.567517227027459, 2109.0 ], [ -97.671684077049946, 18.567507659941029, 2109.0 ], [ -97.671693033290651, 18.567489588777768, 2109.0 ], [ -97.671706683634099, 18.56745025742244, 2109.0 ], [ -97.671707913026538, 18.567438564316802, 2109.0 ], [ -97.671706260873279, 18.567428997230369, 2109.0 ], [ -97.671712034763132, 18.567423169261634, 2109.0 ], [ -97.671712909132353, 18.567416241115129, 2109.0 ], [ -97.671709900918387, 18.567392854903854, 2109.0 ], [ -97.671701107016517, 18.567383287817421, 2109.0 ], [ -97.671698697403244, 18.567374783740593, 2109.0 ], [ -97.671695148702554, 18.567370531702181, 2109.0 ], [ -97.67169509033755, 18.567363090634956, 2109.0 ], [ -97.671686398415247, 18.567360964617073, 2109.0 ], [ -97.671663095810999, 18.567334389375663, 2109.0 ], [ -97.671661057114861, 18.567322696270022, 2109.0 ], [ -97.671647594392752, 18.567306751125972, 2109.0 ], [ -97.671646094264048, 18.567298247049145, 2109.0 ], [ -97.671639639945965, 18.567291868991521, 2109.0 ], [ -97.671636191881419, 18.56728123889549, 2109.0 ], [ -97.671627251730342, 18.567276986857074, 2109.0 ], [ -97.671622675872811, 18.567272734818662, 2109.0 ], [ -97.67162064607578, 18.567266356761039, 2109.0 ], [ -97.671624039791595, 18.567256789674609, 2109.0 ], [ -97.671619559755527, 18.567248285597781, 2109.0 ], [ -97.67161506249073, 18.567244195541782, 2109.0 ], [ -97.67160214822853, 18.567239781520954, 2109.0 ], [ -97.671602801628694, 18.567236870729555, 2109.0 ], [ -97.671608374747805, 18.567235720279136, 2109.0 ], [ -97.671609650522058, 18.567233403463334, 2109.0 ], [ -97.671594084368408, 18.567216395309678, 2109.0 ], [ -97.671584967647561, 18.567210341042337, 2109.0 ], [ -97.671583730151823, 18.567191946088798, 2109.0 ], [ -97.671580426148381, 18.56718663104078, 2109.0 ], [ -97.671583481482472, 18.56718025298316, 2109.0 ], [ -97.671581623776106, 18.567176412432332, 2109.0 ], [ -97.671577029832861, 18.567172811915935, 2109.0 ], [ -97.671580509152278, 18.56716329544901, 2109.0 ], [ -97.671593884638128, 18.567162048063725, 2109.0 ], [ -97.671597228509597, 18.567163403150083, 2109.0 ], [ -97.671601527772907, 18.567168559877519, 2109.0 ], [ -97.671604931356356, 18.567177063954347, 2109.0 ], [ -97.671597149520508, 18.567185568031178, 2109.0 ], [ -97.671597038947723, 18.567190883079192, 2109.0 ], [ -97.67160168700488, 18.567194937348379, 2109.0 ], [ -97.671605030876336, 18.56719589441018, 2109.0 ], [ -97.671613947866902, 18.567192946568422, 2109.0 ], [ -97.671619556370885, 18.567187694050382, 2109.0 ], [ -97.671622864857468, 18.567180059708686, 2109.0 ], [ -97.671631781848035, 18.567185019742013, 2109.0 ], [ -97.671637354967146, 18.567183268064944, 2109.0 ], [ -97.671655188948279, 18.567196346454132, 2109.0 ], [ -97.671670793681756, 18.56721870036208, 2109.0 ], [ -97.671688627662888, 18.567228027918834, 2109.0 ], [ -97.671692773421995, 18.567237655501746, 2109.0 ], [ -97.671693420545324, 18.567245096568971, 2109.0 ], [ -97.671699773901096, 18.567247134192922, 2109.0 ], [ -97.67170423239638, 18.567252155617119, 2109.0 ], [ -97.671707243836181, 18.567266356761039, 2109.0 ], [ -97.671718794417274, 18.567279112876282, 2109.0 ], [ -97.671723277925153, 18.567288679962711, 2109.0 ], [ -97.671738785734831, 18.567297084382389, 2109.0 ], [ -97.671751835174248, 18.567313129183592, 2109.0 ], [ -97.671750529411398, 18.567330137337247, 2109.0 ], [ -97.671752551339011, 18.567337578404473, 2109.0 ], [ -97.671757734339778, 18.56734080900349, 2109.0 ], [ -97.671768880577986, 18.567343893256115, 2109.0 ], [ -97.671773314665444, 18.56734927151011, 2109.0 ], [ -97.671772411638187, 18.567360964615748, 2109.0 ], [ -97.671760884700163, 18.567379035779009, 2109.0 ], [ -97.671752366089237, 18.567431123249577, 2109.0 ], [ -97.671745272342633, 18.567452383441648, 2109.0 ], [ -97.671745357169186, 18.567457698489665, 2109.0 ], [ -97.671751046596853, 18.567465215486145, 2109.0 ], [ -97.671774453697097, 18.567476749570133, 2109.0 ], [ -97.671789070130799, 18.567489588777768, 2109.0 ], [ -97.671795810476141, 18.567503407902613, 2109.0 ], [ -97.671797043615257, 18.567524668094684, 2109.0 ], [ -97.671791216670115, 18.567542739257942, 2109.0 ], [ -97.671772743326059, 18.56756931449803, 2109.0 ], [ -97.671763119600939, 18.567595889738115, 2109.0 ], [ -97.671748817349211, 18.567610643022913, 2109.0 ], [ -97.671737671111003, 18.567613923011923, 2109.0 ], [ -97.671732097991907, 18.567617371662248, 2109.0 ] ] } },
{ "type": "Feature", "properties": { "FID": 146, "elev": 2122.0, "elevation": 2122.0, "ELEVATION": 2122.0, "is_master": false, "tipo": "Ordinaria (1m)" }, "geometry": { "type": "LineString", "coordinates": [ [ -97.671038801975399, 18.567591098708917, 2122.0 ], [ -97.671036572727758, 18.567591595179316, 2122.0 ], [ -97.671035576680936, 18.567589511680495, 2122.0 ], [ -97.671037687351571, 18.567588641945363, 2122.0 ], [ -97.671038801975399, 18.567591098708917, 2122.0 ] ] } },
{ "type": "Feature", "properties": { "FID": 147, "elev": 2108.0, "elevation": 2108.0, "ELEVATION": 2108.0, "is_master": false, "tipo": "Ordinaria (1m)" }, "geometry": { "type": "LineString", "coordinates": [ [ -97.671695315405813, 18.567585484641953, 2108.0 ], [ -97.671678596048508, 18.567585543111306, 2108.0 ], [ -97.671670793681756, 18.567583240829808, 2108.0 ], [ -97.671667381729577, 18.567579944594062, 2108.0 ], [ -97.671665833437388, 18.56757250352684, 2108.0 ], [ -97.671667265245972, 18.567562936440407, 2108.0 ], [ -97.671672926649606, 18.567554432363579, 2108.0 ], [ -97.671691027454074, 18.567540613238734, 2108.0 ], [ -97.67170423931951, 18.567524668094684, 2108.0 ], [ -97.671705407976191, 18.567514037998649, 2108.0 ], [ -97.671699990633513, 18.567504470912215, 2108.0 ], [ -97.671709805515491, 18.567499026228884, 2108.0 ], [ -97.671719730975227, 18.56749065178737, 2108.0 ], [ -97.67173321261572, 18.567485252181772, 2108.0 ], [ -97.671757734339778, 18.567480872604012, 2108.0 ], [ -97.671767818934455, 18.567482147710543, 2108.0 ], [ -97.671773325644068, 18.567489588777768, 2108.0 ], [ -97.67177693964598, 18.567503407902613, 2108.0 ], [ -97.671776945742224, 18.567510848969839, 2108.0 ], [ -97.671772298757702, 18.567521479065871, 2108.0 ], [ -97.671761078211247, 18.56753230243638, 2108.0 ], [ -97.671737430701953, 18.567543802267544, 2108.0 ], [ -97.671733413248006, 18.567549117315561, 2108.0 ], [ -97.671725447403105, 18.567568251488424, 2108.0 ], [ -97.671718722508032, 18.56757569255565, 2108.0 ], [ -97.671707576267849, 18.567582288666522, 2108.0 ], [ -97.671695315405813, 18.567585484641953, 2108.0 ] ] } },
{ "type": "Feature", "properties": { "FID": 148, "elev": 2123.0, "elevation": 2123.0, "ELEVATION": 2123.0, "is_master": false, "tipo": "Ordinaria (1m)" }, "geometry": { "type": "LineString", "coordinates": [ [ -97.670936256583886, 18.567563495919146, 2123.0 ], [ -97.670934815259983, 18.567561873430805, 2123.0 ], [ -97.670935348371884, 18.567558684401995, 2123.0 ], [ -97.670938485831527, 18.567555048909149, 2123.0 ], [ -97.670940181998219, 18.567556558382787, 2123.0 ], [ -97.67093946932313, 18.567559747411597, 2123.0 ], [ -97.670936256583886, 18.567563495919146, 2123.0 ] ] } },
{ "type": "Feature", "properties": { "FID": 149, "elev": 2122.0, "elevation": 2122.0, "ELEVATION": 2122.0, "is_master": false, "tipo": "Ordinaria (1m)" }, "geometry": { "type": "LineString", "coordinates": [ [ -97.671126857257235, 18.567542739274487, 2122.0 ], [ -97.671126857257235, 18.56754273923956, 2122.0 ], [ -97.671126857343978, 18.567542739257942, 2122.0 ], [ -97.671126857257235, 18.567542739274487, 2122.0 ] ] } },
{ "type": "Feature", "properties": { "FID": 150, "elev": 2114.0, "elevation": 2114.0, "ELEVATION": 2114.0, "is_master": false, "tipo": "Ordinaria (1m)" }, "geometry": { "type": "LineString", "coordinates": [ [ -97.671867666846026, 18.567509785960233, 2114.0 ], [ -97.671868800737073, 18.567508722950631, 2114.0 ], [ -97.671865852850388, 18.567507593937162, 2114.0 ], [ -97.671866281551857, 18.567509785960233, 2114.0 ], [ -97.671867666846026, 18.567509785960233, 2114.0 ] ] } },
{ "type": "Feature", "properties": { "FID": 151, "elev": 2126.0, "elevation": 2126.0, "ELEVATION": 2126.0, "is_master": false, "tipo": "Ordinaria (1m)" }, "geometry": { "type": "LineString", "coordinates": [ [ -97.670512699531997, 18.567318589187465, 2126.0 ], [ -97.670519387274922, 18.56731510707851, 2126.0 ], [ -97.67053053351313, 18.567315264736518, 2126.0 ], [ -97.670537083008142, 18.567306751125972, 2126.0 ], [ -97.670546138246621, 18.56729965022182, 2126.0 ], [ -97.670552825989546, 18.567299186040959, 2126.0 ], [ -97.670557284484829, 18.567296215171009, 2126.0 ], [ -97.670561852615251, 18.567288679962711, 2126.0 ], [ -97.670567316099223, 18.567285292505442, 2126.0 ], [ -97.67061858879498, 18.567283626578597, 2126.0 ], [ -97.670627505785532, 18.567281200930861, 2126.0 ], [ -97.670633342079711, 18.567272734818662, 2126.0 ], [ -97.670632470928012, 18.567266356761039, 2126.0 ], [ -97.670644225142851, 18.567259866807671, 2126.0 ], [ -97.670664288371626, 18.567251736290494, 2126.0 ], [ -97.670676549233647, 18.567244853595348, 2126.0 ], [ -97.67069438321478, 18.567242143764517, 2126.0 ], [ -97.670708873324457, 18.567237840372982, 2126.0 ], [ -97.670730051177046, 18.567227025398818, 2126.0 ], [ -97.670762375267856, 18.567204865743978, 2126.0 ], [ -97.670782597728603, 18.567201513175227, 2126.0 ], [ -97.670787135839873, 18.567197261136815, 2126.0 ], [ -97.670788132524081, 18.567194072108006, 2126.0 ], [ -97.670783702643149, 18.567190883079192, 2126.0 ], [ -97.670786043963474, 18.567185568031178, 2126.0 ], [ -97.670785590191571, 18.56718025298316, 2126.0 ], [ -97.67079247011101, 18.567172738604928, 2126.0 ], [ -97.670833711192373, 18.567152573848485, 2126.0 ], [ -97.670849315925864, 18.567143220026974, 2126.0 ], [ -97.670905938815963, 18.56709840124369, 2126.0 ], [ -97.670960778307943, 18.567067591982305, 2126.0 ], [ -97.670985300032001, 18.567046514883046, 2126.0 ], [ -97.671019853360804, 18.566998478340967, 2126.0 ], [ -97.671020967991112, 18.566993163292949, 2126.0 ], [ -97.671030999608647, 18.56699211293822, 2126.0 ], [ -97.671035625297506, 18.566985722225724, 2126.0 ], [ -97.671038021738724, 18.566977218148896, 2126.0 ], [ -97.671037575889187, 18.566962336014448, 2126.0 ], [ -97.67104000233951, 18.566958083976033, 2126.0 ], [ -97.671050983221434, 18.566948516889603, 2126.0 ], [ -97.67108115768059, 18.56692827138852, 2126.0 ], [ -97.671087927988239, 18.566920878639912, 2126.0 ], [ -97.671094791629926, 18.566907059515067, 2126.0 ], [ -97.671100292056181, 18.566887925342204, 2126.0 ], [ -97.671103777386008, 18.566861350102119, 2126.0 ], [ -97.671104902545622, 18.566814577679565, 2126.0 ], [ -97.671102653997124, 18.566765679237808, 2126.0 ], [ -97.671096434953967, 18.566717843805652, 2126.0 ], [ -97.671095312825585, 18.566695520603979, 2126.0 ], [ -97.671097678184822, 18.566680638469528, 2126.0 ], [ -97.671104802154417, 18.56665937827746, 2126.0 ], [ -97.671105056659343, 18.566650874200633, 2126.0 ], [ -97.671103697129041, 18.56663811808539, 2126.0 ], [ -97.671094253668613, 18.566609416826097, 2126.0 ], [ -97.671090883319806, 18.566576463528389, 2126.0 ], [ -97.671089263146797, 18.566511619942577, 2126.0 ], [ -97.671090912369806, 18.566478666644869, 2126.0 ], [ -97.671093650943931, 18.566462721500816, 2126.0 ], [ -97.671093680672953, 18.566443587327957, 2126.0 ], [ -97.671086674667549, 18.566422327135886, 2126.0 ], [ -97.671076699185306, 18.566407306682116, 2126.0 ], [ -97.671061094451815, 18.566393480648518, 2126.0 ], [ -97.671033228856288, 18.56638084296279, 2126.0 ], [ -97.671024311865722, 18.566372478291473, 2126.0 ], [ -97.671021058064881, 18.566367050636504, 2126.0 ], [ -97.671018466472106, 18.566359609569282, 2126.0 ], [ -97.671018518925223, 18.566347916463641, 2126.0 ], [ -97.671022194080464, 18.566338349377212, 2126.0 ], [ -97.671033341390427, 18.566319215204349, 2126.0 ], [ -97.671034659934833, 18.566311774137127, 2126.0 ], [ -97.671033487090654, 18.566299018021883, 2126.0 ], [ -97.671025323283644, 18.56628307287783, 2126.0 ], [ -97.670985624286203, 18.566225670359245, 2126.0 ], [ -97.670978384736117, 18.566207599195984, 2126.0 ], [ -97.670976895021752, 18.566194843080744, 2126.0 ], [ -97.670978440808483, 18.566176771917483, 2126.0 ], [ -97.670983027730216, 18.566164015802244, 2126.0 ], [ -97.670991894021526, 18.566150196677398, 2126.0 ], [ -97.671004180394675, 18.566139566581363, 2126.0 ], [ -97.671013165627514, 18.566136100004353, 2126.0 ], [ -97.671023197241908, 18.566136112381667, 2126.0 ], [ -97.671039916599213, 18.566142739665029, 2126.0 ], [ -97.671048833589779, 18.566144080302941, 2126.0 ], [ -97.671058865204174, 18.566140514463573, 2126.0 ], [ -97.67106447556607, 18.566134251533345, 2126.0 ], [ -97.671068081337168, 18.566116180370088, 2126.0 ], [ -97.671069759559671, 18.566061966880309, 2126.0 ], [ -97.671081290439744, 18.566035391640224, 2126.0 ], [ -97.671088783068896, 18.565984367179258, 2126.0 ], [ -97.671096995549135, 18.565963106987187, 2126.0 ], [ -97.671094611224532, 18.565950350871944, 2126.0 ], [ -97.671082193625082, 18.565937594756704, 2126.0 ], [ -97.671077699747883, 18.565929090679877, 2126.0 ], [ -97.671073232733733, 18.565913145535824, 2126.0 ], [ -97.671073402245369, 18.565900389420584, 2126.0 ], [ -97.671068199027204, 18.565889759324548, 2126.0 ], [ -97.671069872114401, 18.565885507286133, 2126.0 ], [ -97.671067869179893, 18.565882318257323, 2126.0 ], [ -97.67106778219474, 18.565874576774341, 2126.0 ], [ -97.671063318490937, 18.565869562142083, 2126.0 ], [ -97.671056470723343, 18.565852553988428, 2126.0 ], [ -97.671050828375655, 18.565828104767547, 2126.0 ], [ -97.671047977952085, 18.565797277489047, 2126.0 ], [ -97.671044051853599, 18.565776017296976, 2126.0 ], [ -97.671044728657975, 18.565742000989665, 2126.0 ], [ -97.671042709809271, 18.56572499283601, 2126.0 ], [ -97.671043260470682, 18.565719421959955, 2126.0 ], [ -97.671053083436277, 18.565706921672753, 2126.0 ], [ -97.671060320407491, 18.565689913519094, 2126.0 ], [ -97.671055624833485, 18.565683535461474, 2126.0 ], [ -97.671043260470682, 18.565682516137198, 2126.0 ], [ -97.671040920452967, 18.565680346432664, 2126.0 ], [ -97.671033059176025, 18.565661212259801, 2126.0 ], [ -97.671020089864541, 18.565606998770026, 2126.0 ], [ -97.671016509498983, 18.565601155784353, 2126.0 ], [ -97.671009821756058, 18.565598506865062, 2126.0 ], [ -97.671006477884589, 18.565594301327391, 2126.0 ], [ -97.671001088242662, 18.565578297510733, 2126.0 ], [ -97.670993102398739, 18.565570969831199, 2126.0 ], [ -97.670980841536718, 18.56556775396454, 2126.0 ], [ -97.670975268417607, 18.565561802574809, 2126.0 ], [ -97.670966233059914, 18.56555916333787, 2126.0 ], [ -97.670957237407023, 18.565546407222627, 2126.0 ], [ -97.670952441532521, 18.565535777126591, 2126.0 ], [ -97.670947025475485, 18.565530462078577, 2126.0 ], [ -97.670944434881761, 18.565519831982542, 2126.0 ], [ -97.670943073766992, 18.565500697809679, 2126.0 ], [ -97.670934027336244, 18.565493531421939, 2126.0 ], [ -97.670925938980488, 18.565490067713643, 2126.0 ], [ -97.670917307978939, 18.565482669814322, 2126.0 ], [ -97.670908294184812, 18.56547093354078, 2126.0 ], [ -97.670899514324276, 18.565454988396731, 2126.0 ], [ -97.670891662569076, 18.565447547329505, 2126.0 ], [ -97.670886194051135, 18.565417783060607, 2126.0 ], [ -97.670888336046758, 18.565410341993385, 2126.0 ], [ -97.670897244750165, 18.565401818231191, 2126.0 ], [ -97.670902817869262, 18.565399837780063, 2126.0 ], [ -97.67091396410747, 18.56539993719192, 2126.0 ], [ -97.67092733959332, 18.565397642701342, 2126.0 ], [ -97.670938485831527, 18.565383642936837, 2126.0 ], [ -97.670947402822094, 18.565377162269865, 2126.0 ], [ -97.670960778307943, 18.565378199465712, 2126.0 ], [ -97.670968580674696, 18.565375940537667, 2126.0 ], [ -97.670993193855054, 18.565378451705278, 2126.0 ], [ -97.670994348562019, 18.565376325686071, 2126.0 ], [ -97.670988928844892, 18.565367821609243, 2126.0 ], [ -97.670995162763987, 18.565356128503606, 2126.0 ], [ -97.67099093871721, 18.565351876465193, 2126.0 ], [ -97.670991049144334, 18.565349750445986, 2126.0 ], [ -97.671004248636947, 18.565340333524478, 2126.0 ], [ -97.671018787594676, 18.565325301225105, 2126.0 ], [ -97.671021985271025, 18.56531467112907, 2126.0 ], [ -97.671026573061184, 18.56530829307145, 2126.0 ], [ -97.671024096132086, 18.565300852004228, 2126.0 ], [ -97.671025629148417, 18.565293410937002, 2126.0 ], [ -97.671024454648119, 18.565289158898587, 2126.0 ], [ -97.671026400133286, 18.565284906860175, 2126.0 ], [ -97.671028770361005, 18.565282909223768, 2126.0 ], [ -97.671037687351571, 18.565281737464787, 2126.0 ], [ -97.671042145846855, 18.565276313266747, 2126.0 ], [ -97.671055521332704, 18.565271217695752, 2126.0 ], [ -97.671073470289357, 18.565258331620086, 2126.0 ], [ -97.671076762548935, 18.565254079581674, 2126.0 ], [ -97.671079074695797, 18.565243449485639, 2126.0 ], [ -97.671078841143128, 18.565231756380001, 2126.0 ], [ -97.671073310824227, 18.565219000264758, 2126.0 ], [ -97.671072703542279, 18.56520411813031, 2126.0 ], [ -97.671075232945128, 18.565194551043881, 2126.0 ], [ -97.671072206618547, 18.565189235995863, 2126.0 ], [ -97.671071186549668, 18.56518285793824, 2126.0 ], [ -97.671067651062515, 18.565174353861412, 2126.0 ], [ -97.671062209075629, 18.565166976734616, 2126.0 ], [ -97.671049948213607, 18.565156472665649, 2126.0 ], [ -97.671039916599213, 18.565152135218064, 2126.0 ], [ -97.671029884984833, 18.56515007851571, 2126.0 ], [ -97.671027037542459, 18.565143526582911, 2126.0 ], [ -97.671026359545692, 18.565135022506084, 2126.0 ], [ -97.671011888454387, 18.565122266390844, 2126.0 ], [ -97.671001932460243, 18.565093565131551, 2126.0 ], [ -97.670998422379839, 18.565071241929878, 2126.0 ], [ -97.670999202549964, 18.565061674843445, 2126.0 ], [ -97.670995491919086, 18.565055296785825, 2126.0 ] ] } },
{ "type": "Feature", "properties": { "FID": 152, "elev": 2108.0, "elevation": 2108.0, "ELEVATION": 2108.0, "is_master": false, "tipo": "Ordinaria (1m)" }, "geometry": { "type": "LineString", "coordinates": [ [ -97.671727639496623, 18.567396109075315, 2108.0 ], [ -97.671724295625154, 18.567396474587834, 2108.0 ], [ -97.671720319578995, 18.567393917913456, 2108.0 ], [ -97.671719530608328, 18.567391791894249, 2108.0 ], [ -97.671722066377512, 18.567387868265307, 2108.0 ], [ -97.671725410248982, 18.567386802607238, 2108.0 ], [ -97.671728945807345, 18.567388602865439, 2108.0 ], [ -97.671727639496623, 18.567396109075315, 2108.0 ] ] } },
{ "type": "Feature", "properties": { "FID": 153, "elev": 2127.0, "elevation": 2127.0, "ELEVATION": 2127.0, "is_master": false, "tipo": "Ordinaria (1m)" }, "geometry": { "type": "LineString", "coordinates": [ [ -97.670512699531997, 18.567201052156726, 2127.0 ], [ -97.670521391401493, 18.56719619812721, 2127.0 ], [ -97.670524269045075, 18.567187694050382, 2127.0 ], [ -97.670532762760772, 18.567180469188504, 2127.0 ], [ -97.670541679751338, 18.567183617390658, 2127.0 ], [ -97.670548367494263, 18.567183538649207, 2127.0 ], [ -97.670559304740507, 18.567179189973555, 2127.0 ], [ -97.670566201475395, 18.567172928410137, 2127.0 ], [ -97.670574003842148, 18.567172708487973, 2127.0 ], [ -97.670577347713603, 18.567167293821139, 2127.0 ], [ -97.670581806208887, 18.567166104475056, 2127.0 ], [ -97.670588493951811, 18.567166153176004, 2127.0 ], [ -97.670600754813847, 18.56716988690258, 2127.0 ], [ -97.67060521330913, 18.567167352508587, 2127.0 ], [ -97.670609671804414, 18.567167273076421, 2127.0 ], [ -97.67061266102283, 18.567168559877519, 2127.0 ], [ -97.670614130299697, 18.567173248022439, 2127.0 ], [ -97.670616359547338, 18.567174018575486, 2127.0 ], [ -97.670622790069373, 18.567169622887125, 2127.0 ], [ -97.670641768842202, 18.56714942570466, 2127.0 ], [ -97.670656486004873, 18.567138753647718, 2127.0 ], [ -97.670675434609834, 18.567132200610267, 2127.0 ], [ -97.670691039343325, 18.567133786578523, 2127.0 ], [ -97.670704414829174, 18.567129398603729, 2127.0 ], [ -97.670712217186278, 18.567122850464571, 2127.0 ], [ -97.670725592681762, 18.567106405080708, 2127.0 ], [ -97.670754572901103, 18.567085645120176, 2127.0 ], [ -97.670780209248989, 18.567061384887054, 2127.0 ], [ -97.670791438051921, 18.56704843979233, 2127.0 ], [ -97.670798077006594, 18.567035683677087, 2127.0 ], [ -97.670801387097441, 18.567032494648277, 2127.0 ], [ -97.670806960220673, 18.567031405391521, 2127.0 ], [ -97.670816991835068, 18.567020698670742, 2127.0 ], [ -97.670840398935297, 18.56700597686817, 2127.0 ], [ -97.670859347540258, 18.566988855306661, 2127.0 ], [ -97.670872723026108, 18.56697945489827, 2127.0 ], [ -97.670875769664548, 18.566976155139294, 2127.0 ], [ -97.670877181521391, 18.566968746284481, 2127.0 ], [ -97.670886098511957, 18.566966977385597, 2127.0 ], [ -97.670891671631054, 18.566968631393543, 2127.0 ], [ -97.670896130126337, 18.56696577353901, 2127.0 ], [ -97.670901992537125, 18.566952768928015, 2127.0 ], [ -97.670902594944494, 18.566944264851188, 2127.0 ], [ -97.670907156940572, 18.56692938271674, 2127.0 ], [ -97.670931957320576, 18.566887925342204, 2127.0 ], [ -97.6709428131946, 18.566862413111721, 2127.0 ], [ -97.670950746686884, 18.566851783015686, 2127.0 ], [ -97.670968580674696, 18.566838176492762, 2127.0 ], [ -97.670969507115274, 18.566832648842826, 2127.0 ], [ -97.670973039169965, 18.566827612202083, 2127.0 ], [ -97.670985300032001, 18.566826317682686, 2127.0 ], [ -97.670993450718683, 18.566827333794809, 2127.0 ], [ -97.670995525494007, 18.566824144765995, 2127.0 ], [ -97.670987769937057, 18.566812451660358, 2127.0 ], [ -97.670989758527284, 18.566811016969076, 2127.0 ], [ -97.670999790141664, 18.566810437145655, 2127.0 ], [ -97.671004248636947, 18.566803012135079, 2127.0 ], [ -97.671009821756058, 18.566802384334114, 2127.0 ], [ -97.671014280251342, 18.566799598907881, 2127.0 ], [ -97.671016286574215, 18.56680075855472, 2127.0 ], [ -97.671014505911373, 18.566816703698773, 2127.0 ], [ -97.671019853370439, 18.56682445741588, 2127.0 ], [ -97.671030999608647, 18.566818552411128, 2127.0 ], [ -97.671037740428901, 18.566809262631548, 2127.0 ], [ -97.671039054939669, 18.566801821564322, 2127.0 ], [ -97.671034343480116, 18.566795607046643, 2127.0 ], [ -97.671019853370439, 18.566796293914386, 2127.0 ], [ -97.671018420282678, 18.5667943804971, 2127.0 ], [ -97.671019681889859, 18.566772057295427, 2127.0 ], [ -97.671042300655728, 18.566718906815254, 2127.0 ], [ -97.671049948211262, 18.566687016527151, 2127.0 ], [ -97.671059119975325, 18.566673197402306, 2127.0 ], [ -97.671074620562507, 18.56665937827746, 2127.0 ], [ -97.671078078670234, 18.566646622162217, 2127.0 ], [ -97.671070786371317, 18.566612605854907, 2127.0 ], [ -97.671072379375929, 18.566541384211472, 2127.0 ], [ -97.671077294347441, 18.566508430913768, 2127.0 ], [ -97.671074925920138, 18.566483981692887, 2127.0 ], [ -97.671079249901268, 18.566455280433594, 2127.0 ], [ -97.671075709858769, 18.566427642183903, 2127.0 ], [ -97.671067873807658, 18.56641169703985, 2127.0 ], [ -97.671055542275539, 18.566397877915005, 2127.0 ], [ -97.671048833589779, 18.56639447836351, 2127.0 ], [ -97.671016509498983, 18.566385116967904, 2127.0 ], [ -97.671005448454949, 18.56637449170373, 2127.0 ], [ -97.671001718669686, 18.566362798598092, 2127.0 ], [ -97.671003168845132, 18.566345790444437, 2127.0 ], [ -97.67100995894053, 18.566335160348402, 2127.0 ], [ -97.671021994092001, 18.566326656271574, 2127.0 ], [ -97.671025324811296, 18.566322404233158, 2127.0 ], [ -97.671026775128922, 18.566318152194746, 2127.0 ], [ -97.671026712124146, 18.566304333069901, 2127.0 ], [ -97.671023356182786, 18.566295828993074, 2127.0 ], [ -97.671017702832003, 18.566288387925848, 2127.0 ], [ -97.670965103996991, 18.566228859388055, 2127.0 ], [ -97.670956086033883, 18.56620866220559, 2127.0 ], [ -97.670954210601437, 18.566190591042329, 2127.0 ], [ -97.670956018906608, 18.566172519879071, 2127.0 ], [ -97.670963016196083, 18.566153385706208, 2127.0 ], [ -97.670973002624933, 18.566139566581363, 2127.0 ], [ -97.670985300032001, 18.566129939486324, 2127.0 ], [ -97.671003134013134, 18.566123437645931, 2127.0 ], [ -97.671018738746625, 18.566123459059291, 2127.0 ], [ -97.671034343480116, 18.566128779082284, 2127.0 ], [ -97.671041985723662, 18.566136377552553, 2127.0 ], [ -97.671046604342138, 18.566137345708992, 2127.0 ], [ -97.671051062837421, 18.566136358856404, 2127.0 ], [ -97.671059022193447, 18.566128936485327, 2127.0 ], [ -97.671062494583779, 18.566115117360482, 2127.0 ], [ -97.671064187363342, 18.566063029889914, 2127.0 ], [ -97.671072329260369, 18.566040706688241, 2127.0 ], [ -97.671077592560479, 18.565990745236878, 2127.0 ], [ -97.671080939558507, 18.565980115140842, 2127.0 ], [ -97.671092355686511, 18.565965233006395, 2127.0 ], [ -97.671092347530859, 18.565955665919962, 2127.0 ], [ -97.671088960047328, 18.565950860653118, 2127.0 ], [ -97.671074488514719, 18.565939720775912, 2127.0 ], [ -97.671066857872546, 18.565921649612651, 2127.0 ], [ -97.671055397485617, 18.565906767478204, 2127.0 ], [ -97.671052262836682, 18.565884444276531, 2127.0 ], [ -97.671048587224433, 18.565875940199703, 2127.0 ], [ -97.67104411939728, 18.56585361699803, 2127.0 ], [ -97.671039044092353, 18.565796214479441, 2127.0 ], [ -97.671035247134128, 18.565779206325786, 2127.0 ], [ -97.671035270493988, 18.565769639239356, 2127.0 ], [ -97.671039886152244, 18.565759009143321, 2127.0 ], [ -97.671037990887527, 18.565742000989665, 2127.0 ], [ -97.671036679260993, 18.565735622932046, 2127.0 ], [ -97.671032114232474, 18.565727954077047, 2127.0 ], [ -97.671018738746625, 18.565714214067302, 2127.0 ], [ -97.671011969196442, 18.565712236720767, 2127.0 ], [ -97.671010936379872, 18.565697911400875, 2127.0 ], [ -97.671015573214973, 18.56569735458632, 2127.0 ], [ -97.671019853370439, 18.565702696660004, 2127.0 ], [ -97.671022486865454, 18.565700543615129, 2127.0 ], [ -97.671021246650213, 18.565680346432664, 2127.0 ], [ -97.671013379066125, 18.565652708182974, 2127.0 ], [ -97.670997369451001, 18.565635700029318, 2127.0 ], [ -97.670991908594004, 18.565622943914079, 2127.0 ], [ -97.67099129511584, 18.565615502846853, 2127.0 ], [ -97.670999260695353, 18.565604872750818, 2127.0 ], [ -97.670995441118365, 18.565598494693198, 2127.0 ], [ -97.670997812817134, 18.565587864597163, 2127.0 ], [ -97.670996311213599, 18.565580423529937, 2127.0 ], [ -97.670993102398739, 18.565578738363907, 2127.0 ], [ -97.670985300032001, 18.565581665395126, 2127.0 ], [ -97.67097972691289, 18.565581740133336, 2127.0 ], [ -97.67095631981266, 18.565574063906009, 2127.0 ], [ -97.670949656566961, 18.565567667414697, 2127.0 ], [ -97.670948620752512, 18.565564478385888, 2127.0 ], [ -97.670951719168997, 18.565553848289852, 2127.0 ], [ -97.670949984877836, 18.565550659261042, 2127.0 ], [ -97.670942944326811, 18.565550835380975, 2127.0 ], [ -97.670935141960072, 18.565547668132954, 2127.0 ], [ -97.67092733959332, 18.565541733106873, 2127.0 ], [ -97.670920529094474, 18.565533651107387, 2127.0 ], [ -97.670910429631192, 18.565514516934524, 2127.0 ], [ -97.670900400234501, 18.565481563636816, 2127.0 ], [ -97.670897628577293, 18.56546136645435, 2127.0 ], [ -97.670888422621204, 18.565449673348713, 2127.0 ], [ -97.670887213135771, 18.565437525079069, 2127.0 ], [ -97.670878079279916, 18.565419909079814, 2127.0 ], [ -97.670876889932032, 18.565410341993385, 2127.0 ], [ -97.670886098511957, 18.565401882803716, 2127.0 ], [ -97.670888512101229, 18.565395459858934, 2127.0 ], [ -97.670892786254882, 18.565391861053179, 2127.0 ], [ -97.670906161740731, 18.565395728191454, 2127.0 ], [ -97.670917307978939, 18.565395584587542, 2127.0 ], [ -97.670923034587219, 18.565393333839729, 2127.0 ], [ -97.670934027336244, 18.565374252161167, 2127.0 ], [ -97.670941829702997, 18.56536852411994, 2127.0 ], [ -97.670944058950639, 18.565363476866505, 2127.0 ], [ -97.67094983803284, 18.565359317532415, 2127.0 ], [ -97.67095631981266, 18.565349957142299, 2127.0 ], [ -97.670969672077177, 18.565340183359556, 2127.0 ], [ -97.670977461120216, 18.565326364234711, 2127.0 ], [ -97.67100519650603, 18.565304041033038, 2127.0 ], [ -97.671008812038011, 18.565297662975414, 2127.0 ], [ -97.671009488270229, 18.565292347927397, 2127.0 ], [ -97.671006300470424, 18.565284906860175, 2127.0 ], [ -97.67100752576448, 18.565281717831365, 2127.0 ], [ -97.671019853370439, 18.565276621482329, 2127.0 ], [ -97.671027655737191, 18.565270971006601, 2127.0 ], [ -97.671036572727758, 18.565268986801893, 2127.0 ], [ -97.671040871991067, 18.565263646668104, 2127.0 ], [ -97.671044375094496, 18.565262668111767, 2127.0 ], [ -97.671052177461249, 18.565256107906343, 2127.0 ], [ -97.671058865204174, 18.565253890983197, 2127.0 ], [ -97.671062189171636, 18.565248764533656, 2127.0 ], [ -97.671065792987804, 18.565233882399209, 2127.0 ], [ -97.671063170933749, 18.565226441331983, 2127.0 ], [ -97.671064570975574, 18.565208370168726, 2127.0 ], [ -97.671061276496388, 18.565200929101501, 2127.0 ], [ -97.671065024296936, 18.565183920947845, 2127.0 ], [ -97.671059979827987, 18.565172557375185, 2127.0 ], [ -97.671051062837421, 18.565170676422785, 2127.0 ], [ -97.671037687351571, 18.565163039918435, 2127.0 ], [ -97.671030999608647, 18.565163610161299, 2127.0 ], [ -97.671026541113363, 18.565160755159965, 2127.0 ], [ -97.67101843008156, 18.565139274544499, 2127.0 ], [ -97.671004331744868, 18.565125455419654, 2127.0 ], [ -97.670987723690772, 18.565086124064326, 2127.0 ], [ -97.670981947073926, 18.565079746006706, 2127.0 ], [ -97.670985581723428, 18.565068052901065, 2127.0 ], [ -97.670980055027272, 18.565059548824237, 2127.0 ], [ -97.670982775519775, 18.565055296785825, 2127.0 ] ] } },
{ "type": "Feature", "properties": { "FID": 154, "elev": 2125.0, "elevation": 2125.0, "ELEVATION": 2125.0, "is_master": true, "tipo": "Maestra (5m)" }, "geometry": { "type": "LineString", "coordinates": [ [ -97.670994275686979, 18.567269545789852, 2125.0 ], [ -97.671002884586827, 18.567265293751436, 2125.0 ], [ -97.671003559081541, 18.567262104722627, 2125.0 ], [ -97.671000904765492, 18.567256789677078, 2125.0 ], [ -97.670997560894023, 18.567256150328252, 2125.0 ], [ -97.670995353791227, 18.567257852684211, 2125.0 ], [ -97.670989973324581, 18.567265293751436, 2125.0 ], [ -97.670990873151098, 18.567269545788957, 2125.0 ], [ -97.670994275686979, 18.567269545789852, 2125.0 ] ] } },
{ "type": "Feature", "properties": { "FID": 155, "elev": 2125.0, "elevation": 2125.0, "ELEVATION": 2125.0, "is_master": true, "tipo": "Maestra (5m)" }, "geometry": { "type": "LineString", "coordinates": [ [ -97.671010193297334, 18.567252537636193, 2125.0 ], [ -97.671009543100098, 18.567252537636193, 2125.0 ], [ -97.671009821756058, 18.56725360059065, 2125.0 ], [ -97.671010193297334, 18.567252537636193, 2125.0 ] ] } },
{ "type": "Feature", "properties": { "FID": 156, "elev": 2125.0, "elevation": 2125.0, "ELEVATION": 2125.0, "is_master": true, "tipo": "Maestra (5m)" }, "geometry": { "type": "LineString", "coordinates": [ [ -97.671011247012743, 18.567249348607383, 2125.0 ], [ -97.671013703211571, 18.567246159578573, 2125.0 ], [ -97.67101564566552, 18.567235529482538, 2125.0 ], [ -97.671024311865722, 18.567232401781204, 2125.0 ], [ -97.671025033092903, 18.56723021443452, 2125.0 ], [ -97.67102208261808, 18.567226527826747, 2125.0 ], [ -97.671012219886094, 18.567228088415316, 2125.0 ], [ -97.671010641603331, 18.567222773367298, 2125.0 ], [ -97.671006477884589, 18.567221497755774, 2125.0 ], [ -97.671002078677816, 18.567229151424918, 2125.0 ], [ -97.671008137435621, 18.567234466472936, 2125.0 ], [ -97.671006543450702, 18.567240844530556, 2125.0 ], [ -97.671007285418185, 18.567246159578573, 2125.0 ], [ -97.671011247012743, 18.567249348607383, 2125.0 ] ] } },
{ "type": "Feature", "properties": { "FID": 157, "elev": 2109.0, "elevation": 2109.0, "ELEVATION": 2109.0, "is_master": false, "tipo": "Ordinaria (1m)" }, "geometry": { "type": "LineString", "coordinates": [ [ -97.671632366345889, 18.567215332300073, 2109.0 ], [ -97.671636279452926, 18.567213206280865, 2109.0 ], [ -97.671637392750995, 18.567208954242453, 2109.0 ], [ -97.671640795762414, 18.567205765213643, 2109.0 ], [ -97.671639584214788, 18.567203993530971, 2109.0 ], [ -97.671631781848035, 18.56720358324656, 2109.0 ], [ -97.671623850473907, 18.567207891232847, 2109.0 ], [ -97.671623218914448, 18.567211080261661, 2109.0 ], [ -97.671624934084861, 18.567214269290471, 2109.0 ], [ -97.671629552600393, 18.5672161203934, 2109.0 ], [ -97.671632366345889, 18.567215332300073, 2109.0 ] ] } },
{ "type": "Feature", "properties": { "FID": 158, "elev": 2128.0, "elevation": 2128.0, "ELEVATION": 2128.0, "is_master": false, "tipo": "Ordinaria (1m)" }, "geometry": { "type": "LineString", "coordinates": [ [ -97.670512699531997, 18.566969923703688, 2128.0 ], [ -97.670538335879883, 18.566987986898358, 2128.0 ], [ -97.670574003842148, 18.56699765155572, 2128.0 ], [ -97.670602984061489, 18.567001743299034, 2128.0 ], [ -97.670607596297984, 18.567005919408189, 2128.0 ], [ -97.670612989137211, 18.56702080154264, 2128.0 ], [ -97.670626391161719, 18.567027545141112, 2128.0 ], [ -97.670630354268638, 18.567026116590657, 2128.0 ], [ -97.670631964280815, 18.567019510745261, 2128.0 ], [ -97.670641035012608, 18.567015486494622, 2128.0 ], [ -97.670637091550404, 18.567001667369777, 2128.0 ], [ -97.67063865202374, 18.567000987043631, 2128.0 ], [ -97.67064199589521, 18.567003418209122, 2128.0 ], [ -97.670646625871086, 18.567001667369777, 2128.0 ], [ -97.670648683613351, 18.566999541350569, 2128.0 ], [ -97.670649957493922, 18.566992100283343, 2128.0 ], [ -97.670655371381059, 18.566989670547109, 2128.0 ], [ -97.670657600628701, 18.566986785230156, 2128.0 ], [ -97.67065965254983, 18.566989974264139, 2128.0 ], [ -97.670655282211158, 18.566997415331361, 2128.0 ], [ -97.670657600628701, 18.567001835213397, 2128.0 ], [ -97.670662059123984, 18.566999488200089, 2128.0 ], [ -97.670669861490722, 18.566999664598061, 2128.0 ], [ -97.670672090738364, 18.566992459610535, 2128.0 ], [ -97.670674319986006, 18.566991901589962, 2128.0 ], [ -97.670677663857475, 18.566994394146175, 2128.0 ], [ -97.670681115595755, 18.566993163292949, 2128.0 ], [ -97.670691039335438, 18.566980407177706, 2128.0 ], [ -97.670696612462422, 18.566958065648283, 2128.0 ], [ -97.670707801570785, 18.566955957956829, 2128.0 ], [ -97.670731165800873, 18.566933504590711, 2128.0 ], [ -97.670745910681703, 18.56692300465912, 2128.0 ], [ -97.670757019636326, 18.566910248543877, 2128.0 ], [ -97.670775929093509, 18.566875169226964, 2128.0 ], [ -97.670788254806382, 18.566845404958066, 2128.0 ], [ -97.670792584431396, 18.566828396804411, 2128.0 ], [ -97.670798321886068, 18.566818829717981, 2128.0 ], [ -97.67081587721124, 18.566806959444072, 2128.0 ], [ -97.670835940440014, 18.566805281556366, 2128.0 ], [ -97.670852659797333, 18.566799855999395, 2128.0 ], [ -97.670867149906996, 18.566790175703556, 2128.0 ], [ -97.670877404446145, 18.566779498362653, 2128.0 ], [ -97.670884950111656, 18.566767805257012, 2128.0 ], [ -97.67089178637174, 18.566750797103357, 2128.0 ], [ -97.670898181034175, 18.566716780796046, 2128.0 ], [ -97.670902733428065, 18.566701898661599, 2128.0 ], [ -97.670910580428014, 18.566684890507943, 2128.0 ], [ -97.670917151931604, 18.56667532342151, 2128.0 ], [ -97.670930683464789, 18.566664573308262, 2128.0 ], [ -97.67095966368413, 18.566654179496116, 2128.0 ], [ -97.670971924546151, 18.56664777021259, 2128.0 ], [ -97.670984822336081, 18.566637055075788, 2128.0 ], [ -97.670999933042154, 18.566618983912527, 2128.0 ], [ -97.671005692166162, 18.566604101778079, 2128.0 ], [ -97.671006192748266, 18.566588156634026, 2128.0 ], [ -97.671010657723926, 18.566563707413145, 2128.0 ], [ -97.671015437745311, 18.566553077317113, 2128.0 ], [ -97.671031164061347, 18.566529691105835, 2128.0 ], [ -97.671038687654999, 18.566500989846542, 2128.0 ], [ -97.671053457772388, 18.566458469462404, 2128.0 ], [ -97.671055822409258, 18.566446776356766, 2128.0 ], [ -97.671056247954567, 18.566427642183903, 2128.0 ], [ -97.671054601261403, 18.566417012087868, 2128.0 ], [ -97.671049990756501, 18.566406381991833, 2128.0 ], [ -97.671045489718324, 18.566403174945911, 2128.0 ], [ -97.671036572727758, 18.566401199434868, 2128.0 ], [ -97.671028770361005, 18.566393799740428, 2128.0 ], [ -97.671017624122797, 18.566393481297805, 2128.0 ], [ -97.671004248636947, 18.566397110386038, 2128.0 ], [ -97.670995331646381, 18.566396006093747, 2128.0 ], [ -97.670989758527284, 18.566392222703914, 2128.0 ], [ -97.670985400448558, 18.566386184809367, 2128.0 ], [ -97.670982836619686, 18.566378743742142, 2128.0 ], [ -97.670982257824789, 18.566363861607694, 2128.0 ], [ -97.67098399796393, 18.566348979473247, 2128.0 ], [ -97.67098859508782, 18.566335160348402, 2128.0 ], [ -97.670993007312347, 18.566328782290782, 2128.0 ], [ -97.670997560894023, 18.566325555432446, 2128.0 ], [ -97.671017624122797, 18.56632358812011, 2128.0 ], [ -97.671019891443578, 18.566321341223556, 2128.0 ], [ -97.671020084961185, 18.566314963165937, 2128.0 ], [ -97.671014250288337, 18.566302207050693, 2128.0 ], [ -97.670996318039144, 18.566287324916246, 2128.0 ], [ -97.670978612289076, 18.566264780083227, 2128.0 ], [ -97.670955054844228, 18.56624586754171, 2128.0 ], [ -97.670940742045872, 18.566230985407262, 2128.0 ], [ -97.670934955371052, 18.566220355311227, 2128.0 ], [ -97.670930484101177, 18.566204410167174, 2128.0 ], [ -97.670930352560831, 18.566177834927089, 2128.0 ], [ -97.67093509796176, 18.566156574735018, 2128.0 ], [ -97.670944994757804, 18.566136377552553, 2128.0 ], [ -97.67095631981266, 18.566123621436361, 2128.0 ], [ -97.670973039169965, 18.566113033861662, 2128.0 ], [ -97.670990873151098, 18.566108430331212, 2128.0 ], [ -97.671005363260775, 18.566108598016775, 2128.0 ], [ -97.671015394875155, 18.566110717523944, 2128.0 ], [ -97.671037687351571, 18.566119226521263, 2128.0 ], [ -97.671043260470682, 18.566125929167562, 2128.0 ], [ -97.671047718965966, 18.56612490233087, 2128.0 ], [ -97.671052251202255, 18.566115117360482, 2128.0 ], [ -97.671054680694624, 18.566103424254845, 2128.0 ], [ -97.671054073339661, 18.566068344937932, 2128.0 ], [ -97.671063584260864, 18.566036454649826, 2128.0 ], [ -97.671068589997375, 18.56598224116005, 2128.0 ], [ -97.671071011661994, 18.56597586310243, 2128.0 ], [ -97.671074358937773, 18.565972674073617, 2128.0 ], [ -97.671083386928231, 18.565969631513774, 2128.0 ], [ -97.671087780848325, 18.565965233006395, 2128.0 ], [ -97.671088415526185, 18.565959917958377, 2128.0 ], [ -97.671084501552045, 18.565953388573835, 2128.0 ], [ -97.671069878068593, 18.565949287862342, 2128.0 ], [ -97.671064458497455, 18.565942909804722, 2128.0 ], [ -97.671061151164565, 18.565931216699084, 2128.0 ], [ -97.671055651874241, 18.565921649612651, 2128.0 ], [ -97.671041035690465, 18.565907830487806, 2128.0 ], [ -97.67103545810393, 18.565906840789211, 2128.0 ], [ -97.671033536597548, 18.565904641458996, 2128.0 ], [ -97.671028606630955, 18.565885507286133, 2128.0 ], [ -97.671036699710214, 18.565874877190101, 2128.0 ], [ -97.671036863215363, 18.565864247094066, 2128.0 ], [ -97.671030753864812, 18.565832356805959, 2128.0 ], [ -97.671029053704629, 18.565797277489047, 2128.0 ], [ -97.671020700018502, 18.565770702248958, 2128.0 ], [ -97.671020951358088, 18.56576538720094, 2128.0 ], [ -97.671022895364615, 18.565763261181736, 2128.0 ], [ -97.671033329748965, 18.565757946133719, 2128.0 ], [ -97.671030717554459, 18.565750505066493, 2128.0 ], [ -97.671030385428182, 18.565743063999268, 2128.0 ], [ -97.671026541113363, 18.565740881096605, 2128.0 ], [ -97.671023197241908, 18.565749686778524, 2128.0 ], [ -97.671016718875833, 18.565755820114511, 2128.0 ], [ -97.671015417392809, 18.565760072152926, 2128.0 ], [ -97.671008707132231, 18.565759149180515, 2128.0 ], [ -97.671002846170722, 18.565747316037683, 2128.0 ], [ -97.671002117280423, 18.565736685941648, 2128.0 ], [ -97.670989775763729, 18.56571861477839, 2128.0 ], [ -97.670989658710226, 18.565713299730373, 2128.0 ], [ -97.670991987774926, 18.565708864414439, 2128.0 ], [ -97.670994217022567, 18.565706010521662, 2128.0 ], [ -97.67099853618987, 18.565705858663147, 2128.0 ], [ -97.670991778782962, 18.565704795653545, 2128.0 ], [ -97.670988062657912, 18.565689913519094, 2128.0 ], [ -97.670989180574196, 18.565686724490284, 2128.0 ], [ -97.670997715396339, 18.565678220413457, 2128.0 ], [ -97.670998389049117, 18.565669716336629, 2128.0 ], [ -97.670996500540284, 18.565660149250199, 2128.0 ], [ -97.670976185943317, 18.565633574010111, 2128.0 ], [ -97.670971871886763, 18.565622943914079, 2128.0 ], [ -97.670968646038432, 18.565606998770026, 2128.0 ], [ -97.67096303288794, 18.56559636867399, 2128.0 ], [ -97.670919537226581, 18.565561445142965, 2128.0 ], [ -97.670897388572584, 18.565529399068971, 2128.0 ], [ -97.670890434041624, 18.565515579944126, 2128.0 ], [ -97.670887053903797, 18.565502823828886, 2128.0 ], [ -97.670888515768439, 18.56547412256959, 2128.0 ], [ -97.670881544647784, 18.56546774451197, 2128.0 ], [ -97.670882446792007, 18.565454988396731, 2128.0 ], [ -97.670880601243837, 18.56543372820466, 2128.0 ], [ -97.670878050313391, 18.565428413156642, 2128.0 ], [ -97.670873837649921, 18.565425275480951, 2128.0 ], [ -97.670858713062074, 18.565419909079814, 2128.0 ], [ -97.670853134544515, 18.565411405002987, 2128.0 ], [ -97.670856107354723, 18.565400774906951, 2128.0 ], [ -97.670859095851, 18.565397585878141, 2128.0 ], [ -97.6708782012836, 18.565396522868539, 2128.0 ], [ -97.670876094997325, 18.565386955782106, 2128.0 ], [ -97.670878395222886, 18.565382703743694, 2128.0 ], [ -97.670882754640488, 18.565380329228734, 2128.0 ], [ -97.670906161740731, 18.565380321135962, 2128.0 ], [ -97.670911864899281, 18.565378451705278, 2128.0 ], [ -97.67091396410747, 18.565372438561404, 2128.0 ], [ -97.670920735186755, 18.565368884618849, 2128.0 ], [ -97.670930899198424, 18.56534549840757, 2128.0 ], [ -97.670939600455355, 18.565340199069055, 2128.0 ], [ -97.670947402822094, 18.565337883787759, 2128.0 ], [ -97.670952045500229, 18.56533274229233, 2128.0 ], [ -97.67095963806058, 18.565318923167485, 2128.0 ], [ -97.670969449212734, 18.565309356081055, 2128.0 ], [ -97.670996446270209, 18.565293336339838, 2128.0 ], [ -97.670999117161244, 18.565290221908192, 2128.0 ], [ -97.670997625406017, 18.565282780840967, 2128.0 ], [ -97.670998510632671, 18.565276402783347, 2128.0 ], [ -97.671009821756058, 18.565271905435022, 2128.0 ], [ -97.671013579117002, 18.565265772687312, 2128.0 ], [ -97.671020805362318, 18.565259394629692, 2128.0 ], [ -97.67103545810393, 18.565250867692441, 2128.0 ], [ -97.671040111216072, 18.565243449485639, 2128.0 ], [ -97.671037174941574, 18.565230693370395, 2128.0 ], [ -97.67104237599186, 18.565221126283966, 2128.0 ], [ -97.671043213373892, 18.565214748226346, 2128.0 ], [ -97.671047889800263, 18.565208370168726, 2128.0 ], [ -97.671043850565638, 18.565198803082293, 2128.0 ], [ -97.671046172425406, 18.565183920947845, 2128.0 ], [ -97.671033623801748, 18.565174353861412, 2128.0 ], [ -97.671014050249596, 18.565167975803792, 2128.0 ], [ -97.671009670525692, 18.565141400563707, 2128.0 ], [ -97.671002019389306, 18.565135143992897, 2128.0 ], [ -97.67098546987944, 18.565113762314017, 2128.0 ], [ -97.670971699144445, 18.565086124064326, 2128.0 ], [ -97.670968372510643, 18.565064863872255, 2128.0 ], [ -97.670969783917016, 18.565055296785825, 2128.0 ] ] } },
{ "type": "Feature", "properties": { "FID": 159, "elev": 2109.0, "elevation": 2109.0, "ELEVATION": 2109.0, "is_master": false, "tipo": "Ordinaria (1m)" }, "geometry": { "type": "LineString", "coordinates": [ [ -97.671628028328499, 18.567198324146418, 2109.0 ], [ -97.671627323352752, 18.567194100837995, 2109.0 ], [ -97.671623979481296, 18.567194535471163, 2109.0 ], [ -97.67162509410511, 18.567198230351451, 2109.0 ], [ -97.671628028328499, 18.567198324146418, 2109.0 ] ] } },
{ "type": "Feature", "properties": { "FID": 160, "elev": 2123.0, "elevation": 2123.0, "ELEVATION": 2123.0, "is_master": false, "tipo": "Ordinaria (1m)" }, "geometry": { "type": "LineString", "coordinates": [ [ -97.671905173849851, 18.567171748906333, 2123.0 ], [ -97.671915957845002, 18.567163244829505, 2123.0 ], [ -97.671916088686785, 18.567157929781487, 2123.0 ], [ -97.671912667050862, 18.5671555943816, 2123.0 ], [ -97.671907093931765, 18.567154419169938, 2123.0 ], [ -97.671899291565012, 18.567155623591159, 2123.0 ], [ -97.671895180832365, 18.567161118810297, 2123.0 ], [ -97.67189706231737, 18.567170517586874, 2123.0 ], [ -97.671905173849851, 18.567171748906333, 2123.0 ] ] } },
{ "type": "Feature", "properties": { "FID": 161, "elev": 2127.0, "elevation": 2127.0, "ELEVATION": 2127.0, "is_master": false, "tipo": "Ordinaria (1m)" }, "geometry": { "type": "LineString", "coordinates": [ [ -97.670608557180586, 18.567155982419354, 2127.0 ], [ -97.670606327932944, 18.56715660101948, 2127.0 ], [ -97.670605189593729, 18.567154740752677, 2127.0 ], [ -97.670609551599881, 18.567150488714262, 2127.0 ], [ -97.670611901052055, 18.567150624997545, 2127.0 ], [ -97.670612942585777, 18.56715261473347, 2127.0 ], [ -97.670608557180586, 18.567155982419354, 2127.0 ] ] } },
{ "type": "Feature", "properties": { "FID": 162, "elev": 2123.0, "elevation": 2123.0, "ELEVATION": 2123.0, "is_master": false, "tipo": "Ordinaria (1m)" }, "geometry": { "type": "LineString", "coordinates": [ [ -97.671891600660658, 18.567147299685452, 2123.0 ], [ -97.671893718445915, 18.567147092268943, 2123.0 ], [ -97.671895137058044, 18.567144110656642, 2123.0 ], [ -97.671893870873106, 18.567139858618226, 2123.0 ], [ -97.671891489198273, 18.567138287902544, 2123.0 ], [ -97.671889259950632, 18.567139072915477, 2123.0 ], [ -97.671887422219598, 18.567143047647036, 2123.0 ], [ -97.671891600660658, 18.567147299685452, 2123.0 ] ] } },
{ "type": "Feature", "properties": { "FID": 163, "elev": 2127.0, "elevation": 2127.0, "ELEVATION": 2127.0, "is_master": false, "tipo": "Ordinaria (1m)" }, "geometry": { "type": "LineString", "coordinates": [ [ -97.670678778481289, 18.567115409400795, 2127.0 ], [ -97.670675402457221, 18.567114346387743, 2127.0 ], [ -97.670675205128461, 18.567111157358934, 2127.0 ], [ -97.670677663857475, 18.567108213640033, 2127.0 ], [ -97.670680531974867, 18.567113283378141, 2127.0 ], [ -97.670678778481289, 18.567115409400795, 2127.0 ] ] } },
{ "type": "Feature", "properties": { "FID": 164, "elev": 2123.0, "elevation": 2123.0, "ELEVATION": 2123.0, "is_master": false, "tipo": "Ordinaria (1m)" }, "geometry": { "type": "LineString", "coordinates": [ [ -97.671893888062584, 18.567102653282106, 2123.0 ], [ -97.671893363792876, 18.567102653282106, 2123.0 ], [ -97.671893718445915, 18.567103273371043, 2123.0 ], [ -97.671893888062584, 18.567102653282106, 2123.0 ] ] } },
{ "type": "Feature", "properties": { "FID": 165, "elev": 2123.0, "elevation": 2123.0, "ELEVATION": 2123.0, "is_master": false, "tipo": "Ordinaria (1m)" }, "geometry": { "type": "LineString", "coordinates": [ [ -97.671367660233628, 18.567087771147659, 2123.0 ], [ -97.671368910767569, 18.567085645128451, 2123.0 ], [ -97.671367711153337, 18.567079267070831, 2123.0 ], [ -97.671362042883416, 18.567078084513032, 2123.0 ], [ -97.671360731719645, 18.567080330080433, 2123.0 ], [ -97.671361895446395, 18.567086708138053, 2123.0 ], [ -97.671364272131058, 18.567088386025763, 2123.0 ], [ -97.671367660233628, 18.567087771147659, 2123.0 ] ] } },
{ "type": "Feature", "properties": { "FID": 166, "elev": 2129.0, "elevation": 2129.0, "ELEVATION": 2129.0, "is_master": false, "tipo": "Ordinaria (1m)" }, "geometry": { "type": "LineString", "coordinates": [ [ -97.670512699531997, 18.566775187268149, 2129.0 ], [ -97.670574003842148, 18.566805217289446, 2129.0 ], [ -97.67060521330913, 18.566814431057551, 2129.0 ], [ -97.670634193528457, 18.566826447953471, 2129.0 ], [ -97.670657600628701, 18.566828302314669, 2129.0 ], [ -97.670663173747798, 18.566831260422116, 2129.0 ], [ -97.670666517619267, 18.566826541551801, 2129.0 ], [ -97.670673205362192, 18.566824904058571, 2129.0 ], [ -97.670676549233647, 18.566819063940436, 2129.0 ], [ -97.67068564355074, 18.566815640689168, 2129.0 ], [ -97.670693268590966, 18.566808211052155, 2129.0 ], [ -97.67069772708625, 18.566800671939124, 2129.0 ], [ -97.67070775870063, 18.566802286631024, 2129.0 ], [ -97.670716675691196, 18.566799961297519, 2129.0 ], [ -97.670730051177046, 18.566799839411079, 2129.0 ], [ -97.670733395048515, 18.566797859437621, 2129.0 ], [ -97.670735349564922, 18.5667943804971, 2129.0 ], [ -97.670734398209945, 18.566786939429875, 2129.0 ], [ -97.670729900552203, 18.566781624381857, 2129.0 ], [ -97.670723098047503, 18.566764616228202, 2129.0 ], [ -97.670721928652398, 18.566736977978511, 2129.0 ], [ -97.670725544219863, 18.566716780796046, 2129.0 ], [ -97.670728936553232, 18.566710320968458, 2129.0 ], [ -97.670740370436292, 18.566697646623183, 2129.0 ], [ -97.670740942644102, 18.566684890507943, 2129.0 ], [ -97.670743320508251, 18.56667851245032, 2129.0 ], [ -97.67075011440582, 18.56667403423965, 2129.0 ], [ -97.670759031396386, 18.566675171562995, 2129.0 ], [ -97.670766968869046, 18.5666721343927, 2129.0 ], [ -97.670769222242754, 18.566667882354288, 2129.0 ], [ -97.670767928121066, 18.566663630315873, 2129.0 ], [ -97.670769062967409, 18.566661504296665, 2129.0 ], [ -97.670770177634594, 18.566663630260724, 2129.0 ], [ -97.670771292258422, 18.566662871023301, 2129.0 ], [ -97.670782199648656, 18.566651937210235, 2129.0 ], [ -97.670782387052441, 18.56663811808539, 2129.0 ], [ -97.67078792587543, 18.56663492905658, 2129.0 ], [ -97.67078894046891, 18.566630677018164, 2129.0 ], [ -97.670792470116794, 18.566630677018164, 2129.0 ], [ -97.670796928606293, 18.566635099592879, 2129.0 ], [ -97.67080250172539, 18.566636295783212, 2129.0 ], [ -97.670812533339785, 18.566633958482594, 2129.0 ], [ -97.670829252697089, 18.566619102024706, 2129.0 ], [ -97.670851545173505, 18.566602937529467, 2129.0 ], [ -97.670867098659926, 18.566582841586008, 2129.0 ], [ -97.670874952273749, 18.566580698957278, 2129.0 ], [ -97.670880671687229, 18.566576463528389, 2129.0 ], [ -97.670895229853258, 18.566554140326716, 2129.0 ], [ -97.67090058862162, 18.566522231710859, 2129.0 ], [ -97.670905047116904, 18.566519309045376, 2129.0 ], [ -97.670911734859828, 18.566524139833462, 2129.0 ], [ -97.670914750292255, 18.566522250038613, 2129.0 ], [ -97.670914788929096, 18.566514808971387, 2129.0 ], [ -97.670910191534546, 18.566508430913768, 2129.0 ], [ -97.670911694328055, 18.566502052856144, 2129.0 ], [ -97.670919498791278, 18.566494611788922, 2129.0 ], [ -97.670929568840961, 18.566491855838098, 2129.0 ], [ -97.670935723502936, 18.566487170721697, 2129.0 ], [ -97.670954090561978, 18.566461658491214, 2129.0 ], [ -97.670956885698601, 18.566436146260731, 2129.0 ], [ -97.670953766159585, 18.566404255972628, 2129.0 ], [ -97.670953813448605, 18.56638086976135, 2129.0 ], [ -97.670964408575799, 18.566351105492455, 2129.0 ], [ -97.670974459956554, 18.566313900156331, 2129.0 ], [ -97.670975745228915, 18.566302207050693, 2129.0 ], [ -97.670974328449944, 18.566288387925848, 2129.0 ], [ -97.670971813798275, 18.566278820839418, 2129.0 ], [ -97.670967466050868, 18.566273011368327, 2129.0 ], [ -97.670923963507292, 18.566244804532108, 2129.0 ], [ -97.670910673823698, 18.566230985407262, 2129.0 ], [ -97.670907149308988, 18.566223544340037, 2129.0 ], [ -97.670903661506557, 18.56620866220559, 2129.0 ], [ -97.670904775605976, 18.566171456869466, 2129.0 ], [ -97.670910540262994, 18.566149133667793, 2129.0 ], [ -97.670920614339025, 18.566127873475725, 2129.0 ], [ -97.670933955425028, 18.566108739302862, 2129.0 ], [ -97.670951861317377, 18.566091722436013, 2129.0 ], [ -97.670968580674696, 18.566082068996877, 2129.0 ], [ -97.670984185408173, 18.566077648332058, 2129.0 ], [ -97.670991987774926, 18.566077740861797, 2129.0 ], [ -97.671006477884589, 18.566087425960312, 2129.0 ], [ -97.671016509498983, 18.566089571490455, 2129.0 ], [ -97.671023388320279, 18.566088542120397, 2129.0 ], [ -97.671032114232474, 18.566079093146143, 2129.0 ], [ -97.671030943877454, 18.566071533966742, 2129.0 ], [ -97.671038628589471, 18.566060903870707, 2129.0 ], [ -97.671039854096946, 18.566051336784277, 2129.0 ], [ -97.671044489149025, 18.566046021736259, 2129.0 ], [ -97.67104675457405, 18.566036454649826, 2129.0 ], [ -97.671045552337631, 18.566024761544188, 2129.0 ], [ -97.671041703159389, 18.566017320476963, 2129.0 ], [ -97.671042145846855, 18.566014859274549, 2129.0 ], [ -97.67104879580593, 18.566008816400135, 2129.0 ], [ -97.671049049860073, 18.566002438342515, 2129.0 ], [ -97.671042029346623, 18.565986493198462, 2129.0 ], [ -97.671048739396227, 18.56597905213124, 2129.0 ], [ -97.671049576672331, 18.565970548054413, 2129.0 ], [ -97.671046642777441, 18.565966296015997, 2129.0 ], [ -97.671050944260429, 18.565963106987187, 2129.0 ], [ -97.671051319820137, 18.565954602910359, 2129.0 ], [ -97.67104644858685, 18.565949287862342, 2129.0 ], [ -97.671041933679859, 18.565935468737496, 2129.0 ], [ -97.671045094026866, 18.565928027670271, 2129.0 ], [ -97.671040999452288, 18.565922712622257, 2129.0 ], [ -97.671038996776545, 18.565913145535824, 2129.0 ], [ -97.671036572727758, 18.565910236984482, 2129.0 ], [ -97.67103073373508, 18.565908893497411, 2129.0 ], [ -97.671027763114566, 18.565900389420584, 2129.0 ], [ -97.671021774197257, 18.565890822334151, 2129.0 ], [ -97.671023112822382, 18.565882318257323, 2129.0 ], [ -97.671030526589149, 18.565873814180495, 2129.0 ], [ -97.671029859302251, 18.565868499132478, 2129.0 ], [ -97.67102542648955, 18.565861533251667, 2129.0 ], [ -97.671023416701516, 18.565851490978822, 2129.0 ], [ -97.671018789084471, 18.565842986901995, 2129.0 ], [ -97.671015394875155, 18.5658396812014, 2129.0 ], [ -97.671008707132231, 18.565838118863145, 2129.0 ], [ -97.671006054327549, 18.565833419815565, 2129.0 ], [ -97.671005944140603, 18.565824915738737, 2129.0 ], [ -97.671002845748347, 18.565818537681114, 2129.0 ], [ -97.671003417392072, 18.56581641166191, 2129.0 ], [ -97.67100966021637, 18.565813222633096, 2129.0 ], [ -97.671011834571885, 18.565807907585082, 2129.0 ], [ -97.671008537515561, 18.565794088460237, 2129.0 ], [ -97.671003134013134, 18.565788061575429, 2129.0 ], [ -97.670997560894023, 18.565788199387033, 2129.0 ], [ -97.670992208107535, 18.565783458364201, 2129.0 ], [ -97.670994206889617, 18.565777080306582, 2129.0 ], [ -97.670981956160531, 18.5657687050794, 2129.0 ], [ -97.670974081549659, 18.565750505066493, 2129.0 ], [ -97.670969445622774, 18.56573137089363, 2129.0 ], [ -97.670969508490046, 18.56571861477839, 2129.0 ], [ -97.670978579277573, 18.565707984682355, 2129.0 ], [ -97.6709794821587, 18.565700543615129, 2129.0 ], [ -97.670971924546151, 18.565669108902572, 2129.0 ], [ -97.670966232709716, 18.565664401288611, 2129.0 ], [ -97.670968625558871, 18.565656960221389, 2129.0 ], [ -97.670955379894764, 18.565621880904473, 2129.0 ], [ -97.670949667314758, 18.565610187798836, 2129.0 ], [ -97.670942944324864, 18.565601683722008, 2129.0 ], [ -97.670908305576575, 18.565572982462715, 2129.0 ], [ -97.670892844409167, 18.565547470232232, 2129.0 ], [ -97.670879410769032, 18.565533632620262, 2129.0 ], [ -97.670866035283183, 18.565525780312875, 2129.0 ], [ -97.670863806035541, 18.565526665615707, 2129.0 ], [ -97.670862691411713, 18.565534812848533, 2129.0 ], [ -97.670853774421147, 18.56554071220522, 2129.0 ], [ -97.670851545173505, 18.565540140609563, 2129.0 ], [ -97.670851459433223, 18.565535777126591, 2129.0 ], [ -97.670854859822626, 18.565528336059369, 2129.0 ], [ -97.67086248241975, 18.565521958001746, 2129.0 ], [ -97.670859162763051, 18.565509201886506, 2129.0 ], [ -97.670858858175819, 18.565491130723245, 2129.0 ], [ -97.670850340296752, 18.565481563636816, 2129.0 ], [ -97.670848553789924, 18.565475185579196, 2129.0 ], [ -97.670850430549692, 18.565470853313641, 2129.0 ], [ -97.6708615767879, 18.565469691707133, 2129.0 ], [ -97.670862423683445, 18.565466681502368, 2129.0 ], [ -97.670854889044975, 18.565462251703149, 2129.0 ], [ -97.670852121703078, 18.565462429463953, 2129.0 ], [ -97.67084820130205, 18.565466196620793, 2129.0 ], [ -97.670845510830759, 18.56546455548316, 2129.0 ], [ -97.670842488854973, 18.56545817742554, 2129.0 ], [ -97.6708348258162, 18.56545284090258, 2129.0 ], [ -97.670822564954165, 18.565450102641051, 2129.0 ], [ -97.670814762587426, 18.565453696638222, 2129.0 ], [ -97.670811761064712, 18.565451799367917, 2129.0 ], [ -97.6708124218774, 18.565448610339107, 2129.0 ], [ -97.670824794201806, 18.565444833262433, 2129.0 ], [ -97.670827151095537, 18.565441169271885, 2129.0 ], [ -97.670827768036219, 18.565434791214262, 2129.0 ], [ -97.670822812212265, 18.565415657041402, 2129.0 ], [ -97.670808330279129, 18.565394396849332, 2129.0 ], [ -97.670805636604896, 18.565382703743694, 2129.0 ], [ -97.670806960220673, 18.565375234702532, 2129.0 ], [ -97.670811418715957, 18.565371000609662, 2129.0 ], [ -97.670818106458881, 18.565368600151491, 2129.0 ], [ -97.670835940440014, 18.565366973197825, 2129.0 ], [ -97.670850430549692, 18.565362350336173, 2129.0 ], [ -97.670860462164072, 18.565362337446064, 2129.0 ], [ -97.670869379154638, 18.565357082566397, 2129.0 ], [ -97.670875861011638, 18.565357191513211, 2129.0 ], [ -97.670881640016674, 18.565360500391144, 2129.0 ], [ -97.670889442383412, 18.56536107715257, 2129.0 ], [ -97.670894876174543, 18.565359317532415, 2129.0 ], [ -97.670896481026432, 18.565356128503606, 2129.0 ], [ -97.670895932519898, 18.565350813455588, 2129.0 ], [ -97.670898233825696, 18.565347624426778, 2129.0 ], [ -97.670915078731298, 18.565338176354146, 2129.0 ], [ -97.670926224969506, 18.565334948755506, 2129.0 ], [ -97.670931798088603, 18.565331239416683, 2129.0 ], [ -97.670949632069735, 18.565305997648323, 2129.0 ], [ -97.670980841536718, 18.565283007222643, 2129.0 ], [ -97.670985460001162, 18.565271087735329, 2129.0 ], [ -97.670990787410815, 18.565264709677709, 2129.0 ], [ -97.671000904765492, 18.565266864234086, 2129.0 ], [ -97.67100293731481, 18.565260457639294, 2129.0 ], [ -97.671012252199333, 18.565245575504846, 2129.0 ], [ -97.671016578091212, 18.565230693370395, 2129.0 ], [ -97.671019760485123, 18.565227504341586, 2129.0 ], [ -97.671025116333354, 18.565226441331983, 2129.0 ], [ -97.671025454707873, 18.565224315312776, 2129.0 ], [ -97.671021877629798, 18.565220063274364, 2129.0 ], [ -97.67102183040393, 18.56521368521674, 2129.0 ], [ -97.671025946985864, 18.56520411813031, 2129.0 ], [ -97.67102208261808, 18.565191838536617, 2129.0 ], [ -97.670997368717508, 18.56516691279419, 2129.0 ], [ -97.670983012630074, 18.565135022506084, 2129.0 ], [ -97.670973908372034, 18.565121203381239, 2129.0 ], [ -97.67096883756065, 18.565105258237189, 2129.0 ], [ -97.670956202225966, 18.565083998045118, 2129.0 ], [ -97.670957985624085, 18.565071241929878, 2129.0 ], [ -97.670955796424082, 18.565062737853051, 2129.0 ], [ -97.670961921182595, 18.565055296785825, 2129.0 ] ] } },
{ "type": "Feature", "properties": { "FID": 167, "elev": 2130.0, "elevation": 2130.0, "ELEVATION": 2130.0, "is_master": true, "tipo": "Maestra (5m)" }, "geometry": { "type": "LineString", "coordinates": [ [ -97.671251457818158, 18.565055296785825, 2130.0 ], [ -97.671262645241868, 18.565077619987498, 2130.0 ], [ -97.671271595804626, 18.565087187073928, 2130.0 ], [ -97.671280675344505, 18.565093737978639, 2130.0 ], [ -97.67131077018766, 18.565109475612246, 2130.0 ], [ -97.671345323526097, 18.565118884515158, 2130.0 ], [ -97.671368816366638, 18.565129707458066, 2130.0 ], [ -97.671397686875267, 18.565160534736567, 2130.0 ], [ -97.671410125566823, 18.56518285793824, 2130.0 ], [ -97.671413024483215, 18.565209433178328, 2130.0 ], [ -97.67141779296638, 18.565225378322381, 2130.0 ], [ -97.671424619007922, 18.565232819389603, 2130.0 ], [ -97.671431447839922, 18.565251953562466, 2130.0 ], [ -97.671432503032079, 18.565272150744931, 2130.0 ], [ -97.671425731641989, 18.565288095888985, 2130.0 ], [ -97.671419679721623, 18.565294473946604, 2130.0 ], [ -97.67140885708389, 18.565301710588905, 2130.0 ], [ -97.671399996135861, 18.565312545109865, 2130.0 ], [ -97.671394366974212, 18.565316130515136, 2130.0 ], [ -97.671384671089896, 18.565331679282728, 2130.0 ], [ -97.671385449983646, 18.565334906276167, 2130.0 ], [ -97.671391948003375, 18.56533912034995, 2130.0 ], [ -97.671403469735424, 18.565354002484401, 2130.0 ], [ -97.671405284571634, 18.565366758599641, 2130.0 ], [ -97.671404398588606, 18.565384121089831, 2130.0 ], [ -97.671402169340965, 18.565386348348049, 2130.0 ], [ -97.671396596221854, 18.56538358188206, 2130.0 ], [ -97.671386564607474, 18.565384829768416, 2130.0 ], [ -97.671372955188232, 18.565398648887744, 2130.0 ], [ -97.671375401286909, 18.565405026945367, 2130.0 ], [ -97.671385449983646, 18.565415733229802, 2130.0 ], [ -97.671392137726571, 18.565416290758666, 2130.0 ], [ -97.671397710845682, 18.565414475919621, 2130.0 ], [ -97.671401098427879, 18.565410341993385, 2130.0 ], [ -97.67140551321242, 18.565397822102497, 2130.0 ], [ -97.671408578427929, 18.565399711897349, 2130.0 ], [ -97.671412310590483, 18.565409278983779, 2130.0 ], [ -97.671413613547912, 18.565419909079814, 2130.0 ], [ -97.671412588650597, 18.565459240435143, 2130.0 ], [ -97.671414692467422, 18.565484752665625, 2130.0 ], [ -97.671409743856429, 18.565493256742453, 2130.0 ], [ -97.671410522139226, 18.565498571790471, 2130.0 ], [ -97.671406823814053, 18.565504949848091, 2130.0 ], [ -97.671416861842857, 18.565518768972936, 2130.0 ], [ -97.671412825144685, 18.565531525088179, 2130.0 ], [ -97.6714168835707, 18.565550659261042, 2130.0 ], [ -97.671415479463064, 18.565563415376282, 2130.0 ], [ -97.671418825822059, 18.565567667414697, 2130.0 ], [ -97.671420500564452, 18.565577234501127, 2130.0 ], [ -97.671441181174686, 18.565589870450065, 2130.0 ], [ -97.67144148242437, 18.56559636867399, 2130.0 ], [ -97.671449712333924, 18.565604872750818, 2130.0 ], [ -97.671449664700432, 18.565615502846853, 2130.0 ], [ -97.671452246976131, 18.565624006923681, 2130.0 ], [ -97.671450142308771, 18.565629321971699, 2130.0 ], [ -97.67145492431132, 18.565639952067734, 2130.0 ], [ -97.67144942750177, 18.565645267115752, 2130.0 ], [ -97.671449362987843, 18.565651645173372, 2130.0 ], [ -97.671452666892236, 18.565655897211784, 2130.0 ], [ -97.671453435026507, 18.565664401288611, 2130.0 ], [ -97.671460832477266, 18.565671842355837, 2130.0 ], [ -97.671465702903703, 18.565671842355837, 2130.0 ], [ -97.671468049113088, 18.565677157403854, 2130.0 ], [ -97.671468188803189, 18.565679283423062, 2130.0 ], [ -97.671463138775081, 18.56568459847108, 2130.0 ], [ -97.671463014688356, 18.565700543615129, 2130.0 ], [ -97.671457645591445, 18.565705858663147, 2130.0 ], [ -97.671459572467725, 18.565712236720767, 2130.0 ], [ -97.671462359027288, 18.565713565482774, 2130.0 ], [ -97.671465702898743, 18.565710480786386, 2130.0 ], [ -97.671470161394026, 18.565710729468346, 2130.0 ], [ -97.67147230704488, 18.565712236720767, 2130.0 ], [ -97.671471058760659, 18.565716488759183, 2130.0 ], [ -97.671479078384593, 18.565722891537956, 2130.0 ], [ -97.671487995375159, 18.565716817325786, 2130.0 ], [ -97.671499141613367, 18.565722665706879, 2130.0 ], [ -97.671502733179011, 18.5657218038072, 2130.0 ], [ -97.671506943980106, 18.565716799883944, 2130.0 ], [ -97.671509173227747, 18.565717484276114, 2130.0 ], [ -97.671514077572567, 18.5657218038072, 2130.0 ], [ -97.6715169755945, 18.565732492552041, 2130.0 ], [ -97.671533694951805, 18.565743005350463, 2130.0 ], [ -97.671533686410626, 18.565750505066493, 2130.0 ], [ -97.671537038823274, 18.565754183417184, 2130.0 ], [ -97.671540382694729, 18.565754809527299, 2130.0 ], [ -97.671553758180579, 18.565751316611461, 2130.0 ], [ -97.671557556158049, 18.565748379047285, 2130.0 ], [ -97.67155711652768, 18.565745190018475, 2130.0 ], [ -97.671559128640808, 18.565744127008873, 2130.0 ], [ -97.671558996912538, 18.565749442056891, 2130.0 ], [ -97.67156478119405, 18.565756883124113, 2130.0 ], [ -97.671576050656995, 18.565763318167818, 2130.0 ], [ -97.671589426142845, 18.56576738093451, 2130.0 ], [ -97.671604907029248, 18.565776017296976, 2130.0 ], [ -97.671604643181098, 18.565779206325786, 2130.0 ], [ -97.67159525833668, 18.565784521373804, 2130.0 ], [ -97.671591514062584, 18.565798340498649, 2130.0 ], [ -97.671592968745685, 18.565805781565874, 2130.0 ], [ -97.671586613661816, 18.565820663700322, 2130.0 ], [ -97.67159839061739, 18.565838734863583, 2130.0 ], [ -97.671596873729584, 18.56584723894041, 2130.0 ], [ -97.671599457757239, 18.565855712583424, 2130.0 ], [ -97.671605138309957, 18.565861058065256, 2130.0 ], [ -97.671610603995447, 18.565872795233467, 2130.0 ], [ -97.671627323352752, 18.565884510714632, 2130.0 ], [ -97.671632824560646, 18.565890822334151, 2130.0 ], [ -97.671639824070539, 18.565911019516616, 2130.0 ], [ -97.671638602680375, 18.565926964660669, 2130.0 ], [ -97.671636136657384, 18.565931216699084, 2130.0 ], [ -97.671627323352752, 18.565933723217714, 2130.0 ], [ -97.671619520986013, 18.5659328170542, 2130.0 ], [ -97.671616177114544, 18.565934089698011, 2130.0 ], [ -97.671609725583295, 18.565940783785514, 2130.0 ], [ -97.671612806167204, 18.565947161843134, 2130.0 ], [ -97.671618406362185, 18.565948844614795, 2130.0 ], [ -97.671627323352752, 18.565946465646704, 2130.0 ], [ -97.671634011095676, 18.565946944296982, 2130.0 ], [ -97.671651845076809, 18.56595372447477, 2130.0 ], [ -97.671662991315017, 18.565953749281434, 2130.0 ], [ -97.671669679057942, 18.565951587434139, 2130.0 ], [ -97.671678596048508, 18.565944935268966, 2130.0 ], [ -97.671696430029641, 18.565947423200512, 2130.0 ], [ -97.671706461644021, 18.565946305927632, 2130.0 ], [ -97.671714418975228, 18.565940783785514, 2130.0 ], [ -97.671715378634588, 18.56593437738097, 2130.0 ], [ -97.671722535427364, 18.565932279708687, 2130.0 ], [ -97.671726566155158, 18.565929090679877, 2130.0 ], [ -97.671728373577068, 18.565920586603049, 2130.0 ], [ -97.671723798025241, 18.565905704468602, 2130.0 ], [ -97.671714264010774, 18.565900209394762, 2130.0 ], [ -97.671707576267849, 18.565893311027224, 2130.0 ], [ -97.671702003148738, 18.56589307341331, 2130.0 ], [ -97.671691069219833, 18.565888696314943, 2130.0 ], [ -97.671687365243656, 18.565881255247721, 2130.0 ], [ -97.671688947759989, 18.565874877190101, 2130.0 ], [ -97.671687513039075, 18.565870400572191, 2130.0 ], [ -97.671681939919964, 18.565868777539755, 2130.0 ], [ -97.671671908305584, 18.56587318354109, 2130.0 ], [ -97.671662991315017, 18.565872407126289, 2130.0 ], [ -97.671660110892404, 18.565870625151685, 2130.0 ], [ -97.671655432610223, 18.565857869036442, 2130.0 ], [ -97.671660435836017, 18.565852553988428, 2130.0 ], [ -97.671661876691203, 18.565846995966787, 2130.0 ], [ -97.671668564434114, 18.565846367621063, 2130.0 ], [ -97.671673199853814, 18.56585042796922, 2130.0 ], [ -97.671676366800867, 18.565863377358934, 2130.0 ], [ -97.671696270797668, 18.565871688161288, 2130.0 ], [ -97.671700888524924, 18.565880627105681, 2130.0 ], [ -97.671710920139304, 18.565890794360214, 2130.0 ], [ -97.671716493258415, 18.565892010403708, 2130.0 ], [ -97.671719837129871, 18.565898173884776, 2130.0 ], [ -97.671726524872795, 18.565897954785683, 2130.0 ], [ -97.671728754120437, 18.565894501982779, 2130.0 ], [ -97.671732097991907, 18.565900085703554, 2130.0 ], [ -97.671747702725398, 18.565903523936079, 2130.0 ], [ -97.671751046596853, 18.565911224730826, 2130.0 ], [ -97.671761078211247, 18.565915999364741, 2130.0 ], [ -97.671773339073269, 18.565914068675742, 2130.0 ], [ -97.671776682944738, 18.565907713100245, 2130.0 ], [ -97.67177891219238, 18.565907029590161, 2130.0 ], [ -97.671790504280111, 18.565919523593443, 2130.0 ], [ -97.671784485311477, 18.565922596657572, 2130.0 ], [ -97.671781204235728, 18.565926964660669, 2130.0 ], [ -97.671780845099207, 18.565932279708687, 2130.0 ], [ -97.67178345437955, 18.565937594756704, 2130.0 ], [ -97.671782256063835, 18.565941497312508, 2130.0 ], [ -97.671768880577986, 18.565941869508997, 2130.0 ], [ -97.671759963587419, 18.565951287426874, 2130.0 ], [ -97.671748817349211, 18.565956691793861, 2130.0 ], [ -97.671742426839316, 18.565962043977585, 2130.0 ], [ -97.671742383279295, 18.565968422035205, 2130.0 ], [ -97.671749990026356, 18.56598224116005, 2130.0 ], [ -97.671749659195896, 18.565989682227272, 2130.0 ], [ -97.671746109336979, 18.565993934265688, 2130.0 ], [ -97.671747702725398, 18.56599828754311, 2130.0 ], [ -97.671752161220681, 18.565999536849091, 2130.0 ], [ -97.671761078211247, 18.565995863025382, 2130.0 ], [ -97.671766651330344, 18.565998324101642, 2130.0 ], [ -97.671776682944738, 18.56600802936418, 2130.0 ], [ -97.671795631549685, 18.566003441039516, 2130.0 ], [ -97.671803543388421, 18.566007753390533, 2130.0 ], [ -97.671809007035534, 18.566015395785332, 2130.0 ], [ -97.671815694778459, 18.566017413627289, 2130.0 ], [ -97.671820153273742, 18.566010784748062, 2130.0 ], [ -97.671829070264309, 18.566006790038081, 2130.0 ], [ -97.671837987254875, 18.566006674395823, 2130.0 ], [ -97.671848286378975, 18.566000312323307, 2130.0 ], [ -97.671851530069233, 18.565997123294498, 2130.0 ], [ -97.671852838698641, 18.565989682227272, 2130.0 ], [ -97.671858405326432, 18.565980115140842, 2130.0 ], [ -97.671864738226574, 18.565976081665152, 2130.0 ], [ -97.67187218924451, 18.565981178150444, 2130.0 ], [ -97.6718730339514, 18.565989682227272, 2130.0 ], [ -97.671875884464782, 18.56599231409243, 2130.0 ], [ -97.671880342960065, 18.565991614972006, 2130.0 ], [ -97.671885916079162, 18.565987318220841, 2130.0 ], [ -97.671890374574446, 18.565988683642495, 2130.0 ], [ -97.671893503578673, 18.56599180824648, 2130.0 ], [ -97.671893738711802, 18.565997123294498, 2130.0 ], [ -97.671889353616493, 18.566003501352117, 2130.0 ], [ -97.671889042586344, 18.566008816400135, 2130.0 ], [ -97.671893718445915, 18.566016257466885, 2130.0 ], [ -97.67190265818391, 18.566020509505776, 2130.0 ], [ -97.671904106120692, 18.566023698534586, 2130.0 ], [ -97.671897889767379, 18.566026887563396, 2130.0 ], [ -97.67189417660417, 18.566031139601808, 2130.0 ], [ -97.67189706231737, 18.566038362242402, 2130.0 ], [ -97.671901520812654, 18.566039154783926, 2130.0 ], [ -97.671912667050862, 18.566033298840065, 2130.0 ], [ -97.67191566844015, 18.566037517659431, 2130.0 ], [ -97.671913989737803, 18.566043895717051, 2130.0 ], [ -97.671922698665256, 18.566049039048131, 2130.0 ], [ -97.671926042536711, 18.566049248729698, 2130.0 ], [ -97.671931615655822, 18.566054391538188, 2130.0 ], [ -97.671938303398747, 18.566055886465378, 2130.0 ], [ -97.67195613737988, 18.566054734929729, 2130.0 ], [ -97.671961710498977, 18.566055774849371, 2130.0 ], [ -97.671965983223629, 18.566058777851499, 2130.0 ], [ -97.671969619585028, 18.566065155909119, 2130.0 ], [ -97.671971637617389, 18.566077912024362, 2130.0 ], [ -97.671978348298452, 18.566090668139605, 2130.0 ], [ -97.671992919965959, 18.566111097855419, 2130.0 ], [ -97.671997378461242, 18.566115159880866, 2130.0 ], [ -97.672009639323278, 18.566120474928884, 2130.0 ], [ -97.672017410728245, 18.566127873475725, 2130.0 ], [ -97.672023194587155, 18.566137440562155, 2130.0 ], [ -97.672031673047726, 18.566161889783036, 2130.0 ], [ -97.672037362626384, 18.566172519879071, 2130.0 ], [ -97.672073172888943, 18.566215040263209, 2130.0 ], [ -97.672103204632293, 18.566246930551312, 2130.0 ], [ -97.672126674824455, 18.566268190735862, 2130.0 ], [ -97.672137821062663, 18.566273692284312, 2130.0 ], [ -97.672154540419967, 18.566274732340943, 2130.0 ], [ -97.67216234278672, 18.566281632220079, 2130.0 ], [ -97.672162291077356, 18.566287324916246, 2130.0 ], [ -97.672157884291437, 18.566291378180505, 2130.0 ], [ -97.672157730550211, 18.566294765983468, 2130.0 ], [ -97.67216362460411, 18.566303270060295, 2130.0 ], [ -97.672164289453661, 18.566325593261968, 2130.0 ], [ -97.672168821537667, 18.566343664425229, 2130.0 ], [ -97.672176725029558, 18.566359609569282, 2130.0 ], [ -97.672204887120543, 18.566404255972628, 2130.0 ], [ -97.672222504607433, 18.566438272279939, 2130.0 ], [ -97.672243803210947, 18.566489296740905, 2130.0 ], [ -97.672266900693458, 18.566556266345923, 2130.0 ], [ -97.672290402375552, 18.566606227797287, 2130.0 ], [ -97.672313868830628, 18.566645559152615, 2130.0 ], [ -97.672335976408576, 18.5666721343927, 2130.0 ], [ -97.672348484964786, 18.566680638464515, 2130.0 ], [ -97.672376350560299, 18.566686544078436, 2130.0 ], [ -97.67237857980794, 18.566689644191339, 2130.0 ], [ -97.67237884788203, 18.566695520603979, 2130.0 ], [ -97.672374539296584, 18.566706150700011, 2130.0 ], [ -97.672374975857579, 18.566711465748028, 2130.0 ], [ -97.672381865014984, 18.566726347882479, 2130.0 ], [ -97.672395358877239, 18.566745482055339, 2130.0 ], [ -97.672402246987062, 18.566762490208994, 2130.0 ], [ -97.672403419995945, 18.566779498362653, 2130.0 ], [ -97.672397325754019, 18.56680394758353, 2130.0 ], [ -97.672396765775545, 18.566817766708375, 2130.0 ], [ -97.672400641326263, 18.566835837871636, 2130.0 ], [ -97.672409829082909, 18.566856035054101, 2130.0 ], [ -97.672424279384586, 18.566869721302744, 2130.0 ], [ -97.672442113365719, 18.566876460586776, 2130.0 ], [ -97.672464405842135, 18.566876481812734, 2130.0 ], [ -97.672494500685303, 18.566866487981869, 2130.0 ], [ -97.672507876171153, 18.566865779308799, 2130.0 ], [ -97.672529054023741, 18.566868718691413, 2130.0 ], [ -97.67256583660982, 18.5668810640984, 2130.0 ] ] } },
{ "type": "Feature", "properties": { "FID": 168, "elev": 2123.0, "elevation": 2123.0, "ELEVATION": 2123.0, "is_master": false, "tipo": "Ordinaria (1m)" }, "geometry": { "type": "LineString", "coordinates": [ [ -97.671297987586826, 18.567005919408189, 2123.0 ], [ -97.671300642485008, 18.567003793388984, 2123.0 ], [ -97.671300905766842, 18.566997415331361, 2123.0 ], [ -97.671296280077996, 18.566993045180769, 2123.0 ], [ -97.671292936206527, 18.566992966439319, 2123.0 ], [ -97.671288783333907, 18.566997415331361, 2123.0 ], [ -97.671289426796875, 18.567002730379379, 2123.0 ], [ -97.671294050830355, 18.567006066594136, 2123.0 ], [ -97.671297987586826, 18.567005919408189, 2123.0 ] ] } },
{ "type": "Feature", "properties": { "FID": 169, "elev": 2127.0, "elevation": 2127.0, "ELEVATION": 2127.0, "is_master": false, "tipo": "Ordinaria (1m)" }, "geometry": { "type": "LineString", "coordinates": [ [ -97.670769063010781, 18.567004863438385, 2127.0 ], [ -97.670766731268984, 18.567002730379379, 2127.0 ], [ -97.670769063010781, 18.567000954397997, 2127.0 ], [ -97.670771182484856, 18.567002730379379, 2127.0 ], [ -97.670769063010781, 18.567004863438385, 2127.0 ] ] } },
{ "type": "Feature", "properties": { "FID": 170, "elev": 2110.0, "elevation": 2110.0, "ELEVATION": 2110.0, "is_master": true, "tipo": "Maestra (5m)" }, "geometry": { "type": "LineString", "coordinates": [ [ -97.671557102052049, 18.566998496668717, 2110.0 ], [ -97.671554348275549, 18.566997415331361, 2110.0 ], [ -97.671555987428221, 18.566991860248919, 2110.0 ], [ -97.671557999188295, 18.566993163292949, 2110.0 ], [ -97.671557102052049, 18.566998496668717, 2110.0 ] ] } },
{ "type": "Feature", "properties": { "FID": 171, "elev": 2126.0, "elevation": 2126.0, "ELEVATION": 2126.0, "is_master": false, "tipo": "Ordinaria (1m)" }, "geometry": { "type": "LineString", "coordinates": [ [ -97.671074698578451, 18.566948516889603, 2126.0 ], [ -97.671074469937665, 18.566947666481919, 2126.0 ], [ -97.671074098396389, 18.566948516889603, 2126.0 ], [ -97.671074698578451, 18.566948516889603, 2126.0 ] ] } },
{ "type": "Feature", "properties": { "FID": 172, "elev": 2110.0, "elevation": 2110.0, "ELEVATION": 2110.0, "is_master": true, "tipo": "Maestra (5m)" }, "geometry": { "type": "LineString", "coordinates": [ [ -97.671557102052049, 18.566937021972194, 2110.0 ], [ -97.671549299685296, 18.566935991673986, 2110.0 ], [ -97.671536865234316, 18.56692938271674, 2110.0 ], [ -97.67152700720888, 18.566918882256022, 2110.0 ], [ -97.671525986958244, 18.566913437572687, 2110.0 ], [ -97.671522564248434, 18.566910248543877, 2110.0 ], [ -97.671495797741898, 18.566890905652233, 2110.0 ], [ -97.671479078384593, 18.566883464049933, 2110.0 ], [ -97.671466731546076, 18.566868791169341, 2110.0 ], [ -97.671463281857982, 18.566862413111721, 2110.0 ], [ -97.671460619783346, 18.566849656996482, 2110.0 ], [ -97.671473505265496, 18.566823208472769, 2110.0 ], [ -97.671478109463237, 18.566827333794809, 2110.0 ], [ -97.671476790982666, 18.566833711852428, 2110.0 ], [ -97.671489109998987, 18.566848442128361, 2110.0 ], [ -97.671499141613367, 18.566840521556372, 2110.0 ], [ -97.671520319465955, 18.566849478172436, 2110.0 ], [ -97.67152238181805, 18.566864539130929, 2110.0 ], [ -97.671525858808579, 18.566871980198155, 2110.0 ], [ -97.671550414310062, 18.566890051361412, 2110.0 ], [ -97.671556936780235, 18.566901744467049, 2110.0 ], [ -97.671564904418787, 18.56691122750156, 2110.0 ], [ -97.671565478175964, 18.566914500582293, 2110.0 ], [ -97.671560311399944, 18.566934697764758, 2110.0 ], [ -97.671557102052049, 18.566937021972194, 2110.0 ] ] } },
{ "type": "Feature", "properties": { "FID": 173, "elev": 2131.0, "elevation": 2131.0, "ELEVATION": 2131.0, "is_master": false, "tipo": "Ordinaria (1m)" }, "geometry": { "type": "LineString", "coordinates": [ [ -97.671266624329064, 18.565055296785825, 2131.0 ], [ -97.671276216849222, 18.565071387298712, 2131.0 ], [ -97.671285133839788, 18.565079852688672, 2131.0 ], [ -97.671300738573279, 18.565089194352701, 2131.0 ], [ -97.671319687178226, 18.565095872212833, 2131.0 ], [ -97.671355355140491, 18.565100870647214, 2131.0 ], [ -97.671372074497796, 18.565107536114908, 2131.0 ], [ -97.671387679231287, 18.565107521346427, 2131.0 ], [ -97.67139548159804, 18.565105912396945, 2131.0 ], [ -97.671407742460062, 18.565107740924091, 2131.0 ], [ -97.671411086331531, 18.565105922618191, 2131.0 ], [ -97.671413043115564, 18.565116951342826, 2131.0 ], [ -97.671407954238589, 18.565130770467672, 2131.0 ], [ -97.671412200955345, 18.565130831560175, 2131.0 ], [ -97.671420003322098, 18.565124888481197, 2131.0 ], [ -97.671423347193553, 18.565127463326682, 2131.0 ], [ -97.671425473098594, 18.565150967650137, 2131.0 ], [ -97.671435759749954, 18.565175416871018, 2131.0 ], [ -97.671435608055589, 18.565179760024538, 2131.0 ], [ -97.671426570685639, 18.565188172986257, 2131.0 ], [ -97.671426876835653, 18.565196677063085, 2131.0 ], [ -97.671431149560306, 18.565201120690439, 2131.0 ], [ -97.671445639669969, 18.56520314477212, 2131.0 ], [ -97.671453509081758, 18.56521049618793, 2131.0 ], [ -97.671466880495657, 18.565241323466431, 2131.0 ], [ -97.671472698941869, 18.565270024725727, 2131.0 ], [ -97.671472670927187, 18.56529553695621, 2131.0 ], [ -97.671463170407861, 18.565347624426778, 2131.0 ], [ -97.671462701428069, 18.565381640734088, 2131.0 ], [ -97.671457034986133, 18.565422035099022, 2131.0 ], [ -97.671451361928888, 18.565442232281487, 2131.0 ], [ -97.671433768584365, 18.56547093354078, 2131.0 ], [ -97.671436705126268, 18.565475185579196, 2131.0 ], [ -97.671443669174295, 18.565477311598404, 2131.0 ], [ -97.671448774549461, 18.565482626646418, 2131.0 ], [ -97.671450444082993, 18.565492193732851, 2131.0 ], [ -97.671448972719844, 18.565513453924918, 2131.0 ], [ -97.671455507524456, 18.565520894992144, 2131.0 ], [ -97.671461244406558, 18.565521958001746, 2131.0 ], [ -97.671463068333352, 18.565524084020954, 2131.0 ], [ -97.671458360069892, 18.565528336059369, 2131.0 ], [ -97.67145121278908, 18.565529995391433, 2131.0 ], [ -97.671447826047469, 18.565542155184215, 2131.0 ], [ -97.671454506677406, 18.565552785280246, 2131.0 ], [ -97.671469046770213, 18.565555839750882, 2131.0 ], [ -97.671471252427921, 18.56556235236668, 2131.0 ], [ -97.671469871539131, 18.565572982462715, 2131.0 ], [ -97.671474636349998, 18.565579360520335, 2131.0 ], [ -97.671474000206757, 18.565582549549145, 2131.0 ], [ -97.671468143021158, 18.565588927606765, 2131.0 ], [ -97.671467932146385, 18.565592973901385, 2131.0 ], [ -97.67148584517885, 18.565595305664388, 2131.0 ], [ -97.671493568494256, 18.565601624113992, 2131.0 ], [ -97.671494830425203, 18.565604872750818, 2131.0 ], [ -97.671494801335768, 18.565615502846853, 2131.0 ], [ -97.67148682652639, 18.565631447990906, 2131.0 ], [ -97.671480193008421, 18.565636822628971, 2131.0 ], [ -97.671471276017854, 18.565637820661653, 2131.0 ], [ -97.671469046770213, 18.565639851453653, 2131.0 ], [ -97.671466717286606, 18.565650582163766, 2131.0 ], [ -97.671482422256062, 18.565662438950817, 2131.0 ], [ -97.671509173227747, 18.565661076778184, 2131.0 ], [ -97.671520319465955, 18.565658945677342, 2131.0 ], [ -97.671527184261038, 18.565652708182974, 2131.0 ], [ -97.671528111115165, 18.565643141096544, 2131.0 ], [ -97.671531767581456, 18.565635700029318, 2131.0 ], [ -97.671530351080349, 18.565632354098721, 2131.0 ], [ -97.671524164406847, 18.565630384981301, 2131.0 ], [ -97.671520704517832, 18.565627195952491, 2131.0 ], [ -97.671521293590985, 18.565619754885265, 2131.0 ], [ -97.671523714002149, 18.565614439837251, 2131.0 ], [ -97.671529236456522, 18.565610871162153, 2131.0 ], [ -97.671538153447088, 18.565618657212308, 2131.0 ], [ -97.671552019367425, 18.565624006923681, 2131.0 ], [ -97.671555745118695, 18.565632511000508, 2131.0 ], [ -97.671551528932937, 18.56563741719868, 2131.0 ], [ -97.671551360050543, 18.565641015077336, 2131.0 ], [ -97.671539268070916, 18.565642588331549, 2131.0 ], [ -97.671535924199446, 18.565644951085869, 2131.0 ], [ -97.671537308490329, 18.565652708182974, 2131.0 ], [ -97.671533996201489, 18.565662275269407, 2131.0 ], [ -97.67153579391875, 18.565669716336629, 2131.0 ], [ -97.671534809575633, 18.565671488019301, 2131.0 ], [ -97.671528509527946, 18.565670779346235, 2131.0 ], [ -97.671525311042203, 18.565675031384647, 2131.0 ], [ -97.671528121832708, 18.565677348633095, 2131.0 ], [ -97.671534809575633, 18.565677039291675, 2131.0 ], [ -97.671544841190013, 18.565685846775935, 2131.0 ], [ -97.671557102052049, 18.565687655628803, 2131.0 ], [ -97.671562675171145, 18.565691154639349, 2131.0 ], [ -97.671568248290257, 18.565688767245032, 2131.0 ], [ -97.671571592161712, 18.565689128420498, 2131.0 ], [ -97.671573869350169, 18.565692039538302, 2131.0 ], [ -97.671574089708187, 18.565701606624735, 2131.0 ], [ -97.671570021555425, 18.565714362739975, 2131.0 ], [ -97.671570269956135, 18.565720740797595, 2131.0 ], [ -97.671580509152278, 18.565726221940864, 2131.0 ], [ -97.67158290020015, 18.565732433903236, 2131.0 ], [ -97.671589104140409, 18.565738811960856, 2131.0 ], [ -97.671595059511887, 18.565752631085701, 2131.0 ], [ -97.67159947697489, 18.565755820114511, 2131.0 ], [ -97.671599937902883, 18.565761135162528, 2131.0 ], [ -97.671603004287576, 18.565764324191338, 2131.0 ], [ -97.671608374747805, 18.565766291995164, 2131.0 ], [ -97.671614820379816, 18.565773891277768, 2131.0 ], [ -97.671620897613039, 18.565789836421821, 2131.0 ], [ -97.671621691569243, 18.565803655546667, 2131.0 ], [ -97.671612817974264, 18.565807907585082, 2131.0 ], [ -97.67161506249073, 18.565811146730969, 2131.0 ], [ -97.671617291738372, 18.565811447220568, 2131.0 ], [ -97.671621750233655, 18.565807992625849, 2131.0 ], [ -97.67162509410511, 18.565809613344676, 2131.0 ], [ -97.671628784540289, 18.565821726709927, 2131.0 ], [ -97.671628397688963, 18.565827041757942, 2131.0 ], [ -97.671617375860919, 18.565837671853977, 2131.0 ], [ -97.671619777448129, 18.565845112921203, 2131.0 ], [ -97.671619330993309, 18.565852553988428, 2131.0 ], [ -97.671621899959234, 18.56585680602684, 2131.0 ], [ -97.671621526509867, 18.56586318408446, 2131.0 ], [ -97.67162509410511, 18.56586519251411, 2131.0 ], [ -97.671639584214788, 18.565862899349746, 2131.0 ], [ -97.671642928086243, 18.565861169125959, 2131.0 ], [ -97.671645157333884, 18.56585618478746, 2131.0 ], [ -97.671650730452996, 18.565855605395459, 2131.0 ], [ -97.671655057816054, 18.565852553988428, 2131.0 ], [ -97.671649974101115, 18.565845112921203, 2131.0 ], [ -97.671641766282576, 18.565839797873185, 2131.0 ], [ -97.671638288140571, 18.565832356805959, 2131.0 ], [ -97.671638439465994, 18.565824915738737, 2131.0 ], [ -97.671642752093007, 18.565820663700322, 2131.0 ], [ -97.671644818861736, 18.565810033604286, 2131.0 ], [ -97.671640550222094, 18.565797277489047, 2131.0 ], [ -97.671652959700637, 18.565795961212054, 2131.0 ], [ -97.671661876691203, 18.565798479844478, 2131.0 ], [ -97.6716674498103, 18.5657909440616, 2131.0 ], [ -97.671675252177039, 18.565788870476425, 2131.0 ], [ -97.671681939919964, 18.565783458363935, 2131.0 ], [ -97.671687513039075, 18.565782726318009, 2131.0 ], [ -97.671691990163168, 18.565784521373804, 2131.0 ], [ -97.671693589186461, 18.565789836421821, 2131.0 ], [ -97.671689583054743, 18.565801529527459, 2131.0 ], [ -97.67168956285947, 18.565808970594684, 2131.0 ], [ -97.671693740999672, 18.565812159623494, 2131.0 ], [ -97.671697440677363, 18.56581960069072, 2131.0 ], [ -97.671706461644021, 18.565825520293959, 2131.0 ], [ -97.671715378620135, 18.565824915738737, 2131.0 ], [ -97.671715378634588, 18.565821498922155, 2131.0 ], [ -97.671719837129871, 18.565819340361838, 2131.0 ], [ -97.671728754120437, 18.565819436683523, 2131.0 ], [ -97.671735441863362, 18.565821862002057, 2131.0 ], [ -97.671759762335896, 18.565845112921203, 2131.0 ], [ -97.671786714559119, 18.565867288623934, 2131.0 ], [ -97.671789153808348, 18.565871688161288, 2131.0 ], [ -97.671787686389095, 18.565880192238115, 2131.0 ], [ -97.67179228767823, 18.565887447966208, 2131.0 ], [ -97.671800090044968, 18.565887948677034, 2131.0 ], [ -97.671812350907004, 18.565883285575261, 2131.0 ], [ -97.671820153273742, 18.565882378068604, 2131.0 ], [ -97.671825726392854, 18.565879349853148, 2131.0 ], [ -97.671842445750158, 18.565879411141534, 2131.0 ], [ -97.671848018869255, 18.56587697424008, 2131.0 ], [ -97.671860279731291, 18.565881845808612, 2131.0 ], [ -97.671864244295236, 18.565879129228513, 2131.0 ], [ -97.671862666801772, 18.565872751170893, 2131.0 ], [ -97.671866967474216, 18.565871485858423, 2131.0 ], [ -97.671878113712424, 18.565878863476112, 2131.0 ], [ -97.671882572207707, 18.565880499951422, 2131.0 ], [ -97.671890374574446, 18.565880306771138, 2131.0 ], [ -97.671893549135959, 18.565884444276531, 2131.0 ], [ -97.671892746114494, 18.565886570295739, 2131.0 ], [ -97.67188849221202, 18.565888696314943, 2131.0 ], [ -97.671881457583879, 18.565890037156603, 2131.0 ], [ -97.671876999088596, 18.565895293416968, 2131.0 ], [ -97.671873655217141, 18.565891833489626, 2131.0 ], [ -97.671865852850388, 18.565888955585578, 2131.0 ], [ -97.671861933918237, 18.565890822334151, 2131.0 ], [ -97.671862497546897, 18.56589720039177, 2131.0 ], [ -97.671866229624641, 18.565900389420584, 2131.0 ], [ -97.671868488895043, 18.565908893497411, 2131.0 ], [ -97.671873655217141, 18.565913601111369, 2131.0 ], [ -97.671884801455349, 18.565915848464766, 2131.0 ], [ -97.671889259950632, 18.565910852627738, 2131.0 ], [ -97.671897298752725, 18.565909956507014, 2131.0 ], [ -97.671899191982632, 18.565905704468602, 2131.0 ], [ -97.671901520812654, 18.565904749257154, 2131.0 ], [ -97.671921584041428, 18.565907714786082, 2131.0 ], [ -97.671931615655822, 18.565904121202973, 2131.0 ], [ -97.67195613737988, 18.565903757228281, 2131.0 ], [ -97.671959481251335, 18.565904434762686, 2131.0 ], [ -97.671962825122804, 18.565907912257778, 2131.0 ], [ -97.67197075133663, 18.565909956507014, 2131.0 ], [ -97.671973836255091, 18.565917397574239, 2131.0 ], [ -97.671982105971395, 18.565924838641461, 2131.0 ], [ -97.671979931502264, 18.565929090679877, 2131.0 ], [ -97.671980796711807, 18.565932279708687, 2131.0 ], [ -97.671982888351579, 18.565933451188659, 2131.0 ], [ -97.671990690718317, 18.565931666433915, 2131.0 ], [ -97.671999412160844, 18.565942909804722, 2131.0 ], [ -97.672010723409457, 18.565971611064015, 2131.0 ], [ -97.672025350211413, 18.565989682227272, 2131.0 ], [ -97.672026940223446, 18.565996060284895, 2131.0 ], [ -97.67202620717832, 18.566009879409741, 2131.0 ], [ -97.672032589141935, 18.566024761544188, 2131.0 ], [ -97.672040848790246, 18.566026012143723, 2131.0 ], [ -97.672045307285529, 18.566029844058853, 2131.0 ], [ -97.672068545503379, 18.566067281928326, 2131.0 ], [ -97.672095402265555, 18.566105550274052, 2131.0 ], [ -97.672138996484136, 18.566160826773434, 2131.0 ], [ -97.672198044021329, 18.566241615503294, 2131.0 ], [ -97.67225368169008, 18.566335160348402, 2131.0 ], [ -97.672279266825512, 18.566381932770955, 2131.0 ], [ -97.672302963727944, 18.566430831212713, 2131.0 ], [ -97.672323138129585, 18.566481855673679, 2131.0 ], [ -97.672346064638774, 18.566557329355525, 2131.0 ], [ -97.672367329073751, 18.566601975758871, 2131.0 ], [ -97.672384180112985, 18.566629614008562, 2131.0 ], [ -97.672415228639167, 18.56666256730627, 2131.0 ], [ -97.67244768648483, 18.566689264033169, 2131.0 ], [ -97.672516793161719, 18.566737938116219, 2131.0 ], [ -97.67256583660982, 18.566764730122088, 2131.0 ] ] } },
{ "type": "Feature", "properties": { "FID": 174, "elev": 2123.0, "elevation": 2123.0, "ELEVATION": 2123.0, "is_master": false, "tipo": "Ordinaria (1m)" }, "geometry": { "type": "LineString", "coordinates": [ [ -97.671888241553333, 18.566862413111721, 2123.0 ], [ -97.671891402431143, 18.566857098063704, 2123.0 ], [ -97.671889654713226, 18.566851783015686, 2123.0 ], [ -97.67188703070299, 18.56684946185462, 2123.0 ], [ -97.671880342960065, 18.566849479828214, 2123.0 ], [ -97.671877306857866, 18.566853909034894, 2123.0 ], [ -97.671877935372606, 18.566859224082911, 2123.0 ], [ -97.671881457583879, 18.566862531694465, 2123.0 ], [ -97.671888241553333, 18.566862413111721, 2123.0 ] ] } },
{ "type": "Feature", "properties": { "FID": 175, "elev": 2129.0, "elevation": 2129.0, "ELEVATION": 2129.0, "is_master": false, "tipo": "Ordinaria (1m)" }, "geometry": { "type": "LineString", "coordinates": [ [ -97.670669228494489, 18.566839026900446, 2129.0 ], [ -97.670672336333453, 18.566837963890841, 2129.0 ], [ -97.670672220597453, 18.566834774862031, 2129.0 ], [ -97.670668746866909, 18.566834734494577, 2129.0 ], [ -97.670666286009123, 18.566836900881238, 2129.0 ], [ -97.670669228494489, 18.566839026900446, 2129.0 ] ] } },
{ "type": "Feature", "properties": { "FID": 176, "elev": 2127.0, "elevation": 2127.0, "ELEVATION": 2127.0, "is_master": false, "tipo": "Ordinaria (1m)" }, "geometry": { "type": "LineString", "coordinates": [ [ -97.671017862970757, 18.566836900881238, 2127.0 ], [ -97.671020114674192, 18.566833711852428, 2127.0 ], [ -97.671018738746625, 18.566826324608474, 2127.0 ], [ -97.671012443351287, 18.566828396804411, 2127.0 ], [ -97.671011385659014, 18.566831585833221, 2127.0 ], [ -97.671015394875155, 18.566836966046576, 2127.0 ], [ -97.671017862970757, 18.566836900881238, 2127.0 ] ] } },
{ "type": "Feature", "properties": { "FID": 177, "elev": 2130.0, "elevation": 2130.0, "ELEVATION": 2130.0, "is_master": true, "tipo": "Maestra (5m)" }, "geometry": { "type": "LineString", "coordinates": [ [ -97.670512699531997, 18.566596053276797, 2130.0 ], [ -97.670527189641675, 18.566597546552192, 2130.0 ], [ -97.670533877384599, 18.566600013279604, 2130.0 ], [ -97.670541501411535, 18.566607290806889, 2130.0 ], [ -97.670549482118091, 18.566620302044434, 2130.0 ], [ -97.670566201475395, 18.566633984159154, 2130.0 ], [ -97.670575118465962, 18.566636247188487, 2130.0 ], [ -97.670598525566206, 18.566637516381842, 2130.0 ], [ -97.670606327932944, 18.566637234969718, 2130.0 ], [ -97.670613015675869, 18.566634949499072, 2130.0 ], [ -97.670622954404934, 18.566626424979752, 2130.0 ], [ -97.670625053613136, 18.566616857893319, 2130.0 ], [ -97.670624307299789, 18.566603038768477, 2130.0 ], [ -97.670620400058681, 18.566594534691646, 2130.0 ], [ -97.670621863002452, 18.566592408672442, 2130.0 ], [ -97.670625276537891, 18.566595464825049, 2130.0 ], [ -97.670633078904643, 18.566592176139089, 2130.0 ], [ -97.670636422776099, 18.56659280350458, 2130.0 ], [ -97.670644225142851, 18.566600912735481, 2130.0 ], [ -97.670650912885776, 18.5666043217111, 2130.0 ], [ -97.670662059123984, 18.566604243512693, 2130.0 ], [ -97.67067097611455, 18.566599743438704, 2130.0 ], [ -97.670683236976572, 18.566590470243163, 2130.0 ], [ -97.670716749999457, 18.566557329355525, 2130.0 ], [ -97.670753458277289, 18.566524396901144, 2130.0 ], [ -97.670785729290756, 18.566486107712095, 2130.0 ], [ -97.670796928606293, 18.566482667426467, 2130.0 ], [ -97.670809189468315, 18.566482238357136, 2130.0 ], [ -97.670812533339785, 18.566483760232554, 2130.0 ], [ -97.670814656432782, 18.566481855673679, 2130.0 ], [ -97.670815988673624, 18.566475477616059, 2130.0 ], [ -97.670823832565574, 18.566466973539232, 2130.0 ], [ -97.67083175306945, 18.566453154414386, 2130.0 ], [ -97.670833822654757, 18.566436146260731, 2130.0 ], [ -97.670839284311484, 18.566431884193925, 2130.0 ], [ -97.670852659797333, 18.566433838752079, 2130.0 ], [ -97.670859347540258, 18.566432881302664, 2130.0 ], [ -97.670870493778466, 18.56642357617217, 2130.0 ], [ -97.670883934830414, 18.566397877915005, 2130.0 ], [ -97.670901559423015, 18.566373428694128, 2130.0 ], [ -97.670909378950398, 18.566356420540469, 2130.0 ], [ -97.670920651850395, 18.56634672057784, 2130.0 ], [ -97.670922881098036, 18.56634691989214, 2130.0 ], [ -97.670926224969506, 18.566351909932152, 2130.0 ], [ -97.670927370555091, 18.566348979473247, 2130.0 ], [ -97.670924553033771, 18.566344727434831, 2130.0 ], [ -97.670925458665621, 18.566342601415627, 2130.0 ], [ -97.670935141960072, 18.566332195111087, 2130.0 ], [ -97.670939669502843, 18.566322404233158, 2130.0 ], [ -97.670942163331887, 18.566289450935454, 2130.0 ], [ -97.670934221439609, 18.566267127733781, 2130.0 ], [ -97.670925110345678, 18.5662607496769, 2130.0 ], [ -97.670893900878696, 18.566258727727821, 2130.0 ], [ -97.670883869264316, 18.566252518944658, 2130.0 ], [ -97.670877281338448, 18.566243741522502, 2130.0 ], [ -97.670873560915737, 18.566233111426467, 2130.0 ], [ -97.670871260901919, 18.566217166282417, 2130.0 ], [ -97.670871283052634, 18.566198032109554, 2130.0 ], [ -97.670873645070941, 18.566178897936691, 2130.0 ], [ -97.670882483057028, 18.566149133667793, 2130.0 ], [ -97.670903956724032, 18.566116180370088, 2130.0 ], [ -97.670919776074541, 18.56607684901476, 2130.0 ], [ -97.670940704946233, 18.566043895717051, 2130.0 ], [ -97.670957398863379, 18.566024761544188, 2130.0 ], [ -97.670997560894023, 18.56598480204682, 2130.0 ], [ -97.670999790141664, 18.565983125247243, 2130.0 ], [ -97.671005363260775, 18.565985700445538, 2130.0 ], [ -97.671009821756058, 18.565985597128012, 2130.0 ], [ -97.671020514795572, 18.565980115140842, 2130.0 ], [ -97.671012982902297, 18.565972674073617, 2130.0 ], [ -97.67101450024289, 18.565958854948772, 2130.0 ], [ -97.671010406034668, 18.565943972814324, 2130.0 ], [ -97.671011879921906, 18.565932279708687, 2130.0 ], [ -97.671017377524606, 18.565914208545429, 2130.0 ], [ -97.671014280251342, 18.565909634382891, 2130.0 ], [ -97.671003134013134, 18.565902132756332, 2130.0 ], [ -97.67099965225006, 18.56589720039177, 2130.0 ], [ -97.670996224984592, 18.565884444276531, 2130.0 ], [ -97.670996209535943, 18.565868499132478, 2130.0 ], [ -97.671004248636947, 18.565859779372541, 2130.0 ], [ -97.670999790141664, 18.565851933899491, 2130.0 ], [ -97.670990903276078, 18.565846175930805, 2130.0 ], [ -97.670982949389682, 18.565833419815565, 2130.0 ], [ -97.670965406327767, 18.565790899431427, 2130.0 ], [ -97.670947286107562, 18.565752631085701, 2130.0 ], [ -97.670937229346492, 18.565722866816802, 2130.0 ], [ -97.670933695770927, 18.565702669634337, 2130.0 ], [ -97.670935233572976, 18.56568778749989, 2130.0 ], [ -97.670944058950639, 18.565675031382789, 2130.0 ], [ -97.670954090565019, 18.565672168345447, 2130.0 ], [ -97.670954119945549, 18.565666527307819, 2130.0 ], [ -97.670944058950639, 18.565657463752252, 2130.0 ], [ -97.670938589298714, 18.565635700029318, 2130.0 ], [ -97.670931798088603, 18.565622789854714, 2130.0 ], [ -97.670921766474223, 18.565612284694492, 2130.0 ], [ -97.670897244750165, 18.565595213228768, 2130.0 ], [ -97.670890679157793, 18.565587864597163, 2130.0 ], [ -97.670881792704861, 18.56555916333787, 2130.0 ], [ -97.670878442806242, 18.565552785280246, 2130.0 ], [ -97.670873837649921, 18.565548567312653, 2130.0 ], [ -97.670869379154638, 18.565547208331314, 2130.0 ], [ -97.6708615767879, 18.565548416806706, 2130.0 ], [ -97.670854889044975, 18.565553344435589, 2130.0 ], [ -97.670854566877949, 18.565558100328264, 2130.0 ], [ -97.670858923223236, 18.565567667414697, 2130.0 ], [ -97.670858246427031, 18.565571919453109, 2130.0 ], [ -97.670854889044975, 18.565575122750506, 2130.0 ], [ -97.670849315925864, 18.565575466326738, 2130.0 ], [ -97.670843853347975, 18.565570856443507, 2130.0 ], [ -97.670841513559125, 18.565570715562718, 2130.0 ], [ -97.670837494482853, 18.565570856443507, 2130.0 ], [ -97.670831481944731, 18.565574376573668, 2130.0 ], [ -97.670824794201806, 18.565568855484255, 2130.0 ], [ -97.670824578685426, 18.565560226347472, 2130.0 ], [ -97.670828179171139, 18.565552785280246, 2130.0 ], [ -97.67082780399835, 18.565549596251437, 2130.0 ], [ -97.670823679577992, 18.565545142451995, 2130.0 ], [ -97.670817927183734, 18.565544281203419, 2130.0 ], [ -97.670816908028769, 18.565538966155405, 2130.0 ], [ -97.670824794201806, 18.565529470485636, 2130.0 ], [ -97.670831093890513, 18.565526210040161, 2130.0 ], [ -97.670832569580085, 18.565518768972936, 2130.0 ], [ -97.670831578224536, 18.565515579944126, 2130.0 ], [ -97.670812741291982, 18.565491130723245, 2130.0 ], [ -97.670801387101577, 18.565486815784858, 2130.0 ], [ -97.670788011615727, 18.565485177869469, 2130.0 ], [ -97.670784390225677, 18.565478374608006, 2130.0 ], [ -97.670785518980949, 18.565444358300695, 2130.0 ], [ -97.670789276372545, 18.565434791214262, 2130.0 ], [ -97.670789936875053, 18.565420972089417, 2130.0 ], [ -97.670788140473974, 18.565412468012589, 2130.0 ], [ -97.670775569627324, 18.565391207820522, 2130.0 ], [ -97.670774377176869, 18.565383766753296, 2130.0 ], [ -97.670775645056608, 18.565377388695676, 2130.0 ], [ -97.670782550548751, 18.565368884618849, 2130.0 ], [ -97.670783814628336, 18.565362506561229, 2130.0 ], [ -97.670779337896235, 18.565356128503606, 2130.0 ], [ -97.670772406882236, 18.565353143246604, 2130.0 ], [ -97.670767948386953, 18.565355236334831, 2130.0 ], [ -97.670758792160058, 18.565356128503606, 2130.0 ], [ -97.670755888776455, 18.565359317532415, 2130.0 ], [ -97.67075623297913, 18.565366758599641, 2130.0 ], [ -97.670751229029648, 18.565369947629744, 2130.0 ], [ -97.670749794880322, 18.565362506561229, 2130.0 ], [ -97.670761260644028, 18.565335795617788, 2130.0 ], [ -97.670779094625161, 18.565336799127383, 2130.0 ], [ -97.670785782368085, 18.565338664774405, 2130.0 ], [ -97.670825908825634, 18.56533998326363, 2130.0 ], [ -97.670849315925864, 18.565345390419296, 2130.0 ], [ -97.670860462164072, 18.565350878372207, 2130.0 ], [ -97.670864920659355, 18.565347720603839, 2130.0 ], [ -97.670883869264316, 18.565345695076797, 2130.0 ], [ -97.670896130126337, 18.565334708860096, 2130.0 ], [ -97.67092423371983, 18.565322112196295, 2130.0 ], [ -97.67093086837933, 18.56531467112907, 2130.0 ], [ -97.670941689750222, 18.565289158898587, 2130.0 ], [ -97.670956349144873, 18.565275339773741, 2130.0 ], [ -97.670953511157037, 18.565265772687312, 2130.0 ], [ -97.67096969529851, 18.565256685999451, 2130.0 ], [ -97.670978612289076, 18.565255053262739, 2130.0 ], [ -97.670980541805946, 18.565253016572068, 2130.0 ], [ -97.670982866182172, 18.565244512495241, 2130.0 ], [ -97.670986917859778, 18.565240260456829, 2130.0 ], [ -97.67098856599965, 18.565231756380001, 2130.0 ], [ -97.67099697214401, 18.565222189293568, 2130.0 ], [ -97.670998858844129, 18.565201992111103, 2130.0 ], [ -97.670995284878956, 18.565194551043881, 2130.0 ], [ -97.670992499260123, 18.56517966890943, 2130.0 ], [ -97.670985277457348, 18.565172227842208, 2130.0 ], [ -97.670976299145011, 18.565152030659739, 2130.0 ], [ -97.67096363108277, 18.56513289648688, 2130.0 ], [ -97.67096316782829, 18.565129707458066, 2130.0 ], [ -97.670952810811741, 18.565122266390844, 2130.0 ], [ -97.670952327432801, 18.565120140371636, 2130.0 ], [ -97.670958588284606, 18.565113762314017, 2130.0 ], [ -97.670958573357282, 18.565108447265999, 2130.0 ], [ -97.670951861317377, 18.565108496140002, 2130.0 ], [ -97.670942944326811, 18.565102777881446, 2130.0 ], [ -97.670937371207714, 18.565103794673242, 2130.0 ], [ -97.670926717750561, 18.565091439112344, 2130.0 ], [ -97.670928454217147, 18.565090115630188, 2130.0 ], [ -97.670934967800093, 18.565090376102738, 2130.0 ], [ -97.670935219275009, 18.565086124064326, 2130.0 ], [ -97.670930523540491, 18.565077619987498, 2130.0 ], [ -97.670935156530319, 18.565071241929878, 2130.0 ], [ -97.670937398729279, 18.565063800862653, 2130.0 ], [ -97.670945143851156, 18.565060611833843, 2130.0 ], [ -97.670943895220574, 18.565055296785825, 2130.0 ] ] } },
{ "type": "Feature", "properties": { "FID": 178, "elev": 2118.0, "elevation": 2118.0, "ELEVATION": 2118.0, "is_master": false, "tipo": "Ordinaria (1m)" }, "geometry": { "type": "LineString", "coordinates": [ [ -97.671678313233514, 18.566827333794809, 2118.0 ], [ -97.671681939919964, 18.56682448156112, 2118.0 ], [ -97.671682577148303, 18.566820955737185, 2118.0 ], [ -97.67168082529615, 18.56681813745832, 2118.0 ], [ -97.67167748142468, 18.566817599493383, 2118.0 ], [ -97.671674106099999, 18.566818829717981, 2118.0 ], [ -97.671672482231131, 18.566823081756393, 2118.0 ], [ -97.671673022929397, 18.566826396904986, 2118.0 ], [ -97.671676366800867, 18.56682810460272, 2118.0 ], [ -97.671678313233514, 18.566827333794809, 2118.0 ] ] } },
{ "type": "Feature", "properties": { "FID": 179, "elev": 2127.0, "elevation": 2127.0, "ELEVATION": 2127.0, "is_master": false, "tipo": "Ordinaria (1m)" }, "geometry": { "type": "LineString", "coordinates": [ [ -97.670973039169965, 18.566822732956368, 2127.0 ], [ -97.670973039169965, 18.56682140928795, 2127.0 ], [ -97.670974037687145, 18.566822018746791, 2127.0 ], [ -97.670973039169965, 18.566822732956368, 2127.0 ] ] } },
{ "type": "Feature", "properties": { "FID": 180, "elev": 2116.0, "elevation": 2116.0, "ELEVATION": 2116.0, "is_master": false, "tipo": "Ordinaria (1m)" }, "geometry": { "type": "LineString", "coordinates": [ [ -97.671652959700637, 18.566800894521066, 2116.0 ], [ -97.671649615829168, 18.566800585506645, 2116.0 ], [ -97.671646091464638, 18.566795443506702, 2116.0 ], [ -97.671647213381831, 18.566789065449083, 2116.0 ], [ -97.671650730452996, 18.566787189776338, 2116.0 ], [ -97.671652959700637, 18.566787376444935, 2116.0 ], [ -97.671656564490192, 18.56679119146829, 2116.0 ], [ -97.671656303572092, 18.566795246653072, 2116.0 ], [ -97.671652959700637, 18.566800894521066, 2116.0 ] ] } },
{ "type": "Feature", "properties": { "FID": 181, "elev": 2129.0, "elevation": 2129.0, "ELEVATION": 2129.0, "is_master": false, "tipo": "Ordinaria (1m)" }, "geometry": { "type": "LineString", "coordinates": [ [ -97.670675434609834, 18.566793403677465, 2129.0 ], [ -97.670677663857475, 18.566788043324465, 2129.0 ], [ -97.670678548479557, 18.566789065449083, 2129.0 ], [ -97.670675434609834, 18.566793403677465, 2129.0 ] ] } },
{ "type": "Feature", "properties": { "FID": 182, "elev": 2129.0, "elevation": 2129.0, "ELEVATION": 2129.0, "is_master": false, "tipo": "Ordinaria (1m)" }, "geometry": { "type": "LineString", "coordinates": [ [ -97.670779105342703, 18.56678800243948, 2129.0 ], [ -97.670781712000746, 18.566784813410667, 2129.0 ], [ -97.670781119786753, 18.566782687391463, 2129.0 ], [ -97.670775750753705, 18.566780742861699, 2129.0 ], [ -97.670774445051507, 18.566785876420273, 2129.0 ], [ -97.670775750753705, 18.566787761672348, 2129.0 ], [ -97.670779105342703, 18.56678800243948, 2129.0 ] ] } },
{ "type": "Feature", "properties": { "FID": 183, "elev": 2129.0, "elevation": 2129.0, "ELEVATION": 2129.0, "is_master": false, "tipo": "Ordinaria (1m)" }, "geometry": { "type": "LineString", "coordinates": [ [ -97.670683236976572, 18.566780589719176, 2129.0 ], [ -97.670681447712028, 18.566779498362653, 2129.0 ], [ -97.670685466224214, 18.566776380201148, 2129.0 ], [ -97.670685773706651, 18.566778435353047, 2129.0 ], [ -97.670683236976572, 18.566780589719176, 2129.0 ] ] } },
{ "type": "Feature", "properties": { "FID": 184, "elev": 2121.0, "elevation": 2121.0, "ELEVATION": 2121.0, "is_master": false, "tipo": "Ordinaria (1m)" }, "geometry": { "type": "LineString", "coordinates": [ [ -97.671262907849695, 18.566768868266617, 2121.0 ], [ -97.671267100067581, 18.566764616228202, 2121.0 ], [ -97.671267343098364, 18.566756112151374, 2121.0 ], [ -97.671263127980922, 18.566752923122564, 2121.0 ], [ -97.671259497491903, 18.56675270808627, 2121.0 ], [ -97.671253030081601, 18.566758238170582, 2121.0 ], [ -97.671252611299636, 18.56676674224741, 2121.0 ], [ -97.67125503899662, 18.566768980473185, 2121.0 ], [ -97.671262907849695, 18.566768868266617, 2121.0 ] ] } },
{ "type": "Feature", "properties": { "FID": 185, "elev": 2132.0, "elevation": 2132.0, "ELEVATION": 2132.0, "is_master": false, "tipo": "Ordinaria (1m)" }, "geometry": { "type": "LineString", "coordinates": [ [ -97.671286782554191, 18.565055296785825, 2132.0 ], [ -97.671298509325638, 18.565067193338276, 2132.0 ], [ -97.671316343306771, 18.565074702365393, 2132.0 ], [ -97.671330833416434, 18.565075354959344, 2132.0 ], [ -97.671350896645208, 18.56507343047906, 2132.0 ], [ -97.67135312589285, 18.565067698564533, 2132.0 ], [ -97.671355355140491, 18.565066394409232, 2132.0 ], [ -97.671358392622466, 18.565068052901065, 2132.0 ], [ -97.671354627222897, 18.565072304939481, 2132.0 ], [ -97.671356228764566, 18.56507549396829, 2132.0 ], [ -97.671368730626341, 18.565079865825705, 2132.0 ], [ -97.671374303745438, 18.56507936151387, 2132.0 ], [ -97.671379876864549, 18.56507536718733, 2132.0 ], [ -97.671387679231287, 18.565074542854436, 2132.0 ], [ -97.671393252350398, 18.565075476397883, 2132.0 ], [ -97.671399752836521, 18.565082935035516, 2132.0 ], [ -97.671403283964779, 18.565083106298172, 2132.0 ], [ -97.671409971707703, 18.565076488396631, 2132.0 ], [ -97.671424461817381, 18.565074151784447, 2132.0 ], [ -97.671446754293797, 18.56508076069769, 2132.0 ], [ -97.671457889496125, 18.565088250083534, 2132.0 ], [ -97.671462596944068, 18.565095691150756, 2132.0 ], [ -97.67147150669652, 18.565124392410052, 2132.0 ], [ -97.671468727292037, 18.565152030659739, 2132.0 ], [ -97.671469964390752, 18.565162660755774, 2132.0 ], [ -97.671490358659838, 18.56520730715912, 2132.0 ], [ -97.671501392024751, 18.565236008418413, 2132.0 ], [ -97.671508303277449, 18.565261520648896, 2132.0 ], [ -97.671512779363638, 18.565290221908192, 2132.0 ], [ -97.671513966110183, 18.565334868311538, 2132.0 ], [ -97.671511660404875, 18.565369947628451, 2132.0 ], [ -97.67150717559025, 18.565402900926159, 2132.0 ], [ -97.671502589170771, 18.565414594031797, 2132.0 ], [ -97.671497081982395, 18.565423098108624, 2132.0 ], [ -97.671497305762372, 18.56543053917585, 2132.0 ], [ -97.671505696086058, 18.56544010626228, 2132.0 ], [ -97.671518090218314, 18.565441197245821, 2132.0 ], [ -97.671525966893313, 18.565448610339107, 2132.0 ], [ -97.671531651474808, 18.565462429463953, 2132.0 ], [ -97.671535822025604, 18.565487941694435, 2132.0 ], [ -97.671543726566199, 18.565499747886204, 2132.0 ], [ -97.67157270678554, 18.565513519340897, 2132.0 ], [ -97.671590540766672, 18.565515473643167, 2132.0 ], [ -97.671594999261956, 18.565506982072336, 2132.0 ], [ -97.671598343133411, 18.565514285005154, 2132.0 ], [ -97.671607604644066, 18.565514516934524, 2132.0 ], [ -97.67160951889808, 18.565519831982542, 2132.0 ], [ -97.671601965660827, 18.565528336059369, 2132.0 ], [ -97.671601433681275, 18.565531525088179, 2132.0 ], [ -97.671604941706434, 18.565538966155405, 2132.0 ], [ -97.671613947866902, 18.565547270917929, 2132.0 ], [ -97.671621750233655, 18.565548326545521, 2132.0 ], [ -97.671637354967146, 18.565545576746374, 2132.0 ], [ -97.671649615829168, 18.565541433856268, 2132.0 ], [ -97.671654886407524, 18.565544281203419, 2132.0 ], [ -97.671658714270123, 18.565550659261042, 2132.0 ], [ -97.671654074324451, 18.565555349883837, 2132.0 ], [ -97.671652420366527, 18.565560226347472, 2132.0 ], [ -97.671640698838601, 18.56556775411406, 2132.0 ], [ -97.671634011095676, 18.565564433469987, 2132.0 ], [ -97.671630667234425, 18.56556554139549, 2132.0 ], [ -97.671630623080702, 18.565572982462715, 2132.0 ], [ -97.671635005683086, 18.565575108481919, 2132.0 ], [ -97.671637511298712, 18.565582549549145, 2132.0 ], [ -97.671638135203821, 18.56558999061637, 2132.0 ], [ -97.671635202729874, 18.565597431683592, 2132.0 ], [ -97.671636715570529, 18.565601683722008, 2132.0 ], [ -97.671655188948279, 18.565609385985876, 2132.0 ], [ -97.671658532819734, 18.565606156140461, 2132.0 ], [ -97.671658654189883, 18.565603809741216, 2132.0 ], [ -97.671658532819734, 18.56560148166233, 2132.0 ], [ -97.671653215248526, 18.56559636867399, 2132.0 ], [ -97.671655126529345, 18.565594242654782, 2132.0 ], [ -97.671662991315017, 18.565589871400338, 2132.0 ], [ -97.671675252177039, 18.565590210044956, 2132.0 ], [ -97.671689742286716, 18.565583295588613, 2132.0 ], [ -97.671698659277283, 18.565593500235376, 2132.0 ], [ -97.671708390800646, 18.565597431683592, 2132.0 ], [ -97.671707576271885, 18.565600620712406, 2132.0 ], [ -97.671705347020207, 18.565600820026706, 2132.0 ], [ -97.671699773901096, 18.565597341214691, 2132.0 ], [ -97.671694200781999, 18.565596653408704, 2132.0 ], [ -97.671685283791433, 18.565600432697099, 2132.0 ], [ -97.671679710672322, 18.56560502039104, 2132.0 ], [ -97.671672010878325, 18.565613376827645, 2132.0 ], [ -97.67166555443616, 18.565624006923681, 2132.0 ], [ -97.67166531648553, 18.565633574010111, 2132.0 ], [ -97.671660838870082, 18.565641015077336, 2132.0 ], [ -97.671660848546807, 18.565650582163766, 2132.0 ], [ -97.671650730452996, 18.565648689445347, 2132.0 ], [ -97.671646665503701, 18.565651645173372, 2132.0 ], [ -97.67164523957797, 18.565659086240593, 2132.0 ], [ -97.671647540186925, 18.565666527307819, 2132.0 ], [ -97.671643717611445, 18.565682472451872, 2132.0 ], [ -97.671643792135711, 18.5656909765287, 2132.0 ], [ -97.671645866639949, 18.56569416555751, 2132.0 ], [ -97.671651845076809, 18.565697618178131, 2132.0 ], [ -97.671660762067376, 18.565696451028156, 2132.0 ], [ -97.671666193778975, 18.565704795653545, 2132.0 ], [ -97.671676366800867, 18.565710051173024, 2132.0 ], [ -97.671685747594637, 18.56572499283601, 2132.0 ], [ -97.671684252348498, 18.56573455992244, 2132.0 ], [ -97.671691759225055, 18.565743063999268, 2132.0 ], [ -97.671705347020207, 18.56574501579076, 2132.0 ], [ -97.671713149386946, 18.565748410312274, 2132.0 ], [ -97.671715378634588, 18.565748357787093, 2132.0 ], [ -97.671719837129871, 18.565743970902567, 2132.0 ], [ -97.671722467642098, 18.565745190018475, 2132.0 ], [ -97.671729531217338, 18.565764324191338, 2132.0 ], [ -97.671739900358645, 18.565769477477026, 2132.0 ], [ -97.671746495216254, 18.565778143316184, 2132.0 ], [ -97.671737656444904, 18.565791962441029, 2132.0 ], [ -97.67173928261532, 18.565799403508255, 2132.0 ], [ -97.671736478948134, 18.565802592537064, 2132.0 ], [ -97.671737164463821, 18.565805781565874, 2132.0 ], [ -97.671741014982473, 18.565808136999014, 2132.0 ], [ -97.671752161220681, 18.565807773181568, 2132.0 ], [ -97.671764422082703, 18.565812020970068, 2132.0 ], [ -97.671784485311477, 18.565827096741199, 2132.0 ], [ -97.671815694778459, 18.565847178931801, 2132.0 ], [ -97.671824611769026, 18.56584926409009, 2132.0 ], [ -97.67183464338342, 18.565848058610463, 2132.0 ], [ -97.671842445750158, 18.565836595216044, 2132.0 ], [ -97.671849133493083, 18.565831102509282, 2132.0 ], [ -97.671853591988366, 18.565830150559613, 2132.0 ], [ -97.671852182545251, 18.565823852729132, 2132.0 ], [ -97.671853325106611, 18.565821726709927, 2132.0 ], [ -97.671846904245442, 18.565816731596836, 2132.0 ], [ -97.671840216502517, 18.56581607044895, 2132.0 ], [ -97.671833528759592, 18.565821886161366, 2132.0 ], [ -97.671825726392854, 18.565820781812501, 2132.0 ], [ -97.67182369513759, 18.565813222633096, 2132.0 ], [ -97.671824399748189, 18.565802592537064, 2132.0 ], [ -97.671820442001604, 18.565795151469839, 2132.0 ], [ -97.671822382521384, 18.565792118957781, 2132.0 ], [ -97.671830184888137, 18.565793090329151, 2132.0 ], [ -97.671839071130449, 18.565782395354596, 2132.0 ], [ -97.671845789621614, 18.565781672176524, 2132.0 ], [ -97.671871425969499, 18.565785467613413, 2132.0 ], [ -97.671880342960065, 18.565789046317374, 2132.0 ], [ -97.67188703070299, 18.565788613055538, 2132.0 ], [ -97.671901520812654, 18.565791196085268, 2132.0 ], [ -97.671911552427048, 18.565798030676756, 2132.0 ], [ -97.671917125546145, 18.565807758943908, 2132.0 ], [ -97.671923813289069, 18.56580787537267, 2132.0 ], [ -97.671927098496127, 18.565811096613892, 2132.0 ], [ -97.671927142870487, 18.565815348652304, 2132.0 ], [ -97.671919354793786, 18.565819632660933, 2132.0 ], [ -97.671914655465656, 18.565824915738737, 2132.0 ], [ -97.671914896298503, 18.565828264218986, 2132.0 ], [ -97.671922703641258, 18.565831293796357, 2132.0 ], [ -97.671926390856655, 18.565834482825167, 2132.0 ], [ -97.671926000475437, 18.565836608844375, 2132.0 ], [ -97.671916120125331, 18.56584723894041, 2132.0 ], [ -97.671903750060295, 18.565850381951488, 2132.0 ], [ -97.671903153736551, 18.565854680007632, 2132.0 ], [ -97.671905979307937, 18.565858506842204, 2132.0 ], [ -97.671911552427048, 18.56585661303086, 2132.0 ], [ -97.671921584041428, 18.565856930134562, 2132.0 ], [ -97.671932945665887, 18.565849364959615, 2132.0 ], [ -97.671933529525404, 18.565841923892393, 2132.0 ], [ -97.671928485222963, 18.565835545834769, 2132.0 ], [ -97.671937188774919, 18.565829976263327, 2132.0 ], [ -97.671940813906602, 18.565832356805959, 2132.0 ], [ -97.671942643000818, 18.565846175930805, 2132.0 ], [ -97.671947220389313, 18.565848905279786, 2132.0 ], [ -97.671971742113371, 18.565848242397653, 2132.0 ], [ -97.671987346846862, 18.565857389933523, 2132.0 ], [ -97.672010753947092, 18.565861679686787, 2132.0 ], [ -97.672015351048444, 18.56585999505565, 2132.0 ], [ -97.672015518605136, 18.565854680007632, 2132.0 ], [ -97.672013935063745, 18.565852553988428, 2132.0 ], [ -97.672015212442375, 18.565850488712627, 2132.0 ], [ -97.672020785561472, 18.565849192667539, 2132.0 ], [ -97.672025327005514, 18.56585042796922, 2132.0 ], [ -97.67202774174784, 18.565854680007632, 2132.0 ], [ -97.672028996623624, 18.565865310103668, 2132.0 ], [ -97.672034161047321, 18.56586841409171, 2132.0 ], [ -97.672041982631725, 18.565877003209305, 2132.0 ], [ -97.672054129414505, 18.56589401136296, 2132.0 ], [ -97.672078859737283, 18.565921649612651, 2132.0 ], [ -97.672105387695012, 18.565957791939169, 2132.0 ], [ -97.672136871568298, 18.56599180824648, 2132.0 ], [ -97.672147817845044, 18.566006690380931, 2132.0 ], [ -97.672165784432195, 18.566038580669034, 2132.0 ], [ -97.672185560967662, 18.566082164062777, 2132.0 ], [ -97.672245976118319, 18.566171456869466, 2132.0 ], [ -97.672304958904576, 18.566272442781795, 2132.0 ], [ -97.67238330448204, 18.566420201116678, 2132.0 ], [ -97.672420816089144, 18.566500989846542, 2132.0 ], [ -97.672449880347585, 18.56654669925949, 2132.0 ], [ -97.672463334929049, 18.566560518384335, 2132.0 ], [ -97.672467968119619, 18.566567959451561, 2132.0 ], [ -97.672471165496276, 18.566587093624424, 2132.0 ], [ -97.672480194641949, 18.566601975758871, 2132.0 ], [ -97.672480723934868, 18.566606227797287, 2132.0 ], [ -97.67247942048067, 18.566615794883717, 2132.0 ], [ -97.672473265179747, 18.566622172941337, 2132.0 ], [ -97.672469702339271, 18.566632803037372, 2132.0 ], [ -97.672469838601202, 18.566644496143009, 2132.0 ], [ -97.672474418238878, 18.566654063229443, 2132.0 ], [ -97.672481125199454, 18.566660564534551, 2132.0 ], [ -97.672492271437662, 18.56666587097337, 2132.0 ], [ -97.672506761547325, 18.566669205692772, 2132.0 ], [ -97.672526824776099, 18.5666708136838, 2132.0 ], [ -97.67256583660982, 18.566684899832588, 2132.0 ] ] } },
{ "type": "Feature", "properties": { "FID": 186, "elev": 2118.0, "elevation": 2118.0, "ELEVATION": 2118.0, "is_master": false, "tipo": "Ordinaria (1m)" }, "geometry": { "type": "LineString", "coordinates": [ [ -97.671725410248982, 18.56675784485703, 2118.0 ], [ -97.671720361268456, 18.566752923122564, 2118.0 ], [ -97.67172318100134, 18.566749655931282, 2118.0 ], [ -97.671727670894469, 18.566750797103357, 2118.0 ], [ -97.671728267401377, 18.566753986132166, 2118.0 ], [ -97.671725410248982, 18.56675784485703, 2118.0 ] ] } },
{ "type": "Feature", "properties": { "FID": 187, "elev": 2111.0, "elevation": 2111.0, "ELEVATION": 2111.0, "is_master": false, "tipo": "Ordinaria (1m)" }, "geometry": { "type": "LineString", "coordinates": [ [ -97.671404398588606, 18.566757634532987, 2111.0 ], [ -97.671402158277701, 18.566756112151374, 2111.0 ], [ -97.671403283964779, 18.566752726268934, 2111.0 ], [ -97.67140551321242, 18.566752908692571, 2111.0 ], [ -97.671406179211715, 18.566755049141772, 2111.0 ], [ -97.671404398588606, 18.566757634532987, 2111.0 ] ] } },
{ "type": "Feature", "properties": { "FID": 188, "elev": 2129.0, "elevation": 2129.0, "ELEVATION": 2129.0, "is_master": false, "tipo": "Ordinaria (1m)" }, "geometry": { "type": "LineString", "coordinates": [ [ -97.670778585584358, 18.566750797103357, 2129.0 ], [ -97.67078649167415, 18.566744419045737, 2129.0 ], [ -97.670789614089401, 18.566732725940099, 2129.0 ], [ -97.670786896991913, 18.566728448791221, 2129.0 ], [ -97.670781323872802, 18.566729000144061, 2129.0 ], [ -97.670775549971296, 18.566741230016927, 2129.0 ], [ -97.670774981804357, 18.566748671084152, 2129.0 ], [ -97.670778585584358, 18.566750797103357, 2129.0 ] ] } },
{ "type": "Feature", "properties": { "FID": 189, "elev": 2111.0, "elevation": 2111.0, "ELEVATION": 2111.0, "is_master": false, "tipo": "Ordinaria (1m)" }, "geometry": { "type": "LineString", "coordinates": [ [ -97.671421117945911, 18.566745709843111, 2111.0 ], [ -97.671417774074456, 18.566745684533359, 2111.0 ], [ -97.671413507155137, 18.566741230016927, 2111.0 ], [ -97.671407805893935, 18.566729536911289, 2111.0 ], [ -97.671406656126194, 18.566724221863272, 2111.0 ], [ -97.671407918875346, 18.566719969824856, 2111.0 ], [ -97.671413315579173, 18.566716491058774, 2111.0 ], [ -97.671423576225848, 18.566721032834462, 2111.0 ], [ -97.671430332169493, 18.566729536911289, 2111.0 ], [ -97.671432151024348, 18.566739103997719, 2111.0 ], [ -97.671427805688836, 18.566743056897753, 2111.0 ], [ -97.671421117945911, 18.566745709843111, 2111.0 ] ] } },
{ "type": "Feature", "properties": { "FID": 190, "elev": 2118.0, "elevation": 2118.0, "ELEVATION": 2118.0, "is_master": false, "tipo": "Ordinaria (1m)" }, "geometry": { "type": "LineString", "coordinates": [ [ -97.671734327239548, 18.566729708238842, 2118.0 ], [ -97.671727639496623, 18.566729711652592, 2118.0 ], [ -97.671722066377512, 18.566727124697188, 2118.0 ], [ -97.671718710477734, 18.566723158853666, 2118.0 ], [ -97.671717703033053, 18.566716780796046, 2118.0 ], [ -97.671715378634588, 18.566713552757708, 2118.0 ], [ -97.671702364648368, 18.566706150700011, 2118.0 ], [ -97.671700852034263, 18.566704024680806, 2118.0 ], [ -97.671701951679822, 18.566699772642391, 2118.0 ], [ -97.671714264010774, 18.566699713197774, 2118.0 ], [ -97.671726632461969, 18.566708276719218, 2118.0 ], [ -97.671728977045206, 18.566719969824856, 2118.0 ], [ -97.671741516563188, 18.566726347882479, 2118.0 ], [ -97.671734327239548, 18.566729708238842, 2118.0 ] ] } },
{ "type": "Feature", "properties": { "FID": 191, "elev": 2130.0, "elevation": 2130.0, "ELEVATION": 2130.0, "is_master": true, "tipo": "Maestra (5m)" }, "geometry": { "type": "LineString", "coordinates": [ [ -97.670589647010942, 18.566710402738426, 2130.0 ], [ -97.670603644579302, 18.566696583613581, 2130.0 ], [ -97.670604098685303, 18.566689780352117, 2130.0 ], [ -97.670598525541422, 18.566689142546355, 2130.0 ], [ -97.670599619290826, 18.566687016527151, 2130.0 ], [ -97.670602984061489, 18.566688717342515, 2130.0 ], [ -97.67060521330913, 18.566687982899516, 2130.0 ], [ -97.670609839539054, 18.566680638469528, 2130.0 ], [ -97.670609549653847, 18.566677449440718, 2130.0 ], [ -97.670606419295552, 18.566674260411908, 2130.0 ], [ -97.670605351771712, 18.56666575633508, 2130.0 ], [ -97.670600754813847, 18.566660369462088, 2130.0 ], [ -97.670597131434263, 18.566667882354288, 2130.0 ], [ -97.670597973100485, 18.566676386431116, 2130.0 ], [ -97.670592693874454, 18.566683827498338, 2130.0 ], [ -97.670595098513857, 18.566690205555961, 2130.0 ], [ -97.670590723199453, 18.566694106910791, 2130.0 ], [ -97.670588493951811, 18.566695437556351, 2130.0 ], [ -97.670586616296916, 18.566694457594373, 2130.0 ], [ -97.670585150080356, 18.566689113154386, 2130.0 ], [ -97.670581806208887, 18.566686762003723, 2130.0 ], [ -97.670575118465962, 18.566688683625912, 2130.0 ], [ -97.670566201475395, 18.566683499215962, 2130.0 ], [ -97.670562421446789, 18.566685953517545, 2130.0 ], [ -97.670565508026229, 18.566691268565563, 2130.0 ], [ -97.670562046968428, 18.566697646623183, 2130.0 ], [ -97.67056285760394, 18.566700734128606, 2130.0 ], [ -97.670573141585976, 18.566701898661599, 2130.0 ], [ -97.670577347713603, 18.56671054447304, 2130.0 ], [ -97.670589647010942, 18.566710402738426, 2130.0 ] ] } },
{ "type": "Feature", "properties": { "FID": 192, "elev": 2130.0, "elevation": 2130.0, "ELEVATION": 2130.0, "is_master": true, "tipo": "Maestra (5m)" }, "geometry": { "type": "LineString", "coordinates": [ [ -97.6705647041193, 18.566709339728821, 2130.0 ], [ -97.67056538742429, 18.566707213709616, 2130.0 ], [ -97.67056285760394, 18.566704402866915, 2130.0 ], [ -97.670561664517976, 18.566708276719218, 2130.0 ], [ -97.6705647041193, 18.566709339728821, 2130.0 ] ] } },
{ "type": "Feature", "properties": { "FID": 193, "elev": 2130.0, "elevation": 2130.0, "ELEVATION": 2130.0, "is_master": true, "tipo": "Maestra (5m)" }, "geometry": { "type": "LineString", "coordinates": [ [ -97.670582920832715, 18.566703352483554, 2130.0 ], [ -97.670580232622314, 18.566701898661599, 2130.0 ], [ -97.670582920832715, 18.566699166540424, 2130.0 ], [ -97.670585291941563, 18.566700835651993, 2130.0 ], [ -97.670582920832715, 18.566703352483554, 2130.0 ] ] } },
{ "type": "Feature", "properties": { "FID": 194, "elev": 2119.0, "elevation": 2119.0, "ELEVATION": 2119.0, "is_master": false, "tipo": "Ordinaria (1m)" }, "geometry": { "type": "LineString", "coordinates": [ [ -97.671669679057942, 18.56669886059273, 2119.0 ], [ -97.6716674498103, 18.566698751648978, 2119.0 ], [ -97.671666340395007, 18.566696583613581, 2119.0 ], [ -97.671668564434114, 18.566693966457024, 2119.0 ], [ -97.671673798319887, 18.566695520603979, 2119.0 ], [ -97.671673858897265, 18.566697646623183, 2119.0 ], [ -97.671669679057942, 18.56669886059273, 2119.0 ] ] } },
{ "type": "Feature", "properties": { "FID": 195, "elev": 2112.0, "elevation": 2112.0, "ELEVATION": 2112.0, "is_master": false, "tipo": "Ordinaria (1m)" }, "geometry": { "type": "LineString", "coordinates": [ [ -97.671425576441194, 18.566698709639407, 2112.0 ], [ -97.671424461811398, 18.566697646623183, 2112.0 ], [ -97.671425576441194, 18.566698709625594, 2112.0 ], [ -97.671425576441194, 18.566698709639407, 2112.0 ] ] } },
{ "type": "Feature", "properties": { "FID": 196, "elev": 2133.0, "elevation": 2133.0, "ELEVATION": 2133.0, "is_master": false, "tipo": "Ordinaria (1m)" }, "geometry": { "type": "LineString", "coordinates": [ [ -97.671420866256668, 18.565055296785825, 2133.0 ], [ -97.671434493431761, 18.565062960229771, 2133.0 ], [ -97.671460129779646, 18.565071378333766, 2133.0 ], [ -97.671471432065189, 18.565080809016308, 2133.0 ], [ -97.671479146976822, 18.565095691150756, 2133.0 ], [ -97.671493670857672, 18.565139274544499, 2133.0 ], [ -97.671516983790269, 18.56517966890943, 2133.0 ], [ -97.67153278441404, 18.565211559197536, 2133.0 ], [ -97.67154372656745, 18.565239197447227, 2133.0 ], [ -97.671552864900505, 18.565268961716122, 2133.0 ], [ -97.671561737873844, 18.565307230061848, 2133.0 ], [ -97.671570302694946, 18.565356128503606, 2133.0 ], [ -97.671578540466058, 18.565383766753296, 2133.0 ], [ -97.67157847660296, 18.565394396849332, 2133.0 ], [ -97.671575147670609, 18.565403963935761, 2133.0 ], [ -97.671576299589645, 18.565413531022195, 2133.0 ], [ -97.671579394528464, 18.565415234123602, 2133.0 ], [ -97.671587196895203, 18.565413064789912, 2133.0 ], [ -97.671596113885769, 18.565406045039072, 2133.0 ], [ -97.671605030876336, 18.565407391225346, 2133.0 ], [ -97.671618118717333, 18.565419909079814, 2133.0 ], [ -97.671636249910904, 18.565431602185452, 2133.0 ], [ -97.671644197292935, 18.565442232281487, 2133.0 ], [ -97.6716437660304, 18.565447547329505, 2133.0 ], [ -97.671655188948279, 18.565461091744002, 2133.0 ], [ -97.671656303572092, 18.565470748669547, 2133.0 ], [ -97.671664105938845, 18.56547935914039, 2133.0 ], [ -97.671673022929397, 18.56548046759584, 2133.0 ], [ -97.671676645456827, 18.565483689656023, 2133.0 ], [ -97.671685283791433, 18.565498544533813, 2133.0 ], [ -97.671693086158172, 18.565501060090977, 2133.0 ], [ -97.671699773901096, 18.565498571789821, 2133.0 ], [ -97.671706461644021, 18.565499106960825, 2133.0 ], [ -97.671714264010774, 18.56549613594937, 2133.0 ], [ -97.67172318100134, 18.56549959240083, 2133.0 ], [ -97.671730983368079, 18.565505105977628, 2133.0 ], [ -97.67173655648719, 18.56550650007043, 2133.0 ], [ -97.67173875143871, 18.565511327905714, 2133.0 ], [ -97.6717300844779, 18.565527273049764, 2133.0 ], [ -97.671735441863362, 18.565533738718067, 2133.0 ], [ -97.671742129606287, 18.565534879066757, 2133.0 ], [ -97.671744358853928, 18.565536798449546, 2133.0 ], [ -97.671753107690037, 18.565554911299454, 2133.0 ], [ -97.671759963587419, 18.565563084541662, 2133.0 ], [ -97.671781141440022, 18.565565153987546, 2133.0 ], [ -97.671783418628465, 18.565566604405092, 2133.0 ], [ -97.671784574779608, 18.565574045472317, 2133.0 ], [ -97.67178894380676, 18.565576080555601, 2133.0 ], [ -97.671801204668796, 18.565573980555701, 2133.0 ], [ -97.671810121659362, 18.565578390991476, 2133.0 ], [ -97.671820153273742, 18.565578827068631, 2133.0 ], [ -97.671829070264309, 18.565576928381272, 2133.0 ], [ -97.671839101878703, 18.565577901134269, 2133.0 ], [ -97.671840527135387, 18.565579360520335, 2133.0 ], [ -97.67183464338342, 18.565583457791067, 2133.0 ], [ -97.671832716829144, 18.565588927606765, 2133.0 ], [ -97.671837987254875, 18.565601775023445, 2133.0 ], [ -97.671829070264309, 18.565602581603905, 2133.0 ], [ -97.671824611769026, 18.565608890424912, 2133.0 ], [ -97.671812350907004, 18.565607639821618, 2133.0 ], [ -97.671805663164079, 18.565601597698109, 2133.0 ], [ -97.671801295043693, 18.565603809741216, 2133.0 ], [ -97.671805598234528, 18.565609124789233, 2133.0 ], [ -97.671813465530818, 18.565614034165741, 2133.0 ], [ -97.671813242067586, 18.565616565856455, 2133.0 ], [ -97.671809007035534, 18.565625594876298, 2133.0 ], [ -97.671805663164079, 18.565627439124622, 2133.0 ], [ -97.671800050236982, 18.565627195952491, 2133.0 ], [ -97.671795631549685, 18.565631256692654, 2133.0 ], [ -97.671792233918239, 18.565637826048526, 2133.0 ], [ -97.671793618750399, 18.565639952067734, 2133.0 ], [ -97.67180231929261, 18.565642814016666, 2133.0 ], [ -97.671804548540251, 18.56564637497808, 2133.0 ], [ -97.671807892411721, 18.565647161308394, 2133.0 ], [ -97.671811471848002, 18.565644204106146, 2133.0 ], [ -97.671811170067897, 18.565642078086938, 2133.0 ], [ -97.671805795594622, 18.565637826048526, 2133.0 ], [ -97.671805501681476, 18.565635700029318, 2133.0 ], [ -97.671809007035534, 18.565632300823705, 2133.0 ], [ -97.671824611769026, 18.565630244234384, 2133.0 ], [ -97.67182919669925, 18.565634637019716, 2133.0 ], [ -97.671829070264309, 18.565640022935039, 2133.0 ], [ -97.671822382521384, 18.56564214361493, 2133.0 ], [ -97.671819194457555, 18.565645267115752, 2133.0 ], [ -97.671819651080597, 18.565652708182974, 2133.0 ], [ -97.671815558293915, 18.565662275269407, 2133.0 ], [ -97.671809929482833, 18.565667590317421, 2133.0 ], [ -97.671808775727811, 18.565672905365439, 2133.0 ], [ -97.671813465530818, 18.565678499492677, 2133.0 ], [ -97.671820153273742, 18.56567769138077, 2133.0 ], [ -97.671827955640495, 18.56567949602498, 2133.0 ], [ -97.671838031311154, 18.565689913519094, 2133.0 ], [ -97.671836027054368, 18.56569416555751, 2133.0 ], [ -97.67182126789757, 18.565697478361411, 2133.0 ], [ -97.671819487218045, 18.565699480605527, 2133.0 ], [ -97.671824945311755, 18.565705858663147, 2133.0 ], [ -97.671827915832495, 18.56571542574958, 2133.0 ], [ -97.671831556428785, 18.565720740797595, 2133.0 ], [ -97.671831333142848, 18.565723929826408, 2133.0 ], [ -97.671828051390108, 18.565729244874422, 2133.0 ], [ -97.671825904236357, 18.565738811960856, 2133.0 ], [ -97.671823497145212, 18.565740345880251, 2133.0 ], [ -97.671805663164079, 18.565738645400113, 2133.0 ], [ -97.671800090044968, 18.565742119968721, 2133.0 ], [ -97.67179228767823, 18.56574004665438, 2133.0 ], [ -97.671784485311477, 18.565746144642787, 2133.0 ], [ -97.671784485311477, 18.565748413093857, 2133.0 ], [ -97.671796746173513, 18.565752852191697, 2133.0 ], [ -97.671803433916438, 18.565751249564027, 2133.0 ], [ -97.671812350907004, 18.565752518735092, 2133.0 ], [ -97.671817924026101, 18.565750889179206, 2133.0 ], [ -97.671828156154831, 18.565757946133719, 2133.0 ], [ -97.671831958153305, 18.565764324191338, 2133.0 ], [ -97.6718331091365, 18.565770702248958, 2133.0 ], [ -97.671835661083421, 18.565772828268166, 2133.0 ], [ -97.6718446749978, 18.565777168579892, 2133.0 ], [ -97.67185470661218, 18.565776059535768, 2133.0 ], [ -97.671864738226574, 18.565780334288288, 2133.0 ], [ -97.671875884464782, 18.565782525107856, 2133.0 ], [ -97.671882572207707, 18.565782590923131, 2133.0 ], [ -97.671899291565012, 18.565778074734919, 2133.0 ], [ -97.671901114125589, 18.565776017296976, 2133.0 ], [ -97.671903496411929, 18.565763261181736, 2133.0 ], [ -97.671907002569156, 18.565756883124113, 2133.0 ], [ -97.671911552427048, 18.565753737780629, 2133.0 ], [ -97.671917125546145, 18.565753380024283, 2133.0 ], [ -97.67192070163091, 18.565746253028081, 2133.0 ], [ -97.671923813289069, 18.565744928720026, 2133.0 ], [ -97.671931789496227, 18.565748379047285, 2133.0 ], [ -97.671931376807862, 18.565752631085701, 2133.0 ], [ -97.671940532646389, 18.56576094233753, 2133.0 ], [ -97.671947220389313, 18.565760013905823, 2133.0 ], [ -97.671948335013127, 18.565757724673382, 2133.0 ], [ -97.671951678884597, 18.565756575204357, 2133.0 ], [ -97.671960595875163, 18.565757838870134, 2133.0 ], [ -97.671972856737185, 18.565766729949914, 2133.0 ], [ -97.671974958356145, 18.565777080306582, 2133.0 ], [ -97.671979406479068, 18.565781332344994, 2133.0 ], [ -97.671978516710098, 18.565784521373804, 2133.0 ], [ -97.671972856737185, 18.565787588528902, 2133.0 ], [ -97.671965705996669, 18.565795151469839, 2133.0 ], [ -97.671967053262492, 18.565801529527459, 2133.0 ], [ -97.671973971361012, 18.565806929096119, 2133.0 ], [ -97.671984199978667, 18.565811096613892, 2133.0 ], [ -97.671984209387219, 18.565813222633096, 2133.0 ], [ -97.671977002853822, 18.56581960069072, 2133.0 ], [ -97.671979544480109, 18.565821961485053, 2133.0 ], [ -97.671986232223034, 18.565822537595455, 2133.0 ], [ -97.67198887862429, 18.565818537681114, 2133.0 ], [ -97.671985440678583, 18.565812159623494, 2133.0 ], [ -97.671989693378919, 18.565803655546667, 2133.0 ], [ -97.671986650206975, 18.565799403508255, 2133.0 ], [ -97.671991805342145, 18.565792456364683, 2133.0 ], [ -97.6719951492136, 18.565791159760309, 2133.0 ], [ -97.672000722332712, 18.565792989538146, 2133.0 ], [ -97.672007697918048, 18.565783458364201, 2133.0 ], [ -97.672005196417132, 18.565766450210546, 2133.0 ], [ -97.672000530156183, 18.565762198172131, 2133.0 ], [ -97.672003010244765, 18.565755820114511, 2133.0 ], [ -97.671999607708884, 18.565754770392527, 2133.0 ], [ -97.671996263837428, 18.565756193002695, 2133.0 ], [ -97.671992345765815, 18.565752631085701, 2133.0 ], [ -97.671994034589787, 18.565750355246347, 2133.0 ], [ -97.671997378461242, 18.565750296178145, 2133.0 ], [ -97.67200852469945, 18.565753862958807, 2133.0 ], [ -97.672015212442375, 18.565753813683884, 2133.0 ], [ -97.672019670937658, 18.565747200010954, 2133.0 ], [ -97.672034161047321, 18.565743250492183, 2133.0 ], [ -97.672040032393539, 18.565735622932046, 2133.0 ], [ -97.672039701383383, 18.56573137089363, 2133.0 ], [ -97.67203671983593, 18.56572818186482, 2133.0 ], [ -97.672028587928224, 18.565722807760714, 2133.0 ], [ -97.6720219001853, 18.565721311966936, 2133.0 ], [ -97.672016684317427, 18.56571542574958, 2133.0 ], [ -97.672020584210074, 18.565711173711165, 2133.0 ], [ -97.672021854457142, 18.565705858663147, 2133.0 ], [ -97.672018763315407, 18.565700543615129, 2133.0 ], [ -97.672011573523434, 18.565695228567112, 2133.0 ], [ -97.672014097818561, 18.565693040366284, 2133.0 ], [ -97.672017441690016, 18.565692974130638, 2133.0 ], [ -97.672025244056755, 18.565697163244593, 2133.0 ], [ -97.672029591089668, 18.565704795653545, 2133.0 ], [ -97.672034107970006, 18.565707984682355, 2133.0 ], [ -97.672034339937568, 18.565712236720767, 2133.0 ], [ -97.67203952185713, 18.565717551768785, 2133.0 ], [ -97.672041180164896, 18.5657218038072, 2133.0 ], [ -97.672040848790246, 18.565728819670582, 2133.0 ], [ -97.672043078037888, 18.565729365215134, 2133.0 ], [ -97.672047536533171, 18.565726425588085, 2133.0 ], [ -97.672054224276096, 18.565728124404842, 2133.0 ], [ -97.672065399094407, 18.565737748951253, 2133.0 ], [ -97.672079860627591, 18.565755820114511, 2133.0 ], [ -97.672084231122639, 18.565768576229754, 2133.0 ], [ -97.67208102169046, 18.565780269335391, 2133.0 ], [ -97.672081081402453, 18.565790899431427, 2133.0 ], [ -97.672085661217338, 18.565800466517857, 2133.0 ], [ -97.672095972004655, 18.565810033604286, 2133.0 ], [ -97.672095287017655, 18.565821726709927, 2133.0 ], [ -97.672097694605114, 18.565825219455764, 2133.0 ], [ -97.672101038476569, 18.565828051617068, 2133.0 ], [ -97.672105496971852, 18.565828769148549, 2133.0 ], [ -97.672109955467135, 18.565828075239502, 2133.0 ], [ -97.672117757833888, 18.565823644295879, 2133.0 ], [ -97.672125560200627, 18.565823631268799, 2133.0 ], [ -97.672134305710614, 18.565829167777149, 2133.0 ], [ -97.672139075014456, 18.565834482825167, 2133.0 ], [ -97.672144682965552, 18.565845112921203, 2133.0 ], [ -97.672151080095276, 18.565865310103668, 2133.0 ], [ -97.672165654350238, 18.565899326410978, 2133.0 ], [ -97.672191259313266, 18.565947161843134, 2133.0 ], [ -97.67223921272074, 18.566017320476963, 2133.0 ], [ -97.672286182137469, 18.566075786005154, 2133.0 ], [ -97.672300326659112, 18.566097046197225, 2133.0 ], [ -97.672326425394829, 18.566148070658191, 2133.0 ], [ -97.67234934001867, 18.566200158128762, 2133.0 ], [ -97.672373257479194, 18.566247993560918, 2133.0 ], [ -97.67240863981911, 18.566308585108313, 2133.0 ], [ -97.672466727975092, 18.566400003934213, 2133.0 ], [ -97.67247137224102, 18.56641169703985, 2133.0 ], [ -97.672474236018488, 18.566436146260731, 2133.0 ], [ -97.672478768566222, 18.566447839366369, 2133.0 ], [ -97.672486635226633, 18.566457406452802, 2133.0 ], [ -97.672506810009224, 18.566473351596851, 2133.0 ], [ -97.672518987577362, 18.566491422760112, 2133.0 ], [ -97.672552714447576, 18.566559455374733, 2133.0 ], [ -97.672558338231397, 18.566584967605216, 2133.0 ], [ -97.672557836087734, 18.566608353816491, 2133.0 ], [ -97.67256583660982, 18.566624462500485, 2133.0 ] ] } },
{ "type": "Feature", "properties": { "FID": 197, "elev": 2111.0, "elevation": 2111.0, "ELEVATION": 2111.0, "is_master": false, "tipo": "Ordinaria (1m)" }, "geometry": { "type": "LineString", "coordinates": [ [ -97.671393252350398, 18.566670109079666, 2111.0 ], [ -97.671389908478929, 18.566670464880687, 2111.0 ], [ -97.67138213469228, 18.566663630315873, 2111.0 ], [ -97.671381262613082, 18.566644496143009, 2111.0 ], [ -97.67137934923197, 18.566639181094992, 2111.0 ], [ -97.671380991488363, 18.566637266776851, 2111.0 ], [ -97.671383449142525, 18.566637055075788, 2111.0 ], [ -97.671393212542398, 18.566647685171819, 2111.0 ], [ -97.671395366857354, 18.566664693325478, 2111.0 ], [ -97.671393252350398, 18.566670109079666, 2111.0 ] ] } },
{ "type": "Feature", "properties": { "FID": 198, "elev": 2131.0, "elevation": 2131.0, "ELEVATION": 2131.0, "is_master": false, "tipo": "Ordinaria (1m)" }, "geometry": { "type": "LineString", "coordinates": [ [ -97.670512699531997, 18.566440301661906, 2131.0 ], [ -97.670536106632241, 18.566443454451754, 2131.0 ], [ -97.670560628356299, 18.566450250583273, 2131.0 ], [ -97.67058626470417, 18.566448089486276, 2131.0 ], [ -97.67061858879498, 18.566453306272901, 2131.0 ], [ -97.670621932666435, 18.566448028669448, 2131.0 ], [ -97.670625276537891, 18.566447443647466, 2131.0 ], [ -97.670629735033174, 18.566448902374194, 2131.0 ], [ -97.670633078904643, 18.566453744975277, 2131.0 ], [ -97.670639766647568, 18.566455135477739, 2131.0 ], [ -97.670650912885776, 18.566450984103113, 2131.0 ], [ -97.670672090738364, 18.566436034364983, 2131.0 ], [ -97.670687695471855, 18.566432673762694, 2131.0 ], [ -97.670688710065335, 18.566423390145488, 2131.0 ], [ -97.670693268590966, 18.566419050661555, 2131.0 ], [ -97.670703300205346, 18.566419539688482, 2131.0 ], [ -97.670709987948271, 18.566426266524417, 2131.0 ], [ -97.670717121540733, 18.566421264126284, 2131.0 ], [ -97.670725592670919, 18.566409571020642, 2131.0 ], [ -97.670734408342895, 18.566382995780558, 2131.0 ], [ -97.670731537342149, 18.56637768073254, 2131.0 ], [ -97.670727821929404, 18.566377205175613, 2131.0 ], [ -97.670725411931954, 18.56637449170373, 2131.0 ], [ -97.670733377900447, 18.566367050636504, 2131.0 ], [ -97.670732391887071, 18.566359609569282, 2131.0 ], [ -97.67073673891997, 18.566359642788331, 2131.0 ], [ -97.670740584372155, 18.56636811364611, 2131.0 ], [ -97.670742312039081, 18.566370133364355, 2131.0 ], [ -97.670744541286723, 18.566369412880068, 2131.0 ], [ -97.670746818996264, 18.566365987626902, 2131.0 ], [ -97.67074984991882, 18.566345790444437, 2131.0 ], [ -97.670761260644028, 18.566327518171253, 2131.0 ], [ -97.670783553120444, 18.566308478807354, 2131.0 ], [ -97.670800272477749, 18.566307685638652, 2131.0 ], [ -97.670811418715957, 18.566302425905612, 2131.0 ], [ -97.670821215672703, 18.566290513945056, 2131.0 ], [ -97.670823958233953, 18.566282009868228, 2131.0 ], [ -97.670824320868405, 18.566273505791401, 2131.0 ], [ -97.670823974006922, 18.566262875695365, 2131.0 ], [ -97.670821235463109, 18.56625224559933, 2131.0 ], [ -97.670821301713843, 18.566235237445674, 2131.0 ], [ -97.670831584607456, 18.566210788224794, 2131.0 ], [ -97.670842500605517, 18.566160826773434, 2131.0 ], [ -97.670852673066662, 18.566139566581363, 2131.0 ], [ -97.6708615767879, 18.566131043408554, 2131.0 ], [ -97.670880525392846, 18.566121602913459, 2131.0 ], [ -97.670887433350202, 18.56611086532207, 2131.0 ], [ -97.670891904591016, 18.566097046197225, 2131.0 ], [ -97.670893734756874, 18.566064092899516, 2131.0 ], [ -97.67089939438182, 18.566047084745861, 2131.0 ], [ -97.670909498279144, 18.56602582455379, 2131.0 ], [ -97.67091950293046, 18.566010942419343, 2131.0 ], [ -97.670931676493282, 18.565999249313705, 2131.0 ], [ -97.670954090565019, 18.565988480726983, 2131.0 ], [ -97.670967466050868, 18.565985339719958, 2131.0 ], [ -97.670971697493144, 18.56598224116005, 2131.0 ], [ -97.670975464508842, 18.56597586310243, 2131.0 ], [ -97.670974943490378, 18.565956728929567, 2131.0 ], [ -97.67097672309616, 18.565940783785514, 2131.0 ], [ -97.670971736213161, 18.565923775631859, 2131.0 ], [ -97.670968821674435, 18.565857869036442, 2131.0 ], [ -97.67096093411557, 18.565828104767547, 2131.0 ], [ -97.670950689040595, 18.565810033604286, 2131.0 ], [ -97.670922881096686, 18.565774954287374, 2131.0 ], [ -97.670908405654473, 18.565752631085701, 2131.0 ], [ -97.670876354542429, 18.56568459847108, 2131.0 ], [ -97.67086717923921, 18.565668653327027, 2131.0 ], [ -97.670851545173505, 18.565651054612481, 2131.0 ], [ -97.670829252697089, 18.565632626365893, 2131.0 ], [ -97.67081920135486, 18.565621880904473, 2131.0 ], [ -97.670812413487766, 18.565610187798836, 2131.0 ], [ -97.670806052968729, 18.56559317964518, 2131.0 ], [ -97.670796928606293, 18.565585624684068, 2131.0 ], [ -97.670791209307012, 18.565578297510733, 2131.0 ], [ -97.670784560454265, 18.56556235236668, 2131.0 ], [ -97.670776944993506, 18.565534714116989, 2131.0 ], [ -97.670776718489108, 18.565531525088179, 2131.0 ], [ -97.670780643518, 18.565524084020954, 2131.0 ], [ -97.670771280273215, 18.565509201886506, 2131.0 ], [ -97.670760140687079, 18.565498571790471, 2131.0 ], [ -97.670759720436564, 18.565493256742453, 2131.0 ], [ -97.670754533093117, 18.565484752665625, 2131.0 ], [ -97.670748999782006, 18.565482589990914, 2131.0 ], [ -97.670748161160276, 18.565480500627213, 2131.0 ], [ -97.670754733973908, 18.56547093354078, 2131.0 ], [ -97.670753435759636, 18.565449673348713, 2131.0 ], [ -97.670747947577112, 18.565442232281487, 2131.0 ], [ -97.670736367378694, 18.565435854223868, 2131.0 ], [ -97.670734509670538, 18.565426287137434, 2131.0 ], [ -97.670729794941693, 18.565419909079814, 2131.0 ], [ -97.670730708987833, 18.565414594031797, 2131.0 ], [ -97.67072307132581, 18.565398648887744, 2131.0 ], [ -97.670722858370212, 18.565393333839729, 2131.0 ], [ -97.670725850438529, 18.565385892772504, 2131.0 ], [ -97.67071880220854, 18.565383766753296, 2131.0 ], [ -97.670717365998001, 18.565378451705278, 2131.0 ], [ -97.670717578311638, 18.565374199666866, 2131.0 ], [ -97.670725733773395, 18.565355065494003, 2131.0 ], [ -97.670731165800873, 18.565349760022649, 2131.0 ], [ -97.670738968167612, 18.565348194822175, 2131.0 ], [ -97.670743349411737, 18.565340183359556, 2131.0 ], [ -97.670735470146056, 18.565336994330742, 2131.0 ], [ -97.670734328922521, 18.565333805301933, 2131.0 ], [ -97.670739177007803, 18.565323175205897, 2131.0 ], [ -97.670739164565859, 18.565317860157883, 2131.0 ], [ -97.670736060857152, 18.565310419090657, 2131.0 ], [ -97.670739215861801, 18.565302978023432, 2131.0 ], [ -97.670738093884552, 18.565296599965812, 2131.0 ], [ -97.670741197415254, 18.565295111752366, 2131.0 ], [ -97.670746770534365, 18.565296847177347, 2131.0 ], [ -97.67075011440582, 18.565295407671258, 2131.0 ], [ -97.670754572901103, 18.565290509546085, 2131.0 ], [ -97.670755903483297, 18.565283843850569, 2131.0 ], [ -97.670759031396386, 18.565279451942473, 2131.0 ], [ -97.670764604515497, 18.565275304075659, 2131.0 ], [ -97.670776865377519, 18.565270841428227, 2131.0 ], [ -97.670781323872802, 18.565265352427701, 2131.0 ], [ -97.670799157853935, 18.565265989019089, 2131.0 ], [ -97.67080250172539, 18.565276781769377, 2131.0 ], [ -97.670811418715957, 18.56527967220784, 2131.0 ], [ -97.670823679577992, 18.565287952239039, 2131.0 ], [ -97.670828138073276, 18.565288581836231, 2131.0 ], [ -97.670832676184546, 18.565287032879382, 2131.0 ], [ -97.670836897085664, 18.565277465792949, 2131.0 ], [ -97.670856003668789, 18.565273723999145, 2131.0 ], [ -97.670870493778466, 18.565277347680773, 2131.0 ], [ -97.670879410769032, 18.565282515088565, 2131.0 ], [ -97.670892786254882, 18.565282983318987, 2131.0 ], [ -97.670915078731298, 18.565274307665582, 2131.0 ], [ -97.670931798088603, 18.565259797840231, 2131.0 ], [ -97.670940715079169, 18.565260794940418, 2131.0 ], [ -97.670945871516466, 18.565258331620086, 2131.0 ], [ -97.67094629984939, 18.565251953562466, 2131.0 ], [ -97.67093984814953, 18.565248764533656, 2131.0 ], [ -97.670939405396183, 18.565246638514449, 2131.0 ], [ -97.670944058950639, 18.565240171872695, 2131.0 ], [ -97.670952975941205, 18.56523892772837, 2131.0 ], [ -97.670957441581507, 18.565234945408811, 2131.0 ], [ -97.67096061907597, 18.565229630360793, 2131.0 ], [ -97.670961110190319, 18.565221126283966, 2131.0 ], [ -97.670964088504974, 18.565211559197536, 2131.0 ], [ -97.670971924546151, 18.565202114296117, 2131.0 ], [ -97.670973186438928, 18.565197740072691, 2131.0 ], [ -97.670970809922323, 18.565194489642604, 2131.0 ], [ -97.670960720081325, 18.565195614053483, 2131.0 ], [ -97.670960040458368, 18.565190299005465, 2131.0 ], [ -97.670962210233441, 18.565180731919035, 2131.0 ], [ -97.67095631981266, 18.565176088245504, 2131.0 ], [ -97.670951948273853, 18.565167975803792, 2131.0 ], [ -97.670949413888053, 18.565161597746172, 2131.0 ], [ -97.670950256259076, 18.565152030659739, 2131.0 ], [ -97.670948602003591, 18.565148841630929, 2131.0 ], [ -97.670940715079169, 18.565146548567355, 2131.0 ], [ -97.670935141960072, 18.565142561581286, 2131.0 ], [ -97.670931531206847, 18.565137148525292, 2131.0 ], [ -97.670930381860686, 18.565128644448464, 2131.0 ], [ -97.670923995721864, 18.565118817345294, 2131.0 ], [ -97.670919374110895, 18.565113762314017, 2131.0 ], [ -97.670905047116904, 18.56510544384204, 2131.0 ], [ -97.670899495028436, 18.565098880179566, 2131.0 ], [ -97.670897920779396, 18.565089313093136, 2131.0 ], [ -97.670899769632797, 18.565077619987498, 2131.0 ], [ -97.670899489266617, 18.565055296785825, 2131.0 ] ] } },
{ "type": "Feature", "properties": { "FID": 199, "elev": 2134.0, "elevation": 2134.0, "ELEVATION": 2134.0, "is_master": false, "tipo": "Ordinaria (1m)" }, "geometry": { "type": "LineString", "coordinates": [ [ -97.671454133103481, 18.565055296785825, 2134.0 ], [ -97.671476849136951, 18.565062805704727, 2134.0 ], [ -97.671489080275677, 18.565072304939481, 2134.0 ], [ -97.671545965591235, 18.565153093669345, 2134.0 ], [ -97.671567262631172, 18.565189235995863, 2134.0 ], [ -97.671582803015795, 18.565225378322381, 2134.0 ], [ -97.671598267308667, 18.565278528802555, 2134.0 ], [ -97.67161146720035, 18.565316797148277, 2134.0 ], [ -97.671615080763246, 18.565323175205897, 2134.0 ], [ -97.671609556633399, 18.565333805301933, 2134.0 ], [ -97.671610336485728, 18.565355065494003, 2134.0 ], [ -97.671613947866902, 18.565365843230261, 2134.0 ], [ -97.671618406362185, 18.565369900172666, 2134.0 ], [ -97.671623979481296, 18.565370890749755, 2134.0 ], [ -97.671631781848035, 18.565364840843539, 2134.0 ], [ -97.67163846959096, 18.565362582490483, 2134.0 ], [ -97.671644042710071, 18.565362719163147, 2134.0 ], [ -97.671646369731732, 18.565369947628451, 2134.0 ], [ -97.671653123739603, 18.565380577724486, 2134.0 ], [ -97.671659647443562, 18.565384838335557, 2134.0 ], [ -97.671665220562659, 18.565386214096318, 2134.0 ], [ -97.671673130480826, 18.565384829762902, 2134.0 ], [ -97.671675560477254, 18.565378451705278, 2134.0 ], [ -97.671679710672322, 18.565376262819914, 2134.0 ], [ -97.671686398415247, 18.565380001927618, 2134.0 ], [ -97.671689002492144, 18.565378451705278, 2134.0 ], [ -97.671691971534358, 18.565370847098116, 2134.0 ], [ -97.671695315405813, 18.565369561079503, 2134.0 ], [ -97.671697544653455, 18.565370928868084, 2134.0 ], [ -97.671703461645876, 18.565379514714884, 2134.0 ], [ -97.671699849652242, 18.565386955782106, 2134.0 ], [ -97.671700808336155, 18.565390144810916, 2134.0 ], [ -97.671706108679814, 18.565396522868539, 2134.0 ], [ -97.671717403155412, 18.565401837916557, 2134.0 ], [ -97.671703193986161, 18.565414594031797, 2134.0 ], [ -97.671703094695474, 18.565419909079814, 2134.0 ], [ -97.671708690891663, 18.565427450195003, 2134.0 ], [ -97.671720951753699, 18.565436208560403, 2134.0 ], [ -97.671727639496623, 18.565443204546369, 2134.0 ], [ -97.671744218059345, 18.565465618492762, 2134.0 ], [ -97.67175464420383, 18.565493256742453, 2134.0 ], [ -97.671754747719547, 18.565507075867298, 2134.0 ], [ -97.671761171746112, 18.565521958001746, 2134.0 ], [ -97.671769995201814, 18.565530582703779, 2134.0 ], [ -97.671781141440022, 18.565534936137983, 2134.0 ], [ -97.671797860797327, 18.565536659965076, 2134.0 ], [ -97.671805663164079, 18.565539276199871, 2134.0 ], [ -97.67181331691431, 18.565544281203419, 2134.0 ], [ -97.671815525468517, 18.565550659261042, 2134.0 ], [ -97.67182126789757, 18.565554734131187, 2134.0 ], [ -97.671823267325863, 18.565553848289852, 2134.0 ], [ -97.671821522668722, 18.565550659261042, 2134.0 ], [ -97.671821813835763, 18.565545344213024, 2134.0 ], [ -97.671824388844257, 18.565542155184215, 2134.0 ], [ -97.671839101878703, 18.565537650378044, 2134.0 ], [ -97.671848018869255, 18.565539748266097, 2134.0 ], [ -97.671862508978933, 18.565537669206563, 2134.0 ], [ -97.67187107191252, 18.565543218193817, 2134.0 ], [ -97.67187462891151, 18.565548533241834, 2134.0 ], [ -97.671857984049112, 18.565564478385888, 2134.0 ], [ -97.671855559640619, 18.565570856443507, 2134.0 ], [ -97.671856113161297, 18.565580423529937, 2134.0 ], [ -97.671848390410531, 18.565582549549145, 2134.0 ], [ -97.671844741172123, 18.565587864597163, 2134.0 ], [ -97.671846904245442, 18.565591089890692, 2134.0 ], [ -97.671851362740725, 18.565592440757367, 2134.0 ], [ -97.671856935859822, 18.565591166369416, 2134.0 ], [ -97.671859165107463, 18.565586000241858, 2134.0 ], [ -97.671865852850388, 18.565589652386041, 2134.0 ], [ -97.671872540593313, 18.565588090667077, 2134.0 ], [ -97.671878113712424, 18.565590838214334, 2134.0 ], [ -97.671879271904601, 18.565608061779628, 2134.0 ], [ -97.671874769840954, 18.565610878563199, 2134.0 ], [ -97.671866860592473, 18.565612313818043, 2134.0 ], [ -97.67186544641298, 18.565614439837251, 2134.0 ], [ -97.671865852850388, 18.565620480843045, 2134.0 ], [ -97.671872405292163, 18.565628258962093, 2134.0 ], [ -97.671879228336238, 18.565642346035641, 2134.0 ], [ -97.671893718445915, 18.565656872741794, 2134.0 ], [ -97.671898230443134, 18.565658023230991, 2134.0 ], [ -97.671902039014967, 18.565670779346235, 2134.0 ], [ -97.671907093931765, 18.565674035002427, 2134.0 ], [ -97.671913879204268, 18.565675031384647, 2134.0 ], [ -97.67192291493555, 18.565682472451872, 2134.0 ], [ -97.671923041626428, 18.565686724490284, 2134.0 ], [ -97.671919744912131, 18.5656909765287, 2134.0 ], [ -97.671920355680484, 18.565693102547908, 2134.0 ], [ -97.671927238718382, 18.565695228567112, 2134.0 ], [ -97.67192812639864, 18.56568459847108, 2134.0 ], [ -97.671931615655822, 18.56568249177932, 2134.0 ], [ -97.671960595875163, 18.565681714195875, 2134.0 ], [ -97.671967283618088, 18.565680116822591, 2134.0 ], [ -97.671975347323183, 18.565670779346235, 2134.0 ], [ -97.671975298294129, 18.565662275269407, 2134.0 ], [ -97.671971742113371, 18.565654997742119, 2134.0 ], [ -97.671963939746618, 18.565654844044861, 2134.0 ], [ -97.671960874531109, 18.565652708182974, 2134.0 ], [ -97.67195613737988, 18.565643402997459, 2134.0 ], [ -97.671950564260769, 18.565637843474914, 2134.0 ], [ -97.671944278701702, 18.565644204106146, 2134.0 ], [ -97.671932411815689, 18.565647393134956, 2134.0 ], [ -97.671920517125244, 18.565664401288611, 2134.0 ], [ -97.671911552427048, 18.565664897694042, 2134.0 ], [ -97.67191161224585, 18.565658023230991, 2134.0 ], [ -97.671909886718268, 18.565654834202181, 2134.0 ], [ -97.67191705660035, 18.565647393134956, 2134.0 ], [ -97.671920033701028, 18.565633574010111, 2134.0 ], [ -97.671914896298503, 18.565632458506208, 2134.0 ], [ -97.671908208555578, 18.565638412536583, 2134.0 ], [ -97.671902635436481, 18.56563890979978, 2134.0 ], [ -97.671900165910642, 18.565635700029318, 2134.0 ], [ -97.671904864684123, 18.565632381365191, 2134.0 ], [ -97.671907794270624, 18.565627195952491, 2134.0 ], [ -97.671930501031994, 18.565617669233514, 2134.0 ], [ -97.671936074151105, 18.565630457224671, 2134.0 ], [ -97.671947220389313, 18.565628081793829, 2134.0 ], [ -97.671955022756052, 18.56563272360243, 2134.0 ], [ -97.671962173173014, 18.565632511000508, 2134.0 ], [ -97.671964840019712, 18.565634637019716, 2134.0 ], [ -97.671971742113371, 18.56564966317482, 2134.0 ], [ -97.671977315232468, 18.5656519878541, 2134.0 ], [ -97.671982888351579, 18.56564861623637, 2134.0 ], [ -97.671985492385389, 18.565642078086938, 2134.0 ], [ -97.671978391230709, 18.565634637019716, 2134.0 ], [ -97.671979316845665, 18.565631447990906, 2134.0 ], [ -97.671984002975393, 18.565630148756945, 2134.0 ], [ -97.671988461470676, 18.565631310992053, 2134.0 ], [ -97.671995908494139, 18.565628258962093, 2134.0 ], [ -97.671996490890422, 18.565618691875663, 2134.0 ], [ -97.672007410075636, 18.565603644791448, 2134.0 ], [ -97.672014097818561, 18.565597464902645, 2134.0 ], [ -97.672020785561472, 18.565597376700339, 2134.0 ], [ -97.672026358680583, 18.565600842172739, 2134.0 ], [ -97.67203193179968, 18.565611088230501, 2134.0 ], [ -97.672051899877644, 18.565617628866061, 2134.0 ], [ -97.672048086964693, 18.565621880904473, 2134.0 ], [ -97.672047378171328, 18.565626132942889, 2134.0 ], [ -97.672054224276096, 18.565633310255848, 2134.0 ], [ -97.672057400953989, 18.565639952067734, 2134.0 ], [ -97.672057772495265, 18.565653771192579, 2134.0 ], [ -97.672059702533602, 18.565658023230991, 2134.0 ], [ -97.672069829009587, 18.56566119377268, 2134.0 ], [ -97.672090994050421, 18.565679283423062, 2134.0 ], [ -97.672115528586247, 18.565694200991164, 2134.0 ], [ -97.672176832896383, 18.565750505063185, 2134.0 ], [ -97.672180439032275, 18.565756883124113, 2134.0 ], [ -97.672181626977334, 18.565772828268166, 2134.0 ], [ -97.6722000626701, 18.565791962441029, 2134.0 ], [ -97.672216745915321, 18.565845112921203, 2134.0 ], [ -97.672228077012036, 18.565867436122875, 2134.0 ], [ -97.672241415511877, 18.565888696314943, 2134.0 ], [ -97.672259359644073, 18.565913145535824, 2134.0 ], [ -97.672270233306094, 18.565924838641461, 2134.0 ], [ -97.672290524526105, 18.565940538475605, 2134.0 ], [ -97.672299509069632, 18.565942909804722, 2134.0 ], [ -97.672298107622581, 18.565958854948772, 2134.0 ], [ -97.672302641565693, 18.565969485044807, 2134.0 ], [ -97.672309435976928, 18.56597905213124, 2134.0 ], [ -97.672352943460069, 18.566014299291776, 2134.0 ], [ -97.672374121315869, 18.566036454649826, 2134.0 ], [ -97.672378656152034, 18.566046021736259, 2134.0 ], [ -97.672385116048602, 18.566084290081982, 2134.0 ], [ -97.672395071446402, 18.566115117360482, 2134.0 ], [ -97.672445333390087, 18.566230985407262, 2134.0 ], [ -97.672456603479517, 18.566250119580122, 2134.0 ], [ -97.672476613626841, 18.566277757829813, 2134.0 ], [ -97.672538050630294, 18.566352168502057, 2134.0 ], [ -97.672553594639723, 18.566375554713332, 2134.0 ], [ -97.67256583660982, 18.566399890040326, 2134.0 ] ] } },
{ "type": "Feature", "properties": { "FID": 200, "elev": 2124.0, "elevation": 2124.0, "ELEVATION": 2124.0, "is_master": false, "tipo": "Ordinaria (1m)" }, "geometry": { "type": "LineString", "coordinates": [ [ -97.671591484682338, 18.566558392365131, 2124.0 ], [ -97.671593047768468, 18.566556266345923, 2124.0 ], [ -97.671592150778849, 18.566554140326716, 2124.0 ], [ -97.671587196895203, 18.566550360737015, 2124.0 ], [ -97.671585430645152, 18.566554140326716, 2124.0 ], [ -97.671588615507346, 18.566558392365131, 2124.0 ], [ -97.671591484682338, 18.566558392365131, 2124.0 ] ] } },
{ "type": "Feature", "properties": { "FID": 201, "elev": 2128.0, "elevation": 2128.0, "ELEVATION": 2128.0, "is_master": false, "tipo": "Ordinaria (1m)" }, "geometry": { "type": "LineString", "coordinates": [ [ -97.671002019389306, 18.566544096718737, 2128.0 ], [ -97.671000373175673, 18.566542447221078, 2128.0 ], [ -97.671002019389306, 18.56654089892448, 2128.0 ], [ -97.671003010166046, 18.56654351023068, 2128.0 ], [ -97.671002019389306, 18.566544096718737, 2128.0 ] ] } },
{ "type": "Feature", "properties": { "FID": 202, "elev": 2130.0, "elevation": 2130.0, "ELEVATION": 2130.0, "is_master": true, "tipo": "Maestra (5m)" }, "geometry": { "type": "LineString", "coordinates": [ [ -97.670803746969199, 18.566511619942577, 2130.0 ], [ -97.670805672637997, 18.566508430913768, 2130.0 ], [ -97.670804730973032, 18.566506466876977, 2130.0 ], [ -97.670801196799943, 18.566510556932972, 2130.0 ], [ -97.670803746969199, 18.566511619942577, 2130.0 ] ] } },
{ "type": "Feature", "properties": { "FID": 203, "elev": 2130.0, "elevation": 2130.0, "ELEVATION": 2130.0, "is_master": true, "tipo": "Maestra (5m)" }, "geometry": { "type": "LineString", "coordinates": [ [ -97.670854306400699, 18.566458469462404, 2130.0 ], [ -97.67085689953467, 18.566456343443196, 2130.0 ], [ -97.670852659797333, 18.566451798160756, 2130.0 ], [ -97.670846352657662, 18.566455280433594, 2130.0 ], [ -97.670848171969837, 18.566458469462404, 2130.0 ], [ -97.670854306400699, 18.566458469462404, 2130.0 ] ] } },
{ "type": "Feature", "properties": { "FID": 204, "elev": 2132.0, "elevation": 2132.0, "ELEVATION": 2132.0, "is_master": false, "tipo": "Ordinaria (1m)" }, "geometry": { "type": "LineString", "coordinates": [ [ -97.670512699531997, 18.566313634403929, 2132.0 ], [ -97.670524960394033, 18.566309648113052, 2132.0 ], [ -97.670539450503696, 18.566301144032817, 2132.0 ], [ -97.670584927155588, 18.56625543462814, 2132.0 ], [ -97.670599640190019, 18.566246888030928, 2132.0 ], [ -97.670608557180586, 18.566244591930186, 2132.0 ], [ -97.67064199589521, 18.566242871787374, 2132.0 ], [ -97.670649798261948, 18.566240297371387, 2132.0 ], [ -97.670662059123984, 18.566239276882168, 2132.0 ], [ -97.670665281840684, 18.566235237445674, 2132.0 ], [ -97.670672090738364, 18.566233908683671, 2132.0 ], [ -97.670678778481289, 18.566229546678745, 2132.0 ], [ -97.670681250038456, 18.566229922397657, 2132.0 ], [ -97.670683129801205, 18.566233111426467, 2132.0 ], [ -97.670679717111881, 18.56623948948409, 2132.0 ], [ -97.670679678141951, 18.566243741522502, 2132.0 ], [ -97.670685466224214, 18.566248048782196, 2132.0 ], [ -97.670688810095683, 18.566248265671032, 2132.0 ], [ -97.67069438321478, 18.566245684000485, 2132.0 ], [ -97.670698841710063, 18.566240528783442, 2132.0 ], [ -97.670702185581533, 18.5662403828645, 2132.0 ], [ -97.670706644076816, 18.566243369469142, 2132.0 ], [ -97.67070901998548, 18.5662426785129, 2132.0 ], [ -97.670716948660299, 18.566230985407262, 2132.0 ], [ -97.670722434580938, 18.566212914244002, 2132.0 ], [ -97.670734509672329, 18.566192592001585, 2132.0 ], [ -97.670757916772573, 18.56617358288366, 2132.0 ], [ -97.67079247011101, 18.566156486150884, 2132.0 ], [ -97.670806960220673, 18.566141958352972, 2132.0 ], [ -97.670810492373192, 18.566134251533345, 2132.0 ], [ -97.670810563306986, 18.56612681046612, 2132.0 ], [ -97.670807015805593, 18.566116180370088, 2132.0 ], [ -97.670801405374092, 18.566112991341278, 2132.0 ], [ -97.670801387101577, 18.566106258947119, 2132.0 ], [ -97.670806960220673, 18.566101258122067, 2132.0 ], [ -97.670838169687656, 18.566083416051864, 2132.0 ], [ -97.670843835692082, 18.566077912024362, 2132.0 ], [ -97.670849422080522, 18.566067281928326, 2132.0 ], [ -97.670864901274598, 18.566047084745861, 2132.0 ], [ -97.670870460506109, 18.56602582455379, 2132.0 ], [ -97.670875813999729, 18.566013068438551, 2132.0 ], [ -97.670893746728595, 18.56598224116005, 2132.0 ], [ -97.670902817869262, 18.565972648146555, 2132.0 ], [ -97.670917307978939, 18.565964234421614, 2132.0 ], [ -97.670925110345678, 18.565963445217516, 2132.0 ], [ -97.670937371207714, 18.565966274966303, 2132.0 ], [ -97.670942944326811, 18.565964986236306, 2132.0 ], [ -97.670946457621099, 18.565962043977585, 2132.0 ], [ -97.670950634294513, 18.565953539900757, 2132.0 ], [ -97.67095642315526, 18.565949287862342, 2132.0 ], [ -97.67095717862118, 18.56594503582393, 2132.0 ], [ -97.670951369571569, 18.565940783785514, 2132.0 ], [ -97.670951743988553, 18.565936531747102, 2132.0 ], [ -97.670946270917284, 18.565928027670271, 2132.0 ], [ -97.670940411732175, 18.565909956507014, 2132.0 ], [ -97.670940423562172, 18.565896137382168, 2132.0 ], [ -97.670945392844715, 18.565874877190101, 2132.0 ], [ -97.670945453982966, 18.565864247094066, 2132.0 ], [ -97.670941947031821, 18.565854680007632, 2132.0 ], [ -97.670931798088603, 18.565846298223946, 2132.0 ], [ -97.670923995721864, 18.565834339175222, 2132.0 ], [ -97.670888327757154, 18.565802592537064, 2132.0 ], [ -97.670870558083678, 18.565779206325786, 2132.0 ], [ -97.670836922820342, 18.565714362739975, 2132.0 ], [ -97.670832376483602, 18.565700543615129, 2132.0 ], [ -97.670829454621696, 18.565673968375044, 2132.0 ], [ -97.670823861145678, 18.565661212259801, 2132.0 ], [ -97.670811418715957, 18.565651560807531, 2132.0 ], [ -97.670801387101577, 18.565647344072975, 2132.0 ], [ -97.67078243849663, 18.565643207019619, 2132.0 ], [ -97.670769063010781, 18.565633749094047, 2132.0 ], [ -97.670759954444236, 18.565619754885265, 2132.0 ], [ -97.670742392372318, 18.565583612558747, 2132.0 ], [ -97.670712153503132, 18.565551722270644, 2132.0 ], [ -97.670699956331305, 18.565535777126591, 2132.0 ], [ -97.670690805409933, 18.565515579944126, 2132.0 ], [ -97.670672926706231, 18.56543053917585, 2132.0 ], [ -97.670672922547197, 18.565395459858934, 2132.0 ], [ -97.670679836153539, 18.565356128503606, 2132.0 ], [ -97.670686499650273, 18.565336994330742, 2132.0 ], [ -97.670697881895109, 18.565313608119467, 2132.0 ], [ -97.670704414829174, 18.565307157882181, 2132.0 ], [ -97.670711102572099, 18.565305249298611, 2132.0 ], [ -97.670715561067382, 18.565305862218608, 2132.0 ], [ -97.670717271249998, 18.565304041033038, 2132.0 ], [ -97.670713393255696, 18.565289158898587, 2132.0 ], [ -97.670714264050574, 18.565283843850569, 2132.0 ], [ -97.670719865508957, 18.565276402783347, 2132.0 ], [ -97.670756802148745, 18.565257353651251, 2132.0 ], [ -97.670765719139311, 18.56524651652974, 2132.0 ], [ -97.670775750753705, 18.565239036268874, 2132.0 ], [ -97.67079247011101, 18.565236795139178, 2132.0 ], [ -97.670823679577992, 18.565237941636859, 2132.0 ], [ -97.670838169687656, 18.565242316301806, 2132.0 ], [ -97.670851545173505, 18.56525205317098, 2132.0 ], [ -97.670878296145204, 18.56525329725438, 2132.0 ], [ -97.670904014300334, 18.565245575504846, 2132.0 ], [ -97.670908647450489, 18.565239197447227, 2132.0 ], [ -97.670919537226581, 18.565232066424468, 2132.0 ], [ -97.670924949582627, 18.565222189293568, 2132.0 ], [ -97.670925416127432, 18.565214748226346, 2132.0 ], [ -97.670931840018028, 18.56520730715912, 2132.0 ], [ -97.670933770115369, 18.565200929101501, 2132.0 ], [ -97.670930809818898, 18.565186046967053, 2132.0 ], [ -97.670921490121202, 18.56516691279419, 2132.0 ], [ -97.670919253504152, 18.565159471726965, 2132.0 ], [ -97.67091949989468, 18.565153093669345, 2132.0 ], [ -97.670904220437578, 18.565146715611721, 2132.0 ], [ -97.670897037607688, 18.565128644448464, 2132.0 ], [ -97.670883600928946, 18.565106321246791, 2132.0 ], [ -97.67087481358783, 18.56508187202591, 2132.0 ], [ -97.670869445429574, 18.565055296785825, 2132.0 ] ] } },
{ "type": "Feature", "properties": { "FID": 205, "elev": 2130.0, "elevation": 2130.0, "ELEVATION": 2130.0, "is_master": true, "tipo": "Maestra (5m)" }, "geometry": { "type": "LineString", "coordinates": [ [ -97.670839036617295, 18.566446776356766, 2130.0 ], [ -97.670836958140029, 18.566445713347161, 2130.0 ], [ -97.670838169687656, 18.566447651776439, 2130.0 ], [ -97.670839036617295, 18.566446776356766, 2130.0 ] ] } },
{ "type": "Feature", "properties": { "FID": 206, "elev": 2125.0, "elevation": 2125.0, "ELEVATION": 2125.0, "is_master": true, "tipo": "Maestra (5m)" }, "geometry": { "type": "LineString", "coordinates": [ [ -97.671549128204717, 18.566442524318351, 2125.0 ], [ -97.671548185061482, 18.566435008914791, 2125.0 ], [ -97.671542611942371, 18.566433637558067, 2125.0 ], [ -97.671539659695497, 18.566435083251129, 2125.0 ], [ -97.671543504778811, 18.566442524318351, 2125.0 ], [ -97.671549128204717, 18.566442524318351, 2125.0 ] ] } },
{ "type": "Feature", "properties": { "FID": 207, "elev": 2125.0, "elevation": 2125.0, "ELEVATION": 2125.0, "is_master": true, "tipo": "Maestra (5m)" }, "geometry": { "type": "LineString", "coordinates": [ [ -97.671605416385333, 18.566441461308749, 2125.0 ], [ -97.67160706274268, 18.566439335289541, 2125.0 ], [ -97.671605030876336, 18.566437945200061, 2125.0 ], [ -97.671603035340141, 18.566440398299143, 2125.0 ], [ -97.671605416385333, 18.566441461308749, 2125.0 ] ] } },
{ "type": "Feature", "properties": { "FID": 208, "elev": 2125.0, "elevation": 2125.0, "ELEVATION": 2125.0, "is_master": true, "tipo": "Maestra (5m)" }, "geometry": { "type": "LineString", "coordinates": [ [ -97.671522893716215, 18.566438272279939, 2125.0 ], [ -97.671537317479221, 18.566432957231921, 2125.0 ], [ -97.671537399626359, 18.566422327135886, 2125.0 ], [ -97.671543116573062, 18.566413823059058, 2125.0 ], [ -97.671539433882728, 18.566398940924611, 2125.0 ], [ -97.671533694951805, 18.566394472962369, 2125.0 ], [ -97.67152700720888, 18.56639587844456, 2125.0 ], [ -97.671523266606911, 18.566398940924611, 2125.0 ], [ -97.67151125461713, 18.566415949078266, 2125.0 ], [ -97.671510003390281, 18.566421264126284, 2125.0 ], [ -97.671511184928207, 18.566434020241523, 2125.0 ], [ -97.671514746346858, 18.566438113959357, 2125.0 ], [ -97.671522893716215, 18.566438272279939, 2125.0 ] ] } },
{ "type": "Feature", "properties": { "FID": 209, "elev": 2131.0, "elevation": 2131.0, "ELEVATION": 2131.0, "is_master": false, "tipo": "Ordinaria (1m)" }, "geometry": { "type": "LineString", "coordinates": [ [ -97.670592952447095, 18.566433756061624, 2131.0 ], [ -97.670582920832715, 18.566428358956092, 2131.0 ], [ -97.670580416369305, 18.566425516164696, 2131.0 ], [ -97.670580691585073, 18.566423336995008, 2131.0 ], [ -97.670585150080356, 18.566420119346709, 2131.0 ], [ -97.670606327932944, 18.566419319760616, 2131.0 ], [ -97.670608468010684, 18.566422327135886, 2131.0 ], [ -97.670599640190019, 18.566425997527535, 2131.0 ], [ -97.670592952447095, 18.566433756061624, 2131.0 ] ] } },
{ "type": "Feature", "properties": { "FID": 210, "elev": 2135.0, "elevation": 2135.0, "ELEVATION": 2135.0, "is_master": true, "tipo": "Maestra (5m)" }, "geometry": { "type": "LineString", "coordinates": [ [ -97.671520598121916, 18.565055296785825, 2135.0 ], [ -97.671569458795688, 18.565109510275601, 2135.0 ], [ -97.671588358949833, 18.565135022506084, 2135.0 ], [ -97.671602724758088, 18.565158408717362, 2135.0 ], [ -97.671613000929852, 18.56517966890943, 2135.0 ], [ -97.67162407067778, 18.565209433178328, 2135.0 ], [ -97.671631704596876, 18.565253016572068, 2135.0 ], [ -97.671642792156504, 18.565273213754537, 2135.0 ], [ -97.671659647443562, 18.565291865636006, 2135.0 ], [ -97.671662970768949, 18.565306167052242, 2135.0 ], [ -97.671660965363543, 18.56531148210026, 2135.0 ], [ -97.671667436697078, 18.565317860157883, 2135.0 ], [ -97.671668564434114, 18.565323345287435, 2135.0 ], [ -97.671670793681756, 18.565324026621173, 2135.0 ], [ -97.671673224249119, 18.565322112196295, 2135.0 ], [ -97.671669516508629, 18.565316797148277, 2135.0 ], [ -97.671669770254439, 18.56531467112907, 2135.0 ], [ -97.671674137553225, 18.565311718324619, 2135.0 ], [ -97.671678596048508, 18.565314487851552, 2135.0 ], [ -97.671683054543792, 18.56532174564126, 2135.0 ], [ -97.671688627662888, 18.565324526113937, 2135.0 ], [ -97.671719837129871, 18.56532053455506, 2135.0 ], [ -97.671721954915128, 18.565322112196295, 2135.0 ], [ -97.67172120990908, 18.565326364234711, 2135.0 ], [ -97.671724295625154, 18.565331797394904, 2135.0 ], [ -97.671735441863362, 18.565331521799823, 2135.0 ], [ -97.671744358853928, 18.565336869759307, 2135.0 ], [ -97.671747930716634, 18.56534230937876, 2135.0 ], [ -97.671752019359459, 18.565355065494003, 2135.0 ], [ -97.671761145509279, 18.565361443551623, 2135.0 ], [ -97.671764132570019, 18.565376325686071, 2135.0 ], [ -97.671763485152539, 18.565385892772504, 2135.0 ], [ -97.671754493131033, 18.565403963935761, 2135.0 ], [ -97.67174658810157, 18.565406056800676, 2135.0 ], [ -97.671746011216783, 18.565408215974177, 2135.0 ], [ -97.671753438538033, 18.565419909079814, 2135.0 ], [ -97.671759925371745, 18.565435854223868, 2135.0 ], [ -97.671782345233737, 18.56546774451197, 2135.0 ], [ -97.671789904689362, 18.565475185579196, 2135.0 ], [ -97.67180231929261, 18.565480511474249, 2135.0 ], [ -97.671811236283176, 18.565480500623693, 2135.0 ], [ -97.671826841016667, 18.565468098848505, 2135.0 ], [ -97.671833528759592, 18.565469356548512, 2135.0 ], [ -97.671842445750158, 18.565466400418096, 2135.0 ], [ -97.671851936541159, 18.565471996550386, 2135.0 ], [ -97.67185805048365, 18.565472979028957, 2135.0 ], [ -97.671860744727738, 18.565476248588798, 2135.0 ], [ -97.671860295944001, 18.565480500627213, 2135.0 ], [ -97.671851329957676, 18.565486878684833, 2135.0 ], [ -97.671849020415308, 18.565492193732851, 2135.0 ], [ -97.671848136198079, 18.565501760819281, 2135.0 ], [ -97.671844086476426, 18.565509201886506, 2135.0 ], [ -97.671844474483464, 18.565512390915316, 2135.0 ], [ -97.671846904245442, 18.565514685038366, 2135.0 ], [ -97.671853591988366, 18.565515737757877, 2135.0 ], [ -97.671861394355105, 18.565514636150553, 2135.0 ], [ -97.671859125997855, 18.565508138876904, 2135.0 ], [ -97.671859679549229, 18.565503886838489, 2135.0 ], [ -97.671866990890678, 18.565497508780869, 2135.0 ], [ -97.671866948453328, 18.565489004704041, 2135.0 ], [ -97.671874001134881, 18.565479437617608, 2135.0 ], [ -97.671873324060783, 18.56547412256959, 2135.0 ], [ -97.671877446429264, 18.565466681502368, 2135.0 ], [ -97.671872030283623, 18.565454988396731, 2135.0 ], [ -97.671873575601154, 18.565441169271885, 2135.0 ], [ -97.671870363188646, 18.565437980243072, 2135.0 ], [ -97.671870311345671, 18.565432614575553, 2135.0 ], [ -97.671882572207707, 18.565424426870628, 2135.0 ], [ -97.671884801455349, 18.565424409365981, 2135.0 ], [ -97.671886972038578, 18.565426287137434, 2135.0 ], [ -97.671886027541547, 18.565434791214262, 2135.0 ], [ -97.671888479713957, 18.565439043252677, 2135.0 ], [ -97.671891489198273, 18.565441091805596, 2135.0 ], [ -97.671897280871065, 18.565441169271885, 2135.0 ], [ -97.671901657004639, 18.56544010626228, 2135.0 ], [ -97.671916010922331, 18.565427559333667, 2135.0 ], [ -97.671920469417614, 18.56541769354401, 2135.0 ], [ -97.671930501031994, 18.565416399867388, 2135.0 ], [ -97.671937188774919, 18.565418029046302, 2135.0 ], [ -97.671938474004435, 18.565419909079814, 2135.0 ], [ -97.671937345030599, 18.565423098108624, 2135.0 ], [ -97.671931351665961, 18.565431602185452, 2135.0 ], [ -97.671922698665256, 18.565438912102142, 2135.0 ], [ -97.671920614803327, 18.565443295291089, 2135.0 ], [ -97.671913367056163, 18.565447547329505, 2135.0 ], [ -97.67191009722373, 18.565460303444745, 2135.0 ], [ -97.671902505332298, 18.565466681502368, 2135.0 ], [ -97.671902812762994, 18.565473059559988, 2135.0 ], [ -97.671910172416602, 18.565478374608006, 2135.0 ], [ -97.671912947299134, 18.565483689656023, 2135.0 ], [ -97.671911552427048, 18.565487132815409, 2135.0 ], [ -97.671903750060295, 18.565492277971348, 2135.0 ], [ -97.671895947693557, 18.565493747362272, 2135.0 ], [ -97.671889290075598, 18.565501760819281, 2135.0 ], [ -97.671891215608781, 18.565512390915316, 2135.0 ], [ -97.671892996473659, 18.565514516934524, 2135.0 ], [ -97.671903750060295, 18.565521071181582, 2135.0 ], [ -97.671911552427048, 18.565522506651867, 2135.0 ], [ -97.671916010922331, 18.565526146003439, 2135.0 ], [ -97.671924927912897, 18.565525359632478, 2135.0 ], [ -97.671936074151105, 18.565535730908785, 2135.0 ], [ -97.671940532646389, 18.565537512652476, 2135.0 ], [ -97.671970627489543, 18.565530205010894, 2135.0 ], [ -97.671978429856296, 18.565530279848357, 2135.0 ], [ -97.671990690718317, 18.565535831639906, 2135.0 ], [ -97.671997378461242, 18.565535954294859, 2135.0 ], [ -97.672001363487993, 18.565532588097781, 2135.0 ], [ -97.672005428522169, 18.565519831982542, 2135.0 ], [ -97.672004066204167, 18.565513417890696, 2135.0 ], [ -97.671996459099987, 18.565509201886506, 2135.0 ], [ -97.671997285575927, 18.565507075867298, 2135.0 ], [ -97.672000297714106, 18.565506012857696, 2135.0 ], [ -97.672001930597006, 18.565500697809679, 2135.0 ], [ -97.672012983194733, 18.565496824609792, 2135.0 ], [ -97.672027473304396, 18.565500538776746, 2135.0 ], [ -97.672043479302474, 18.565480500627213, 2135.0 ], [ -97.672044192661716, 18.565476105261659, 2135.0 ], [ -97.672046421909357, 18.565475378853669, 2135.0 ], [ -97.672047339151874, 18.565477311598404, 2135.0 ], [ -97.672045307285529, 18.565481872252509, 2135.0 ], [ -97.67205088040464, 18.565485256196492, 2135.0 ], [ -97.672058682771379, 18.565494319742864, 2135.0 ], [ -97.672069829009587, 18.565500549482756, 2135.0 ], [ -97.672078821567879, 18.565510264896108, 2135.0 ], [ -97.672096529316576, 18.565542155184215, 2135.0 ], [ -97.672102153100397, 18.56554929253441, 2135.0 ], [ -97.672140050310304, 18.565578254990346, 2135.0 ], [ -97.672154439090534, 18.565592116635578, 2135.0 ], [ -97.6721644736852, 18.56560593576042, 2135.0 ], [ -97.672171356701085, 18.565621880904473, 2135.0 ], [ -97.672174357050551, 18.565664401288611, 2135.0 ], [ -97.672179938527634, 18.56568459847108, 2135.0 ], [ -97.672185668823403, 18.565695228567112, 2135.0 ], [ -97.672191323006047, 18.565701394022813, 2135.0 ], [ -97.672202469244255, 18.565709007324504, 2135.0 ], [ -97.67222810559214, 18.565718581816853, 2135.0 ], [ -97.672242595701803, 18.565725987993936, 2135.0 ], [ -97.672251512694857, 18.565733496912838, 2135.0 ], [ -97.672257221741205, 18.565742000989665, 2135.0 ], [ -97.672262977394524, 18.56576538720094, 2135.0 ], [ -97.672262007527053, 18.565790899431427, 2135.0 ], [ -97.672263519729171, 18.565806844575476, 2135.0 ], [ -97.67226795958608, 18.565820663700322, 2135.0 ], [ -97.672273790502686, 18.565831293796357, 2135.0 ], [ -97.672284015122983, 18.565842986901995, 2135.0 ], [ -97.672301670764313, 18.565855743013099, 2135.0 ], [ -97.672322848616901, 18.565866339894221, 2135.0 ], [ -97.672353023076056, 18.565878066218911, 2135.0 ], [ -97.672356287331525, 18.565884158838767, 2135.0 ], [ -97.672360728678754, 18.565886570295739, 2135.0 ], [ -97.672361311712748, 18.565890822334151, 2135.0 ], [ -97.672366442793006, 18.565892948353358, 2135.0 ], [ -97.672369931067095, 18.56589720039177, 2135.0 ], [ -97.672367874774991, 18.565903578449394, 2135.0 ], [ -97.672369220811376, 18.565915271555031, 2135.0 ], [ -97.672362815842476, 18.565924838641461, 2135.0 ], [ -97.67236416160948, 18.565932279708687, 2135.0 ], [ -97.672370777441188, 18.565938842637543, 2135.0 ], [ -97.672379694431754, 18.565943876177087, 2135.0 ], [ -97.672385307358851, 18.565954602910359, 2135.0 ], [ -97.672392832763606, 18.565963106987187, 2135.0 ], [ -97.672419895197564, 18.565983304169652, 2135.0 ], [ -97.672436540246622, 18.565999054428612, 2135.0 ], [ -97.672455648083542, 18.566023698534586, 2135.0 ], [ -97.672463476988952, 18.566040706688241, 2135.0 ], [ -97.672464047570202, 18.566048147755463, 2135.0 ], [ -97.672461115047994, 18.566066218918724, 2135.0 ], [ -97.672467530769637, 18.566095983187619, 2135.0 ], [ -97.672475512970735, 18.56611405435088, 2135.0 ], [ -97.672493598370778, 18.566141692600571, 2135.0 ], [ -97.672509962110013, 18.566194843080744, 2135.0 ], [ -97.672525507493404, 18.566234174436072, 2135.0 ], [ -97.67253233034225, 18.566246930551312, 2135.0 ], [ -97.672539244870109, 18.56625543462814, 2135.0 ], [ -97.672551346500157, 18.566264048293586, 2135.0 ], [ -97.67256583660982, 18.566270353418094, 2135.0 ] ] } },
{ "type": "Feature", "properties": { "FID": 211, "elev": 2131.0, "elevation": 2131.0, "ELEVATION": 2131.0, "is_master": false, "tipo": "Ordinaria (1m)" }, "geometry": { "type": "LineString", "coordinates": [ [ -97.670688810095683, 18.566393730525206, 2131.0 ], [ -97.670682122352758, 18.566393030591215, 2131.0 ], [ -97.670682122352758, 18.566389485733925, 2131.0 ], [ -97.670689691813024, 18.566385121799765, 2131.0 ], [ -97.670689924719497, 18.566376322783857, 2131.0 ], [ -97.670695497838608, 18.566372235139482, 2131.0 ], [ -97.670698841710063, 18.566372444425976, 2131.0 ], [ -97.67070257327677, 18.56637768073254, 2131.0 ], [ -97.670693506377376, 18.56638405879016, 2131.0 ], [ -97.67069163261084, 18.566391499857385, 2131.0 ], [ -97.670688810095683, 18.566393730525206, 2131.0 ] ] } },
{ "type": "Feature", "properties": { "FID": 212, "elev": 2113.0, "elevation": 2113.0, "ELEVATION": 2113.0, "is_master": false, "tipo": "Ordinaria (1m)" }, "geometry": { "type": "LineString", "coordinates": [ [ -97.671304082444735, 18.56639334683657, 2113.0 ], [ -97.671298509325638, 18.566392791913255, 2113.0 ], [ -97.671295165454168, 18.566390650786822, 2113.0 ], [ -97.67129500061543, 18.56638724781897, 2113.0 ], [ -97.671297149642669, 18.56638405879016, 2113.0 ], [ -97.671299623949452, 18.566383823654395, 2113.0 ], [ -97.671304664710917, 18.56638724781897, 2113.0 ], [ -97.671305922027145, 18.566390436847783, 2113.0 ], [ -97.671304082444735, 18.56639334683657, 2113.0 ] ] } },
{ "type": "Feature", "properties": { "FID": 213, "elev": 2131.0, "elevation": 2131.0, "ELEVATION": 2131.0, "is_master": false, "tipo": "Ordinaria (1m)" }, "geometry": { "type": "LineString", "coordinates": [ [ -97.670709987948271, 18.566393322159563, 2131.0 ], [ -97.670705449360256, 18.566391499857385, 2131.0 ], [ -97.67070570259844, 18.56638724781897, 2131.0 ], [ -97.67070775870063, 18.566385793997014, 2131.0 ], [ -97.670712733225457, 18.566389373838177, 2131.0 ], [ -97.670709987948271, 18.566393322159563, 2131.0 ] ] } },
{ "type": "Feature", "properties": { "FID": 214, "elev": 2131.0, "elevation": 2131.0, "ELEVATION": 2131.0, "is_master": false, "tipo": "Ordinaria (1m)" }, "geometry": { "type": "LineString", "coordinates": [ [ -97.670675434609834, 18.566393540835822, 2131.0 ], [ -97.670672090738364, 18.566392259149961, 2131.0 ], [ -97.670673205362192, 18.566389646404744, 2131.0 ], [ -97.670676373240411, 18.566391499857385, 2131.0 ], [ -97.670675434609834, 18.566393540835822, 2131.0 ] ] } },
{ "type": "Feature", "properties": { "FID": 215, "elev": 2131.0, "elevation": 2131.0, "ELEVATION": 2131.0, "is_master": false, "tipo": "Ordinaria (1m)" }, "geometry": { "type": "LineString", "coordinates": [ [ -97.67078670029359, 18.566390436847783, 2131.0 ], [ -97.670783553120444, 18.566385100624274, 2131.0 ], [ -97.670779830493316, 18.566386184809367, 2131.0 ], [ -97.67078243849663, 18.566390421441845, 2131.0 ], [ -97.670784667744272, 18.566391499856323, 2131.0 ], [ -97.67078670029359, 18.566390436847783, 2131.0 ] ] } },
{ "type": "Feature", "properties": { "FID": 216, "elev": 2125.0, "elevation": 2125.0, "ELEVATION": 2125.0, "is_master": true, "tipo": "Maestra (5m)" }, "geometry": { "type": "LineString", "coordinates": [ [ -97.671547181900038, 18.56637130267492, 2125.0 ], [ -97.671547606036114, 18.56636811364611, 2125.0 ], [ -97.671543726566199, 18.566366553645004, 2125.0 ], [ -97.671542456413476, 18.56636811364611, 2125.0 ], [ -97.671543726566199, 18.566370334155057, 2125.0 ], [ -97.671547181900038, 18.56637130267492, 2125.0 ] ] } },
{ "type": "Feature", "properties": { "FID": 217, "elev": 2114.0, "elevation": 2114.0, "ELEVATION": 2114.0, "is_master": false, "tipo": "Ordinaria (1m)" }, "geometry": { "type": "LineString", "coordinates": [ [ -97.671223829529637, 18.566344270093492, 2114.0 ], [ -97.671223829529637, 18.566342087432961, 2114.0 ], [ -97.671224956677321, 18.566342601415627, 2114.0 ], [ -97.671223829529637, 18.566344270093492, 2114.0 ] ] } },
{ "type": "Feature", "properties": { "FID": 218, "elev": 2133.0, "elevation": 2133.0, "ELEVATION": 2133.0, "is_master": false, "tipo": "Ordinaria (1m)" }, "geometry": { "type": "LineString", "coordinates": [ [ -97.670512699531997, 18.566158302125626, 2133.0 ], [ -97.670523845770205, 18.56616516648274, 2133.0 ], [ -97.670540565127524, 18.566168221622849, 2133.0 ], [ -97.670541510708873, 18.566159763763828, 2133.0 ], [ -97.670538057223922, 18.566150196677398, 2133.0 ], [ -97.670532061424439, 18.566145944638983, 2133.0 ], [ -97.670532762760033, 18.566140629590965, 2133.0 ], [ -97.670536106632241, 18.56614053759975, 2133.0 ], [ -97.670539450503696, 18.566145796312064, 2133.0 ], [ -97.670555055237188, 18.566139764904051, 2133.0 ], [ -97.670563988781581, 18.566129999494933, 2133.0 ], [ -97.67056498628402, 18.566122558427708, 2133.0 ], [ -97.67056285760394, 18.566109388919841, 2133.0 ], [ -97.670566783741577, 18.566106613283655, 2133.0 ], [ -97.670574003842148, 18.566105739133626, 2133.0 ], [ -97.670578561925808, 18.566102361245242, 2133.0 ], [ -97.670579328478226, 18.566097046197225, 2133.0 ], [ -97.67057623308979, 18.566094028009243, 2133.0 ], [ -97.67056285760394, 18.566096505144433, 2133.0 ], [ -97.670559513732471, 18.566099994131072, 2133.0 ], [ -97.670557284484829, 18.56610007681676, 2133.0 ], [ -97.670549482118091, 18.566094093012989, 2133.0 ], [ -97.670549285694861, 18.566090668139605, 2133.0 ], [ -97.670557284484829, 18.56608226400385, 2133.0 ], [ -97.670565086851582, 18.566086359515126, 2133.0 ], [ -97.670580798466801, 18.566081101053172, 2133.0 ], [ -97.670582920829503, 18.566078975033964, 2133.0 ], [ -97.670581832747544, 18.566073659985946, 2133.0 ], [ -97.670577347713603, 18.566070624645274, 2133.0 ], [ -97.670571774594507, 18.566073548541393, 2133.0 ], [ -97.670567316099223, 18.566072991318617, 2133.0 ], [ -97.670559513732471, 18.566079694609698, 2133.0 ], [ -97.670557284484829, 18.566079808473418, 2133.0 ], [ -97.670554972597813, 18.56607684901476, 2133.0 ], [ -97.670553754842729, 18.566070470957136, 2133.0 ], [ -97.670567679818575, 18.566060903870707, 2133.0 ], [ -97.670565086851582, 18.56605839625831, 2133.0 ], [ -97.670557284484829, 18.566063097382585, 2133.0 ], [ -97.670551711365732, 18.566062908086728, 2133.0 ], [ -97.670545551602501, 18.566056651832291, 2133.0 ], [ -97.670549482118091, 18.566047966266019, 2133.0 ], [ -97.670560628356299, 18.566046962643405, 2133.0 ], [ -97.670568059181761, 18.566038580669034, 2133.0 ], [ -97.670565086851582, 18.566031267162963, 2133.0 ], [ -97.670558399108657, 18.566029977059472, 2133.0 ], [ -97.670555524325977, 18.566026887563396, 2133.0 ], [ -97.670556169861015, 18.566024703297085, 2133.0 ], [ -97.670565281468441, 18.566021572515378, 2133.0 ], [ -97.670563944706174, 18.566006690380931, 2133.0 ], [ -97.670570659970679, 18.565999595947272, 2133.0 ], [ -97.670575118465962, 18.565999635862653, 2133.0 ], [ -97.670571655170519, 18.56599180824648, 2133.0 ], [ -97.670572889216658, 18.565989682227272, 2133.0 ], [ -97.670584035456528, 18.565986761111454, 2133.0 ], [ -97.670593181087881, 18.565990745236878, 2133.0 ], [ -97.670599838345368, 18.565999249313705, 2133.0 ], [ -97.670601805744866, 18.566009879409741, 2133.0 ], [ -97.670606131234621, 18.566019446496171, 2133.0 ], [ -97.670616359547338, 18.566031215531066, 2133.0 ], [ -97.670621932666435, 18.566031197061786, 2133.0 ], [ -97.670627505785532, 18.566027300956019, 2133.0 ], [ -97.670634193528457, 18.56602911348952, 2133.0 ], [ -97.670640881271382, 18.56602040579752, 2133.0 ], [ -97.670656486004873, 18.566018353958523, 2133.0 ], [ -97.670661071885746, 18.566019446496171, 2133.0 ], [ -97.670659829876342, 18.566022173346894, 2133.0 ], [ -97.670655371381059, 18.566021268798348, 2133.0 ], [ -97.670653400148183, 18.566024761544188, 2133.0 ], [ -97.670657600628701, 18.566029114137564, 2133.0 ], [ -97.670676549233647, 18.566027793367354, 2133.0 ], [ -97.6706843516004, 18.566031037824295, 2133.0 ], [ -97.670686434187004, 18.566035391640224, 2133.0 ], [ -97.670685466224214, 18.566038125093488, 2133.0 ], [ -97.670668457890358, 18.566056651832291, 2133.0 ], [ -97.670673205362192, 18.566064326392954, 2133.0 ], [ -97.670676549233647, 18.566065793714881, 2133.0 ], [ -97.67068100772893, 18.566065196794106, 2133.0 ], [ -97.670686580848042, 18.566058285717425, 2133.0 ], [ -97.67069563034633, 18.566053462803481, 2133.0 ], [ -97.670699032447828, 18.566048147755463, 2133.0 ], [ -97.670698970320501, 18.566038580669034, 2133.0 ], [ -97.670693268590966, 18.566033531373417, 2133.0 ], [ -97.670692762988409, 18.566031139601808, 2133.0 ], [ -97.6706948972123, 18.56602263552498, 2133.0 ], [ -97.670693140938511, 18.566015194457758, 2133.0 ], [ -97.670696389537667, 18.566005627371325, 2133.0 ], [ -97.670691561823233, 18.566001375332913, 2133.0 ], [ -97.670688810095683, 18.56600126903195, 2133.0 ], [ -97.670680641495395, 18.566002438342515, 2133.0 ], [ -97.670678778481289, 18.566007063870789, 2133.0 ], [ -97.670675434609834, 18.566007884951127, 2133.0 ], [ -97.670669760161289, 18.565999249313705, 2133.0 ], [ -97.670669693245628, 18.56599499727529, 2133.0 ], [ -97.670678778481289, 18.565986480234933, 2133.0 ], [ -97.6706843516004, 18.56598738382813, 2133.0 ], [ -97.670688871774473, 18.565984367179258, 2133.0 ], [ -97.670691135668832, 18.565972674073617, 2133.0 ], [ -97.670695497838608, 18.565968603865795, 2133.0 ], [ -97.670702185581533, 18.565968343293754, 2133.0 ], [ -97.670711102572099, 18.565972355170736, 2133.0 ], [ -97.670728936553232, 18.565964382598711, 2133.0 ], [ -97.670731165800873, 18.565966295999452, 2133.0 ], [ -97.670734277459033, 18.565974800092825, 2133.0 ], [ -97.670738968167612, 18.565978677832081, 2133.0 ], [ -97.670751384433927, 18.56597586310243, 2133.0 ], [ -97.670753419265452, 18.565970548054413, 2133.0 ], [ -97.670749280948371, 18.565966296015997, 2133.0 ], [ -97.670747885158178, 18.565959917962729, 2133.0 ], [ -97.670738968167612, 18.565955447065043, 2133.0 ], [ -97.670731165800873, 18.565954409635886, 2133.0 ], [ -97.670720576874572, 18.56594503582393, 2133.0 ], [ -97.670722471735061, 18.565939720775912, 2133.0 ], [ -97.670734375917476, 18.565924838641461, 2133.0 ], [ -97.670743426662895, 18.565918388515392, 2133.0 ], [ -97.670751229029648, 18.565916167060092, 2133.0 ], [ -97.670755687524931, 18.565916147819703, 2133.0 ], [ -97.670769063010781, 18.565921915365053, 2133.0 ], [ -97.670784667744272, 18.565921813152592, 2133.0 ], [ -97.670812533339785, 18.565912898765738, 2133.0 ], [ -97.6708348258162, 18.565908987987154, 2133.0 ], [ -97.670851545173505, 18.565900225880643, 2133.0 ], [ -97.670859506772231, 18.565888696314943, 2133.0 ], [ -97.670861883878132, 18.565865310103668, 2133.0 ], [ -97.670858297845982, 18.565854680007632, 2133.0 ], [ -97.67084820130205, 18.565847043122851, 2133.0 ], [ -97.670829252697089, 18.565840879865103, 2133.0 ], [ -97.670821355468746, 18.565833419815565, 2133.0 ], [ -97.670795985463059, 18.565789836421821, 2133.0 ], [ -97.670783413792464, 18.565756883124113, 2133.0 ], [ -97.670770136352232, 18.565732433903236, 2133.0 ], [ -97.670757916772573, 18.565717835238015, 2133.0 ], [ -97.670726707301142, 18.565692039538302, 2133.0 ], [ -97.670715561063517, 18.565677157403854, 2133.0 ], [ -97.670710937442635, 18.565664401288611, 2133.0 ], [ -97.670710183007444, 18.565625069933283, 2133.0 ], [ -97.670706582153272, 18.565612313818043, 2133.0 ], [ -97.670701099537808, 18.56560593576042, 2133.0 ], [ -97.670700898456403, 18.56560274673161, 2133.0 ], [ -97.670695497838608, 18.56559926128666, 2133.0 ], [ -97.670677663857475, 18.565596606934765, 2133.0 ], [ -97.670667632243081, 18.56559227411848, 2133.0 ], [ -97.670655371381059, 18.56558165007948, 2133.0 ], [ -97.670647758737516, 18.565570856443507, 2133.0 ], [ -97.670640616410282, 18.565554911299454, 2133.0 ], [ -97.670635018168852, 18.565534714116989, 2133.0 ], [ -97.670630544939698, 18.565506012857696, 2133.0 ], [ -97.670628300931199, 18.565475185579196, 2133.0 ], [ -97.670629427126045, 18.565410341993385, 2133.0 ], [ -97.670634000241094, 18.565375262676469, 2133.0 ], [ -97.670639563351401, 18.565354002484401, 2133.0 ], [ -97.670649957493922, 18.56533274229233, 2133.0 ], [ -97.670676371268499, 18.565294473946604, 2133.0 ], [ -97.670693184468405, 18.565256205600882, 2133.0 ], [ -97.670711102572099, 18.565233839304224, 2133.0 ], [ -97.670716675691196, 18.565229553516726, 2133.0 ], [ -97.670725592681762, 18.565226242017683, 2133.0 ], [ -97.670732280424687, 18.565226004738754, 2133.0 ], [ -97.670738968167612, 18.565228446725985, 2133.0 ], [ -97.670742312039081, 18.565227552296907, 2133.0 ], [ -97.670745805433242, 18.565222189293568, 2133.0 ], [ -97.670746644133715, 18.565214748226346, 2133.0 ], [ -97.670749977921275, 18.56520730715912, 2133.0 ], [ -97.670757902663411, 18.565199866091895, 2133.0 ], [ -97.670764604515497, 18.565197468325874, 2133.0 ], [ -97.670773521506064, 18.56519703139962, 2133.0 ], [ -97.670781076178613, 18.565198803082293, 2133.0 ], [ -97.670782355931891, 18.565208370168726, 2133.0 ], [ -97.670793584734838, 18.56521913549971, 2133.0 ], [ -97.670801387101577, 18.565219033277479, 2133.0 ], [ -97.670813647963598, 18.565204269988826, 2133.0 ], [ -97.670820335706523, 18.565204056327428, 2133.0 ], [ -97.670824530211959, 18.56520730715912, 2133.0 ], [ -97.670831282153671, 18.565220063274364, 2133.0 ], [ -97.670837055063842, 18.565226066152125, 2133.0 ], [ -97.670857118292616, 18.565235453804707, 2133.0 ], [ -97.670873837649921, 18.565239531535958, 2133.0 ], [ -97.670882754640488, 18.565231750928671, 2133.0 ], [ -97.670896793592902, 18.565226441331983, 2133.0 ], [ -97.670899286139857, 18.565222189293568, 2133.0 ], [ -97.670898856254482, 18.565217937255156, 2133.0 ], [ -97.670907313830895, 18.565211559197536, 2133.0 ], [ -97.670907168148645, 18.565203055120708, 2133.0 ], [ -97.670900391440014, 18.565195614053483, 2133.0 ], [ -97.670899585859686, 18.565174353861412, 2133.0 ], [ -97.670892616227519, 18.565164786774982, 2133.0 ], [ -97.67088727615338, 18.565149904640535, 2133.0 ], [ -97.670873837649921, 18.565140131544489, 2133.0 ], [ -97.670860462164072, 18.565133829332041, 2133.0 ], [ -97.670851333394978, 18.565123329400446, 2133.0 ], [ -97.6708480236084, 18.565112699304411, 2133.0 ], [ -97.670844068127593, 18.565079746006706, 2133.0 ], [ -97.670838855610015, 18.565055296785825, 2133.0 ] ] } },
{ "type": "Feature", "properties": { "FID": 219, "elev": 2126.0, "elevation": 2126.0, "ELEVATION": 2126.0, "is_master": false, "tipo": "Ordinaria (1m)" }, "geometry": { "type": "LineString", "coordinates": [ [ -97.671539632029706, 18.566288387925848, 2126.0 ], [ -97.671543207879864, 18.56628626190664, 2126.0 ], [ -97.671548445930881, 18.566274568801003, 2126.0 ], [ -97.671551504701995, 18.566272442781795, 2126.0 ], [ -97.671552379566904, 18.566262875695365, 2126.0 ], [ -97.671549267838913, 18.566261812685763, 2126.0 ], [ -97.671544841190013, 18.566268517823261, 2126.0 ], [ -97.671532580327991, 18.566258831507991, 2126.0 ], [ -97.671525892585066, 18.566258839669597, 2126.0 ], [ -97.671523734209458, 18.566260749676157, 2126.0 ], [ -97.671523094728656, 18.566265001714573, 2126.0 ], [ -97.671527892063764, 18.566284135887436, 2126.0 ], [ -97.671533290237207, 18.566288387925848, 2126.0 ], [ -97.671539632029706, 18.566288387925848, 2126.0 ] ] } },
{ "type": "Feature", "properties": { "FID": 220, "elev": 2136.0, "elevation": 2136.0, "ELEVATION": 2136.0, "is_master": false, "tipo": "Ordinaria (1m)" }, "geometry": { "type": "LineString", "coordinates": [ [ -97.67159381386837, 18.565055296785825, 2136.0 ], [ -97.671625216017091, 18.565087187073928, 2136.0 ], [ -97.671646112725725, 18.565114825323619, 2136.0 ], [ -97.671711031601689, 18.565233882399209, 2136.0 ], [ -97.671717538218246, 18.565240260456829, 2136.0 ], [ -97.67173623288673, 18.565253016572068, 2136.0 ], [ -97.671739449201382, 18.565263646668104, 2136.0 ], [ -97.671738160458048, 18.565266835696914, 2136.0 ], [ -97.671735441863362, 18.565266246872969, 2136.0 ], [ -97.671733518831061, 18.565267898706519, 2136.0 ], [ -97.671737778286371, 18.565272150744931, 2136.0 ], [ -97.671734132828419, 18.565288095888985, 2136.0 ], [ -97.671735441863362, 18.565302058380258, 2136.0 ], [ -97.671738785734831, 18.565305040039444, 2136.0 ], [ -97.671756619715964, 18.565307176614436, 2136.0 ], [ -97.671769995201814, 18.565318069538559, 2136.0 ], [ -97.671778404975925, 18.565310419090657, 2136.0 ], [ -97.671776699336263, 18.565304041033038, 2136.0 ], [ -97.671780026816194, 18.56530073618995, 2136.0 ], [ -97.671784485311477, 18.565300873479167, 2136.0 ], [ -97.671790930744876, 18.56530510404264, 2136.0 ], [ -97.671788758036129, 18.565309356081055, 2136.0 ], [ -97.67178850357719, 18.565319986177087, 2136.0 ], [ -97.671781141440022, 18.565324827180284, 2136.0 ], [ -97.671779895917311, 18.565329553263521, 2136.0 ], [ -97.671773818013193, 18.565338057340348, 2136.0 ], [ -97.67177798914453, 18.565348687436384, 2136.0 ], [ -97.671779247778048, 18.565365695590039, 2136.0 ], [ -97.671772095188885, 18.565379514714884, 2136.0 ], [ -97.671781141440022, 18.56538571287857, 2136.0 ], [ -97.671788153437149, 18.565401837916557, 2136.0 ], [ -97.671794516925871, 18.565409419676229, 2136.0 ], [ -97.67183129951195, 18.565426573332328, 2136.0 ], [ -97.6718446749978, 18.565427859272692, 2136.0 ], [ -97.671849133493083, 18.56542458632207, 2136.0 ], [ -97.671860279731291, 18.56542376496558, 2136.0 ], [ -97.671862169745594, 18.565422035099022, 2136.0 ], [ -97.671864486952998, 18.565408215974177, 2136.0 ], [ -97.671856935859822, 18.565400849504119, 2136.0 ], [ -97.671848018869255, 18.565399222575468, 2136.0 ], [ -97.671845660389877, 18.565395459858934, 2136.0 ], [ -97.671844607203155, 18.565388018791712, 2136.0 ], [ -97.671844270793557, 18.565377388695676, 2136.0 ], [ -97.671850637350616, 18.565373136657261, 2136.0 ], [ -97.671850102202512, 18.565368884618849, 2136.0 ], [ -97.671854832321642, 18.565364632580433, 2136.0 ], [ -97.67185470661218, 18.565360051515238, 2136.0 ], [ -97.671849848848666, 18.565357191513211, 2136.0 ], [ -97.671849133493083, 18.565352283181909, 2136.0 ], [ -97.671843731854565, 18.565348687436384, 2136.0 ], [ -97.671848326857429, 18.565340183359556, 2136.0 ], [ -97.671851362740725, 18.565338134650137, 2136.0 ], [ -97.671861521337576, 18.56534549840757, 2136.0 ], [ -97.67186808209803, 18.565356128493267, 2136.0 ], [ -97.671871425969499, 18.565356811866923, 2136.0 ], [ -97.671908208555578, 18.565355854698101, 2136.0 ], [ -97.671958366627521, 18.565366003303343, 2136.0 ], [ -97.6719951492136, 18.565368147823833, 2136.0 ], [ -97.672035275671149, 18.565367064501686, 2136.0 ], [ -97.672051995028454, 18.565364353927432, 2136.0 ], [ -97.672075402128698, 18.565364414527181, 2136.0 ], [ -97.672094350733644, 18.565370976347424, 2136.0 ], [ -97.672112184714777, 18.565385767712549, 2136.0 ], [ -97.67212656336207, 18.565407152964571, 2136.0 ], [ -97.672134762643637, 18.56543053917585, 2136.0 ], [ -97.672137024902781, 18.565459240435143, 2136.0 ], [ -97.672133046255212, 18.565479437617608, 2136.0 ], [ -97.67213305457922, 18.565489004704041, 2136.0 ], [ -97.672137821062663, 18.565501865377602, 2136.0 ], [ -97.672147852677043, 18.565508350446773, 2136.0 ], [ -97.672170145153459, 18.565509004117278, 2136.0 ], [ -97.672183520639308, 18.565515475385805, 2136.0 ], [ -97.672208042363366, 18.565536648794467, 2136.0 ], [ -97.672227106274235, 18.56555916333787, 2136.0 ], [ -97.672240512634346, 18.565579360520335, 2136.0 ], [ -97.672269255683801, 18.565633574010111, 2136.0 ], [ -97.672291676304042, 18.565663338279009, 2136.0 ], [ -97.672326037679497, 18.565717551768785, 2136.0 ], [ -97.672371922189981, 18.565772828268166, 2136.0 ], [ -97.672389611725762, 18.565800466517857, 2136.0 ], [ -97.672402153269942, 18.565814285642702, 2136.0 ], [ -97.67241434780054, 18.565838734863583, 2136.0 ], [ -97.672424222516028, 18.565869562142083, 2136.0 ], [ -97.672440977306834, 18.565899326410978, 2136.0 ], [ -97.672457718102208, 18.565940783785514, 2136.0 ], [ -97.672472235394835, 18.565964169996789, 2136.0 ], [ -97.672482239823267, 18.565973947348859, 2136.0 ], [ -97.672493386061475, 18.565981238893851, 2136.0 ], [ -97.672546888004874, 18.566001358187595, 2136.0 ], [ -97.67256583660982, 18.566015379328991, 2136.0 ] ] } },
{ "type": "Feature", "properties": { "FID": 221, "elev": 2115.0, "elevation": 2115.0, "ELEVATION": 2115.0, "is_master": true, "tipo": "Maestra (5m)" }, "geometry": { "type": "LineString", "coordinates": [ [ -97.671177015329164, 18.566232153287768, 2115.0 ], [ -97.671170327586239, 18.566232184700148, 2115.0 ], [ -97.671168458621054, 18.566229922397657, 2115.0 ], [ -97.671169043778448, 18.566227796378453, 2115.0 ], [ -97.671173671457709, 18.566224898222917, 2115.0 ], [ -97.671179244576805, 18.566226681333411, 2115.0 ], [ -97.671179899662746, 18.566228859388055, 2115.0 ], [ -97.671177015329164, 18.566232153287768, 2115.0 ] ] } },
{ "type": "Feature", "properties": { "FID": 222, "elev": 2127.0, "elevation": 2127.0, "ELEVATION": 2127.0, "is_master": false, "tipo": "Ordinaria (1m)" }, "geometry": { "type": "LineString", "coordinates": [ [ -97.671672937915716, 18.566225670359245, 2127.0 ], [ -97.671675166436756, 18.566222481330435, 2127.0 ], [ -97.671673022929397, 18.566221236415444, 2127.0 ], [ -97.671670266014104, 18.566224607349639, 2127.0 ], [ -97.671671908305584, 18.566226492118442, 2127.0 ], [ -97.671672937915716, 18.566225670359245, 2127.0 ] ] } },
{ "type": "Feature", "properties": { "FID": 223, "elev": 2132.0, "elevation": 2132.0, "ELEVATION": 2132.0, "is_master": false, "tipo": "Ordinaria (1m)" }, "geometry": { "type": "LineString", "coordinates": [ [ -97.670696612462422, 18.566223640977274, 2132.0 ], [ -97.670687695471855, 18.566223555770247, 2132.0 ], [ -97.670683236976572, 18.566221252225578, 2132.0 ], [ -97.670680703740615, 18.566217166282417, 2132.0 ], [ -97.670680643132357, 18.566212914244002, 2132.0 ], [ -97.670685466224214, 18.566196920781334, 2132.0 ], [ -97.670692153967138, 18.566189595884403, 2132.0 ], [ -97.67069772708625, 18.566188223430032, 2132.0 ], [ -97.670701037181232, 18.566190591042329, 2132.0 ], [ -97.670699306451525, 18.56620547317678, 2132.0 ], [ -97.670703636571119, 18.566215040263209, 2132.0 ], [ -97.670702351589327, 18.566220355311227, 2132.0 ], [ -97.670696612462422, 18.566223640977274, 2132.0 ] ] } },
{ "type": "Feature", "properties": { "FID": 224, "elev": 2123.0, "elevation": 2123.0, "ELEVATION": 2123.0, "is_master": false, "tipo": "Ordinaria (1m)" }, "geometry": { "type": "LineString", "coordinates": [ [ -97.671348762259171, 18.566222481330435, 2123.0 ], [ -97.67135089663995, 18.566219292301621, 2123.0 ], [ -97.671349050549509, 18.566217166282417, 2123.0 ], [ -97.671341979654642, 18.566215917566314, 2123.0 ], [ -97.671340428873677, 18.566217166282417, 2123.0 ], [ -97.67134010506004, 18.566221418320829, 2123.0 ], [ -97.671348762259171, 18.566222481330435, 2123.0 ] ] } },
{ "type": "Feature", "properties": { "FID": 225, "elev": 2132.0, "elevation": 2132.0, "ELEVATION": 2132.0, "is_master": false, "tipo": "Ordinaria (1m)" }, "geometry": { "type": "LineString", "coordinates": [ [ -97.670713331819741, 18.566211585481998, 2132.0 ], [ -97.670711214034483, 18.566210788224794, 2132.0 ], [ -97.670713331819741, 18.56620782065632, 2132.0 ], [ -97.670714955985872, 18.566209725215192, 2132.0 ], [ -97.670713331819741, 18.566211585481998, 2132.0 ] ] } },
{ "type": "Feature", "properties": { "FID": 226, "elev": 2115.0, "elevation": 2115.0, "ELEVATION": 2115.0, "is_master": true, "tipo": "Maestra (5m)" }, "geometry": { "type": "LineString", "coordinates": [ [ -97.671190390815013, 18.566198224883316, 2115.0 ], [ -97.671182588448275, 18.566198052072174, 2115.0 ], [ -97.671180276974283, 18.566194843080744, 2115.0 ], [ -97.671193734686483, 18.566186158584856, 2115.0 ], [ -97.671195030173791, 18.566188465023121, 2115.0 ], [ -97.671192761792838, 18.566195906090346, 2115.0 ], [ -97.671190390815013, 18.566198224883316, 2115.0 ] ] } },
{ "type": "Feature", "properties": { "FID": 227, "elev": 2124.0, "elevation": 2124.0, "ELEVATION": 2124.0, "is_master": false, "tipo": "Ordinaria (1m)" }, "geometry": { "type": "LineString", "coordinates": [ [ -97.671443273791027, 18.566191654051934, 2124.0 ], [ -97.671455671284363, 18.566186368757364, 2124.0 ], [ -97.671458066893763, 18.566181023955899, 2124.0 ], [ -97.671454556660535, 18.566173535220081, 2124.0 ], [ -97.671442609286458, 18.566165078811846, 2124.0 ], [ -97.671441181174686, 18.566157371992222, 2124.0 ], [ -97.671436722679402, 18.56615539240801, 2124.0 ], [ -97.671428920312664, 18.566161953141226, 2124.0 ], [ -97.671421117945911, 18.566164975939948, 2124.0 ], [ -97.671414430202987, 18.566170345904542, 2124.0 ], [ -97.671412440291746, 18.566176771917483, 2124.0 ], [ -97.671413116726086, 18.566182086965501, 2124.0 ], [ -97.671420003322098, 18.566189440569911, 2124.0 ], [ -97.671426691065022, 18.566191949820446, 2124.0 ], [ -97.671443273791027, 18.566191654051934, 2124.0 ] ] } },
{ "type": "Feature", "properties": { "FID": 228, "elev": 2128.0, "elevation": 2128.0, "ELEVATION": 2128.0, "is_master": false, "tipo": "Ordinaria (1m)" }, "geometry": { "type": "LineString", "coordinates": [ [ -97.671742257814188, 18.566177834927089, 2128.0 ], [ -97.67174448332969, 18.566175708907881, 2128.0 ], [ -97.671743244230115, 18.566172229967361, 2128.0 ], [ -97.671737671111003, 18.56617081568907, 2128.0 ], [ -97.671731977024976, 18.566173582888673, 2128.0 ], [ -97.67173321261572, 18.566177969485267, 2128.0 ], [ -97.671742257814188, 18.566177834927089, 2128.0 ] ] } },
{ "type": "Feature", "properties": { "FID": 229, "elev": 2115.0, "elevation": 2115.0, "ELEVATION": 2115.0, "is_master": true, "tipo": "Maestra (5m)" }, "geometry": { "type": "LineString", "coordinates": [ [ -97.6711892761912, 18.566176995502531, 2115.0 ], [ -97.67118593231973, 18.566174698177438, 2115.0 ], [ -97.671184764618587, 18.566167204831054, 2115.0 ], [ -97.671181467942532, 18.566164015802244, 2115.0 ], [ -97.671181473824447, 18.566161643612389, 2115.0 ], [ -97.671183703072089, 18.566160099265197, 2115.0 ], [ -97.671185944501417, 18.566160826773434, 2115.0 ], [ -97.671191565257644, 18.566169330850261, 2115.0 ], [ -97.671191620616639, 18.566174645898279, 2115.0 ], [ -97.6711892761912, 18.566176995502531, 2115.0 ] ] } },
{ "type": "Feature", "properties": { "FID": 230, "elev": 2120.0, "elevation": 2120.0, "ELEVATION": 2120.0, "is_master": true, "tipo": "Maestra (5m)" }, "geometry": { "type": "LineString", "coordinates": [ [ -97.671123092003597, 18.566176771917483, 2120.0 ], [ -97.67112540610961, 18.566173582888673, 2120.0 ], [ -97.67112351338578, 18.566172071128626, 2120.0 ], [ -97.671120125803569, 18.566172519879071, 2120.0 ], [ -97.671118403118939, 18.566174645898279, 2120.0 ], [ -97.671123092003597, 18.566176771917483, 2120.0 ] ] } },
{ "type": "Feature", "properties": { "FID": 231, "elev": 2128.0, "elevation": 2128.0, "ELEVATION": 2128.0, "is_master": false, "tipo": "Ordinaria (1m)" }, "geometry": { "type": "LineString", "coordinates": [ [ -97.671793012855161, 18.566174645898279, 2128.0 ], [ -97.671794683287629, 18.566173582888673, 2128.0 ], [ -97.671793402302043, 18.566170531425811, 2128.0 ], [ -97.671791173054402, 18.566169776042315, 2128.0 ], [ -97.671787289848837, 18.566171456869466, 2128.0 ], [ -97.67178894380676, 18.566174380145878, 2128.0 ], [ -97.671793012855161, 18.566174645898279, 2128.0 ] ] } },
{ "type": "Feature", "properties": { "FID": 232, "elev": 2134.0, "elevation": 2134.0, "ELEVATION": 2134.0, "is_master": false, "tipo": "Ordinaria (1m)" }, "geometry": { "type": "LineString", "coordinates": [ [ -97.670512699531997, 18.565922419752262, 2134.0 ], [ -97.670513412891253, 18.565925901651067, 2134.0 ], [ -97.670516043403467, 18.565927775904839, 2134.0 ], [ -97.670519387274922, 18.565926884361382, 2134.0 ], [ -97.670527189641675, 18.56592051168618, 2134.0 ], [ -97.670538335879883, 18.565919591548397, 2134.0 ], [ -97.670547252870449, 18.56591323351898, 2134.0 ], [ -97.670549863247516, 18.565906767478204, 2134.0 ], [ -97.670547290336785, 18.56589401136296, 2134.0 ], [ -97.670538648067051, 18.565886570295739, 2134.0 ], [ -97.67054041117396, 18.565878066218911, 2134.0 ], [ -97.670539662316955, 18.565869562142083, 2134.0 ], [ -97.670531520751368, 18.56585999505565, 2134.0 ], [ -97.670528454890331, 18.565842986901995, 2134.0 ], [ -97.670520217313936, 18.565824915738737, 2134.0 ], [ -97.670520398212815, 18.565815348652304, 2134.0 ], [ -97.670523686538232, 18.565808970594684, 2134.0 ], [ -97.670534840872989, 18.565796214479441, 2134.0 ], [ -97.670549482118091, 18.565784590700517, 2134.0 ], [ -97.670569545346865, 18.565775897521245, 2134.0 ], [ -97.670581806208887, 18.565775267962337, 2134.0 ], [ -97.670595181694736, 18.565771995098476, 2134.0 ], [ -97.670605101846746, 18.56576538720094, 2134.0 ], [ -97.670610786413775, 18.565756883124113, 2134.0 ], [ -97.670611079750287, 18.565748379047285, 2134.0 ], [ -97.670605018249958, 18.565732433903236, 2134.0 ], [ -97.670601038536262, 18.565695228567112, 2134.0 ], [ -97.670592623541708, 18.565656960221389, 2134.0 ], [ -97.670585941463258, 18.565570856443507, 2134.0 ], [ -97.670585474591078, 18.565544281203419, 2134.0 ], [ -97.670587081586007, 18.565487941694435, 2134.0 ], [ -97.670591565801985, 18.565439043252677, 2134.0 ], [ -97.670600440748572, 18.565368884618849, 2134.0 ], [ -97.670608412424244, 18.56533593132114, 2134.0 ], [ -97.67062080851592, 18.565312545109865, 2134.0 ], [ -97.670640858523967, 18.565291284917794, 2134.0 ], [ -97.670653081883486, 18.565274276764139, 2134.0 ], [ -97.67067083678657, 18.565232819389603, 2134.0 ], [ -97.670681007727396, 18.565215811235948, 2134.0 ], [ -97.670684194611127, 18.565195614053483, 2134.0 ], [ -97.670687695471855, 18.565189023393941, 2134.0 ], [ -97.67069869746463, 18.565178605899828, 2134.0 ], [ -97.670709987948271, 18.565171316691117, 2134.0 ], [ -97.670773521506064, 18.565139197234711, 2134.0 ], [ -97.670788606081771, 18.565127581438862, 2134.0 ], [ -97.670799215907252, 18.565115888333221, 2134.0 ], [ -97.670808270107074, 18.565099943189171, 2134.0 ], [ -97.670811656150619, 18.565088250083534, 2134.0 ], [ -97.670811655151326, 18.565065926881861, 2134.0 ], [ -97.670808915013211, 18.565055296785825, 2134.0 ] ] } },
{ "type": "Feature", "properties": { "FID": 233, "elev": 2119.0, "elevation": 2119.0, "ELEVATION": 2119.0, "is_master": false, "tipo": "Ordinaria (1m)" }, "geometry": { "type": "LineString", "coordinates": [ [ -97.671306311692376, 18.56614607026739, 2119.0 ], [ -97.671294193122748, 18.566143818619778, 2119.0 ], [ -97.671290582738763, 18.566137440562155, 2119.0 ], [ -97.671290079623276, 18.566131062504535, 2119.0 ], [ -97.671290953768448, 18.5661204324085, 2119.0 ], [ -97.671293094218328, 18.56611724337969, 2119.0 ], [ -97.671292887271818, 18.56610767629326, 2119.0 ], [ -97.671299623949452, 18.566101458086706, 2119.0 ], [ -97.671302967820921, 18.566100475993167, 2119.0 ], [ -97.671306311692376, 18.566101547439356, 2119.0 ], [ -97.671308440704067, 18.566104487264447, 2119.0 ], [ -97.671305743558875, 18.566112991341278, 2119.0 ], [ -97.671306181257677, 18.5661204324085, 2119.0 ], [ -97.671304236185946, 18.566124684446915, 2119.0 ], [ -97.671305354692123, 18.566127873475725, 2119.0 ], [ -97.671311884811487, 18.566131252327679, 2119.0 ], [ -97.671319650469059, 18.566138503571761, 2119.0 ], [ -97.671317457930584, 18.566141824864438, 2119.0 ], [ -97.671306311692376, 18.56614607026739, 2119.0 ] ] } },
{ "type": "Feature", "properties": { "FID": 234, "elev": 2133.0, "elevation": 2133.0, "ELEVATION": 2133.0, "is_master": false, "tipo": "Ordinaria (1m)" }, "geometry": { "type": "LineString", "coordinates": [ [ -97.670593228344075, 18.566143818619778, 2133.0 ], [ -97.670595046588815, 18.566141692600571, 2133.0 ], [ -97.670591799552923, 18.566141692600571, 2133.0 ], [ -97.670593228344075, 18.566143818619778, 2133.0 ] ] } },
{ "type": "Feature", "properties": { "FID": 235, "elev": 2128.0, "elevation": 2128.0, "ELEVATION": 2128.0, "is_master": false, "tipo": "Ordinaria (1m)" }, "geometry": { "type": "LineString", "coordinates": [ [ -97.671775568320911, 18.566135376166695, 2128.0 ], [ -97.671767765954172, 18.566134051256174, 2128.0 ], [ -97.671766358741593, 18.566131062504535, 2128.0 ], [ -97.671772224449455, 18.566121406833972, 2128.0 ], [ -97.671775568323284, 18.56612362143731, 2128.0 ], [ -97.671776930638913, 18.566132125514137, 2128.0 ], [ -97.671775568320911, 18.566135376166695, 2128.0 ] ] } },
{ "type": "Feature", "properties": { "FID": 236, "elev": 2116.0, "elevation": 2116.0, "ELEVATION": 2116.0, "is_master": false, "tipo": "Ordinaria (1m)" }, "geometry": { "type": "LineString", "coordinates": [ [ -97.671177015329164, 18.566120542889834, 2116.0 ], [ -97.671172413614073, 18.566119369398898, 2116.0 ], [ -97.671170021227653, 18.566112991341278, 2116.0 ], [ -97.671172478614665, 18.566105550274052, 2116.0 ], [ -97.67117590070535, 18.566104378032886, 2116.0 ], [ -97.671178318069749, 18.56610767629326, 2116.0 ], [ -97.671179113186966, 18.56611405435088, 2116.0 ], [ -97.671177015329164, 18.566120542889834, 2116.0 ] ] } },
{ "type": "Feature", "properties": { "FID": 237, "elev": 2121.0, "elevation": 2121.0, "ELEVATION": 2121.0, "is_master": false, "tipo": "Ordinaria (1m)" }, "geometry": { "type": "LineString", "coordinates": [ [ -97.67110526327842, 18.566118306389292, 2121.0 ], [ -97.671105040818077, 18.56611405435088, 2121.0 ], [ -97.671100858214302, 18.566112991341278, 2121.0 ], [ -97.671099524742672, 18.566115117360482, 2121.0 ], [ -97.671101059908139, 18.56611724337969, 2121.0 ], [ -97.671104564780819, 18.566119267186433, 2121.0 ], [ -97.67110526327842, 18.566118306389292, 2121.0 ] ] } },
{ "type": "Feature", "properties": { "FID": 238, "elev": 2119.0, "elevation": 2119.0, "ELEVATION": 2119.0, "is_master": false, "tipo": "Ordinaria (1m)" }, "geometry": { "type": "LineString", "coordinates": [ [ -97.671220485658182, 18.566100098942751, 2119.0 ], [ -97.671218443742276, 18.566099172216433, 2119.0 ], [ -97.671221600281996, 18.566096154987154, 2119.0 ], [ -97.67122279452181, 18.566098109206827, 2119.0 ], [ -97.671220485658182, 18.566100098942751, 2119.0 ] ] } },
{ "type": "Feature", "properties": { "FID": 239, "elev": 2116.0, "elevation": 2116.0, "ELEVATION": 2116.0, "is_master": false, "tipo": "Ordinaria (1m)" }, "geometry": { "type": "LineString", "coordinates": [ [ -97.671171442210067, 18.566094640319864, 2116.0 ], [ -97.671169531426372, 18.566092794158809, 2116.0 ], [ -97.671171918807843, 18.566092794158809, 2116.0 ], [ -97.671171442210067, 18.566094640319864, 2116.0 ] ] } },
{ "type": "Feature", "properties": { "FID": 240, "elev": 2119.0, "elevation": 2119.0, "ELEVATION": 2119.0, "is_master": false, "tipo": "Ordinaria (1m)" }, "geometry": { "type": "LineString", "coordinates": [ [ -97.671250580501336, 18.566091731149889, 2119.0 ], [ -97.67124166351077, 18.566091688628823, 2119.0 ], [ -97.671236189638989, 18.566081101053172, 2119.0 ], [ -97.671235998778755, 18.566077912024362, 2119.0 ], [ -97.671242599620626, 18.566072596976344, 2119.0 ], [ -97.671239459886664, 18.566065155909119, 2119.0 ], [ -97.671256153620448, 18.56605521268083, 2119.0 ], [ -97.671262841363372, 18.566055485263014, 2119.0 ], [ -97.671269655010647, 18.566061966880309, 2119.0 ], [ -97.671271943171902, 18.566068344937932, 2119.0 ], [ -97.671268414482469, 18.566076896259631, 2119.0 ], [ -97.671250580501336, 18.566091731149889, 2119.0 ] ] } },
{ "type": "Feature", "properties": { "FID": 241, "elev": 2117.0, "elevation": 2117.0, "ELEVATION": 2117.0, "is_master": false, "tipo": "Ordinaria (1m)" }, "geometry": { "type": "LineString", "coordinates": [ [ -97.671166812234191, 18.56607684901476, 2117.0 ], [ -97.671165212259069, 18.56607684901476, 2117.0 ], [ -97.671165869090956, 18.566077595383202, 2117.0 ], [ -97.671166812234191, 18.56607684901476, 2117.0 ] ] } },
{ "type": "Feature", "properties": { "FID": 242, "elev": 2133.0, "elevation": 2133.0, "ELEVATION": 2133.0, "is_master": false, "tipo": "Ordinaria (1m)" }, "geometry": { "type": "LineString", "coordinates": [ [ -97.670645991991961, 18.566069407947534, 2133.0 ], [ -97.670653142132707, 18.566063029889914, 2133.0 ], [ -97.670653071363645, 18.566050273774671, 2133.0 ], [ -97.670648683638134, 18.566046007273542, 2133.0 ], [ -97.670640881271382, 18.566045181346468, 2133.0 ], [ -97.670635308152285, 18.566040742121892, 2133.0 ], [ -97.67062862040936, 18.56604070670328, 2133.0 ], [ -97.670626251833738, 18.566043895717051, 2133.0 ], [ -97.670626391161719, 18.566055975371636, 2133.0 ], [ -97.670636422776099, 18.566068585730161, 2133.0 ], [ -97.670639766647568, 18.566070232869812, 2133.0 ], [ -97.670645991991961, 18.566069407947534, 2133.0 ] ] } },
{ "type": "Feature", "properties": { "FID": 243, "elev": 2129.0, "elevation": 2129.0, "ELEVATION": 2129.0, "is_master": false, "tipo": "Ordinaria (1m)" }, "geometry": { "type": "LineString", "coordinates": [ [ -97.671705775721676, 18.566068344937932, 2129.0 ], [ -97.671707487805634, 18.566067281928326, 2129.0 ], [ -97.671706461644021, 18.566065114222468, 2129.0 ], [ -97.671703907990945, 18.566067281928326, 2129.0 ], [ -97.671705775721676, 18.566068344937932, 2129.0 ] ] } },
{ "type": "Feature", "properties": { "FID": 244, "elev": 2130.0, "elevation": 2130.0, "ELEVATION": 2130.0, "is_master": true, "tipo": "Maestra (5m)" }, "geometry": { "type": "LineString", "coordinates": [ [ -97.671882287622907, 18.566065155909119, 2130.0 ], [ -97.671884801455349, 18.566064820221875, 2130.0 ], [ -97.67188784609894, 18.566058777851499, 2130.0 ], [ -97.671885916079162, 18.566052254122191, 2130.0 ], [ -97.671882572207707, 18.56605033732416, 2130.0 ], [ -97.671879250287262, 18.566052399793879, 2130.0 ], [ -97.671878142292513, 18.566055588822689, 2130.0 ], [ -97.671879562272125, 18.566063029889914, 2130.0 ], [ -97.671882287622907, 18.566065155909119, 2130.0 ] ] } },
{ "type": "Feature", "properties": { "FID": 245, "elev": 2130.0, "elevation": 2130.0, "ELEVATION": 2130.0, "is_master": true, "tipo": "Maestra (5m)" }, "geometry": { "type": "LineString", "coordinates": [ [ -97.671904926837868, 18.566061966880309, 2130.0 ], [ -97.671907249775828, 18.566059840861104, 2130.0 ], [ -97.671907093923878, 18.566057714841897, 2130.0 ], [ -97.671901824800969, 18.566058777851499, 2130.0 ], [ -97.671901498957283, 18.566060903870707, 2130.0 ], [ -97.671904926837868, 18.566061966880309, 2130.0 ] ] } },
{ "type": "Feature", "properties": { "FID": 246, "elev": 2116.0, "elevation": 2116.0, "ELEVATION": 2116.0, "is_master": false, "tipo": "Ordinaria (1m)" }, "geometry": { "type": "LineString", "coordinates": [ [ -97.671193734686483, 18.566053489886528, 2116.0 ], [ -97.671187046943558, 18.566052470075505, 2116.0 ], [ -97.67118688896538, 18.566050273774671, 2116.0 ], [ -97.671194892180452, 18.566037517659431, 2116.0 ], [ -97.671202218870988, 18.566032202611414, 2116.0 ], [ -97.671203766300863, 18.566034213973275, 2116.0 ], [ -97.671207251711863, 18.566034328630618, 2116.0 ], [ -97.671209264863194, 18.566038580669034, 2116.0 ], [ -97.671208154250337, 18.566041769697843, 2116.0 ], [ -97.671205995548505, 18.566042474641055, 2116.0 ], [ -97.671203766300863, 18.566040669927101, 2116.0 ], [ -97.671200676056387, 18.566041769697843, 2116.0 ], [ -97.671200096543629, 18.566047084745861, 2116.0 ], [ -97.671193734686483, 18.566053489886528, 2116.0 ] ] } },
{ "type": "Feature", "properties": { "FID": 247, "elev": 2129.0, "elevation": 2129.0, "ELEVATION": 2129.0, "is_master": false, "tipo": "Ordinaria (1m)" }, "geometry": { "type": "LineString", "coordinates": [ [ -97.671773339073269, 18.566052507168585, 2129.0 ], [ -97.67176553670653, 18.566052207020117, 2129.0 ], [ -97.671763301498331, 18.566050273774671, 2129.0 ], [ -97.671762869570955, 18.566046021736259, 2129.0 ], [ -97.671767765954172, 18.566040534655286, 2129.0 ], [ -97.67177891219238, 18.566036580947998, 2129.0 ], [ -97.671781408030455, 18.566041769697843, 2129.0 ], [ -97.671781339903063, 18.566047084745861, 2129.0 ], [ -97.67177810276317, 18.566051336784277, 2129.0 ], [ -97.671773339073269, 18.566052507168585, 2129.0 ] ] } },
{ "type": "Feature", "properties": { "FID": 248, "elev": 2134.0, "elevation": 2134.0, "ELEVATION": 2134.0, "is_master": false, "tipo": "Ordinaria (1m)" }, "geometry": { "type": "LineString", "coordinates": [ [ -97.670533888605647, 18.566042832707446, 2134.0 ], [ -97.670536106632241, 18.566041085002436, 2134.0 ], [ -97.670547758666132, 18.566040706688241, 2134.0 ], [ -97.670553236799407, 18.566037517659431, 2134.0 ], [ -97.67055384109338, 18.566031139601808, 2134.0 ], [ -97.670547252870449, 18.566021047868702, 2134.0 ], [ -97.670539450503696, 18.566020380376624, 2134.0 ], [ -97.670525226678365, 18.566030076592206, 2134.0 ], [ -97.67052416937068, 18.566038580669034, 2134.0 ], [ -97.670528304265488, 18.56604183723022, 2134.0 ], [ -97.670533888605647, 18.566042832707446, 2134.0 ] ] } },
{ "type": "Feature", "properties": { "FID": 249, "elev": 2129.0, "elevation": 2129.0, "ELEVATION": 2129.0, "is_master": false, "tipo": "Ordinaria (1m)" }, "geometry": { "type": "LineString", "coordinates": [ [ -97.671607928898268, 18.566040706688241, 2129.0 ], [ -97.671612912195599, 18.566036454649826, 2129.0 ], [ -97.671610603995447, 18.56603209780765, 2129.0 ], [ -97.671607260123977, 18.566032185113311, 2129.0 ], [ -97.671603750385884, 18.566037517659431, 2129.0 ], [ -97.671605030876336, 18.566040398974934, 2129.0 ], [ -97.671607928898268, 18.566040706688241, 2129.0 ] ] } },
{ "type": "Feature", "properties": { "FID": 250, "elev": 2130.0, "elevation": 2130.0, "ELEVATION": 2130.0, "is_master": true, "tipo": "Maestra (5m)" }, "geometry": { "type": "LineString", "coordinates": [ [ -97.671879915124663, 18.566039643678636, 2130.0 ], [ -97.671882469175245, 18.566037517659431, 2130.0 ], [ -97.671881642018036, 18.566031139601808, 2130.0 ], [ -97.671878113712424, 18.566029205692772, 2130.0 ], [ -97.671876454161406, 18.566030076592206, 2130.0 ], [ -97.671875100384582, 18.566035391640224, 2130.0 ], [ -97.671876913348314, 18.566038580669034, 2130.0 ], [ -97.671879915124663, 18.566039643678636, 2130.0 ] ] } },
{ "type": "Feature", "properties": { "FID": 251, "elev": 2117.0, "elevation": 2117.0, "ELEVATION": 2117.0, "is_master": false, "tipo": "Ordinaria (1m)" }, "geometry": { "type": "LineString", "coordinates": [ [ -97.67120540790421, 18.566033265621016, 2117.0 ], [ -97.671203766300863, 18.566031764869368, 2117.0 ], [ -97.671203766300863, 18.566032948443951, 2117.0 ], [ -97.67120540790421, 18.566033265621016, 2117.0 ] ] } },
{ "type": "Feature", "properties": { "FID": 252, "elev": 2129.0, "elevation": 2129.0, "ELEVATION": 2129.0, "is_master": false, "tipo": "Ordinaria (1m)" }, "geometry": { "type": "LineString", "coordinates": [ [ -97.671748817349211, 18.566032797896792, 2129.0 ], [ -97.671746628880499, 18.566030076592206, 2129.0 ], [ -97.671748817349211, 18.566029035728636, 2129.0 ], [ -97.671750384788965, 18.566031139601808, 2129.0 ], [ -97.671748817349211, 18.566032797896792, 2129.0 ] ] } },
{ "type": "Feature", "properties": { "FID": 253, "elev": 2130.0, "elevation": 2130.0, "ELEVATION": 2130.0, "is_master": true, "tipo": "Maestra (5m)" }, "geometry": { "type": "LineString", "coordinates": [ [ -97.671836352473278, 18.566031139601808, 2130.0 ], [ -97.671842445750158, 18.566029999681952, 2130.0 ], [ -97.671846739985085, 18.56602582455379, 2130.0 ], [ -97.6718448072413, 18.566021572515378, 2130.0 ], [ -97.671840216502517, 18.566018404817864, 2130.0 ], [ -97.671835758007234, 18.566018429207411, 2130.0 ], [ -97.671830018751791, 18.566024761544188, 2130.0 ], [ -97.671830249503998, 18.566030076592206, 2130.0 ], [ -97.671836352473278, 18.566031139601808, 2130.0 ] ] } },
{ "type": "Feature", "properties": { "FID": 254, "elev": 2129.0, "elevation": 2129.0, "ELEVATION": 2129.0, "is_master": false, "tipo": "Ordinaria (1m)" }, "geometry": { "type": "LineString", "coordinates": [ [ -97.671697403113924, 18.566031139601808, 2129.0 ], [ -97.671700471201319, 18.566029013582604, 2129.0 ], [ -97.671703521621779, 18.566018383486568, 2129.0 ], [ -97.671703117772566, 18.566015901009049, 2129.0 ], [ -97.671699773901096, 18.566013575562398, 2129.0 ], [ -97.671694200781999, 18.566015026353913, 2129.0 ], [ -97.671691782738137, 18.566018383486568, 2129.0 ], [ -97.67169160863358, 18.566027950572998, 2129.0 ], [ -97.67169349898181, 18.566031139601808, 2129.0 ], [ -97.671697403113924, 18.566031139601808, 2129.0 ] ] } },
{ "type": "Feature", "properties": { "FID": 255, "elev": 2130.0, "elevation": 2130.0, "ELEVATION": 2130.0, "is_master": true, "tipo": "Maestra (5m)" }, "geometry": { "type": "LineString", "coordinates": [ [ -97.671860137671388, 18.566027950572998, 2130.0 ], [ -97.671860279731291, 18.566024951836031, 2130.0 ], [ -97.671852511141026, 18.566026887563396, 2130.0 ], [ -97.671853591988366, 18.566027832460822, 2130.0 ], [ -97.671860137671388, 18.566027950572998, 2130.0 ] ] } },
{ "type": "Feature", "properties": { "FID": 256, "elev": 2130.0, "elevation": 2130.0, "ELEVATION": 2130.0, "is_master": true, "tipo": "Maestra (5m)" }, "geometry": { "type": "LineString", "coordinates": [ [ -97.671873072572865, 18.566019446496171, 2130.0 ], [ -97.671875547485485, 18.566017320476963, 2130.0 ], [ -97.671874769840954, 18.566015373926913, 2130.0 ], [ -97.671870056574519, 18.566016257467361, 2130.0 ], [ -97.671868344362466, 18.566018383486568, 2130.0 ], [ -97.671870311345671, 18.566020509504153, 2130.0 ], [ -97.671873072572865, 18.566019446496171, 2130.0 ] ] } },
{ "type": "Feature", "properties": { "FID": 257, "elev": 2116.0, "elevation": 2116.0, "ELEVATION": 2116.0, "is_master": false, "tipo": "Ordinaria (1m)" }, "geometry": { "type": "LineString", "coordinates": [ [ -97.671203766300863, 18.566019787163938, 2116.0 ], [ -97.671201537053221, 18.56602013245536, 2116.0 ], [ -97.671200334360364, 18.566017320476963, 2116.0 ], [ -97.671207110172332, 18.566008369757444, 2116.0 ], [ -97.671209433149698, 18.566010942419343, 2116.0 ], [ -97.67120898910963, 18.566017320476963, 2116.0 ], [ -97.671203766300863, 18.566019787163938, 2116.0 ] ] } },
{ "type": "Feature", "properties": { "FID": 258, "elev": 2137.0, "elevation": 2137.0, "ELEVATION": 2137.0, "is_master": false, "tipo": "Ordinaria (1m)" }, "geometry": { "type": "LineString", "coordinates": [ [ -97.671704480090568, 18.565055296785825, 2137.0 ], [ -97.671736622053288, 18.565120140371636, 2137.0 ], [ -97.67175881241856, 18.565156282698155, 2137.0 ], [ -97.671805663171966, 18.56521368521674, 2137.0 ], [ -97.67183129951195, 18.565234823921998, 2137.0 ], [ -97.671851362740725, 18.565243580317588, 2137.0 ], [ -97.671870311345671, 18.565246977445046, 2137.0 ], [ -97.671890374574446, 18.565245784621489, 2137.0 ], [ -97.671912667050862, 18.565238984845305, 2137.0 ], [ -97.671930501031994, 18.565235701326753, 2137.0 ], [ -97.671948335013127, 18.565235756652982, 2137.0 ], [ -97.671962825122804, 18.565239134917249, 2137.0 ], [ -97.671984002975393, 18.565249721242299, 2137.0 ], [ -97.672024129432941, 18.565279473699977, 2137.0 ], [ -97.67206425589049, 18.565291110176489, 2137.0 ], [ -97.672093236109831, 18.565302867293266, 2137.0 ], [ -97.67211664321006, 18.565315680988196, 2137.0 ], [ -97.672141373926081, 18.565333805301933, 2137.0 ], [ -97.672155802027149, 18.565348687436384, 2137.0 ], [ -97.672167979598612, 18.565365695590039, 2137.0 ], [ -97.672195642173364, 18.565418846070212, 2137.0 ], [ -97.672211188706555, 18.565442232281487, 2137.0 ], [ -97.672270525913206, 18.565501760819281, 2137.0 ], [ -97.672294042105165, 18.565530462078577, 2137.0 ], [ -97.67230934199884, 18.565557037318662, 2137.0 ], [ -97.672330428058885, 18.565612313818043, 2137.0 ], [ -97.67235283038228, 18.565654834202181, 2137.0 ], [ -97.672358516579166, 18.5656623620457, 2137.0 ], [ -97.672379891130078, 18.565673968375044, 2137.0 ], [ -97.672381221401963, 18.565676094394252, 2137.0 ], [ -97.672375742583668, 18.565683535461474, 2137.0 ], [ -97.67238842565169, 18.565700543615129, 2137.0 ], [ -97.672396413789073, 18.565707883443345, 2137.0 ], [ -97.672409789274923, 18.565713510824477, 2137.0 ], [ -97.672429852503697, 18.565715259254098, 2137.0 ], [ -97.672456603475396, 18.565712434136838, 2137.0 ], [ -97.672486698318551, 18.565704931936828, 2137.0 ], [ -97.672504532299683, 18.565696291566983, 2137.0 ], [ -97.672523480904644, 18.565682472435327, 2137.0 ], [ -97.672550231876329, 18.565658141343171, 2137.0 ], [ -97.67256583660982, 18.565639633164853, 2137.0 ] ] } },
{ "type": "Feature", "properties": { "FID": 259, "elev": 2133.0, "elevation": 2133.0, "ELEVATION": 2133.0, "is_master": false, "tipo": "Ordinaria (1m)" }, "geometry": { "type": "LineString", "coordinates": [ [ -97.670683236976572, 18.566013828440742, 2133.0 ], [ -97.670680392764069, 18.566012005428945, 2133.0 ], [ -97.670680317723708, 18.566008816400135, 2133.0 ], [ -97.670684268003612, 18.566009879409741, 2133.0 ], [ -97.670685010241741, 18.566012005428945, 2133.0 ], [ -97.670683236976572, 18.566013828440742, 2133.0 ] ] } },
{ "type": "Feature", "properties": { "FID": 260, "elev": 2129.0, "elevation": 2129.0, "ELEVATION": 2129.0, "is_master": false, "tipo": "Ordinaria (1m)" }, "geometry": { "type": "LineString", "coordinates": [ [ -97.671625112682179, 18.566009879409741, 2129.0 ], [ -97.671625854468644, 18.566007753390533, 2129.0 ], [ -97.671618406362185, 18.5659980176091, 2129.0 ], [ -97.671613947866902, 18.565996453136268, 2129.0 ], [ -97.671609897543718, 18.565998186304103, 2129.0 ], [ -97.671607745854544, 18.566004564361723, 2129.0 ], [ -97.671610475561423, 18.566008816400135, 2129.0 ], [ -97.671617291738372, 18.566010412623559, 2129.0 ], [ -97.671625112682179, 18.566009879409741, 2129.0 ] ] } },
{ "type": "Feature", "properties": { "FID": 261, "elev": 2117.0, "elevation": 2117.0, "ELEVATION": 2117.0, "is_master": false, "tipo": "Ordinaria (1m)" }, "geometry": { "type": "LineString", "coordinates": [ [ -97.671221600281996, 18.566009943412936, 2117.0 ], [ -97.671217298977254, 18.566008816400135, 2117.0 ], [ -97.671222714905824, 18.566004523476739, 2117.0 ], [ -97.671223927753189, 18.566007753390533, 2117.0 ], [ -97.671221600281996, 18.566009943412936, 2117.0 ] ] } },
{ "type": "Feature", "properties": { "FID": 262, "elev": 2122.0, "elevation": 2122.0, "ELEVATION": 2122.0, "is_master": false, "tipo": "Ordinaria (1m)" }, "geometry": { "type": "LineString", "coordinates": [ [ -97.671334226351476, 18.566007753390533, 2122.0 ], [ -97.671334177287889, 18.566006325714586, 2122.0 ], [ -97.671333708070208, 18.566006690380931, 2122.0 ], [ -97.671334226351476, 18.566007753390533, 2122.0 ] ] } },
{ "type": "Feature", "properties": { "FID": 263, "elev": 2130.0, "elevation": 2130.0, "ELEVATION": 2130.0, "is_master": true, "tipo": "Maestra (5m)" }, "geometry": { "type": "LineString", "coordinates": [ [ -97.671725767769829, 18.566005627371325, 2130.0 ], [ -97.671728096449684, 18.566000312323307, 2130.0 ], [ -97.67172318100134, 18.565991542494078, 2130.0 ], [ -97.671721334315265, 18.566001375332913, 2130.0 ], [ -97.67172318100134, 18.566005658453477, 2130.0 ], [ -97.671725767769829, 18.566005627371325, 2130.0 ] ] } },
{ "type": "Feature", "properties": { "FID": 264, "elev": 2133.0, "elevation": 2133.0, "ELEVATION": 2133.0, "is_master": false, "tipo": "Ordinaria (1m)" }, "geometry": { "type": "LineString", "coordinates": [ [ -97.670824283332564, 18.566000312323307, 2133.0 ], [ -97.670824899302815, 18.565998186304103, 2133.0 ], [ -97.670821888988755, 18.565997123294498, 2133.0 ], [ -97.670821450330351, 18.565999435534366, 2133.0 ], [ -97.670824283332564, 18.566000312323307, 2133.0 ] ] } },
{ "type": "Feature", "properties": { "FID": 265, "elev": 2133.0, "elevation": 2133.0, "ELEVATION": 2133.0, "is_master": false, "tipo": "Ordinaria (1m)" }, "geometry": { "type": "LineString", "coordinates": [ [ -97.670576628601466, 18.566000312323307, 2133.0 ], [ -97.670575551930781, 18.566000312323307, 2133.0 ], [ -97.67057623308979, 18.56600096194029, 2133.0 ], [ -97.670576628601466, 18.566000312323307, 2133.0 ] ] } },
{ "type": "Feature", "properties": { "FID": 266, "elev": 2119.0, "elevation": 2119.0, "ELEVATION": 2119.0, "is_master": false, "tipo": "Ordinaria (1m)" }, "geometry": { "type": "LineString", "coordinates": [ [ -97.671172987278041, 18.56599180824648, 2119.0 ], [ -97.671173584036225, 18.565989682227272, 2119.0 ], [ -97.671171442210067, 18.565987528525525, 2119.0 ], [ -97.671167511347363, 18.56598861921767, 2119.0 ], [ -97.671169212962425, 18.565992838816825, 2119.0 ], [ -97.671172987278041, 18.56599180824648, 2119.0 ] ] } },
{ "type": "Feature", "properties": { "FID": 267, "elev": 2131.0, "elevation": 2131.0, "ELEVATION": 2131.0, "is_master": false, "tipo": "Ordinaria (1m)" }, "geometry": { "type": "LineString", "coordinates": [ [ -97.671820412306033, 18.565983304169652, 2131.0 ], [ -97.671827917205178, 18.56597905213124, 2131.0 ], [ -97.671828911032335, 18.565972674073617, 2131.0 ], [ -97.671831142233742, 18.565970548054413, 2131.0 ], [ -97.67184216237122, 18.565965233006395, 2131.0 ], [ -97.671854350551797, 18.56594822485274, 2131.0 ], [ -97.671853847351102, 18.565943972814324, 2131.0 ], [ -97.671851362740725, 18.565941216320457, 2131.0 ], [ -97.67184133112633, 18.565944427746402, 2131.0 ], [ -97.671838639428387, 18.565942909804722, 2131.0 ], [ -97.671838059166092, 18.565937594756704, 2131.0 ], [ -97.67184021649976, 18.565932279708687, 2131.0 ], [ -97.671837024482898, 18.565917397574239, 2131.0 ], [ -97.67183464338342, 18.565915409272876, 2131.0 ], [ -97.671823497145212, 18.565918388340471, 2131.0 ], [ -97.671817924026101, 18.565925832752296, 2131.0 ], [ -97.671814580154646, 18.565926612819464, 2131.0 ], [ -97.671810121659362, 18.565923831189853, 2131.0 ], [ -97.671804548540251, 18.565926817740642, 2131.0 ], [ -97.671803851900364, 18.565929090679877, 2131.0 ], [ -97.671807470205721, 18.565935468737496, 2131.0 ], [ -97.671797563203583, 18.565940783785514, 2131.0 ], [ -97.67178894380676, 18.565950956383745, 2131.0 ], [ -97.671779381507662, 18.565953539900757, 2131.0 ], [ -97.671781615908259, 18.565957791939169, 2131.0 ], [ -97.671780756009355, 18.565962043977585, 2131.0 ], [ -97.671772224449455, 18.565970466597737, 2131.0 ], [ -97.671771294156187, 18.565973737083223, 2131.0 ], [ -97.67177207118867, 18.565976926112032, 2131.0 ], [ -97.671775568320911, 18.56597909709237, 2131.0 ], [ -97.671786714559119, 18.565982485974381, 2131.0 ], [ -97.671798975421154, 18.565983671217811, 2131.0 ], [ -97.671805663164079, 18.565983171293453, 2131.0 ], [ -97.671811110336989, 18.56597586310243, 2131.0 ], [ -97.671815694778459, 18.565973957968335, 2131.0 ], [ -97.67181748664207, 18.56597586310243, 2131.0 ], [ -97.671814871671643, 18.56597905213124, 2131.0 ], [ -97.67181483037632, 18.56598224116005, 2131.0 ], [ -97.671820412306033, 18.565983304169652, 2131.0 ] ] } },
{ "type": "Feature", "properties": { "FID": 268, "elev": 2128.0, "elevation": 2128.0, "ELEVATION": 2128.0, "is_master": false, "tipo": "Ordinaria (1m)" }, "geometry": { "type": "LineString", "coordinates": [ [ -97.671511774016665, 18.565980115140842, 2128.0 ], [ -97.67151363172303, 18.565979796237961, 2128.0 ], [ -97.671513762855255, 18.565977989121635, 2128.0 ], [ -97.671509027265117, 18.565976926112032, 2128.0 ], [ -97.671510012814522, 18.565980115140842, 2128.0 ], [ -97.671511774016665, 18.565980115140842, 2128.0 ] ] } },
{ "type": "Feature", "properties": { "FID": 269, "elev": 2124.0, "elevation": 2124.0, "ELEVATION": 2124.0, "is_master": false, "tipo": "Ordinaria (1m)" }, "geometry": { "type": "LineString", "coordinates": [ [ -97.671327967240899, 18.565970548054413, 2124.0 ], [ -97.671326305257168, 18.565970548054413, 2124.0 ], [ -97.671327489544964, 18.565970911715592, 2124.0 ], [ -97.671327967240899, 18.565970548054413, 2124.0 ] ] } },
{ "type": "Feature", "properties": { "FID": 270, "elev": 2124.0, "elevation": 2124.0, "ELEVATION": 2124.0, "is_master": false, "tipo": "Ordinaria (1m)" }, "geometry": { "type": "LineString", "coordinates": [ [ -97.671329095914601, 18.565969485044807, 2124.0 ], [ -97.671328276338258, 18.565969485044807, 2124.0 ], [ -97.671328604168792, 18.565969723032033, 2124.0 ], [ -97.671329095914601, 18.565969485044807, 2124.0 ] ] } },
{ "type": "Feature", "properties": { "FID": 271, "elev": 2130.0, "elevation": 2130.0, "ELEVATION": 2130.0, "is_master": true, "tipo": "Maestra (5m)" }, "geometry": { "type": "LineString", "coordinates": [ [ -97.67172542605924, 18.565965233006395, 2130.0 ], [ -97.671724295625154, 18.56596125529304, 2130.0 ], [ -97.671717454493631, 18.565960980967979, 2130.0 ], [ -97.671718722506057, 18.565964807802551, 2130.0 ], [ -97.67172542605924, 18.565965233006395, 2130.0 ] ] } },
{ "type": "Feature", "properties": { "FID": 272, "elev": 2129.0, "elevation": 2129.0, "ELEVATION": 2129.0, "is_master": false, "tipo": "Ordinaria (1m)" }, "geometry": { "type": "LineString", "coordinates": [ [ -97.671081634647763, 18.565965233006395, 2129.0 ], [ -97.671084898644636, 18.565963106987187, 2129.0 ], [ -97.671084887553036, 18.565960980967979, 2129.0 ], [ -97.67108115768059, 18.565958247110835, 2129.0 ], [ -97.67107781380912, 18.565958878998764, 2129.0 ], [ -97.671076615848946, 18.565964169996789, 2129.0 ], [ -97.671081634647763, 18.565965233006395, 2129.0 ] ] } },
{ "type": "Feature", "properties": { "FID": 273, "elev": 2127.0, "elevation": 2127.0, "ELEVATION": 2127.0, "is_master": false, "tipo": "Ordinaria (1m)" }, "geometry": { "type": "LineString", "coordinates": [ [ -97.671417926671765, 18.565964169996789, 2127.0 ], [ -97.671419088875609, 18.565960980967979, 2127.0 ], [ -97.671415544826814, 18.565958943532905, 2127.0 ], [ -97.671410589597002, 18.565962043977585, 2127.0 ], [ -97.671411074410415, 18.565964169996789, 2127.0 ], [ -97.671413315579173, 18.565964960772227, 2127.0 ], [ -97.671417926671765, 18.565964169996789, 2127.0 ] ] } },
{ "type": "Feature", "properties": { "FID": 274, "elev": 2128.0, "elevation": 2128.0, "ELEVATION": 2128.0, "is_master": false, "tipo": "Ordinaria (1m)" }, "geometry": { "type": "LineString", "coordinates": [ [ -97.671520319465955, 18.565959238391525, 2128.0 ], [ -97.671515860970672, 18.565956933123502, 2128.0 ], [ -97.671516215027651, 18.565953539900757, 2128.0 ], [ -97.671521434089783, 18.565950568755902, 2128.0 ], [ -97.671526910285081, 18.565952476891152, 2128.0 ], [ -97.671524918820296, 18.565956728929567, 2128.0 ], [ -97.671520319465955, 18.565959238391525, 2128.0 ] ] } },
{ "type": "Feature", "properties": { "FID": 275, "elev": 2128.0, "elevation": 2128.0, "ELEVATION": 2128.0, "is_master": false, "tipo": "Ordinaria (1m)" }, "geometry": { "type": "LineString", "coordinates": [ [ -97.671464849634987, 18.565942909804722, 2128.0 ], [ -97.671469062091489, 18.565939720775912, 2128.0 ], [ -97.671467932146385, 18.565934538604093, 2128.0 ], [ -97.67146164505165, 18.565936531747102, 2128.0 ], [ -97.671461044944465, 18.565940783785514, 2128.0 ], [ -97.671462359027288, 18.565942988357254, 2128.0 ], [ -97.671464849634987, 18.565942909804722, 2128.0 ] ] } },
{ "type": "Feature", "properties": { "FID": 276, "elev": 2133.0, "elevation": 2133.0, "ELEVATION": 2133.0, "is_master": false, "tipo": "Ordinaria (1m)" }, "geometry": { "type": "LineString", "coordinates": [ [ -97.670709987948271, 18.56594312240664, 2133.0 ], [ -97.670704414829174, 18.565943058131644, 2133.0 ], [ -97.670702686354545, 18.565940783785514, 2133.0 ], [ -97.670705529452988, 18.565936531744736, 2133.0 ], [ -97.670709987948271, 18.565936402111785, 2133.0 ], [ -97.67071350330032, 18.565939720775912, 2133.0 ], [ -97.670709987948271, 18.56594312240664, 2133.0 ] ] } },
{ "type": "Feature", "properties": { "FID": 277, "elev": 2127.0, "elevation": 2127.0, "ELEVATION": 2127.0, "is_master": false, "tipo": "Ordinaria (1m)" }, "geometry": { "type": "LineString", "coordinates": [ [ -97.671450098165252, 18.56594076186779, 2127.0 ], [ -97.671447449886102, 18.565939720775912, 2127.0 ], [ -97.671450098165252, 18.565936837362361, 2127.0 ], [ -97.671451258098983, 18.565937594756704, 2127.0 ], [ -97.671450098165252, 18.56594076186779, 2127.0 ] ] } },
{ "type": "Feature", "properties": { "FID": 278, "elev": 2131.0, "elevation": 2131.0, "ELEVATION": 2131.0, "is_master": false, "tipo": "Ordinaria (1m)" }, "geometry": { "type": "LineString", "coordinates": [ [ -97.671815694778459, 18.565936611472821, 2131.0 ], [ -97.671813465530818, 18.565937528318603, 2131.0 ], [ -97.67181232987636, 18.565935468737496, 2131.0 ], [ -97.671814580154646, 18.565933936025974, 2131.0 ], [ -97.671815694778459, 18.565936611472821, 2131.0 ] ] } },
{ "type": "Feature", "properties": { "FID": 279, "elev": 2131.0, "elevation": 2131.0, "ELEVATION": 2131.0, "is_master": false, "tipo": "Ordinaria (1m)" }, "geometry": { "type": "LineString", "coordinates": [ [ -97.671660762060696, 18.565929090679877, 2131.0 ], [ -97.671667397150912, 18.565920586603049, 2131.0 ], [ -97.671673022929397, 18.565919572112556, 2131.0 ], [ -97.67168187682806, 18.565912082526221, 2131.0 ], [ -97.671683364879883, 18.565904641458996, 2131.0 ], [ -97.671681484217416, 18.565900389420584, 2131.0 ], [ -97.6716674498103, 18.565887569204261, 2131.0 ], [ -97.671658532819734, 18.565885878823472, 2131.0 ], [ -97.671649615829168, 18.565888789199278, 2131.0 ], [ -97.67164718851248, 18.565892948353358, 2131.0 ], [ -97.671646817040198, 18.565900389420584, 2131.0 ], [ -97.671648471911681, 18.565916334564633, 2131.0 ], [ -97.671650924745208, 18.565919523593443, 2131.0 ], [ -97.671651997070967, 18.565925901651067, 2131.0 ], [ -97.671656303572092, 18.565929887937077, 2131.0 ], [ -97.671660762060696, 18.565929090679877, 2131.0 ] ] } },
{ "type": "Feature", "properties": { "FID": 280, "elev": 2135.0, "elevation": 2135.0, "ELEVATION": 2135.0, "is_master": true, "tipo": "Maestra (5m)" }, "geometry": { "type": "LineString", "coordinates": [ [ -97.670512699531997, 18.565523233613273, 2135.0 ], [ -97.670518164784283, 18.565515579944126, 2135.0 ], [ -97.670526195517724, 18.565497508780869, 2135.0 ], [ -97.670547412102422, 18.565429476166244, 2135.0 ], [ -97.670557549871461, 18.565378451705278, 2135.0 ], [ -97.670565961066345, 18.56530829307145, 2135.0 ], [ -97.670570542641855, 18.565285969869777, 2135.0 ], [ -97.670577223866516, 18.565268961716122, 2135.0 ], [ -97.670588196718796, 18.565250890552864, 2135.0 ], [ -97.670604151762632, 18.565217937255156, 2135.0 ], [ -97.67062066085208, 18.565191362015067, 2135.0 ], [ -97.670638566283458, 18.565172227842208, 2135.0 ], [ -97.670704414829174, 18.56512002545168, 2135.0 ], [ -97.670744541286723, 18.565093598877887, 2135.0 ], [ -97.670758972731974, 18.56508187202591, 2135.0 ], [ -97.670770446681729, 18.565064863872255, 2135.0 ], [ -97.670769115463656, 18.565055296785825, 2135.0 ] ] } },
{ "type": "Feature", "properties": { "FID": 281, "elev": 2137.0, "elevation": 2137.0, "ELEVATION": 2137.0, "is_master": false, "tipo": "Ordinaria (1m)" }, "geometry": { "type": "LineString", "coordinates": [ [ -97.672529054021922, 18.565925901651067, 2137.0 ], [ -97.672531401290371, 18.565923775631859, 2137.0 ], [ -97.672530889874736, 18.565920586603049, 2137.0 ], [ -97.672527939399927, 18.565917439535145, 2137.0 ], [ -97.672522342049859, 18.565917397574239, 2137.0 ], [ -97.672521014922737, 18.565921649612651, 2137.0 ], [ -97.672522232692941, 18.565923775631859, 2137.0 ], [ -97.672524595528458, 18.565926177458962, 2137.0 ], [ -97.672529054021922, 18.565925901651067, 2137.0 ] ] } },
{ "type": "Feature", "properties": { "FID": 282, "elev": 2135.0, "elevation": 2135.0, "ELEVATION": 2135.0, "is_master": true, "tipo": "Maestra (5m)" }, "geometry": { "type": "LineString", "coordinates": [ [ -97.672374121312657, 18.565921854037576, 2135.0 ], [ -97.672374121312657, 18.565920586600928, 2135.0 ], [ -97.672374740548108, 18.565921649612651, 2135.0 ], [ -97.672374121312657, 18.565921854037576, 2135.0 ] ] } },
{ "type": "Feature", "properties": { "FID": 283, "elev": 2121.0, "elevation": 2121.0, "ELEVATION": 2121.0, "is_master": false, "tipo": "Ordinaria (1m)" }, "geometry": { "type": "LineString", "coordinates": [ [ -97.671330833416434, 18.565914404362985, 2121.0 ], [ -97.671330330037932, 18.565914208545429, 2121.0 ], [ -97.671330833416434, 18.565914004680572, 2121.0 ], [ -97.671330833416434, 18.565914404362985, 2121.0 ] ] } },
{ "type": "Feature", "properties": { "FID": 284, "elev": 2131.0, "elevation": 2131.0, "ELEVATION": 2131.0, "is_master": false, "tipo": "Ordinaria (1m)" }, "geometry": { "type": "LineString", "coordinates": [ [ -97.671712243755096, 18.565913145535824, 2131.0 ], [ -97.671711969833581, 18.565913145535824, 2131.0 ], [ -97.671712034763132, 18.565913544164424, 2131.0 ], [ -97.671712243755096, 18.565913145535824, 2131.0 ] ] } },
{ "type": "Feature", "properties": { "FID": 285, "elev": 2135.0, "elevation": 2135.0, "ELEVATION": 2135.0, "is_master": true, "tipo": "Maestra (5m)" }, "geometry": { "type": "LineString", "coordinates": [ [ -97.672361024482768, 18.565901452430186, 2135.0 ], [ -97.672360002744256, 18.565899326410978, 2135.0 ], [ -97.672357401984257, 18.565899326410978, 2135.0 ], [ -97.672358516579166, 18.565901472299526, 2135.0 ], [ -97.672361024482768, 18.565901452430186, 2135.0 ] ] } },
{ "type": "Feature", "properties": { "FID": 286, "elev": 2135.0, "elevation": 2135.0, "ELEVATION": 2135.0, "is_master": true, "tipo": "Maestra (5m)" }, "geometry": { "type": "LineString", "coordinates": [ [ -97.672357587725983, 18.565898263401376, 2135.0 ], [ -97.672356287331525, 18.565896085528042, 2135.0 ], [ -97.672354674504632, 18.56589720039177, 2135.0 ], [ -97.672356287331525, 18.565899203756025, 2135.0 ], [ -97.672357587725983, 18.565898263401376, 2135.0 ] ] } },
{ "type": "Feature", "properties": { "FID": 287, "elev": 2132.0, "elevation": 2132.0, "ELEVATION": 2132.0, "is_master": false, "tipo": "Ordinaria (1m)" }, "geometry": { "type": "LineString", "coordinates": [ [ -97.671982888347955, 18.565898263401376, 2132.0 ], [ -97.671985275819125, 18.565895074372566, 2132.0 ], [ -97.671984002975393, 18.565891155031814, 2132.0 ], [ -97.671978429856296, 18.565887554942453, 2132.0 ], [ -97.671971742113371, 18.565886682560777, 2132.0 ], [ -97.671967283618088, 18.565881025111619, 2132.0 ], [ -97.671961501507013, 18.565882318257323, 2132.0 ], [ -97.671961640679143, 18.565895074372566, 2132.0 ], [ -97.671979544480109, 18.56589925133968, 2132.0 ], [ -97.671982888347955, 18.565898263401376, 2132.0 ] ] } },
{ "type": "Feature", "properties": { "FID": 288, "elev": 2132.0, "elevation": 2132.0, "ELEVATION": 2132.0, "is_master": false, "tipo": "Ordinaria (1m)" }, "geometry": { "type": "LineString", "coordinates": [ [ -97.672004115198618, 18.56589720039177, 2132.0 ], [ -97.672012004362642, 18.56589401136296, 2132.0 ], [ -97.672009358473176, 18.565884444276531, 2132.0 ], [ -97.67201362779646, 18.565879129228513, 2132.0 ], [ -97.672012694929947, 18.565877003209305, 2132.0 ], [ -97.672009639323278, 18.565874747404042, 2132.0 ], [ -97.671991805342145, 18.565871097600397, 2132.0 ], [ -97.671984560287299, 18.565865310103668, 2132.0 ], [ -97.671982888351579, 18.565858799169845, 2132.0 ], [ -97.671973971361012, 18.565860547820645, 2132.0 ], [ -97.671966805922153, 18.565867436122875, 2132.0 ], [ -97.67196616899426, 18.565873601578573, 2132.0 ], [ -97.671988461470676, 18.565880988259263, 2132.0 ], [ -97.671994759979881, 18.56589401136296, 2132.0 ], [ -97.67199849308507, 18.56589675065694, 2132.0 ], [ -97.672004115198618, 18.56589720039177, 2132.0 ] ] } },
{ "type": "Feature", "properties": { "FID": 289, "elev": 2132.0, "elevation": 2132.0, "ELEVATION": 2132.0, "is_master": false, "tipo": "Ordinaria (1m)" }, "geometry": { "type": "LineString", "coordinates": [ [ -97.671906999927344, 18.56589720039177, 2132.0 ], [ -97.671907093931765, 18.565895059942569, 2132.0 ], [ -97.671904035682658, 18.565896137382168, 2132.0 ], [ -97.671905979307937, 18.56589806908779, 2132.0 ], [ -97.671906999927344, 18.56589720039177, 2132.0 ] ] } },
{ "type": "Feature", "properties": { "FID": 290, "elev": 2130.0, "elevation": 2130.0, "ELEVATION": 2130.0, "is_master": true, "tipo": "Maestra (5m)" }, "geometry": { "type": "LineString", "coordinates": [ [ -97.671009539175373, 18.565882318257323, 2130.0 ], [ -97.671011477768587, 18.565878066218911, 2130.0 ], [ -97.671009821756058, 18.565875766737886, 2130.0 ], [ -97.671005363260775, 18.565874980061995, 2130.0 ], [ -97.671004278761927, 18.565881255247721, 2130.0 ], [ -97.671009539175373, 18.565882318257323, 2130.0 ] ] } },
{ "type": "Feature", "properties": { "FID": 291, "elev": 2132.0, "elevation": 2132.0, "ELEVATION": 2132.0, "is_master": false, "tipo": "Ordinaria (1m)" }, "geometry": { "type": "LineString", "coordinates": [ [ -97.67184568829218, 18.565869562142083, 2132.0 ], [ -97.671845729371682, 18.565867436122875, 2132.0 ], [ -97.67184133112633, 18.56586625115558, 2132.0 ], [ -97.671837701329636, 18.56586637311327, 2132.0 ], [ -97.671836811631735, 18.565868499132478, 2132.0 ], [ -97.67184133112633, 18.565870135086239, 2132.0 ], [ -97.67184568829218, 18.565869562142083, 2132.0 ] ] } },
{ "type": "Feature", "properties": { "FID": 292, "elev": 2132.0, "elevation": 2132.0, "ELEVATION": 2132.0, "is_master": false, "tipo": "Ordinaria (1m)" }, "geometry": { "type": "LineString", "coordinates": [ [ -97.671932532124288, 18.56586637311327, 2132.0 ], [ -97.671937188774919, 18.565862575269868, 2132.0 ], [ -97.671936074151105, 18.565858992216402, 2132.0 ], [ -97.671927323630328, 18.565861058065256, 2132.0 ], [ -97.671929386408181, 18.565865565555587, 2132.0 ], [ -97.671932532124288, 18.56586637311327, 2132.0 ] ] } },
{ "type": "Feature", "properties": { "FID": 293, "elev": 2134.0, "elevation": 2134.0, "ELEVATION": 2134.0, "is_master": false, "tipo": "Ordinaria (1m)" }, "geometry": { "type": "LineString", "coordinates": [ [ -97.670543988614966, 18.565865310103668, 2134.0 ], [ -97.67054390899898, 18.565863144713735, 2134.0 ], [ -97.670542167854578, 18.565864247094066, 2134.0 ], [ -97.670543988614966, 18.565865310103668, 2134.0 ] ] } },
{ "type": "Feature", "properties": { "FID": 294, "elev": 2131.0, "elevation": 2131.0, "ELEVATION": 2131.0, "is_master": false, "tipo": "Ordinaria (1m)" }, "geometry": { "type": "LineString", "coordinates": [ [ -97.671853591988366, 18.565861315598507, 2131.0 ], [ -97.671846904245442, 18.565858713056944, 2131.0 ], [ -97.671843069939499, 18.565854680007632, 2131.0 ], [ -97.67185470661218, 18.565847469076509, 2131.0 ], [ -97.671856923121268, 18.565851490978822, 2131.0 ], [ -97.671855314588811, 18.56585999505565, 2131.0 ], [ -97.671853591988366, 18.565861315598507, 2131.0 ] ] } },
{ "type": "Feature", "properties": { "FID": 295, "elev": 2132.0, "elevation": 2132.0, "ELEVATION": 2132.0, "is_master": false, "tipo": "Ordinaria (1m)" }, "geometry": { "type": "LineString", "coordinates": [ [ -97.671869124810641, 18.565855743017238, 2132.0 ], [ -97.671868390969692, 18.56585361699803, 2132.0 ], [ -97.671865872793958, 18.565854680007632, 2132.0 ], [ -97.671866967474216, 18.56585677922828, 2132.0 ], [ -97.671869124810641, 18.565855743017238, 2132.0 ] ] } },
{ "type": "Feature", "properties": { "FID": 296, "elev": 2132.0, "elevation": 2132.0, "ELEVATION": 2132.0, "is_master": false, "tipo": "Ordinaria (1m)" }, "geometry": { "type": "LineString", "coordinates": [ [ -97.671882622872431, 18.565852553988428, 2132.0 ], [ -97.671885916079162, 18.565851566236141, 2132.0 ], [ -97.671893743300302, 18.565841923892393, 2132.0 ], [ -97.671893589835477, 18.565838734863583, 2132.0 ], [ -97.671890374574446, 18.565834856315028, 2132.0 ], [ -97.671885916079162, 18.565836897118164, 2132.0 ], [ -97.671878113712424, 18.565834798614631, 2132.0 ], [ -97.671874079646855, 18.565837671853977, 2132.0 ], [ -97.671882622872431, 18.565852553988428, 2132.0 ] ] } },
{ "type": "Feature", "properties": { "FID": 297, "elev": 2131.0, "elevation": 2131.0, "ELEVATION": 2131.0, "is_master": false, "tipo": "Ordinaria (1m)" }, "geometry": { "type": "LineString", "coordinates": [ [ -97.671714340007853, 18.565852553988428, 2131.0 ], [ -97.671716279432616, 18.565849364959615, 2131.0 ], [ -97.671715431416217, 18.565846175930805, 2131.0 ], [ -97.671710920139304, 18.565845088651578, 2131.0 ], [ -97.671708573281478, 18.565849364959615, 2131.0 ], [ -97.671710920139304, 18.565852153181527, 2131.0 ], [ -97.671714340007853, 18.565852553988428, 2131.0 ] ] } },
{ "type": "Feature", "properties": { "FID": 298, "elev": 2128.0, "elevation": 2128.0, "ELEVATION": 2128.0, "is_master": false, "tipo": "Ordinaria (1m)" }, "geometry": { "type": "LineString", "coordinates": [ [ -97.671499141613367, 18.565851632388359, 2128.0 ], [ -97.671495797741898, 18.565851625964168, 2128.0 ], [ -97.671495321199842, 18.565848301950012, 2128.0 ], [ -97.671492453870442, 18.565845243893733, 2128.0 ], [ -97.671481307632234, 18.565847973860627, 2128.0 ], [ -97.671476849136951, 18.565847312251417, 2128.0 ], [ -97.671475117912721, 18.565838734863583, 2128.0 ], [ -97.671477963760779, 18.565836489288284, 2128.0 ], [ -97.671486880751345, 18.565835686846249, 2128.0 ], [ -97.671497482638372, 18.565830230786755, 2128.0 ], [ -97.671502530293822, 18.565821726709927, 2128.0 ], [ -97.67150117535752, 18.565815348652304, 2128.0 ], [ -97.671511446632167, 18.565806844575476, 2128.0 ], [ -97.67151535466698, 18.565801529527459, 2128.0 ], [ -97.671514028033727, 18.565796214479441, 2128.0 ], [ -97.671515860970672, 18.565795548115215, 2128.0 ], [ -97.671528121832708, 18.56580640079477, 2128.0 ], [ -97.671536103977488, 18.565806844575476, 2128.0 ], [ -97.671545094781678, 18.56582278971953, 2128.0 ], [ -97.671544628880724, 18.565830230786755, 2128.0 ], [ -97.671541497318557, 18.56583109820259, 2128.0 ], [ -97.671534809575633, 18.56582836450745, 2128.0 ], [ -97.671530351080349, 18.565829040789492, 2128.0 ], [ -97.671520319465955, 18.565840532070496, 2128.0 ], [ -97.671511402475389, 18.56584152955012, 2128.0 ], [ -97.671505829356292, 18.565840306269081, 2128.0 ], [ -97.671504714746931, 18.565840860882787, 2128.0 ], [ -97.671507941275109, 18.565844049911597, 2128.0 ], [ -97.671507112013856, 18.565846175930805, 2128.0 ], [ -97.671499141613367, 18.565851632388359, 2128.0 ] ] } },
{ "type": "Feature", "properties": { "FID": 299, "elev": 2117.0, "elevation": 2117.0, "ELEVATION": 2117.0, "is_master": false, "tipo": "Ordinaria (1m)" }, "geometry": { "type": "LineString", "coordinates": [ [ -97.671214912539071, 18.565840430715479, 2117.0 ], [ -97.671210512929576, 18.565837671853977, 2117.0 ], [ -97.671212185135531, 18.565827041757942, 2117.0 ], [ -97.67120921518945, 18.565817474671512, 2117.0 ], [ -97.671208224795407, 18.565791962441029, 2117.0 ], [ -97.671203766300863, 18.565786710707062, 2117.0 ], [ -97.671202829787035, 18.565781332344994, 2117.0 ], [ -97.671198679043428, 18.565774954287374, 2117.0 ], [ -97.671203766300863, 18.565772265861924, 2117.0 ], [ -97.671207110172332, 18.565773704905958, 2117.0 ], [ -97.671209544458407, 18.565779206325786, 2117.0 ], [ -97.67121475193737, 18.565803655546667, 2117.0 ], [ -97.671218487591773, 18.565813222633096, 2117.0 ], [ -97.671218444913094, 18.565821726709927, 2117.0 ], [ -97.671216379580727, 18.565828104767547, 2117.0 ], [ -97.671218125628016, 18.565836608844375, 2117.0 ], [ -97.671214912539071, 18.565840430715479, 2117.0 ] ] } },
{ "type": "Feature", "properties": { "FID": 300, "elev": 2130.0, "elevation": 2130.0, "ELEVATION": 2130.0, "is_master": true, "tipo": "Maestra (5m)" }, "geometry": { "type": "LineString", "coordinates": [ [ -97.671659647443562, 18.565837697781042, 2130.0 ], [ -97.67165741819592, 18.565838391957257, 2130.0 ], [ -97.671652959700637, 18.565836293878565, 2130.0 ], [ -97.671651144127807, 18.565834482825167, 2130.0 ], [ -97.671651845076809, 18.565831161950204, 2130.0 ], [ -97.671656303572092, 18.565829570987688, 2130.0 ], [ -97.671659595600588, 18.565831293796357, 2130.0 ], [ -97.671660762070772, 18.565832356805959, 2130.0 ], [ -97.671659647443562, 18.565837697781042, 2130.0 ] ] } },
{ "type": "Feature", "properties": { "FID": 301, "elev": 2128.0, "elevation": 2128.0, "ELEVATION": 2128.0, "is_master": false, "tipo": "Ordinaria (1m)" }, "geometry": { "type": "LineString", "coordinates": [ [ -97.671445639669969, 18.565835411761487, 2128.0 ], [ -97.671444380800708, 18.565833419815565, 2128.0 ], [ -97.671445639669969, 18.565832685832742, 2128.0 ], [ -97.671446766475469, 18.565833419815565, 2128.0 ], [ -97.671445639669969, 18.565835411761487, 2128.0 ] ] } },
{ "type": "Feature", "properties": { "FID": 302, "elev": 2133.0, "elevation": 2133.0, "ELEVATION": 2133.0, "is_master": false, "tipo": "Ordinaria (1m)" }, "geometry": { "type": "LineString", "coordinates": [ [ -97.672006687407432, 18.565830230786755, 2133.0 ], [ -97.672013766662204, 18.565827041757942, 2133.0 ], [ -97.672012983194733, 18.565819069185917, 2133.0 ], [ -97.672010664058078, 18.565818537681114, 2133.0 ], [ -97.672003960049523, 18.565827041757942, 2133.0 ], [ -97.672004066204167, 18.56582975833804, 2133.0 ], [ -97.672006687407432, 18.565830230786755, 2133.0 ] ] } },
{ "type": "Feature", "properties": { "FID": 303, "elev": 2124.0, "elevation": 2124.0, "ELEVATION": 2124.0, "is_master": false, "tipo": "Ordinaria (1m)" }, "geometry": { "type": "LineString", "coordinates": [ [ -97.671114355601603, 18.56582597874834, 2124.0 ], [ -97.67111953518102, 18.56582278971953, 2124.0 ], [ -97.671119054890497, 18.565819817123305, 2124.0 ], [ -97.671114644657266, 18.565820663700322, 2124.0 ], [ -97.671112358703439, 18.565824915738737, 2124.0 ], [ -97.671114355601603, 18.56582597874834, 2124.0 ] ] } },
{ "type": "Feature", "properties": { "FID": 304, "elev": 2128.0, "elevation": 2128.0, "ELEVATION": 2128.0, "is_master": false, "tipo": "Ordinaria (1m)" }, "geometry": { "type": "LineString", "coordinates": [ [ -97.671462359027288, 18.565816446706179, 2128.0 ], [ -97.671458457843912, 18.56581641166191, 2128.0 ], [ -97.67146008014052, 18.565812159623494, 2128.0 ], [ -97.671466389507017, 18.565807907585082, 2128.0 ], [ -97.671469046770213, 18.565808196414022, 2128.0 ], [ -97.671470161394026, 18.565810346254171, 2128.0 ], [ -97.671462359027288, 18.565816446706179, 2128.0 ] ] } },
{ "type": "Feature", "properties": { "FID": 305, "elev": 2129.0, "elevation": 2129.0, "ELEVATION": 2129.0, "is_master": false, "tipo": "Ordinaria (1m)" }, "geometry": { "type": "LineString", "coordinates": [ [ -97.671002019389306, 18.565810046411631, 2129.0 ], [ -97.670999790141664, 18.565810473840589, 2129.0 ], [ -97.670998488709387, 18.565807907585082, 2129.0 ], [ -97.670999723264245, 18.565803655546667, 2129.0 ], [ -97.671002019389306, 18.565802926030273, 2129.0 ], [ -97.671005363260775, 18.565804484927785, 2129.0 ], [ -97.671005587334633, 18.565806844575476, 2129.0 ], [ -97.671002019389306, 18.565810046411631, 2129.0 ] ] } },
{ "type": "Feature", "properties": { "FID": 306, "elev": 2127.0, "elevation": 2127.0, "ELEVATION": 2127.0, "is_master": false, "tipo": "Ordinaria (1m)" }, "geometry": { "type": "LineString", "coordinates": [ [ -97.671359246371864, 18.565799403508255, 2127.0 ], [ -97.671359813635775, 18.565796805549436, 2127.0 ], [ -97.671356469764305, 18.565794538888035, 2127.0 ], [ -97.67135544580367, 18.565797277489047, 2127.0 ], [ -97.671359246371864, 18.565799403508255, 2127.0 ] ] } },
{ "type": "Feature", "properties": { "FID": 307, "elev": 2133.0, "elevation": 2133.0, "ELEVATION": 2133.0, "is_master": false, "tipo": "Ordinaria (1m)" }, "geometry": { "type": "LineString", "coordinates": [ [ -97.672092121486003, 18.565796999528938, 2133.0 ], [ -97.672090295496574, 18.565796214479441, 2133.0 ], [ -97.672091006862189, 18.56579430766843, 2133.0 ], [ -97.672093150124567, 18.565795151469839, 2133.0 ], [ -97.672092121486003, 18.565796999528938, 2133.0 ] ] } },
{ "type": "Feature", "properties": { "FID": 308, "elev": 2133.0, "elevation": 2133.0, "ELEVATION": 2133.0, "is_master": false, "tipo": "Ordinaria (1m)" }, "geometry": { "type": "LineString", "coordinates": [ [ -97.671929955093802, 18.565796214479441, 2133.0 ], [ -97.671941647270202, 18.565787733981384, 2133.0 ], [ -97.671947491814677, 18.565778143316184, 2133.0 ], [ -97.671946105765485, 18.565772919819231, 2133.0 ], [ -97.671934959527277, 18.565763396769693, 2133.0 ], [ -97.671930501031994, 18.565764215164712, 2133.0 ], [ -97.671928202956806, 18.565766450210546, 2133.0 ], [ -97.671921584041428, 18.565784399389095, 2133.0 ], [ -97.671914153215965, 18.565782395354596, 2133.0 ], [ -97.671914349119547, 18.565784521373804, 2133.0 ], [ -97.671919354793786, 18.565787672437985, 2133.0 ], [ -97.671922291585247, 18.565794088460237, 2133.0 ], [ -97.671926042536711, 18.565796436096285, 2133.0 ], [ -97.671929955093802, 18.565796214479441, 2133.0 ] ] } },
{ "type": "Feature", "properties": { "FID": 309, "elev": 2132.0, "elevation": 2132.0, "ELEVATION": 2132.0, "is_master": false, "tipo": "Ordinaria (1m)" }, "geometry": { "type": "LineString", "coordinates": [ [ -97.671714692712243, 18.565793025450631, 2132.0 ], [ -97.671718775269312, 18.565789836421821, 2132.0 ], [ -97.671718809927526, 18.565778143316184, 2132.0 ], [ -97.671715378634588, 18.56577376688303, 2132.0 ], [ -97.671710920139304, 18.565773333197729, 2132.0 ], [ -97.671705761305162, 18.565776017296976, 2132.0 ], [ -97.671704995773197, 18.565779206325786, 2132.0 ], [ -97.671710018605339, 18.565790899431427, 2132.0 ], [ -97.671714692712243, 18.565793025450631, 2132.0 ] ] } },
{ "type": "Feature", "properties": { "FID": 310, "elev": 2133.0, "elevation": 2133.0, "ELEVATION": 2133.0, "is_master": false, "tipo": "Ordinaria (1m)" }, "geometry": { "type": "LineString", "coordinates": [ [ -97.672024349217921, 18.565790899431427, 2133.0 ], [ -97.672027151778295, 18.565787710402613, 2133.0 ], [ -97.672025244056755, 18.56578453001616, 2133.0 ], [ -97.672017367381756, 18.565786647393011, 2133.0 ], [ -97.672021264849718, 18.565790899431427, 2133.0 ], [ -97.672024349217921, 18.565790899431427, 2133.0 ] ] } },
{ "type": "Feature", "properties": { "FID": 311, "elev": 2131.0, "elevation": 2131.0, "ELEVATION": 2131.0, "is_master": false, "tipo": "Ordinaria (1m)" }, "geometry": { "type": "LineString", "coordinates": [ [ -97.671640698838601, 18.565791376295547, 2131.0 ], [ -97.671635169430232, 18.565787710402613, 2131.0 ], [ -97.671636240343318, 18.565783475790589, 2131.0 ], [ -97.671640698838601, 18.56578337363155, 2131.0 ], [ -97.671644109007389, 18.565786647393011, 2131.0 ], [ -97.671644042710071, 18.565789104126317, 2131.0 ], [ -97.671640698838601, 18.565791376295547, 2131.0 ] ] } },
{ "type": "Feature", "properties": { "FID": 312, "elev": 2133.0, "elevation": 2133.0, "ELEVATION": 2133.0, "is_master": false, "tipo": "Ordinaria (1m)" }, "geometry": { "type": "LineString", "coordinates": [ [ -97.67180919280618, 18.565785584383409, 2133.0 ], [ -97.671812414237891, 18.565783458364201, 2133.0 ], [ -97.671811256734983, 18.565780269335391, 2133.0 ], [ -97.671809007035534, 18.565779908671416, 2133.0 ], [ -97.671807149329169, 18.565780269335391, 2133.0 ], [ -97.67180919280618, 18.565785584383409, 2133.0 ] ] } },
{ "type": "Feature", "properties": { "FID": 313, "elev": 2128.0, "elevation": 2128.0, "ELEVATION": 2128.0, "is_master": false, "tipo": "Ordinaria (1m)" }, "geometry": { "type": "LineString", "coordinates": [ [ -97.671463473651102, 18.565785333622166, 2128.0 ], [ -97.671461129525795, 18.565784521373804, 2128.0 ], [ -97.67146124440346, 18.565781878214789, 2128.0 ], [ -97.671464235625578, 18.565783458364201, 2128.0 ], [ -97.671463473651102, 18.565785333622166, 2128.0 ] ] } },
{ "type": "Feature", "properties": { "FID": 314, "elev": 2132.0, "elevation": 2132.0, "ELEVATION": 2132.0, "is_master": false, "tipo": "Ordinaria (1m)" }, "geometry": { "type": "LineString", "coordinates": [ [ -97.671654010890578, 18.565777080306582, 2132.0 ], [ -97.671661876691203, 18.56577054206943, 2132.0 ], [ -97.671674137553225, 18.565769382650831, 2132.0 ], [ -97.671678481047636, 18.56576538720094, 2132.0 ], [ -97.671685283791433, 18.565763435923039, 2132.0 ], [ -97.67169198642911, 18.565759009143321, 2132.0 ], [ -97.671691998285326, 18.565753694095303, 2132.0 ], [ -97.671685283791433, 18.565738726920088, 2132.0 ], [ -97.671681939919964, 18.565739045304426, 2132.0 ], [ -97.671673166238179, 18.565749442056891, 2132.0 ], [ -97.671669679057942, 18.565750673735913, 2132.0 ], [ -97.671657557523886, 18.565747316037683, 2132.0 ], [ -97.671671838641601, 18.565739874970458, 2132.0 ], [ -97.671673244215015, 18.565737748951253, 2132.0 ], [ -97.67167091527709, 18.565730307884028, 2132.0 ], [ -97.671664105938845, 18.565726094152264, 2132.0 ], [ -97.671660762067376, 18.565726764518683, 2132.0 ], [ -97.671652959700637, 18.565738844668843, 2132.0 ], [ -97.671648501205354, 18.565740988599568, 2132.0 ], [ -97.671649615829168, 18.565725585668289, 2132.0 ], [ -97.671638204867804, 18.565742000989665, 2132.0 ], [ -97.67163846959096, 18.565745336640489, 2132.0 ], [ -97.671641813462429, 18.565747665711896, 2132.0 ], [ -97.671645157333884, 18.565743126529245, 2132.0 ], [ -97.671647386581526, 18.565743023114283, 2132.0 ], [ -97.671652712006448, 18.565748379047285, 2132.0 ], [ -97.671647386581526, 18.565752453917433, 2132.0 ], [ -97.67163846959096, 18.565751548571335, 2132.0 ], [ -97.671637627936235, 18.565753694095303, 2132.0 ], [ -97.671639584214788, 18.565760108391888, 2132.0 ], [ -97.671649725721664, 18.565767513220148, 2132.0 ], [ -97.671647386581526, 18.565775174501638, 2132.0 ], [ -97.671649615829168, 18.565777214111986, 2132.0 ], [ -97.671654010890578, 18.565777080306582, 2132.0 ] ] } },
{ "type": "Feature", "properties": { "FID": 315, "elev": 2133.0, "elevation": 2133.0, "ELEVATION": 2133.0, "is_master": false, "tipo": "Ordinaria (1m)" }, "geometry": { "type": "LineString", "coordinates": [ [ -97.672014407436279, 18.565772828268166, 2133.0 ], [ -97.672016295668342, 18.565771765258564, 2133.0 ], [ -97.672015212442375, 18.565769978603925, 2133.0 ], [ -97.672009587720311, 18.565769639239356, 2133.0 ], [ -97.672011645646151, 18.565772828268166, 2133.0 ], [ -97.672014407436279, 18.565772828268166, 2133.0 ] ] } },
{ "type": "Feature", "properties": { "FID": 316, "elev": 2134.0, "elevation": 2134.0, "ELEVATION": 2134.0, "is_master": false, "tipo": "Ordinaria (1m)" }, "geometry": { "type": "LineString", "coordinates": [ [ -97.671882867255192, 18.565772828268166, 2134.0 ], [ -97.671887044993042, 18.565769639239356, 2134.0 ], [ -97.671893768919446, 18.565760072152926, 2134.0 ], [ -97.671894188559364, 18.565756883124113, 2134.0 ], [ -97.671891489198273, 18.565753464581867, 2134.0 ], [ -97.671888145326804, 18.56575221296859, 2134.0 ], [ -97.671876999088596, 18.565754959226453, 2134.0 ], [ -97.671866967474216, 18.565751324845085, 2134.0 ], [ -97.671859380841113, 18.565756883124113, 2134.0 ], [ -97.671859106443051, 18.565763261181736, 2134.0 ], [ -97.671865852850388, 18.565770807337362, 2134.0 ], [ -97.671871425969499, 18.565773061064466, 2134.0 ], [ -97.671882867255192, 18.565772828268166, 2134.0 ] ] } },
{ "type": "Feature", "properties": { "FID": 317, "elev": 2121.0, "elevation": 2121.0, "ELEVATION": 2121.0, "is_master": false, "tipo": "Ordinaria (1m)" }, "geometry": { "type": "LineString", "coordinates": [ [ -97.671154805417487, 18.565767513220148, 2121.0 ], [ -97.671161608234328, 18.565761135162528, 2121.0 ], [ -97.671162670304838, 18.565753694095303, 2121.0 ], [ -97.671157288590607, 18.565749442056891, 2121.0 ], [ -97.671152493605106, 18.565749095333054, 2121.0 ], [ -97.671145581083579, 18.565752631085701, 2121.0 ], [ -97.671143617393469, 18.565755820114511, 2121.0 ], [ -97.671143410538789, 18.565763261181736, 2121.0 ], [ -97.671146920486009, 18.565767026007414, 2121.0 ], [ -97.671154805417487, 18.565767513220148, 2121.0 ] ] } },
{ "type": "Feature", "properties": { "FID": 318, "elev": 2132.0, "elevation": 2132.0, "ELEVATION": 2132.0, "is_master": false, "tipo": "Ordinaria (1m)" }, "geometry": { "type": "LineString", "coordinates": [ [ -97.671811236283176, 18.565766514962398, 2132.0 ], [ -97.671809360452841, 18.565764324191338, 2132.0 ], [ -97.671812350907004, 18.565762860827469, 2132.0 ], [ -97.671813900505967, 18.56576538720094, 2132.0 ], [ -97.671811236283176, 18.565766514962398, 2132.0 ] ] } },
{ "type": "Feature", "properties": { "FID": 319, "elev": 2122.0, "elevation": 2122.0, "ELEVATION": 2122.0, "is_master": false, "tipo": "Ordinaria (1m)" }, "geometry": { "type": "LineString", "coordinates": [ [ -97.671155910505789, 18.565763261181736, 2122.0 ], [ -97.671155837476576, 18.565760058898441, 2122.0 ], [ -97.671153608228934, 18.565758212708882, 2122.0 ], [ -97.671151691717469, 18.565759009143321, 2122.0 ], [ -97.671151378981293, 18.565761145792624, 2122.0 ], [ -97.671155910505789, 18.565763261181736, 2122.0 ] ] } },
{ "type": "Feature", "properties": { "FID": 320, "elev": 2134.0, "elevation": 2134.0, "ELEVATION": 2134.0, "is_master": false, "tipo": "Ordinaria (1m)" }, "geometry": { "type": "LineString", "coordinates": [ [ -97.670651188545435, 18.565763261181736, 2134.0 ], [ -97.670653837785167, 18.565759009143321, 2134.0 ], [ -97.670651176342318, 18.565755820114511, 2134.0 ], [ -97.670646454390493, 18.56575419762617, 2134.0 ], [ -97.670644296426929, 18.565755820114511, 2134.0 ], [ -97.670644225142851, 18.565760588471875, 2134.0 ], [ -97.670647569014307, 18.56576363283547, 2134.0 ], [ -97.670651188545435, 18.565763261181736, 2134.0 ] ] } },
{ "type": "Feature", "properties": { "FID": 321, "elev": 2132.0, "elevation": 2132.0, "ELEVATION": 2132.0, "is_master": false, "tipo": "Ordinaria (1m)" }, "geometry": { "type": "LineString", "coordinates": [ [ -97.671754390468323, 18.565762198174678, 2132.0 ], [ -97.671752161220681, 18.565761012507572, 2132.0 ], [ -97.671753275844495, 18.565758836095245, 2132.0 ], [ -97.6717550107807, 18.565761135162528, 2132.0 ], [ -97.671754390468323, 18.565762198174678, 2132.0 ] ] } },
{ "type": "Feature", "properties": { "FID": 322, "elev": 2133.0, "elevation": 2133.0, "ELEVATION": 2133.0, "is_master": false, "tipo": "Ordinaria (1m)" }, "geometry": { "type": "LineString", "coordinates": [ [ -97.671941647270202, 18.565757094269859, 2133.0 ], [ -97.671938855081237, 18.565754757104909, 2133.0 ], [ -97.671939418022561, 18.565753050156793, 2133.0 ], [ -97.671943947287616, 18.565753694095303, 2133.0 ], [ -97.671943876517844, 18.565756328510407, 2133.0 ], [ -97.671941647270202, 18.565757094269859, 2133.0 ] ] } },
{ "type": "Feature", "properties": { "FID": 323, "elev": 2129.0, "elevation": 2129.0, "ELEVATION": 2129.0, "is_master": false, "tipo": "Ordinaria (1m)" }, "geometry": { "type": "LineString", "coordinates": [ [ -97.671417358452004, 18.565756883124113, 2129.0 ], [ -97.671416659450628, 18.565754997139333, 2129.0 ], [ -97.671416190801978, 18.565756883124113, 2129.0 ], [ -97.671417358452004, 18.565756883124113, 2129.0 ] ] } },
{ "type": "Feature", "properties": { "FID": 324, "elev": 2132.0, "elevation": 2132.0, "ELEVATION": 2132.0, "is_master": false, "tipo": "Ordinaria (1m)" }, "geometry": { "type": "LineString", "coordinates": [ [ -97.671753275844495, 18.565754684626981, 2132.0 ], [ -97.671751927149671, 18.565752631085701, 2132.0 ], [ -97.671753275844495, 18.565751653116866, 2132.0 ], [ -97.671754012934443, 18.565753694095303, 2132.0 ], [ -97.671753275844495, 18.565754684626981, 2132.0 ] ] } },
{ "type": "Feature", "properties": { "FID": 325, "elev": 2133.0, "elevation": 2133.0, "ELEVATION": 2133.0, "is_master": false, "tipo": "Ordinaria (1m)" }, "geometry": { "type": "LineString", "coordinates": [ [ -97.671883686831521, 18.565743596906458, 2133.0 ], [ -97.671879174619434, 18.56573455992244, 2133.0 ], [ -97.671872607919596, 18.565730307884028, 2133.0 ], [ -97.671870311345671, 18.56572395935445, 2133.0 ], [ -97.671865852850388, 18.565723200686246, 2133.0 ], [ -97.67185805048365, 18.565725526017484, 2133.0 ], [ -97.671851251278341, 18.565720740797595, 2133.0 ], [ -97.671850171246291, 18.565716488759183, 2133.0 ], [ -97.671862508978933, 18.565712895487284, 2133.0 ], [ -97.671863976473617, 18.565710110701563, 2133.0 ], [ -97.671861394355105, 18.565705984184579, 2133.0 ], [ -97.67184994802588, 18.565700543615129, 2133.0 ], [ -97.671849003885669, 18.56569735458632, 2133.0 ], [ -97.671860279731291, 18.565693475356962, 2133.0 ], [ -97.671869196721858, 18.565695157150447, 2133.0 ], [ -97.671873655217141, 18.565694314751841, 2133.0 ], [ -97.671881457583879, 18.565687044477869, 2133.0 ], [ -97.671893718445915, 18.565690082698342, 2133.0 ], [ -97.671903750060295, 18.565686591427198, 2133.0 ], [ -97.671908266458118, 18.565688850509492, 2133.0 ], [ -97.671909968487938, 18.565703732643939, 2133.0 ], [ -97.671907093931765, 18.565706698783639, 2133.0 ], [ -97.671899291565012, 18.565705231159683, 2133.0 ], [ -97.671887588014897, 18.565710110701563, 2133.0 ], [ -97.671886901641287, 18.565713299730373, 2133.0 ], [ -97.671891489198273, 18.565719419486594, 2133.0 ], [ -97.671899378257976, 18.565720740797595, 2133.0 ], [ -97.671906135746369, 18.56572499283601, 2133.0 ], [ -97.671907000527526, 18.56572818186482, 2133.0 ], [ -97.671895947693557, 18.565736828203157, 2133.0 ], [ -97.671883686831521, 18.565743596906458, 2133.0 ] ] } },
{ "type": "Feature", "properties": { "FID": 326, "elev": 2132.0, "elevation": 2132.0, "ELEVATION": 2132.0, "is_master": false, "tipo": "Ordinaria (1m)" }, "geometry": { "type": "LineString", "coordinates": [ [ -97.671771109825627, 18.565742040654204, 2132.0 ], [ -97.671769492409538, 18.565740937980063, 2132.0 ], [ -97.671769995201814, 18.565738728353359, 2132.0 ], [ -97.671772437888052, 18.565739874970458, 2132.0 ], [ -97.671771109825627, 18.565742040654204, 2132.0 ] ] } },
{ "type": "Feature", "properties": { "FID": 327, "elev": 2120.0, "elevation": 2120.0, "ELEVATION": 2120.0, "is_master": true, "tipo": "Maestra (5m)" }, "geometry": { "type": "LineString", "coordinates": [ [ -97.671172588628366, 18.565740937980063, 2120.0 ], [ -97.671171442215027, 18.565740937980063, 2120.0 ], [ -97.671172556833881, 18.565741059170083, 2120.0 ], [ -97.671172588628366, 18.565740937980063, 2120.0 ] ] } },
{ "type": "Feature", "properties": { "FID": 328, "elev": 2134.0, "elevation": 2134.0, "ELEVATION": 2134.0, "is_master": false, "tipo": "Ordinaria (1m)" }, "geometry": { "type": "LineString", "coordinates": [ [ -97.67064120910193, 18.565737748951253, 2134.0 ], [ -97.670640881271382, 18.565734783713935, 2134.0 ], [ -97.670639200761627, 18.565736685941648, 2134.0 ], [ -97.67064120910193, 18.565737748951253, 2134.0 ] ] } },
{ "type": "Feature", "properties": { "FID": 329, "elev": 2133.0, "elevation": 2133.0, "ELEVATION": 2133.0, "is_master": false, "tipo": "Ordinaria (1m)" }, "geometry": { "type": "LineString", "coordinates": [ [ -97.671980659103937, 18.565735729881183, 2133.0 ], [ -97.671976200608654, 18.565735839471039, 2133.0 ], [ -97.671972833947478, 18.565732433903236, 2133.0 ], [ -97.671971529398903, 18.565726055845612, 2133.0 ], [ -97.671973702776953, 18.565722866816802, 2133.0 ], [ -97.671982760965989, 18.56572818186482, 2133.0 ], [ -97.671982787458901, 18.565733496912838, 2133.0 ], [ -97.671980659103937, 18.565735729881183, 2133.0 ] ] } },
{ "type": "Feature", "properties": { "FID": 330, "elev": 2133.0, "elevation": 2133.0, "ELEVATION": 2133.0, "is_master": false, "tipo": "Ordinaria (1m)" }, "geometry": { "type": "LineString", "coordinates": [ [ -97.671755659594453, 18.565733496912838, 2133.0 ], [ -97.671754390468323, 18.565731564168104, 2133.0 ], [ -97.67175389216591, 18.565733496912838, 2133.0 ], [ -97.671755659594453, 18.565733496912838, 2133.0 ] ] } },
{ "type": "Feature", "properties": { "FID": 331, "elev": 2133.0, "elevation": 2133.0, "ELEVATION": 2133.0, "is_master": false, "tipo": "Ordinaria (1m)" }, "geometry": { "type": "LineString", "coordinates": [ [ -97.671750056744358, 18.56573137089363, 2133.0 ], [ -97.671752161219416, 18.565727118855218, 2133.0 ], [ -97.671757734339778, 18.565723142411887, 2133.0 ], [ -97.671761972437153, 18.56571542574958, 2133.0 ], [ -97.671763728210919, 18.565703732643939, 2133.0 ], [ -97.67176038157136, 18.565695228567112, 2133.0 ], [ -97.671767765954172, 18.565695362153882, 2133.0 ], [ -97.671774453697097, 18.565690943904364, 2133.0 ], [ -97.671783895216521, 18.565689913519094, 2133.0 ], [ -97.671789214409074, 18.565686724490284, 2133.0 ], [ -97.671791056626716, 18.565682472451872, 2133.0 ], [ -97.671788765670541, 18.565670779346235, 2133.0 ], [ -97.671786714559119, 18.565668514441349, 2133.0 ], [ -97.671781141440022, 18.565667656106292, 2133.0 ], [ -97.671774347542438, 18.565670779346235, 2133.0 ], [ -97.671768880577986, 18.565676908614371, 2133.0 ], [ -97.67176553670653, 18.565677834719708, 2133.0 ], [ -97.671760160285743, 18.565671842355837, 2133.0 ], [ -97.671757700984458, 18.565663338279009, 2133.0 ], [ -97.671754390468323, 18.565659152678695, 2133.0 ], [ -97.671749931973039, 18.565657333068039, 2133.0 ], [ -97.671738707515615, 18.565656960221389, 2133.0 ], [ -97.671736539286201, 18.565648456144562, 2133.0 ], [ -97.671732739082728, 18.565643141096544, 2133.0 ], [ -97.671735658595779, 18.565635700029318, 2133.0 ], [ -97.671733992852396, 18.565632511000508, 2133.0 ], [ -97.671724295625154, 18.565636763039688, 2133.0 ], [ -97.671710920139304, 18.565636946015985, 2133.0 ], [ -97.671708868757165, 18.565634637019716, 2133.0 ], [ -97.671709794313244, 18.565630384981301, 2133.0 ], [ -97.671708388704772, 18.565626132942889, 2133.0 ], [ -97.67170423239638, 18.565622478362425, 2133.0 ], [ -97.671701518055741, 18.565625069933283, 2133.0 ], [ -97.67170464361682, 18.565633574010111, 2133.0 ], [ -97.67169850904537, 18.565636763038921, 2133.0 ], [ -97.671697408897998, 18.565647393134956, 2133.0 ], [ -97.67169086414836, 18.565655897211784, 2133.0 ], [ -97.671682888182033, 18.565671842355837, 2133.0 ], [ -97.671682275035622, 18.565677157403854, 2133.0 ], [ -97.671690338845949, 18.565679283423062, 2133.0 ], [ -97.671697544653455, 18.565683755937542, 2133.0 ], [ -97.671718722506057, 18.565680668556787, 2133.0 ], [ -97.671728754120437, 18.565687200164749, 2133.0 ], [ -97.671734327239548, 18.565685548349137, 2133.0 ], [ -97.671739900358645, 18.565681262412323, 2133.0 ], [ -97.671745473477756, 18.565680520896073, 2133.0 ], [ -97.671749931973039, 18.565682313990813, 2133.0 ], [ -97.671751521139669, 18.565686724490284, 2133.0 ], [ -97.671755505092136, 18.56568914207784, 2133.0 ], [ -97.671757734339778, 18.565688673341224, 2133.0 ], [ -97.671759963587419, 18.565685317125457, 2133.0 ], [ -97.671761078211247, 18.565686129204906, 2133.0 ], [ -97.67176024224338, 18.565688850509492, 2133.0 ], [ -97.671757734339778, 18.565689002368007, 2133.0 ], [ -97.671758525884229, 18.565695228567112, 2133.0 ], [ -97.671748817349211, 18.5656985274851, 2133.0 ], [ -97.67174178959489, 18.565706921672753, 2133.0 ], [ -97.671748737733225, 18.565720740797595, 2133.0 ], [ -97.671735441863362, 18.565722051842773, 2133.0 ], [ -97.67173238068635, 18.565726055845612, 2133.0 ], [ -97.671733385303924, 18.565729244874422, 2133.0 ], [ -97.67173655648719, 18.565731481783121, 2133.0 ], [ -97.671750056744358, 18.56573137089363, 2133.0 ] ] } },
{ "type": "Feature", "properties": { "FID": 332, "elev": 2132.0, "elevation": 2132.0, "ELEVATION": 2132.0, "is_master": false, "tipo": "Ordinaria (1m)" }, "geometry": { "type": "LineString", "coordinates": [ [ -97.671777797568552, 18.565725139756037, 2132.0 ], [ -97.671773586767458, 18.56572499283601, 2132.0 ], [ -97.671776770024721, 18.565720740797595, 2132.0 ], [ -97.671778134058769, 18.565709047691957, 2132.0 ], [ -97.671785599935305, 18.565708027202739, 2132.0 ], [ -97.671787431102999, 18.565711173711165, 2132.0 ], [ -97.671784567441662, 18.565719677787992, 2132.0 ], [ -97.671777797568552, 18.565725139756037, 2132.0 ] ] } },
{ "type": "Feature", "properties": { "FID": 333, "elev": 2132.0, "elevation": 2132.0, "ELEVATION": 2132.0, "is_master": false, "tipo": "Ordinaria (1m)" }, "geometry": { "type": "LineString", "coordinates": [ [ -97.671654169863629, 18.565719677787992, 2132.0 ], [ -97.67165340555016, 18.565719677787992, 2132.0 ], [ -97.671654074324451, 18.565719923097902, 2132.0 ], [ -97.671654169863629, 18.565719677787992, 2132.0 ] ] } },
{ "type": "Feature", "properties": { "FID": 334, "elev": 2138.0, "elevation": 2138.0, "ELEVATION": 2138.0, "is_master": false, "tipo": "Ordinaria (1m)" }, "geometry": { "type": "LineString", "coordinates": [ [ -97.67256583660982, 18.565257112285543, 2138.0 ], [ -97.672553656811345, 18.565239197447227, 2138.0 ], [ -97.672536856390479, 18.565221126291846, 2138.0 ], [ -97.672517907785533, 18.565207105553853, 2138.0 ], [ -97.672497844556759, 18.565196577405935, 2138.0 ], [ -97.672477781327984, 18.5651891354409, 2138.0 ], [ -97.672456603475396, 18.565183645352761, 2138.0 ], [ -97.672383038303224, 18.565169310220103, 2138.0 ], [ -97.672332880231295, 18.565149798999826, 2138.0 ], [ -97.672309473131051, 18.565144286585106, 2138.0 ], [ -97.672278263664069, 18.565144266306092, 2138.0 ], [ -97.672258200435294, 18.565147486293686, 2138.0 ], [ -97.672230334839782, 18.565156117147477, 2138.0 ], [ -97.672163457410534, 18.56518155095922, 2138.0 ], [ -97.672145623429401, 18.565191263130455, 2138.0 ], [ -97.672133231435154, 18.565201992111103, 2138.0 ], [ -97.672125533661969, 18.565214748226346, 2138.0 ], [ -97.672123330957803, 18.565227504341586, 2138.0 ], [ -97.67212419574733, 18.565240260456829, 2138.0 ], [ -97.672126537940827, 18.565247701524054, 2138.0 ], [ -97.672143247520737, 18.565276402783347, 2138.0 ], [ -97.672163232114229, 18.56529872598502, 2138.0 ], [ -97.67218574988695, 18.565313596929894, 2138.0 ], [ -97.672200217704145, 18.565328490253915, 2138.0 ], [ -97.672239238717125, 18.565391207820522, 2138.0 ], [ -97.672256951519458, 18.565415657041402, 2138.0 ], [ -97.672272760208955, 18.565432665195058, 2138.0 ], [ -97.672318390121617, 18.565473978210264, 2138.0 ], [ -97.672390968055552, 18.565549596251437, 2138.0 ], [ -97.672396413791745, 18.565558100328264, 2138.0 ], [ -97.67239628907592, 18.5655687304243, 2138.0 ], [ -97.672406200186217, 18.565597431683592, 2138.0 ], [ -97.672416477019311, 18.565613376827645, 2138.0 ], [ -97.672420935513131, 18.565624262045986, 2138.0 ], [ -97.672427623256056, 18.565622016607826, 2138.0 ], [ -97.672432253231918, 18.565614439837251, 2138.0 ], [ -97.672435271881582, 18.565574045472317, 2138.0 ], [ -97.672438918110771, 18.565563415376282, 2138.0 ], [ -97.672445457229301, 18.565553848289852, 2138.0 ], [ -97.67247109358506, 18.565530337018622, 2138.0 ], [ -97.672507876171153, 18.565502930129846, 2138.0 ], [ -97.672525710152286, 18.565487277313434, 2138.0 ], [ -97.672546910297356, 18.56546455548316, 2138.0 ], [ -97.67256583660982, 18.565437980234801, 2138.0 ] ] } },
{ "type": "Feature", "properties": { "FID": 335, "elev": 2137.0, "elevation": 2137.0, "ELEVATION": 2137.0, "is_master": false, "tipo": "Ordinaria (1m)" }, "geometry": { "type": "LineString", "coordinates": [ [ -97.67256583660982, 18.565146715614677, 2137.0 ], [ -97.672541314885763, 18.565132737035437, 2137.0 ], [ -97.672508990794967, 18.565119010923933, 2137.0 ], [ -97.672481125199454, 18.565110442453253, 2137.0 ], [ -97.672446571861002, 18.565102828500951, 2137.0 ], [ -97.672404216155812, 18.565096480815033, 2137.0 ], [ -97.672362975074449, 18.565093240323058, 2137.0 ], [ -97.672211386234821, 18.565092810737639, 2137.0 ], [ -97.672158998915251, 18.565089623137602, 2137.0 ], [ -97.672132247943551, 18.565085172950468, 2137.0 ], [ -97.672107726219494, 18.565077553549397, 2137.0 ], [ -97.672086548366906, 18.565066023519098, 2137.0 ], [ -97.67207442683285, 18.565055296785825, 2137.0 ] ] } },
{ "type": "Feature", "properties": { "FID": 336, "elev": 2133.0, "elevation": 2133.0, "ELEVATION": 2133.0, "is_master": false, "tipo": "Ordinaria (1m)" }, "geometry": { "type": "LineString", "coordinates": [ [ -97.67194276189403, 18.565713362975796, 2133.0 ], [ -97.671937188774919, 18.565713887512153, 2133.0 ], [ -97.671928271784353, 18.565711002258002, 2133.0 ], [ -97.671926136730278, 18.565707984682355, 2133.0 ], [ -97.671929071207174, 18.565704795653545, 2133.0 ], [ -97.671949449636955, 18.565703685515437, 2133.0 ], [ -97.671953908132238, 18.565698298438505, 2133.0 ], [ -97.671957252003693, 18.565697546119583, 2133.0 ], [ -97.671963939747755, 18.565700543615129, 2133.0 ], [ -97.671963863995487, 18.565703732643939, 2133.0 ], [ -97.671960595875163, 18.565706817964497, 2133.0 ], [ -97.67194276189403, 18.565713362975796, 2133.0 ] ] } },
{ "type": "Feature", "properties": { "FID": 337, "elev": 2134.0, "elevation": 2134.0, "ELEVATION": 2134.0, "is_master": false, "tipo": "Ordinaria (1m)" }, "geometry": { "type": "LineString", "coordinates": [ [ -97.671987680566559, 18.565712236720767, 2134.0 ], [ -97.671989615620163, 18.565711173711165, 2134.0 ], [ -97.671988461470676, 18.565709287045113, 2134.0 ], [ -97.671985242437088, 18.565711173711165, 2134.0 ], [ -97.671987680566559, 18.565712236720767, 2134.0 ] ] } },
{ "type": "Feature", "properties": { "FID": 338, "elev": 2132.0, "elevation": 2132.0, "ELEVATION": 2132.0, "is_master": false, "tipo": "Ordinaria (1m)" }, "geometry": { "type": "LineString", "coordinates": [ [ -97.671718722506057, 18.565709297811864, 2132.0 ], [ -97.671709805515491, 18.565699391815862, 2132.0 ], [ -97.671696430029641, 18.56570227974154, 2132.0 ], [ -97.671693277109668, 18.565700543615129, 2132.0 ], [ -97.671693194293326, 18.56569735458632, 2132.0 ], [ -97.671698659277283, 18.565693299401538, 2132.0 ], [ -97.671705712043206, 18.565693102547908, 2132.0 ], [ -97.671710920139304, 18.565688833224783, 2132.0 ], [ -97.671719837129871, 18.565688849116295, 2132.0 ], [ -97.671725410248982, 18.565691523899314, 2132.0 ], [ -97.671730474218933, 18.5656909765287, 2132.0 ], [ -97.671732310574797, 18.565692039538302, 2132.0 ], [ -97.671731657646689, 18.56569416555751, 2132.0 ], [ -97.671728754120437, 18.565696061736801, 2132.0 ], [ -97.671720474057778, 18.56569735458632, 2132.0 ], [ -97.671718722506057, 18.565709297811864, 2132.0 ] ] } },
{ "type": "Feature", "properties": { "FID": 339, "elev": 2131.0, "elevation": 2131.0, "ELEVATION": 2131.0, "is_master": false, "tipo": "Ordinaria (1m)" }, "geometry": { "type": "LineString", "coordinates": [ [ -97.671557535516868, 18.565704795653545, 2131.0 ], [ -97.671557102052049, 18.565703695776556, 2131.0 ], [ -97.671555439252572, 18.565704795653545, 2131.0 ], [ -97.671555987428221, 18.565705792225046, 2131.0 ], [ -97.671557535516868, 18.565704795653545, 2131.0 ] ] } },
{ "type": "Feature", "properties": { "FID": 340, "elev": 2133.0, "elevation": 2133.0, "ELEVATION": 2133.0, "is_master": false, "tipo": "Ordinaria (1m)" }, "geometry": { "type": "LineString", "coordinates": [ [ -97.67180024027688, 18.565693102547908, 2133.0 ], [ -97.671804675574592, 18.565688850509492, 2133.0 ], [ -97.67180231929261, 18.565685174801587, 2133.0 ], [ -97.671794516925871, 18.565685490338545, 2133.0 ], [ -97.67179171546492, 18.56568778749989, 2133.0 ], [ -97.671794516925871, 18.565692090274712, 2133.0 ], [ -97.67180024027688, 18.565693102547908, 2133.0 ] ] } },
{ "type": "Feature", "properties": { "FID": 341, "elev": 2132.0, "elevation": 2132.0, "ELEVATION": 2132.0, "is_master": false, "tipo": "Ordinaria (1m)" }, "geometry": { "type": "LineString", "coordinates": [ [ -97.671616734426451, 18.565693102547908, 2132.0 ], [ -97.671609489371619, 18.565681691804194, 2132.0 ], [ -97.671601687005861, 18.565685661480682, 2132.0 ], [ -97.671602801628694, 18.56569174351031, 2132.0 ], [ -97.671616734426451, 18.565693102547908, 2132.0 ] ] } },
{ "type": "Feature", "properties": { "FID": 342, "elev": 2136.0, "elevation": 2136.0, "ELEVATION": 2136.0, "is_master": false, "tipo": "Ordinaria (1m)" }, "geometry": { "type": "LineString", "coordinates": [ [ -97.672243783817308, 18.565683535461474, 2136.0 ], [ -97.672246899388227, 18.565681409442266, 2136.0 ], [ -97.672250095331222, 18.565675031384647, 2136.0 ], [ -97.672248860656381, 18.565670779346235, 2136.0 ], [ -97.67224148107799, 18.565665251696295, 2136.0 ], [ -97.672234793335065, 18.565655213848469, 2136.0 ], [ -97.672232564087423, 18.565653664891617, 2136.0 ], [ -97.672225876344498, 18.565653791635071, 2136.0 ], [ -97.672222592399052, 18.565658023230991, 2136.0 ], [ -97.672223647096857, 18.565662568513435, 2136.0 ], [ -97.672238092621569, 18.565670779346235, 2136.0 ], [ -97.672239243753367, 18.565682472451872, 2136.0 ], [ -97.672243783817308, 18.565683535461474, 2136.0 ] ] } },
{ "type": "Feature", "properties": { "FID": 343, "elev": 2132.0, "elevation": 2132.0, "ELEVATION": 2132.0, "is_master": false, "tipo": "Ordinaria (1m)" }, "geometry": { "type": "LineString", "coordinates": [ [ -97.671592338547029, 18.565679283423062, 2132.0 ], [ -97.671595232973402, 18.565677157403854, 2132.0 ], [ -97.671596793109657, 18.565665464298217, 2132.0 ], [ -97.671604061638234, 18.565658023230991, 2132.0 ], [ -97.671620635609827, 18.565659252690498, 2132.0 ], [ -97.671631781848035, 18.565654725731815, 2132.0 ], [ -97.671634205295106, 18.565644204106146, 2132.0 ], [ -97.671634156481389, 18.565630384981301, 2132.0 ], [ -97.671628898687757, 18.565618691875663, 2132.0 ], [ -97.671622864857468, 18.565615602412489, 2132.0 ], [ -97.671618406362185, 18.56560991921928, 2132.0 ], [ -97.671613947866902, 18.565611413130203, 2132.0 ], [ -97.671608374747805, 18.565616465572532, 2132.0 ], [ -97.671600150631505, 18.565615502846853, 2132.0 ], [ -97.671584912262531, 18.565620817894871, 2132.0 ], [ -97.671583647781404, 18.565622943914079, 2132.0 ], [ -97.671584967647561, 18.565627364150213, 2132.0 ], [ -97.671596113885769, 18.56563236391742, 2132.0 ], [ -97.67159768082071, 18.565634637019716, 2132.0 ], [ -97.671597228509597, 18.56564443796826, 2132.0 ], [ -97.671588311519031, 18.565657115243621, 2132.0 ], [ -97.67157270678554, 18.565658847925757, 2132.0 ], [ -97.671569182512528, 18.565660149250199, 2132.0 ], [ -97.67156581701704, 18.565664401288611, 2132.0 ], [ -97.671567133666429, 18.565670247841432, 2132.0 ], [ -97.671573935268782, 18.565673968375044, 2132.0 ], [ -97.671576824701319, 18.565678220413457, 2132.0 ], [ -97.67158273839992, 18.565677542473658, 2132.0 ], [ -97.671592338547029, 18.565679283423062, 2132.0 ] ] } },
{ "type": "Feature", "properties": { "FID": 344, "elev": 2130.0, "elevation": 2130.0, "ELEVATION": 2130.0, "is_master": true, "tipo": "Maestra (5m)" }, "geometry": { "type": "LineString", "coordinates": [ [ -97.670960092385599, 18.565676094394252, 2130.0 ], [ -97.67095906118476, 18.565676094394252, 2130.0 ], [ -97.67095966368413, 18.565676344514156, 2130.0 ], [ -97.670960092385599, 18.565676094394252, 2130.0 ] ] } },
{ "type": "Feature", "properties": { "FID": 345, "elev": 2134.0, "elevation": 2134.0, "ELEVATION": 2134.0, "is_master": false, "tipo": "Ordinaria (1m)" }, "geometry": { "type": "LineString", "coordinates": [ [ -97.672015462388316, 18.565666527307819, 2134.0 ], [ -97.672015212442375, 18.565664557613555, 2134.0 ], [ -97.672014897624962, 18.565666527307819, 2134.0 ], [ -97.672015462388316, 18.565666527307819, 2134.0 ] ] } },
{ "type": "Feature", "properties": { "FID": 346, "elev": 2134.0, "elevation": 2134.0, "ELEVATION": 2134.0, "is_master": false, "tipo": "Ordinaria (1m)" }, "geometry": { "type": "LineString", "coordinates": [ [ -97.671718766121771, 18.565666527307819, 2134.0 ], [ -97.671722185270724, 18.565664401288611, 2134.0 ], [ -97.67172275756883, 18.565659086240593, 2134.0 ], [ -97.671720951753699, 18.565656841646931, 2134.0 ], [ -97.671710920139304, 18.565654157308174, 2134.0 ], [ -97.671708670298159, 18.565655897211784, 2134.0 ], [ -97.67170971926484, 18.565665464298217, 2134.0 ], [ -97.671714264010774, 18.565667160818592, 2134.0 ], [ -97.671718766121771, 18.565666527307819, 2134.0 ] ] } },
{ "type": "Feature", "properties": { "FID": 347, "elev": 2122.0, "elevation": 2122.0, "ELEVATION": 2122.0, "is_master": false, "tipo": "Ordinaria (1m)" }, "geometry": { "type": "LineString", "coordinates": [ [ -97.671121742372364, 18.565656960221389, 2122.0 ], [ -97.671121284138138, 18.565655329875199, 2122.0 ], [ -97.671120618959407, 18.565656960221389, 2122.0 ], [ -97.671121742372364, 18.565656960221389, 2122.0 ] ] } },
{ "type": "Feature", "properties": { "FID": 348, "elev": 2133.0, "elevation": 2133.0, "ELEVATION": 2133.0, "is_master": false, "tipo": "Ordinaria (1m)" }, "geometry": { "type": "LineString", "coordinates": [ [ -97.671623113504324, 18.565649519154164, 2133.0 ], [ -97.671628397126483, 18.565642078086938, 2133.0 ], [ -97.671628585488122, 18.565638889058128, 2133.0 ], [ -97.671626319607739, 18.565627195952491, 2133.0 ], [ -97.671622864857468, 18.565623513084574, 2133.0 ], [ -97.671616177114544, 18.565628092303808, 2133.0 ], [ -97.671614647077419, 18.565636763038921, 2133.0 ], [ -97.671615437154188, 18.565642078086938, 2133.0 ], [ -97.671623113504324, 18.565649519154164, 2133.0 ] ] } },
{ "type": "Feature", "properties": { "FID": 349, "elev": 2134.0, "elevation": 2134.0, "ELEVATION": 2134.0, "is_master": false, "tipo": "Ordinaria (1m)" }, "geometry": { "type": "LineString", "coordinates": [ [ -97.671927731888445, 18.565646330125354, 2134.0 ], [ -97.671928271784353, 18.565644136460079, 2134.0 ], [ -97.671923700211295, 18.565644204106146, 2134.0 ], [ -97.671924927912897, 18.565646191116404, 2134.0 ], [ -97.671927731888445, 18.565646330125354, 2134.0 ] ] } },
{ "type": "Feature", "properties": { "FID": 350, "elev": 2123.0, "elevation": 2123.0, "ELEVATION": 2123.0, "is_master": false, "tipo": "Ordinaria (1m)" }, "geometry": { "type": "LineString", "coordinates": [ [ -97.671103244831556, 18.565642078086938, 2123.0 ], [ -97.671106268869167, 18.565638889058128, 2123.0 ], [ -97.671096762414081, 18.565631934985451, 2123.0 ], [ -97.67108564250556, 18.565639952067734, 2123.0 ], [ -97.671087845423514, 18.565642298205091, 2123.0 ], [ -97.671103244831556, 18.565642078086938, 2123.0 ] ] } },
{ "type": "Feature", "properties": { "FID": 351, "elev": 2131.0, "elevation": 2131.0, "ELEVATION": 2131.0, "is_master": false, "tipo": "Ordinaria (1m)" }, "geometry": { "type": "LineString", "coordinates": [ [ -97.670899166515369, 18.565642078086938, 2131.0 ], [ -97.670897244750165, 18.565640027996992, 2131.0 ], [ -97.670896375343574, 18.565641015077336, 2131.0 ], [ -97.670898359373979, 18.565642396989819, 2131.0 ], [ -97.670899166515369, 18.565642078086938, 2131.0 ] ] } },
{ "type": "Feature", "properties": { "FID": 352, "elev": 2128.0, "elevation": 2128.0, "ELEVATION": 2128.0, "is_master": false, "tipo": "Ordinaria (1m)" }, "geometry": { "type": "LineString", "coordinates": [ [ -97.671344297364485, 18.565638889058128, 2128.0 ], [ -97.671343152942868, 18.565635700029318, 2128.0 ], [ -97.671340865030814, 18.565635589163286, 2128.0 ], [ -97.671340232212131, 18.565637826048526, 2128.0 ], [ -97.671341979654642, 18.56563943647625, 2128.0 ], [ -97.671344297364485, 18.565638889058128, 2128.0 ] ] } },
{ "type": "Feature", "properties": { "FID": 353, "elev": 2119.0, "elevation": 2119.0, "ELEVATION": 2119.0, "is_master": false, "tipo": "Ordinaria (1m)" }, "geometry": { "type": "LineString", "coordinates": [ [ -97.671190843630953, 18.565634637019716, 2119.0 ], [ -97.671191505438841, 18.565631390751925, 2119.0 ], [ -97.671188665691844, 18.565633574010111, 2119.0 ], [ -97.671190843630953, 18.565634637019716, 2119.0 ] ] } },
{ "type": "Feature", "properties": { "FID": 354, "elev": 2127.0, "elevation": 2127.0, "ELEVATION": 2127.0, "is_master": false, "tipo": "Ordinaria (1m)" }, "geometry": { "type": "LineString", "coordinates": [ [ -97.671000358381264, 18.565626132942889, 2127.0 ], [ -97.670999131500324, 18.565626132942889, 2127.0 ], [ -97.670999790141664, 18.565626674869353, 2127.0 ], [ -97.671000358381264, 18.565626132942889, 2127.0 ] ] } },
{ "type": "Feature", "properties": { "FID": 355, "elev": 2133.0, "elevation": 2133.0, "ELEVATION": 2133.0, "is_master": false, "tipo": "Ordinaria (1m)" }, "geometry": { "type": "LineString", "coordinates": [ [ -97.671852477364538, 18.565625101045761, 2133.0 ], [ -97.671849133493083, 18.565625134638218, 2133.0 ], [ -97.671850248116897, 18.565622204694755, 2133.0 ], [ -97.67185202084309, 18.565622943914079, 2133.0 ], [ -97.671852477364538, 18.565625101045761, 2133.0 ] ] } },
{ "type": "Feature", "properties": { "FID": 356, "elev": 2133.0, "elevation": 2133.0, "ELEVATION": 2133.0, "is_master": false, "tipo": "Ordinaria (1m)" }, "geometry": { "type": "LineString", "coordinates": [ [ -97.671825726392854, 18.565624246513927, 2133.0 ], [ -97.671823497145212, 18.565624089026048, 2133.0 ], [ -97.671821465653409, 18.565620817894871, 2133.0 ], [ -97.671823497145212, 18.565616834810694, 2133.0 ], [ -97.671829070264309, 18.565619991109624, 2133.0 ], [ -97.671832414135778, 18.56561939704045, 2133.0 ], [ -97.671835758007234, 18.565615797218744, 2133.0 ], [ -97.671838383565571, 18.565615502846853, 2133.0 ], [ -97.671840165451044, 18.565617628866061, 2133.0 ], [ -97.671833528759592, 18.565623411336741, 2133.0 ], [ -97.671825726392854, 18.565624246513927, 2133.0 ] ] } },
{ "type": "Feature", "properties": { "FID": 357, "elev": 2119.0, "elevation": 2119.0, "ELEVATION": 2119.0, "is_master": false, "tipo": "Ordinaria (1m)" }, "geometry": { "type": "LineString", "coordinates": [ [ -97.671181513548987, 18.565613376827645, 2119.0 ], [ -97.671180359200633, 18.565608895833318, 2119.0 ], [ -97.671177015329164, 18.56560901781971, 2119.0 ], [ -97.671176312631545, 18.565611250808438, 2119.0 ], [ -97.671178129952992, 18.565613322592462, 2119.0 ], [ -97.671181513548987, 18.565613376827645, 2119.0 ] ] } },
{ "type": "Feature", "properties": { "FID": 358, "elev": 2135.0, "elevation": 2135.0, "ELEVATION": 2135.0, "is_master": true, "tipo": "Maestra (5m)" }, "geometry": { "type": "LineString", "coordinates": [ [ -97.671958844323441, 18.565611250808438, 2135.0 ], [ -97.671966139506864, 18.56560593576042, 2135.0 ], [ -97.671973955437807, 18.565583612558747, 2135.0 ], [ -97.671983029358202, 18.565572982462715, 2135.0 ], [ -97.671982970409772, 18.565569793433905, 2135.0 ], [ -97.67197717495668, 18.56556235236668, 2135.0 ], [ -97.671976200608654, 18.565558299642568, 2135.0 ], [ -97.671965054370446, 18.565561627070416, 2135.0 ], [ -97.67195613737988, 18.565562730119467, 2135.0 ], [ -97.671941647270202, 18.565561705317357, 2135.0 ], [ -97.671930501031994, 18.565565100635411, 2135.0 ], [ -97.671919354793786, 18.565565390802462, 2135.0 ], [ -97.671907035267353, 18.565572982462715, 2135.0 ], [ -97.671906051219153, 18.565582549549145, 2135.0 ], [ -97.671897577925677, 18.56558680158756, 2135.0 ], [ -97.671897912454185, 18.56560593576042, 2135.0 ], [ -97.671902635436481, 18.56561138873057, 2135.0 ], [ -97.671909323179406, 18.565612294835727, 2135.0 ], [ -97.671913781674689, 18.565610864740275, 2135.0 ], [ -97.671921584041428, 18.565602875581259, 2135.0 ], [ -97.671932730279636, 18.565599155047646, 2135.0 ], [ -97.671943876517844, 18.565609176369868, 2135.0 ], [ -97.671950564260769, 18.565611466159524, 2135.0 ], [ -97.671958844323441, 18.565611250808438, 2135.0 ] ] } },
{ "type": "Feature", "properties": { "FID": 359, "elev": 2127.0, "elevation": 2127.0, "ELEVATION": 2127.0, "is_master": false, "tipo": "Ordinaria (1m)" }, "geometry": { "type": "LineString", "coordinates": [ [ -97.671007666816664, 18.565606998770026, 2127.0 ], [ -97.671006477884589, 18.565601052799042, 2127.0 ], [ -97.671002813467723, 18.565603809741216, 2127.0 ], [ -97.671002977965799, 18.56560593576042, 2127.0 ], [ -97.671007666816664, 18.565606998770026, 2127.0 ] ] } },
{ "type": "Feature", "properties": { "FID": 360, "elev": 2132.0, "elevation": 2132.0, "ELEVATION": 2132.0, "is_master": false, "tipo": "Ordinaria (1m)" }, "geometry": { "type": "LineString", "coordinates": [ [ -97.671510746246653, 18.56560593576042, 2132.0 ], [ -97.671515921969998, 18.5655995577028, 2132.0 ], [ -97.671514746346858, 18.565597712478585, 2132.0 ], [ -97.671510287851575, 18.565597624958066, 2132.0 ], [ -97.671505297492416, 18.565603809741216, 2132.0 ], [ -97.671506943980106, 18.565606834961986, 2132.0 ], [ -97.671510746246653, 18.56560593576042, 2132.0 ] ] } },
{ "type": "Feature", "properties": { "FID": 361, "elev": 2134.0, "elevation": 2134.0, "ELEVATION": 2134.0, "is_master": false, "tipo": "Ordinaria (1m)" }, "geometry": { "type": "LineString", "coordinates": [ [ -97.671854890467657, 18.5655995577028, 2134.0 ], [ -97.671854796230178, 18.56559636867399, 2134.0 ], [ -97.671852477364538, 18.565595959316255, 2134.0 ], [ -97.671851617511876, 18.565598494693198, 2134.0 ], [ -97.671853591988366, 18.565600441409579, 2134.0 ], [ -97.671854890467657, 18.5655995577028, 2134.0 ] ] } },
{ "type": "Feature", "properties": { "FID": 362, "elev": 2134.0, "elevation": 2134.0, "ELEVATION": 2134.0, "is_master": false, "tipo": "Ordinaria (1m)" }, "geometry": { "type": "LineString", "coordinates": [ [ -97.671864986709593, 18.56559636867399, 2134.0 ], [ -97.671866781703585, 18.565594242654782, 2134.0 ], [ -97.671862508978933, 18.565592952594585, 2134.0 ], [ -97.671859374694861, 18.565594242654782, 2134.0 ], [ -97.671861159239143, 18.56559636867399, 2134.0 ], [ -97.671864986709593, 18.56559636867399, 2134.0 ] ] } },
{ "type": "Feature", "properties": { "FID": 363, "elev": 2135.0, "elevation": 2135.0, "ELEVATION": 2135.0, "is_master": true, "tipo": "Maestra (5m)" }, "geometry": { "type": "LineString", "coordinates": [ [ -97.671929386408181, 18.565593785156981, 2135.0 ], [ -97.671925123460937, 18.565592116635578, 2135.0 ], [ -97.671928271784353, 18.565588658490412, 2135.0 ], [ -97.671932199826131, 18.565591053625973, 2135.0 ], [ -97.671929386408181, 18.565593785156981, 2135.0 ] ] } },
{ "type": "Feature", "properties": { "FID": 364, "elev": 2135.0, "elevation": 2135.0, "ELEVATION": 2135.0, "is_master": true, "tipo": "Maestra (5m)" }, "geometry": { "type": "LineString", "coordinates": [ [ -97.672064760837515, 18.56558999061637, 2135.0 ], [ -97.672069829009587, 18.565582667661324, 2135.0 ], [ -97.672068714385773, 18.565580718469018, 2135.0 ], [ -97.67205997607536, 18.56558680158756, 2135.0 ], [ -97.67206091201902, 18.565590110579837, 2135.0 ], [ -97.672064760837515, 18.56558999061637, 2135.0 ] ] } },
{ "type": "Feature", "properties": { "FID": 365, "elev": 2133.0, "elevation": 2133.0, "ELEVATION": 2133.0, "is_master": false, "tipo": "Ordinaria (1m)" }, "geometry": { "type": "LineString", "coordinates": [ [ -97.671670044793885, 18.565583612558747, 2133.0 ], [ -97.671671508523644, 18.565581486539543, 2133.0 ], [ -97.671669250356473, 18.565578297510733, 2133.0 ], [ -97.671662991315017, 18.565575179349228, 2133.0 ], [ -97.671662147815908, 18.565576171491525, 2133.0 ], [ -97.671665575949959, 18.565582549549145, 2133.0 ], [ -97.671670044793885, 18.565583612558747, 2133.0 ] ] } },
{ "type": "Feature", "properties": { "FID": 366, "elev": 2135.0, "elevation": 2135.0, "ELEVATION": 2135.0, "is_master": true, "tipo": "Maestra (5m)" }, "geometry": { "type": "LineString", "coordinates": [ [ -97.671937188774919, 18.56558151403117, 2135.0 ], [ -97.671934691588859, 18.565580423529937, 2135.0 ], [ -97.671934959527277, 18.565577978607852, 2135.0 ], [ -97.671937188774919, 18.56557662706707, 2135.0 ], [ -97.671938773790444, 18.565578297510733, 2135.0 ], [ -97.671937188774919, 18.56558151403117, 2135.0 ] ] } },
{ "type": "Feature", "properties": { "FID": 367, "elev": 2132.0, "elevation": 2132.0, "ELEVATION": 2132.0, "is_master": false, "tipo": "Ordinaria (1m)" }, "geometry": { "type": "LineString", "coordinates": [ [ -97.671567723074844, 18.565575108481919, 2132.0 ], [ -97.671569631768065, 18.565574045472317, 2132.0 ], [ -97.671568248290257, 18.565571663729102, 2132.0 ], [ -97.671565920184619, 18.565572982462715, 2132.0 ], [ -97.671567723074844, 18.565575108481919, 2132.0 ] ] } },
{ "type": "Feature", "properties": { "FID": 368, "elev": 2132.0, "elevation": 2132.0, "ELEVATION": 2132.0, "is_master": false, "tipo": "Ordinaria (1m)" }, "geometry": { "type": "LineString", "coordinates": [ [ -97.671578074813851, 18.565570856443507, 2132.0 ], [ -97.671579421322306, 18.565567667414697, 2132.0 ], [ -97.671577165280823, 18.565566874661773, 2132.0 ], [ -97.671574792396086, 18.5655687304243, 2132.0 ], [ -97.671575665605133, 18.565570856443507, 2132.0 ], [ -97.671578074813851, 18.565570856443507, 2132.0 ] ] } },
{ "type": "Feature", "properties": { "FID": 369, "elev": 2132.0, "elevation": 2132.0, "ELEVATION": 2132.0, "is_master": false, "tipo": "Ordinaria (1m)" }, "geometry": { "type": "LineString", "coordinates": [ [ -97.671566437026542, 18.565566604405092, 2132.0 ], [ -97.67157384439129, 18.565563415376282, 2132.0 ], [ -97.671571592161712, 18.565554836439624, 2132.0 ], [ -97.671567133666429, 18.565555025448138, 2132.0 ], [ -97.671561828621407, 18.565561289357078, 2132.0 ], [ -97.671563719503382, 18.565566604405092, 2132.0 ], [ -97.671566437026542, 18.565566604405092, 2132.0 ] ] } },
{ "type": "Feature", "properties": { "FID": 370, "elev": 2118.0, "elevation": 2118.0, "ELEVATION": 2118.0, "is_master": false, "tipo": "Ordinaria (1m)" }, "geometry": { "type": "LineString", "coordinates": [ [ -97.671124628009593, 18.565563235993412, 2118.0 ], [ -97.671120682438541, 18.56555916333787, 2118.0 ], [ -97.671119877997313, 18.565557037318662, 2118.0 ], [ -97.671121284138138, 18.565555463729641, 2118.0 ], [ -97.671125834498014, 18.565560226347472, 2118.0 ], [ -97.671124628009593, 18.565563235993412, 2118.0 ] ] } },
{ "type": "Feature", "properties": { "FID": 371, "elev": 2134.0, "elevation": 2134.0, "ELEVATION": 2134.0, "is_master": false, "tipo": "Ordinaria (1m)" }, "geometry": { "type": "LineString", "coordinates": [ [ -97.671961710498977, 18.565558131902808, 2134.0 ], [ -97.671959288971223, 18.565557037318662, 2134.0 ], [ -97.671957689891627, 18.565549596251437, 2134.0 ], [ -97.671960595875163, 18.565548043076294, 2134.0 ], [ -97.67196616899426, 18.565551534389879, 2134.0 ], [ -97.671966592865289, 18.565553848289852, 2134.0 ], [ -97.671965883857936, 18.56555597430906, 2134.0 ], [ -97.671961710498977, 18.565558131902808, 2134.0 ] ] } },
{ "type": "Feature", "properties": { "FID": 372, "elev": 2132.0, "elevation": 2132.0, "ELEVATION": 2132.0, "is_master": false, "tipo": "Ordinaria (1m)" }, "geometry": { "type": "LineString", "coordinates": [ [ -97.671556041653162, 18.565542155184215, 2132.0 ], [ -97.671557466448292, 18.565538966155405, 2132.0 ], [ -97.671556114813811, 18.565534714116989, 2132.0 ], [ -97.671549299685296, 18.565533752707449, 2132.0 ], [ -97.671547540829366, 18.565535777126591, 2132.0 ], [ -97.671548185061482, 18.565540338073781, 2132.0 ], [ -97.671550414309124, 18.565542346065193, 2132.0 ], [ -97.671556041653162, 18.565542155184215, 2132.0 ] ] } },
{ "type": "Feature", "properties": { "FID": 373, "elev": 2135.0, "elevation": 2135.0, "ELEVATION": 2135.0, "is_master": true, "tipo": "Maestra (5m)" }, "geometry": { "type": "LineString", "coordinates": [ [ -97.672021231411009, 18.565541092174609, 2135.0 ], [ -97.672024129432941, 18.5655401020326, 2135.0 ], [ -97.672027859344851, 18.565532588097781, 2135.0 ], [ -97.672025244056755, 18.565529374490715, 2135.0 ], [ -97.672017441690016, 18.565528612441867, 2135.0 ], [ -97.672012917197264, 18.565533651107387, 2135.0 ], [ -97.672013047053383, 18.565535777126591, 2135.0 ], [ -97.67201733848411, 18.565541092174609, 2135.0 ], [ -97.672021231411009, 18.565541092174609, 2135.0 ] ] } },
{ "type": "Feature", "properties": { "FID": 374, "elev": 2132.0, "elevation": 2132.0, "ELEVATION": 2132.0, "is_master": false, "tipo": "Ordinaria (1m)" }, "geometry": { "type": "LineString", "coordinates": [ [ -97.671512366713458, 18.565540029165007, 2132.0 ], [ -97.671512517099217, 18.565538139370155, 2132.0 ], [ -97.671509506904954, 18.565538966155405, 2132.0 ], [ -97.671511402475389, 18.565540822781767, 2132.0 ], [ -97.671512366713458, 18.565540029165007, 2132.0 ] ] } },
{ "type": "Feature", "properties": { "FID": 375, "elev": 2135.0, "elevation": 2135.0, "ELEVATION": 2135.0, "is_master": true, "tipo": "Maestra (5m)" }, "geometry": { "type": "LineString", "coordinates": [ [ -97.672018053476023, 18.565526210040161, 2135.0 ], [ -97.672019297210852, 18.565523021011352, 2135.0 ], [ -97.672012983194733, 18.565510766541092, 2135.0 ], [ -97.672010895808299, 18.565512390915316, 2135.0 ], [ -97.672012774499208, 18.565521958001746, 2135.0 ], [ -97.672015212442375, 18.565526210037039, 2135.0 ], [ -97.672018053476023, 18.565526210040161, 2135.0 ] ] } },
{ "type": "Feature", "properties": { "FID": 376, "elev": 2133.0, "elevation": 2133.0, "ELEVATION": 2133.0, "is_master": false, "tipo": "Ordinaria (1m)" }, "geometry": { "type": "LineString", "coordinates": [ [ -97.671734327239548, 18.56552514705124, 2133.0 ], [ -97.671734327239548, 18.565525147009875, 2133.0 ], [ -97.671734327250391, 18.565525147030559, 2133.0 ], [ -97.671734327239548, 18.56552514705124, 2133.0 ] ] } },
{ "type": "Feature", "properties": { "FID": 377, "elev": 2121.0, "elevation": 2121.0, "ELEVATION": 2121.0, "is_master": false, "tipo": "Ordinaria (1m)" }, "geometry": { "type": "LineString", "coordinates": [ [ -97.671076109090336, 18.565525147030559, 2121.0 ], [ -97.671087748499701, 18.565519831982542, 2121.0 ], [ -97.67108115768059, 18.565518660703439, 2121.0 ], [ -97.671073355313837, 18.565520878118974, 2121.0 ], [ -97.671072240690023, 18.565524531603945, 2121.0 ], [ -97.671076109090336, 18.565525147030559, 2121.0 ] ] } },
{ "type": "Feature", "properties": { "FID": 378, "elev": 2136.0, "elevation": 2136.0, "ELEVATION": 2136.0, "is_master": false, "tipo": "Ordinaria (1m)" }, "geometry": { "type": "LineString", "coordinates": [ [ -97.670512699531997, 18.565223252298161, 2136.0 ], [ -97.670527152487537, 18.56520730715912, 2136.0 ], [ -97.670553774605565, 18.56516691279419, 2136.0 ], [ -97.670596296318564, 18.565129963367788, 2136.0 ], [ -97.670611901052055, 18.565103032170018, 2136.0 ], [ -97.670632683392967, 18.565083998045118, 2136.0 ], [ -97.670636162697207, 18.565069115910671, 2136.0 ], [ -97.67064339816389, 18.565055296785825, 2136.0 ] ] } },
{ "type": "Feature", "properties": { "FID": 379, "elev": 2121.0, "elevation": 2121.0, "ELEVATION": 2121.0, "is_master": false, "tipo": "Ordinaria (1m)" }, "geometry": { "type": "LineString", "coordinates": [ [ -97.671110187576758, 18.565515579944126, 2121.0 ], [ -97.671109362509441, 18.565515579944126, 2121.0 ], [ -97.67111013789993, 18.565515634457441, 2121.0 ], [ -97.671110187576758, 18.565515579944126, 2121.0 ] ] } },
{ "type": "Feature", "properties": { "FID": 380, "elev": 2121.0, "elevation": 2121.0, "ELEVATION": 2121.0, "is_master": false, "tipo": "Ordinaria (1m)" }, "geometry": { "type": "LineString", "coordinates": [ [ -97.67110891338362, 18.565515579944126, 2121.0 ], [ -97.671110276608673, 18.565512390915316, 2121.0 ], [ -97.671108629879456, 18.565502823828886, 2121.0 ], [ -97.671104564780819, 18.565500221169888, 2121.0 ], [ -97.671100074368994, 18.565503886838489, 2121.0 ], [ -97.671099229615123, 18.565512390915316, 2121.0 ], [ -97.671104564780819, 18.565515793122206, 2121.0 ], [ -97.67110891338362, 18.565515579944126, 2121.0 ] ] } },
{ "type": "Feature", "properties": { "FID": 381, "elev": 2135.0, "elevation": 2135.0, "ELEVATION": 2135.0, "is_master": true, "tipo": "Maestra (5m)" }, "geometry": { "type": "LineString", "coordinates": [ [ -97.671941647270202, 18.565512634087447, 2135.0 ], [ -97.671933844903464, 18.565513227216712, 2135.0 ], [ -97.671931410330373, 18.565511327905714, 2135.0 ], [ -97.671932692063962, 18.565501760819281, 2135.0 ], [ -97.671934959527277, 18.565500205675601, 2135.0 ], [ -97.671940532646389, 18.565499519255553, 2135.0 ], [ -97.671943876517844, 18.565503301228407, 2135.0 ], [ -97.671944785178567, 18.565509201886506, 2135.0 ], [ -97.671941647270202, 18.565512634087447, 2135.0 ] ] } },
{ "type": "Feature", "properties": { "FID": 382, "elev": 2126.0, "elevation": 2126.0, "ELEVATION": 2126.0, "is_master": false, "tipo": "Ordinaria (1m)" }, "geometry": { "type": "LineString", "coordinates": [ [ -97.671273658280896, 18.565509201886506, 2126.0 ], [ -97.671289748226513, 18.565507075867298, 2126.0 ], [ -97.671293218900971, 18.565501760819281, 2126.0 ], [ -97.671290838459456, 18.565494319752059, 2126.0 ], [ -97.67128401921596, 18.565490654313454, 2126.0 ], [ -97.671274230934941, 18.565495382761661, 2126.0 ], [ -97.671265309947415, 18.565504949848091, 2126.0 ], [ -97.671267299858656, 18.565509026623275, 2126.0 ], [ -97.671273658280896, 18.565509201886506, 2126.0 ] ] } },
{ "type": "Feature", "properties": { "FID": 383, "elev": 2131.0, "elevation": 2131.0, "ELEVATION": 2131.0, "is_master": false, "tipo": "Ordinaria (1m)" }, "geometry": { "type": "LineString", "coordinates": [ [ -97.670798140885978, 18.565506012857696, 2131.0 ], [ -97.670797177324005, 18.565501760819281, 2131.0 ], [ -97.670793584734838, 18.565501988607053, 2131.0 ], [ -97.670793584734838, 18.56550496144456, 2131.0 ], [ -97.670795813982465, 18.565506795619314, 2131.0 ], [ -97.670798140885978, 18.565506012857696, 2131.0 ] ] } },
{ "type": "Feature", "properties": { "FID": 384, "elev": 2135.0, "elevation": 2135.0, "ELEVATION": 2135.0, "is_master": true, "tipo": "Maestra (5m)" }, "geometry": { "type": "LineString", "coordinates": [ [ -97.671963939746618, 18.565503704381616, 2135.0 ], [ -97.671957252003693, 18.565502442865906, 2135.0 ], [ -97.671955701779765, 18.565500697809679, 2135.0 ], [ -97.671956846685944, 18.565498571790471, 2135.0 ], [ -97.671961710498977, 18.565496681615837, 2135.0 ], [ -97.671965054370446, 18.565498520969296, 2135.0 ], [ -97.671965645458826, 18.565501760819281, 2135.0 ], [ -97.671963939746618, 18.565503704381616, 2135.0 ] ] } },
{ "type": "Feature", "properties": { "FID": 385, "elev": 2135.0, "elevation": 2135.0, "ELEVATION": 2135.0, "is_master": true, "tipo": "Maestra (5m)" }, "geometry": { "type": "LineString", "coordinates": [ [ -97.67191043780322, 18.565501142790442, 2135.0 ], [ -97.671906856388986, 18.565500697809679, 2135.0 ], [ -97.671905858808074, 18.565497508780869, 2135.0 ], [ -97.671916010922331, 18.565493636090981, 2135.0 ], [ -97.671919096041833, 18.565495382761661, 2135.0 ], [ -97.671918240169973, 18.56549752942183, 2135.0 ], [ -97.67191043780322, 18.565501142790442, 2135.0 ] ] } },
{ "type": "Feature", "properties": { "FID": 386, "elev": 2136.0, "elevation": 2136.0, "ELEVATION": 2136.0, "is_master": false, "tipo": "Ordinaria (1m)" }, "geometry": { "type": "LineString", "coordinates": [ [ -97.671999736982272, 18.565493256742453, 2136.0 ], [ -97.671997378461242, 18.565490209753719, 2136.0 ], [ -97.67199527036837, 18.565492193732851, 2136.0 ], [ -97.671996263837428, 18.565494303398065, 2136.0 ], [ -97.671999736982272, 18.565493256742453, 2136.0 ] ] } },
{ "type": "Feature", "properties": { "FID": 387, "elev": 2136.0, "elevation": 2136.0, "ELEVATION": 2136.0, "is_master": false, "tipo": "Ordinaria (1m)" }, "geometry": { "type": "LineString", "coordinates": [ [ -97.671978899171577, 18.565493256742453, 2136.0 ], [ -97.671978429856296, 18.565492026986245, 2136.0 ], [ -97.671977966636007, 18.565493256742453, 2136.0 ], [ -97.671978899171577, 18.565493256742453, 2136.0 ] ] } },
{ "type": "Feature", "properties": { "FID": 388, "elev": 2136.0, "elevation": 2136.0, "ELEVATION": 2136.0, "is_master": false, "tipo": "Ordinaria (1m)" }, "geometry": { "type": "LineString", "coordinates": [ [ -97.671975598109285, 18.565490067713643, 2136.0 ], [ -97.671980659103937, 18.565483925880379, 2136.0 ], [ -97.671996263837428, 18.565487218847906, 2136.0 ], [ -97.672012983194733, 18.565479189582035, 2136.0 ], [ -97.672019670937658, 18.565478250762226, 2136.0 ], [ -97.672025357491933, 18.56547093354078, 2136.0 ], [ -97.672023014809113, 18.565459929954887, 2136.0 ], [ -97.672019670937658, 18.565458617988455, 2136.0 ], [ -97.67200852469945, 18.565464436864062, 2136.0 ], [ -97.672000722332712, 18.565472048152792, 2136.0 ], [ -97.671991805342145, 18.565474436538672, 2136.0 ], [ -97.671986232223034, 18.565473809919709, 2136.0 ], [ -97.67198618727852, 18.565468807521576, 2136.0 ], [ -97.671978429856296, 18.565465314775736, 2136.0 ], [ -97.671976990133857, 18.56546774451197, 2136.0 ], [ -97.671981738342865, 18.565473059559988, 2136.0 ], [ -97.67197752754177, 18.565476248588798, 2136.0 ], [ -97.671977254982536, 18.565480500627213, 2136.0 ], [ -97.671967220126845, 18.565484752665625, 2136.0 ], [ -97.671967283618088, 18.565488010199498, 2136.0 ], [ -97.671975598109285, 18.565490067713643, 2136.0 ] ] } },
{ "type": "Feature", "properties": { "FID": 389, "elev": 2133.0, "elevation": 2133.0, "ELEVATION": 2133.0, "is_master": false, "tipo": "Ordinaria (1m)" }, "geometry": { "type": "LineString", "coordinates": [ [ -97.671699773901096, 18.565486951716029, 2133.0 ], [ -97.671698577147112, 18.565482626646418, 2133.0 ], [ -97.671702003148738, 18.565480217157983, 2133.0 ], [ -97.671704349725204, 18.565484752665625, 2133.0 ], [ -97.671699773901096, 18.565486951716029, 2133.0 ] ] } },
{ "type": "Feature", "properties": { "FID": 390, "elev": 2135.0, "elevation": 2135.0, "ELEVATION": 2135.0, "is_master": true, "tipo": "Maestra (5m)" }, "geometry": { "type": "LineString", "coordinates": [ [ -97.671936074151105, 18.565477463456915, 2135.0 ], [ -97.671928271784353, 18.565477337110632, 2135.0 ], [ -97.671928567226814, 18.565475185579196, 2135.0 ], [ -97.671937188774919, 18.565472349254033, 2135.0 ], [ -97.671939305233252, 18.565475185579196, 2135.0 ], [ -97.671936074151105, 18.565477463456915, 2135.0 ] ] } },
{ "type": "Feature", "properties": { "FID": 391, "elev": 2133.0, "elevation": 2133.0, "ELEVATION": 2133.0, "is_master": false, "tipo": "Ordinaria (1m)" }, "geometry": { "type": "LineString", "coordinates": [ [ -97.671643445590163, 18.565475185579196, 2133.0 ], [ -97.67164242842729, 18.565475185579196, 2133.0 ], [ -97.671642928086243, 18.565475786410708, 2133.0 ], [ -97.671643445590163, 18.565475185579196, 2133.0 ] ] } },
{ "type": "Feature", "properties": { "FID": 392, "elev": 2135.0, "elevation": 2135.0, "ELEVATION": 2135.0, "is_master": true, "tipo": "Maestra (5m)" }, "geometry": { "type": "LineString", "coordinates": [ [ -97.671855821236008, 18.56546745460026, 2135.0 ], [ -97.671853839682555, 18.565466681502368, 2135.0 ], [ -97.671855821236008, 18.565464119823488, 2135.0 ], [ -97.671856935860774, 18.56546455548316, 2135.0 ], [ -97.671855821236008, 18.56546745460026, 2135.0 ] ] } },
{ "type": "Feature", "properties": { "FID": 393, "elev": 2136.0, "elevation": 2136.0, "ELEVATION": 2136.0, "is_master": false, "tipo": "Ordinaria (1m)" }, "geometry": { "type": "LineString", "coordinates": [ [ -97.671979579312108, 18.565463492473558, 2136.0 ], [ -97.671981632798307, 18.565460303444745, 2136.0 ], [ -97.671980309944658, 18.565453925387125, 2136.0 ], [ -97.671972856737185, 18.565444559410619, 2136.0 ], [ -97.671968842415311, 18.565442232281487, 2136.0 ], [ -97.671958366627521, 18.565442526977218, 2136.0 ], [ -97.67195279350841, 18.565445401533374, 2136.0 ], [ -97.671950453260891, 18.565448610339107, 2136.0 ], [ -97.67195279350841, 18.565452491005576, 2136.0 ], [ -97.671971742113371, 18.565463188756528, 2136.0 ], [ -97.671979579312108, 18.565463492473558, 2136.0 ] ] } },
{ "type": "Feature", "properties": { "FID": 394, "elev": 2135.0, "elevation": 2135.0, "ELEVATION": 2135.0, "is_master": true, "tipo": "Maestra (5m)" }, "geometry": { "type": "LineString", "coordinates": [ [ -97.671826841016667, 18.565463492476738, 2135.0 ], [ -97.671824864252869, 18.565460303444745, 2135.0 ], [ -97.671826841016667, 18.5654561984183, 2135.0 ], [ -97.671830184888137, 18.565455271215797, 2135.0 ], [ -97.671835335218887, 18.565457114415935, 2135.0 ], [ -97.671829070264309, 18.565462636880461, 2135.0 ], [ -97.671826841016667, 18.565463492476738, 2135.0 ] ] } },
{ "type": "Feature", "properties": { "FID": 395, "elev": 2136.0, "elevation": 2136.0, "ELEVATION": 2136.0, "is_master": false, "tipo": "Ordinaria (1m)" }, "geometry": { "type": "LineString", "coordinates": [ [ -97.672005401545576, 18.565456051406333, 2136.0 ], [ -97.672005684206482, 18.565449673348713, 2136.0 ], [ -97.672000722332712, 18.565447157234239, 2136.0 ], [ -97.67200045094603, 18.565454988396731, 2136.0 ], [ -97.672005401545576, 18.565456051406333, 2136.0 ] ] } },
{ "type": "Feature", "properties": { "FID": 396, "elev": 2121.0, "elevation": 2121.0, "ELEVATION": 2121.0, "is_master": false, "tipo": "Ordinaria (1m)" }, "geometry": { "type": "LineString", "coordinates": [ [ -97.671193734686483, 18.565456358634542, 2121.0 ], [ -97.671189191536229, 18.565454988396731, 2121.0 ], [ -97.671185623925794, 18.565447547329505, 2121.0 ], [ -97.671187979122564, 18.56544010626228, 2121.0 ], [ -97.671194849310297, 18.565435971205783, 2121.0 ], [ -97.671198267490013, 18.565437980243072, 2121.0 ], [ -97.671199530730348, 18.565445421310297, 2121.0 ], [ -97.671193734686483, 18.565456358634542, 2121.0 ] ] } },
{ "type": "Feature", "properties": { "FID": 397, "elev": 2136.0, "elevation": 2136.0, "ELEVATION": 2136.0, "is_master": false, "tipo": "Ordinaria (1m)" }, "geometry": { "type": "LineString", "coordinates": [ [ -97.671813354068433, 18.565449673348713, 2136.0 ], [ -97.671820193512872, 18.565446484319903, 2136.0 ], [ -97.671820153273742, 18.565443168992921, 2136.0 ], [ -97.67181601987707, 18.56544010626228, 2136.0 ], [ -97.671804548540251, 18.565439355531463, 2136.0 ], [ -97.671799655262632, 18.565442232281487, 2136.0 ], [ -97.671800090044968, 18.565447631251317, 2136.0 ], [ -97.671813354068433, 18.565449673348713, 2136.0 ] ] } },
{ "type": "Feature", "properties": { "FID": 398, "elev": 2133.0, "elevation": 2133.0, "ELEVATION": 2133.0, "is_master": false, "tipo": "Ordinaria (1m)" }, "geometry": { "type": "LineString", "coordinates": [ [ -97.67163447661504, 18.565449673348713, 2133.0 ], [ -97.671634111286579, 18.565443295291089, 2133.0 ], [ -97.671631781848035, 18.565443545410997, 2133.0 ], [ -97.671628119512619, 18.565447547329505, 2133.0 ], [ -97.671629552600393, 18.565449712104272, 2133.0 ], [ -97.67163447661504, 18.565449673348713, 2133.0 ] ] } },
{ "type": "Feature", "properties": { "FID": 399, "elev": 2133.0, "elevation": 2133.0, "ELEVATION": 2133.0, "is_master": false, "tipo": "Ordinaria (1m)" }, "geometry": { "type": "LineString", "coordinates": [ [ -97.671649615829168, 18.565446653051584, 2133.0 ], [ -97.671647452147639, 18.565446484319903, 2133.0 ], [ -97.671646507267184, 18.565444358300695, 2133.0 ], [ -97.671649615829168, 18.565442014556631, 2133.0 ], [ -97.671652001210887, 18.565444358300695, 2133.0 ], [ -97.671649615829168, 18.565446653051584, 2133.0 ] ] } },
{ "type": "Feature", "properties": { "FID": 400, "elev": 2139.0, "elevation": 2139.0, "ELEVATION": 2139.0, "is_master": false, "tipo": "Ordinaria (1m)" }, "geometry": { "type": "LineString", "coordinates": [ [ -97.672426684625464, 18.565444358300695, 2139.0 ], [ -97.672449915732471, 18.565438053051949, 2139.0 ], [ -97.672467749713604, 18.565428446902978, 2139.0 ], [ -97.672485622804345, 18.565412468012589, 2139.0 ], [ -97.672497973788509, 18.565394396849332, 2139.0 ], [ -97.67250694731797, 18.565369947628451, 2139.0 ], [ -97.672508834050987, 18.565350813455588, 2139.0 ], [ -97.672506911833679, 18.565327427244313, 2139.0 ], [ -97.672498907337612, 18.565306167052242, 2139.0 ], [ -97.672483354439862, 18.565285969869777, 2139.0 ], [ -97.672462176594493, 18.565269960300903, 2139.0 ], [ -97.67243431099898, 18.565258275672214, 2139.0 ], [ -97.672386382174679, 18.565245809992259, 2139.0 ], [ -97.672368548193546, 18.565236126530593, 2139.0 ], [ -97.672350640720737, 18.565215811235948, 2139.0 ], [ -97.672334010123933, 18.565181794928638, 2139.0 ], [ -97.672321733993087, 18.565170005883505, 2139.0 ], [ -97.672308358507237, 18.565165577294799, 2139.0 ], [ -97.672292753773746, 18.565165657094024, 2139.0 ], [ -97.67227046129733, 18.56517333667119, 2139.0 ], [ -97.672255744317326, 18.56518285793824, 2139.0 ], [ -97.672241339216768, 18.565198803082293, 2139.0 ], [ -97.672234622626917, 18.56521368521674, 2139.0 ], [ -97.672233415254709, 18.565230693370395, 2139.0 ], [ -97.672236813590743, 18.565242386476037, 2139.0 ], [ -97.672244773106485, 18.565258331620086, 2139.0 ], [ -97.672271634585556, 18.565302978023432, 2139.0 ], [ -97.672296958945424, 18.56533912034995, 2139.0 ], [ -97.672303010817672, 18.565355065494003, 2139.0 ], [ -97.672308222577499, 18.565379514714884, 2139.0 ], [ -97.672314986000217, 18.565394396849332, 2139.0 ], [ -97.672328421736012, 18.565412609747206, 2139.0 ], [ -97.672340682598033, 18.565424297790891, 2139.0 ], [ -97.672351828836241, 18.565430788657697, 2139.0 ], [ -97.67240198690817, 18.565443603563875, 2139.0 ], [ -97.672426684625464, 18.565444358300695, 2139.0 ] ] } },
{ "type": "Feature", "properties": { "FID": 401, "elev": 2134.0, "elevation": 2134.0, "ELEVATION": 2134.0, "is_master": false, "tipo": "Ordinaria (1m)" }, "geometry": { "type": "LineString", "coordinates": [ [ -97.671703607531512, 18.56543691723347, 2134.0 ], [ -97.671705871549065, 18.565434791214262, 2134.0 ], [ -97.67170423239638, 18.565433283961841, 2134.0 ], [ -97.671698720185688, 18.565434791214262, 2134.0 ], [ -97.671699607228376, 18.56543691723347, 2134.0 ], [ -97.671703607531512, 18.56543691723347, 2134.0 ] ] } },
{ "type": "Feature", "properties": { "FID": 402, "elev": 2135.0, "elevation": 2135.0, "ELEVATION": 2135.0, "is_master": true, "tipo": "Maestra (5m)" }, "geometry": { "type": "LineString", "coordinates": [ [ -97.67196616899426, 18.565430539176688, 2135.0 ], [ -97.671964730769972, 18.565429476166244, 2135.0 ], [ -97.67196616899426, 18.565428913396456, 2135.0 ], [ -97.67196616899426, 18.565430539176688, 2135.0 ] ] } },
{ "type": "Feature", "properties": { "FID": 403, "elev": 2120.0, "elevation": 2120.0, "ELEVATION": 2120.0, "is_master": true, "tipo": "Maestra (5m)" }, "geometry": { "type": "LineString", "coordinates": [ [ -97.671168098338597, 18.565430921681397, 2120.0 ], [ -97.671161410595673, 18.565431446514591, 2120.0 ], [ -97.671154722852748, 18.56542919380432, 2120.0 ], [ -97.671148035109823, 18.565417555069271, 2120.0 ], [ -97.671145805862182, 18.565415688655069, 2120.0 ], [ -97.671140232743085, 18.565415413435034, 2120.0 ], [ -97.671137936950743, 18.565411405002987, 2120.0 ], [ -97.671132376004451, 18.565407152964571, 2120.0 ], [ -97.671132430376346, 18.565405026943161, 2120.0 ], [ -97.671138003495443, 18.565404875086852, 2120.0 ], [ -97.67114309891862, 18.565399711897349, 2120.0 ], [ -97.671161603948789, 18.565394396849332, 2120.0 ], [ -97.671163855773173, 18.565388018791712, 2120.0 ], [ -97.671162942045584, 18.565354002484401, 2120.0 ], [ -97.67116411604411, 18.565348687436384, 2120.0 ], [ -97.671160443127249, 18.565341246369158, 2120.0 ], [ -97.671167045159223, 18.565331679282728, 2120.0 ], [ -97.671166985368529, 18.565328490253915, 2120.0 ], [ -97.671163639843314, 18.565325128038147, 2120.0 ], [ -97.671148035109823, 18.565324855699021, 2120.0 ], [ -97.671145805862182, 18.565324181521657, 2120.0 ], [ -97.671142371169523, 18.565318923167485, 2120.0 ], [ -97.671144540852609, 18.56531467112907, 2120.0 ], [ -97.671152493605106, 18.565312603984243, 2120.0 ], [ -97.671156661328965, 18.565309356081055, 2120.0 ], [ -97.671149648660503, 18.56530191501383, 2120.0 ], [ -97.671159306939458, 18.565288095888985, 2120.0 ], [ -97.671156531273041, 18.565280654821759, 2120.0 ], [ -97.671158373410648, 18.565273213754537, 2120.0 ], [ -97.671157954639142, 18.565270024725727, 2120.0 ], [ -97.671149862574467, 18.565258331620086, 2120.0 ], [ -97.671138998142396, 18.565249827543258, 2120.0 ], [ -97.671137766075574, 18.565239197447227, 2120.0 ], [ -97.671138901496263, 18.565229630360793, 2120.0 ], [ -97.671137402869135, 18.565224315312776, 2120.0 ], [ -97.67113003932846, 18.565215811235948, 2120.0 ], [ -97.671129856678974, 18.56520730715912, 2120.0 ], [ -97.671127971881063, 18.565205675764791, 2120.0 ], [ -97.671121284138138, 18.565208220397611, 2120.0 ], [ -97.671118478462347, 18.565206244149518, 2120.0 ], [ -97.671119054890497, 18.565204263748065, 2120.0 ], [ -97.671127971881063, 18.56520296744981, 2120.0 ], [ -97.671134659623988, 18.565199424166554, 2120.0 ], [ -97.671154901457172, 18.56521368521674, 2120.0 ], [ -97.671160185299996, 18.565226441331983, 2120.0 ], [ -97.671171942228227, 18.565240260456829, 2120.0 ], [ -97.671167756675288, 18.565248764533656, 2120.0 ], [ -97.671168075248474, 18.565257268610484, 2120.0 ], [ -97.671174246368935, 18.565266835696914, 2120.0 ], [ -97.671174695193741, 18.565273213754537, 2120.0 ], [ -97.671180999142379, 18.565279591812157, 2120.0 ], [ -97.671180813660982, 18.565283843850569, 2120.0 ], [ -97.671186685694281, 18.565289158898587, 2120.0 ], [ -97.671187459767197, 18.565297662975414, 2120.0 ], [ -97.671191505438841, 18.565300936322267, 2120.0 ], [ -97.67119930780558, 18.565302075246894, 2120.0 ], [ -97.671202651677049, 18.56530830809632, 2120.0 ], [ -97.671209339419974, 18.565311416915709, 2120.0 ], [ -97.671209982472178, 18.565313608119467, 2120.0 ], [ -97.671208224796146, 18.565315344867553, 2120.0 ], [ -97.671202651677049, 18.565315676522978, 2120.0 ], [ -97.671200183106592, 18.565318923167485, 2120.0 ], [ -97.671201563750799, 18.565326364234711, 2120.0 ], [ -97.67120849642717, 18.56533593132114, 2120.0 ], [ -97.671206879162213, 18.565340183359556, 2120.0 ], [ -97.671208963967743, 18.56534549840757, 2120.0 ], [ -97.671208257306006, 18.565349750445986, 2120.0 ], [ -97.671203757888605, 18.565355065494003, 2120.0 ], [ -97.671200422429408, 18.565364920259601, 2120.0 ], [ -97.671194968886809, 18.565371010638057, 2120.0 ], [ -97.67119382563979, 18.565381640734088, 2120.0 ], [ -97.67118854217064, 18.565388018791712, 2120.0 ], [ -97.671186764930297, 18.565405026945367, 2120.0 ], [ -97.671180190666448, 18.565410341993385, 2120.0 ], [ -97.671178189375581, 18.565425224127832, 2120.0 ], [ -97.671173671457709, 18.565429500634497, 2120.0 ], [ -97.671168098338597, 18.565430921681397, 2120.0 ] ] } },
{ "type": "Feature", "properties": { "FID": 404, "elev": 2136.0, "elevation": 2136.0, "ELEVATION": 2136.0, "is_master": false, "tipo": "Ordinaria (1m)" }, "geometry": { "type": "LineString", "coordinates": [ [ -97.671905448534687, 18.565426287137434, 2136.0 ], [ -97.671904619466886, 18.565426287137434, 2136.0 ], [ -97.671904864684123, 18.565426902564049, 2136.0 ], [ -97.671905448534687, 18.565426287137434, 2136.0 ] ] } },
{ "type": "Feature", "properties": { "FID": 405, "elev": 2136.0, "elevation": 2136.0, "ELEVATION": 2136.0, "is_master": false, "tipo": "Ordinaria (1m)" }, "geometry": { "type": "LineString", "coordinates": [ [ -97.672011547044804, 18.56542416111823, 2136.0 ], [ -97.672009639323278, 18.565421180522673, 2136.0 ], [ -97.672007625400681, 18.565423098108624, 2136.0 ], [ -97.67200852469945, 18.565425224122819, 2136.0 ], [ -97.672011547044804, 18.56542416111823, 2136.0 ] ] } },
{ "type": "Feature", "properties": { "FID": 406, "elev": 2119.0, "elevation": 2119.0, "ELEVATION": 2119.0, "is_master": false, "tipo": "Ordinaria (1m)" }, "geometry": { "type": "LineString", "coordinates": [ [ -97.671169212962425, 18.565423291951554, 2119.0 ], [ -97.671162525219501, 18.565422577233921, 2119.0 ], [ -97.671160882397075, 18.565418846070212, 2119.0 ], [ -97.671162632394868, 18.565408215974177, 2119.0 ], [ -97.671167039445976, 18.565403963935761, 2119.0 ], [ -97.671172785184808, 18.565391207820522, 2119.0 ], [ -97.671172696161861, 18.565364632580433, 2119.0 ], [ -97.671177143939616, 18.565361443551623, 2119.0 ], [ -97.671176398728761, 18.565356128503606, 2119.0 ], [ -97.671178129952992, 18.565350669805643, 2119.0 ], [ -97.671181473824447, 18.565353549398338, 2119.0 ], [ -97.6711892761912, 18.565350976995528, 2119.0 ], [ -97.671190795350299, 18.565356128503606, 2119.0 ], [ -97.67118854822489, 18.565372073647659, 2119.0 ], [ -97.67119039081517, 18.565383766753296, 2119.0 ], [ -97.671183516940744, 18.565386955782106, 2119.0 ], [ -97.671181424752959, 18.565401837916557, 2119.0 ], [ -97.671173465219496, 18.565412468012589, 2119.0 ], [ -97.671172675727092, 18.565422035099022, 2119.0 ], [ -97.671169212962425, 18.565423291951554, 2119.0 ] ] } },
{ "type": "Feature", "properties": { "FID": 407, "elev": 2124.0, "elevation": 2124.0, "ELEVATION": 2124.0, "is_master": false, "tipo": "Ordinaria (1m)" }, "geometry": { "type": "LineString", "coordinates": [ [ -97.670947402822094, 18.565422072818716, 2124.0 ], [ -97.670946199911242, 18.565419909079814, 2124.0 ], [ -97.670949632069735, 18.565419453504269, 2124.0 ], [ -97.670949632069735, 18.565421731381992, 2124.0 ], [ -97.670947402822094, 18.565422072818716, 2124.0 ] ] } },
{ "type": "Feature", "properties": { "FID": 408, "elev": 2124.0, "elevation": 2124.0, "ELEVATION": 2124.0, "is_master": false, "tipo": "Ordinaria (1m)" }, "geometry": { "type": "LineString", "coordinates": [ [ -97.67091396410747, 18.565422558550718, 2124.0 ], [ -97.670909026519496, 18.565420972089417, 2124.0 ], [ -97.670911734859828, 18.565415129462039, 2124.0 ], [ -97.670917021361376, 18.565416720051005, 2124.0 ], [ -97.670917391408864, 18.565419909079814, 2124.0 ], [ -97.67091396410747, 18.565422558550718, 2124.0 ] ] } },
{ "type": "Feature", "properties": { "FID": 409, "elev": 2134.0, "elevation": 2134.0, "ELEVATION": 2134.0, "is_master": false, "tipo": "Ordinaria (1m)" }, "geometry": { "type": "LineString", "coordinates": [ [ -97.671732097991907, 18.565417364827322, 2134.0 ], [ -97.671728117192544, 18.565414594031797, 2134.0 ], [ -97.671728754120437, 18.565412025091923, 2134.0 ], [ -97.671733992852396, 18.565414594031797, 2134.0 ], [ -97.671732097991907, 18.565417364827322, 2134.0 ] ] } },
{ "type": "Feature", "properties": { "FID": 410, "elev": 2124.0, "elevation": 2124.0, "ELEVATION": 2124.0, "is_master": false, "tipo": "Ordinaria (1m)" }, "geometry": { "type": "LineString", "coordinates": [ [ -97.670935141960072, 18.565415700812384, 2124.0 ], [ -97.67092733959332, 18.565415853521849, 2124.0 ], [ -97.670921766474223, 18.565411613631039, 2124.0 ], [ -97.670921739453036, 18.565409278983779, 2124.0 ], [ -97.67092733959332, 18.565408105778364, 2124.0 ], [ -97.670931798088603, 18.565410567672011, 2124.0 ], [ -97.670936256583886, 18.565409779223593, 2124.0 ], [ -97.670937232790365, 18.565412468012589, 2124.0 ], [ -97.670935141960072, 18.565415700812384, 2124.0 ] ] } },
{ "type": "Feature", "properties": { "FID": 411, "elev": 2121.0, "elevation": 2121.0, "ELEVATION": 2121.0, "is_master": false, "tipo": "Ordinaria (1m)" }, "geometry": { "type": "LineString", "coordinates": [ [ -97.671214912539071, 18.5654046926117, 2121.0 ], [ -97.671213226553462, 18.565401837916557, 2121.0 ], [ -97.671216027162899, 18.565398741901085, 2121.0 ], [ -97.671217629434636, 18.565400774906951, 2121.0 ], [ -97.671214912539071, 18.5654046926117, 2121.0 ] ] } },
{ "type": "Feature", "properties": { "FID": 412, "elev": 2128.0, "elevation": 2128.0, "ELEVATION": 2128.0, "is_master": false, "tipo": "Ordinaria (1m)" }, "geometry": { "type": "LineString", "coordinates": [ [ -97.670852659797333, 18.565394587645926, 2128.0 ], [ -97.670852659797333, 18.565392699763823, 2128.0 ], [ -97.670853584119527, 18.565393333839729, 2128.0 ], [ -97.670852659797333, 18.565394587645926, 2128.0 ] ] } },
{ "type": "Feature", "properties": { "FID": 413, "elev": 2121.0, "elevation": 2121.0, "ELEVATION": 2121.0, "is_master": false, "tipo": "Ordinaria (1m)" }, "geometry": { "type": "LineString", "coordinates": [ [ -97.67114529999445, 18.565381640734088, 2121.0 ], [ -97.671148192518544, 18.565379514714884, 2121.0 ], [ -97.671151430824267, 18.565371010638057, 2121.0 ], [ -97.671151941314037, 18.565365695590039, 2121.0 ], [ -97.671149149733651, 18.565363161058876, 2121.0 ], [ -97.67114651516826, 18.565363569570831, 2121.0 ], [ -97.671142461990726, 18.565369076152109, 2121.0 ], [ -97.671128993619561, 18.565375262676469, 2121.0 ], [ -97.671131315752518, 18.565380158509431, 2121.0 ], [ -97.67114529999445, 18.565381640734088, 2121.0 ] ] } },
{ "type": "Feature", "properties": { "FID": 414, "elev": 2140.0, "elevation": 2140.0, "ELEVATION": 2140.0, "is_master": true, "tipo": "Maestra (5m)" }, "geometry": { "type": "LineString", "coordinates": [ [ -97.672424512291059, 18.565379514714884, 2140.0 ], [ -97.672436540246622, 18.565372782320729, 2140.0 ], [ -97.672443394662267, 18.565363569570831, 2140.0 ], [ -97.672447430422594, 18.565348687436384, 2140.0 ], [ -97.67244667801566, 18.565333805301933, 2140.0 ], [ -97.672441974037739, 18.565323175205897, 2140.0 ], [ -97.672430967127511, 18.565311570684393, 2140.0 ], [ -97.672419820889303, 18.565306952150838, 2140.0 ], [ -97.67240533077964, 18.565306985856939, 2140.0 ], [ -97.672393951248068, 18.565312545109865, 2140.0 ], [ -97.672383932105348, 18.565326364234711, 2140.0 ], [ -97.672381675985221, 18.565334868311538, 2140.0 ], [ -97.672382788294144, 18.565356128503606, 2140.0 ], [ -97.672388569754148, 18.565369947628451, 2140.0 ], [ -97.672397528412887, 18.565377568589607, 2140.0 ], [ -97.672409789274923, 18.565380460542325, 2140.0 ], [ -97.672424512291059, 18.565379514714884, 2140.0 ] ] } },
{ "type": "Feature", "properties": { "FID": 415, "elev": 2122.0, "elevation": 2122.0, "ELEVATION": 2122.0, "is_master": false, "tipo": "Ordinaria (1m)" }, "geometry": { "type": "LineString", "coordinates": [ [ -97.671216708321893, 18.565379514714884, 2122.0 ], [ -97.671215093001976, 18.565379514714884, 2122.0 ], [ -97.671216027162899, 18.565380182892348, 2122.0 ], [ -97.671216708321893, 18.565379514714884, 2122.0 ] ] } },
{ "type": "Feature", "properties": { "FID": 416, "elev": 2135.0, "elevation": 2135.0, "ELEVATION": 2135.0, "is_master": true, "tipo": "Maestra (5m)" }, "geometry": { "type": "LineString", "coordinates": [ [ -97.671749586055299, 18.565373136657261, 2135.0 ], [ -97.67175248186588, 18.565365695590039, 2135.0 ], [ -97.671748817349211, 18.565364587822135, 2135.0 ], [ -97.671745907490575, 18.565371010638057, 2135.0 ], [ -97.671748817349211, 18.565373954356957, 2135.0 ], [ -97.671749586055299, 18.565373136657261, 2135.0 ] ] } },
{ "type": "Feature", "properties": { "FID": 417, "elev": 2135.0, "elevation": 2135.0, "ELEVATION": 2135.0, "is_master": true, "tipo": "Maestra (5m)" }, "geometry": { "type": "LineString", "coordinates": [ [ -97.671688191505751, 18.56534549840757, 2135.0 ], [ -97.671691909610814, 18.565341246369158, 2135.0 ], [ -97.671688627662888, 18.565336743620932, 2135.0 ], [ -97.671685283791433, 18.565337233507904, 2135.0 ], [ -97.671683963067352, 18.565341246369158, 2135.0 ], [ -97.671684437392599, 18.565344435397968, 2135.0 ], [ -97.671688191505751, 18.56534549840757, 2135.0 ] ] } },
{ "type": "Feature", "properties": { "FID": 418, "elev": 2135.0, "elevation": 2135.0, "ELEVATION": 2135.0, "is_master": true, "tipo": "Maestra (5m)" }, "geometry": { "type": "LineString", "coordinates": [ [ -97.671725922289056, 18.56533912034995, 2135.0 ], [ -97.67172762823779, 18.565336994330742, 2135.0 ], [ -97.671725410248982, 18.565334168609013, 2135.0 ], [ -97.671723217460993, 18.565338057340348, 2135.0 ], [ -97.671725922289056, 18.56533912034995, 2135.0 ] ] } },
{ "type": "Feature", "properties": { "FID": 419, "elev": 2119.0, "elevation": 2119.0, "ELEVATION": 2119.0, "is_master": false, "tipo": "Ordinaria (1m)" }, "geometry": { "type": "LineString", "coordinates": [ [ -97.671177015329164, 18.565339201231115, 2119.0 ], [ -97.671176086475981, 18.565336994330742, 2119.0 ], [ -97.671178129952992, 18.565335612418259, 2119.0 ], [ -97.671179999644565, 18.565336994330742, 2119.0 ], [ -97.671177015329164, 18.565339201231115, 2119.0 ] ] } },
{ "type": "Feature", "properties": { "FID": 420, "elev": 2131.0, "elevation": 2131.0, "ELEVATION": 2131.0, "is_master": false, "tipo": "Ordinaria (1m)" }, "geometry": { "type": "LineString", "coordinates": [ [ -97.670817211249201, 18.565326364234711, 2131.0 ], [ -97.670819432476875, 18.565323175205897, 2131.0 ], [ -97.670818616001199, 18.565321049186693, 2131.0 ], [ -97.670813647963598, 18.565319810473021, 2131.0 ], [ -97.670812035904362, 18.565322112196295, 2131.0 ], [ -97.670812522193543, 18.565325301225105, 2131.0 ], [ -97.670817211249201, 18.565326364234711, 2131.0 ] ] } },
{ "type": "Feature", "properties": { "FID": 421, "elev": 2130.0, "elevation": 2130.0, "ELEVATION": 2130.0, "is_master": true, "tipo": "Maestra (5m)" }, "geometry": { "type": "LineString", "coordinates": [ [ -97.670767948386953, 18.565323233796981, 2130.0 ], [ -97.670762375267856, 18.565322289364563, 2130.0 ], [ -97.670759651852009, 18.565318923167485, 2130.0 ], [ -97.670760049562375, 18.565316797148277, 2130.0 ], [ -97.670771292258422, 18.565307911052376, 2130.0 ], [ -97.670776392506809, 18.565312545109865, 2130.0 ], [ -97.67077693994743, 18.565317860157883, 2130.0 ], [ -97.670773521506064, 18.565321605412649, 2130.0 ], [ -97.670767948386953, 18.565323233796981, 2130.0 ] ] } },
{ "type": "Feature", "properties": { "FID": 422, "elev": 2121.0, "elevation": 2121.0, "ELEVATION": 2121.0, "is_master": false, "tipo": "Ordinaria (1m)" }, "geometry": { "type": "LineString", "coordinates": [ [ -97.671232511862556, 18.565321049186693, 2121.0 ], [ -97.671233706641715, 18.565316797148277, 2121.0 ], [ -97.671227173401107, 18.565306917411963, 2121.0 ], [ -97.671223829529637, 18.565309761037092, 2121.0 ], [ -97.671223901056308, 18.565316797148277, 2121.0 ], [ -97.671228288024921, 18.565320653065189, 2121.0 ], [ -97.671232511862556, 18.565321049186693, 2121.0 ] ] } },
{ "type": "Feature", "properties": { "FID": 423, "elev": 2131.0, "elevation": 2131.0, "ELEVATION": 2131.0, "is_master": false, "tipo": "Ordinaria (1m)" }, "geometry": { "type": "LineString", "coordinates": [ [ -97.670752321798091, 18.56531148210026, 2131.0 ], [ -97.670753771250475, 18.56530191501383, 2131.0 ], [ -97.6707530675844, 18.565299788994622, 2131.0 ], [ -97.67075011440582, 18.565298860732714, 2131.0 ], [ -97.670747789276561, 18.565299788994622, 2131.0 ], [ -97.670745964478712, 18.565307230061848, 2131.0 ], [ -97.670749969020108, 18.56531148210026, 2131.0 ], [ -97.670752321798091, 18.56531148210026, 2131.0 ] ] } },
{ "type": "Feature", "properties": { "FID": 424, "elev": 2130.0, "elevation": 2130.0, "ELEVATION": 2130.0, "is_master": true, "tipo": "Maestra (5m)" }, "geometry": { "type": "LineString", "coordinates": [ [ -97.671384952689948, 18.565302978023432, 2130.0 ], [ -97.671387457887548, 18.56529553695621, 2130.0 ], [ -97.671385449983646, 18.565293559957041, 2130.0 ], [ -97.67138055464055, 18.565300852004228, 2130.0 ], [ -97.671383220736004, 18.565303798173165, 2130.0 ], [ -97.671384952689948, 18.565302978023432, 2130.0 ] ] } },
{ "type": "Feature", "properties": { "FID": 425, "elev": 2131.0, "elevation": 2131.0, "ELEVATION": 2131.0, "is_master": false, "tipo": "Ordinaria (1m)" }, "geometry": { "type": "LineString", "coordinates": [ [ -97.670851936798101, 18.565302978023432, 2131.0 ], [ -97.670856003668789, 18.565301007026459, 2131.0 ], [ -97.67085605266324, 18.56529872598502, 2131.0 ], [ -97.670851545173505, 18.565294747291933, 2131.0 ], [ -97.670845972054408, 18.565294328990749, 2131.0 ], [ -97.670846210902369, 18.56530191501383, 2131.0 ], [ -97.670851936798101, 18.565302978023432, 2131.0 ] ] } },
{ "type": "Feature", "properties": { "FID": 426, "elev": 2131.0, "elevation": 2131.0, "ELEVATION": 2131.0, "is_master": false, "tipo": "Ordinaria (1m)" }, "geometry": { "type": "LineString", "coordinates": [ [ -97.670806495794082, 18.56529872598502, 2131.0 ], [ -97.67080584559686, 18.565297251487827, 2131.0 ], [ -97.670804870301012, 18.56529872598502, 2131.0 ], [ -97.670806495794082, 18.56529872598502, 2131.0 ] ] } },
{ "type": "Feature", "properties": { "FID": 427, "elev": 2136.0, "elevation": 2136.0, "ELEVATION": 2136.0, "is_master": false, "tipo": "Ordinaria (1m)" }, "geometry": { "type": "LineString", "coordinates": [ [ -97.671713173102347, 18.565293410937002, 2136.0 ], [ -97.671715486769742, 18.565291284917794, 2136.0 ], [ -97.671715558412629, 18.565288095888985, 2136.0 ], [ -97.671712205306662, 18.565284906860175, 2136.0 ], [ -97.671707576267849, 18.565283260038946, 2136.0 ], [ -97.671703131533349, 18.565284906860175, 2136.0 ], [ -97.671703117772566, 18.565291394593388, 2136.0 ], [ -97.671707576267849, 18.565294231212128, 2136.0 ], [ -97.671713173102347, 18.565293410937002, 2136.0 ] ] } },
{ "type": "Feature", "properties": { "FID": 428, "elev": 2121.0, "elevation": 2121.0, "ELEVATION": 2121.0, "is_master": false, "tipo": "Ordinaria (1m)" }, "geometry": { "type": "LineString", "coordinates": [ [ -97.671251695125164, 18.565287188587831, 2121.0 ], [ -97.671246122006053, 18.565287838189686, 2121.0 ], [ -97.671244345164553, 18.565284906860175, 2121.0 ], [ -97.671245692183803, 18.565282780840967, 2121.0 ], [ -97.671251695125164, 18.56528149325187, 2121.0 ], [ -97.671253924372806, 18.565282665921011, 2121.0 ], [ -97.671254055934952, 18.565284906860175, 2121.0 ], [ -97.671251695125164, 18.565287188587831, 2121.0 ] ] } },
{ "type": "Feature", "properties": { "FID": 429, "elev": 2121.0, "elevation": 2121.0, "ELEVATION": 2121.0, "is_master": false, "tipo": "Ordinaria (1m)" }, "geometry": { "type": "LineString", "coordinates": [ [ -97.671234975767845, 18.565286975419401, 2121.0 ], [ -97.671234248839269, 18.565284906860175, 2121.0 ], [ -97.671236090391673, 18.565283803483116, 2121.0 ], [ -97.671235927275987, 18.565285969869777, 2121.0 ], [ -97.671234975767845, 18.565286975419401, 2121.0 ] ] } },
{ "type": "Feature", "properties": { "FID": 430, "elev": 2122.0, "elevation": 2122.0, "ELEVATION": 2122.0, "is_master": false, "tipo": "Ordinaria (1m)" }, "geometry": { "type": "LineString", "coordinates": [ [ -97.671208733521894, 18.565283843850569, 2122.0 ], [ -97.671208224796146, 18.565281913195292, 2122.0 ], [ -97.671207357228127, 18.565282780840967, 2122.0 ], [ -97.671208733521894, 18.565283843850569, 2122.0 ] ] } },
{ "type": "Feature", "properties": { "FID": 431, "elev": 2136.0, "elevation": 2136.0, "ELEVATION": 2136.0, "is_master": false, "tipo": "Ordinaria (1m)" }, "geometry": { "type": "LineString", "coordinates": [ [ -97.671698554781301, 18.565279591812157, 2136.0 ], [ -97.671705097190724, 18.565274276764139, 2136.0 ], [ -97.671705571511183, 18.565272150744931, 2136.0 ], [ -97.671703063839161, 18.565262583658502, 2136.0 ], [ -97.671696430029641, 18.565257035266914, 2136.0 ], [ -97.671693086159721, 18.565260457639294, 2136.0 ], [ -97.671689458306119, 18.565273213754537, 2136.0 ], [ -97.67169225917921, 18.565278528802555, 2136.0 ], [ -97.671698554781301, 18.565279591812157, 2136.0 ] ] } },
{ "type": "Feature", "properties": { "FID": 432, "elev": 2122.0, "elevation": 2122.0, "ELEVATION": 2122.0, "is_master": false, "tipo": "Ordinaria (1m)" }, "geometry": { "type": "LineString", "coordinates": [ [ -97.671253118049179, 18.565268961716122, 2122.0 ], [ -97.671256107177783, 18.565266835696914, 2122.0 ], [ -97.67125503899662, 18.565265046729532, 2122.0 ], [ -97.671250772677865, 18.565267898706519, 2122.0 ], [ -97.671253118049179, 18.565268961716122, 2122.0 ] ] } },
{ "type": "Feature", "properties": { "FID": 433, "elev": 2122.0, "elevation": 2122.0, "ELEVATION": 2122.0, "is_master": false, "tipo": "Ordinaria (1m)" }, "geometry": { "type": "LineString", "coordinates": [ [ -97.671208343689358, 18.565257268610484, 2122.0 ], [ -97.671209222966738, 18.565256205600882, 2122.0 ], [ -97.671207110172332, 18.565254269873517, 2122.0 ], [ -97.671204195002332, 18.565256205600882, 2122.0 ], [ -97.671205995548505, 18.565257661862592, 2122.0 ], [ -97.671208343689358, 18.565257268610484, 2122.0 ] ] } },
{ "type": "Feature", "properties": { "FID": 434, "elev": 2124.0, "elevation": 2124.0, "ELEVATION": 2124.0, "is_master": false, "tipo": "Ordinaria (1m)" }, "geometry": { "type": "LineString", "coordinates": [ [ -97.671355355140491, 18.565236185586681, 2124.0 ], [ -97.671348667397567, 18.565236052465774, 2124.0 ], [ -97.671345306289652, 18.565232819389603, 2124.0 ], [ -97.671344022032415, 18.565223252303173, 2124.0 ], [ -97.671347552773739, 18.565218913488465, 2124.0 ], [ -97.671352011269022, 18.565218746066812, 2124.0 ], [ -97.671357421020261, 18.565223252303173, 2124.0 ], [ -97.671357396107084, 18.565232819389603, 2124.0 ], [ -97.671355355140491, 18.565236185586681, 2124.0 ] ] } },
{ "type": "Feature", "properties": { "FID": 435, "elev": 2137.0, "elevation": 2137.0, "ELEVATION": 2137.0, "is_master": false, "tipo": "Ordinaria (1m)" }, "geometry": { "type": "LineString", "coordinates": [ [ -97.670527013648439, 18.565055296785825, 2137.0 ], [ -97.670530310588376, 18.565061674843445, 2137.0 ], [ -97.670533877384599, 18.565062472100649, 2137.0 ], [ -97.670539450503696, 18.565060651204568, 2137.0 ], [ -97.670542975825555, 18.565055296785825, 2137.0 ] ] } },
{ "type": "Feature", "properties": { "FID": 436, "elev": 2120.0, "elevation": 2120.0, "ELEVATION": 2120.0, "is_master": true, "tipo": "Maestra (5m)" }, "geometry": { "type": "LineString", "coordinates": [ [ -97.671124628009593, 18.565219071298227, 2120.0 ], [ -97.671121473286419, 18.565217937255156, 2120.0 ], [ -97.671122398761952, 18.565210753548151, 2120.0 ], [ -97.671126409061131, 18.56521368521674, 2120.0 ], [ -97.671124628009593, 18.565219071298227, 2120.0 ] ] } },
{ "type": "Feature", "properties": { "FID": 437, "elev": 2140.0, "elevation": 2140.0, "ELEVATION": 2140.0, "is_master": true, "tipo": "Maestra (5m)" }, "geometry": { "type": "LineString", "coordinates": [ [ -97.672304424540812, 18.56521049618793, 2140.0 ], [ -97.672319504745445, 18.56520543125982, 2140.0 ], [ -97.672325137048105, 18.565198803082293, 2140.0 ], [ -97.672324714864445, 18.565194551043881, 2140.0 ], [ -97.672313931626334, 18.565183903616166, 2140.0 ], [ -97.672308358507237, 18.565183191673814, 2140.0 ], [ -97.672300556140485, 18.5651852097294, 2140.0 ], [ -97.67229477402941, 18.565189235995863, 2140.0 ], [ -97.672290588218885, 18.565195614053483, 2140.0 ], [ -97.672291639149918, 18.565206407689455, 2140.0 ], [ -97.672297212269029, 18.565210667641093, 2140.0 ], [ -97.672304424540812, 18.56521049618793, 2140.0 ] ] } },
{ "type": "Feature", "properties": { "FID": 438, "elev": 2120.0, "elevation": 2120.0, "ELEVATION": 2120.0, "is_master": true, "tipo": "Maestra (5m)" }, "geometry": { "type": "LineString", "coordinates": [ [ -97.671127971881063, 18.565191147265654, 2120.0 ], [ -97.67112128413757, 18.565186046967053, 2120.0 ], [ -97.671119247375728, 18.565180731919035, 2120.0 ], [ -97.67112016951431, 18.565177129178377, 2120.0 ], [ -97.671122432926666, 18.565177542890222, 2120.0 ], [ -97.671128111209029, 18.565183920947845, 2120.0 ], [ -97.671129713480781, 18.565189235995863, 2120.0 ], [ -97.671127971881063, 18.565191147265654, 2120.0 ] ] } },
{ "type": "Feature", "properties": { "FID": 439, "elev": 2138.0, "elevation": 2138.0, "ELEVATION": 2138.0, "is_master": false, "tipo": "Ordinaria (1m)" }, "geometry": { "type": "LineString", "coordinates": [ [ -97.671848390410531, 18.565154156678947, 2138.0 ], [ -97.671852477364538, 18.565152987368382, 2138.0 ], [ -97.67185715878459, 18.565148841630929, 2138.0 ], [ -97.671859263456625, 18.565144589592517, 2138.0 ], [ -97.67185805048365, 18.565134756753682, 2138.0 ], [ -97.671852477364538, 18.565130549007336, 2138.0 ], [ -97.671848018869255, 18.565130163033611, 2138.0 ], [ -97.671833528759592, 18.56513153551246, 2138.0 ], [ -97.671828473144402, 18.565133959496482, 2138.0 ], [ -97.671826403128733, 18.565139274544499, 2138.0 ], [ -97.671830184888137, 18.565146897442315, 2138.0 ], [ -97.671839101878703, 18.565153359421746, 2138.0 ], [ -97.671848390410531, 18.565154156678947, 2138.0 ] ] } },
{ "type": "Feature", "properties": { "FID": 440, "elev": 2132.0, "elevation": 2132.0, "ELEVATION": 2132.0, "is_master": false, "tipo": "Ordinaria (1m)" }, "geometry": { "type": "LineString", "coordinates": [ [ -97.67144061933179, 18.565146715611721, 2132.0 ], [ -97.67144243512648, 18.565145652602119, 2132.0 ], [ -97.671442237644229, 18.565141400563707, 2132.0 ], [ -97.67143783730323, 18.565138537295901, 2132.0 ], [ -97.671434493431761, 18.565141159342296, 2132.0 ], [ -97.671434489948567, 18.565144589592517, 2132.0 ], [ -97.67143783730323, 18.565147217588482, 2132.0 ], [ -97.67144061933179, 18.565146715611721, 2132.0 ] ] } },
{ "type": "Feature", "properties": { "FID": 441, "elev": 2131.0, "elevation": 2131.0, "ELEVATION": 2131.0, "is_master": false, "tipo": "Ordinaria (1m)" }, "geometry": { "type": "LineString", "coordinates": [ [ -97.671459015155818, 18.565130970253165, 2131.0 ], [ -97.671453442036722, 18.565126766925008, 2131.0 ], [ -97.671444525046155, 18.565125102824332, 2131.0 ], [ -97.671431149560306, 18.565125736913487, 2131.0 ], [ -97.671423347193553, 18.565123542002368, 2131.0 ], [ -97.671419891859713, 18.565120140371636, 2131.0 ], [ -97.671420027206892, 18.565113762314017, 2131.0 ], [ -97.671425576441194, 18.565108389897226, 2131.0 ], [ -97.671446237760804, 18.565106321246791, 2131.0 ], [ -97.671451244635463, 18.565110573285207, 2131.0 ], [ -97.671454556660535, 18.565120489419566, 2131.0 ], [ -97.671461391494574, 18.565126518429256, 2131.0 ], [ -97.6714616309782, 18.565129707458066, 2131.0 ], [ -97.671459015155818, 18.565130970253165, 2131.0 ] ] } },
{ "type": "Feature", "properties": { "FID": 442, "elev": 2130.0, "elevation": 2130.0, "ELEVATION": 2130.0, "is_master": true, "tipo": "Maestra (5m)" }, "geometry": { "type": "LineString", "coordinates": [ [ -97.670948270847731, 18.565101006198773, 2130.0 ], [ -97.670949065520617, 18.565098880179566, 2130.0 ], [ -97.670947402822094, 18.565095764461763, 2130.0 ], [ -97.670944130861841, 18.565096754160361, 2130.0 ], [ -97.670945173582339, 18.565101006198773, 2130.0 ], [ -97.670948270847731, 18.565101006198773, 2130.0 ] ] } },
{ "type": "Feature", "properties": { "FID": 443, "elev": 2127.0, "elevation": 2127.0, "ELEVATION": 2127.0, "is_master": false, "tipo": "Ordinaria (1m)" }, "geometry": { "type": "LineString", "coordinates": [ [ -97.670993697882707, 18.56508187202591, 2127.0 ], [ -97.670992405013791, 18.56508187202591, 2127.0 ], [ -97.670993102398739, 18.565082712378096, 2127.0 ], [ -97.670993697882707, 18.56508187202591, 2127.0 ] ] } },
{ "type": "Feature", "properties": { "FID": 444, "elev": 2128.0, "elevation": 2128.0, "ELEVATION": 2128.0, "is_master": false, "tipo": "Ordinaria (1m)" }, "geometry": { "type": "LineString", "coordinates": [ [ -97.671204448941296, 18.565072304939481, 2128.0 ], [ -97.671210658867821, 18.565068052901065, 2128.0 ], [ -97.671211093094783, 18.565063800862653, 2128.0 ], [ -97.671209339419974, 18.565061955868973, 2128.0 ], [ -97.671203705902528, 18.565063800862653, 2128.0 ], [ -97.671201320518023, 18.565070178920273, 2128.0 ], [ -97.671204448941296, 18.565072304939481, 2128.0 ] ] } }
]
}
